,Name,Team,Sample 0,Sample 1,Sample 2,Sample 3,Sample 4,Sample 5,Sample 6,Sample 7,Sample 8,Sample 9,Sample 10,Mean,Std,Median,5th,16th,84th,95th
434,Izak Rankine,Adelaide,19.952179021141227,19.450233817422028,19.61910098062517,19.565694746080265,19.55240713109164,19.70575038161254,19.7392217242968,19.099944038696552,19.39097542865085,19.305671249107196,19.834653436630624,19.56507563230499,0.24553098417944016,19.565694746080265,19.192521283381343,19.35600071503795,19.77834872635367,19.899292508111454
324,Jordan Dawson,Adelaide,19.111078262255447,18.911917009466244,18.77019346600566,18.99740114759551,19.212671330190453,19.06233866318309,19.132079667443154,18.582587884307916,19.070943411691182,18.845906845081725,19.259889538678927,18.996091565990845,0.20245002176033297,19.06233866318309,18.667010396071902,18.81486435966054,19.165122249169546,19.238641344859115
314,Wayne Milera,Adelaide,8.246080831870321,8.154323401961758,7.956924280101034,8.116411937413355,8.163319882049947,8.212781375532726,8.120525849346963,8.19308085723283,8.06261224562534,8.094983820930425,8.239700905897864,8.141885944360233,0.08513850539753726,8.154323401961758,8.004483864586971,8.08171147505534,8.223818382982433,8.243209865182715
318,Sam Berry,Adelaide,8.32435375971826,8.147767144106622,8.06876679583111,8.124360474749436,8.00450347909359,8.118952992434409,8.147732809921276,8.017934170408688,8.067485936208994,8.05438732792761,8.166555851741006,8.112981885649184,0.08853858875038617,8.118952992434409,8.010547290185384,8.039441533344853,8.155470514236718,8.253344701128496
319,Josh Rachele,Adelaide,4.7188633753472,4.596217279409154,4.590490253552909,4.589311601739654,4.423522642755628,4.603729605286438,4.468041697524522,4.779965026850891,4.6754559990442734,4.699740606188418,4.532660663036108,4.607090795521382,0.10720511629162684,4.596217279409154,4.44355621740163,4.506166887176358,4.707580941543519,4.75246928367423
315,Riley Thilthorpe,Adelaide,3.4726672035119344,3.643571309676437,3.6052441432938456,3.458040671449782,3.7350022666681046,3.4607086300991647,3.6159696486226047,3.5556812594336313,3.606238656991806,3.605477020606648,3.672964512623556,3.58468775663432,0.08997363847205145,3.605477020606648,3.4592412528420042,3.4677641884126986,3.6556225228847556,3.7070852773480576
323,Taylor Walker,Adelaide,3.3455220954948794,3.6612131603984057,3.5277672961227324,3.4428973559724763,3.5813907388973525,3.589892984953427,3.5254069407768447,3.5984330232278596,3.553918445517657,3.470857681451689,3.4837472548972688,3.525549725246417,0.08704284389729569,3.5277672961227324,3.389340962709798,3.4593939480052116,3.5933944006459444,3.6329620986716598
328,Darcy Fogarty,Adelaide,2.752283500036752,2.740790197950968,2.6426013125417263,2.630671761345888,2.72885503961064,2.743123957206626,2.6941294167978795,2.6897895614312453,2.7735749401419247,2.796577484557822,2.729058893488881,2.720132369555486,0.05143529013126385,2.729058893488881,2.6360400593840154,2.6704423793865426,2.761012990479873,2.786226339570668
322,James Peatling,Adelaide,2.64896318705871,2.4719891817197883,2.539803336532543,2.6435027527508423,2.526846793388461,2.6658118760236214,2.513422364849989,2.4724524967331982,2.6376027561383815,2.628415224130575,2.5236425191311933,2.5702229534961187,0.07486347431630395,2.539803336532543,2.4721976734758226,2.4966247189221047,2.645741530817068,2.658229965989411
326,Lachlan McAndrew,Adelaide,1.9536456879309618,2.138477859561257,2.2601227357813376,2.189156155989728,2.5937855418157647,2.126228835583633,2.13850695891541,2.129809834432224,2.2052733146710515,2.2756865620786564,2.1031560949401666,2.1921681437909264,0.15870895753622052,2.13850695891541,2.020925371085104,2.116769011919812,2.2665039045632382,2.450641000934066
321,Rory Laird,Adelaide,1.9384648309989154,1.9435982401682221,1.8535163462632636,2.051830682968424,1.8942898860600712,1.9817973530305393,1.9381433905152197,1.8033334644810806,1.892625260940139,1.962951504877317,1.8847523340072445,1.9223002994827671,0.067004342360527,1.9381433905152197,1.825915761283063,1.8719455790322124,1.9706783026201382,2.0203156844963757
626,Mark Keane,Adelaide,1.302255210823068,1.3304842914904753,1.2767156105223088,1.2505280695908687,1.3295088189049749,1.2807458124599735,1.2896426605193392,1.2581766457455497,1.2560528113429208,1.2227921663995562,1.336044649893791,1.2848133406993478,0.03698190799125603,1.2807458124599735,1.235273322835647,1.2537876672245793,1.32990876266503,1.3335424886122988
317,Josh Worrell,Adelaide,1.1177252284739876,1.033716018525325,1.1056389141582201,1.120436659924174,0.8959608675653971,1.007663500998588,1.083540636119495,1.013770934868276,1.0604945246254758,1.072175723516242,1.0691122264365704,1.0527486577465226,0.06461494254542462,1.0691122264365704,0.9462270526103329,1.0112668869817039,1.1105943030276848,1.11921651577159
556,Daniel Curtin,Adelaide,1.0517415858394492,1.0853631923329443,1.029499808941578,1.0247186780445765,1.0361784721835399,1.0166853205489486,0.9973875405419331,1.0651709345117868,1.071501209591194,1.094004482590862,1.036223082417803,1.0462249370495103,0.03007301126543954,1.036223082417803,1.00607154154509,1.021425001471369,1.0771846225153117,1.090115901974799
316,Alex Neal-Bullen,Adelaide,0.6798301992804918,0.7337184769443147,0.7576652002093128,0.8064002477874493,0.7356295090145617,0.6638016191817012,0.7350326301253958,0.7510428136088215,0.7474305165908288,0.8172469002596209,0.6924352235295451,0.738203030593822,0.04754157299621605,0.7356295090145617,0.671014480226157,0.6872671635874332,0.7776465697163488,0.8123659066471437
320,Brayden Cook,Adelaide,0.6481372854347345,0.712930434732479,0.6534255173131217,0.7076690428354004,0.6112119410594918,0.6806960052556451,0.7239663861936726,0.7355175625771356,0.7327352353796259,0.7649869264510438,0.6447811917547751,0.6923688662715568,0.04783327221638666,0.7076690428354004,0.6263181038723693,0.6467612870259511,0.733875989530605,0.7517257127077851
329,Ben Keays,Adelaide,0.510891385461829,0.5619707260665746,0.5802619995539688,0.5597695382515492,0.5209819822608265,0.4770061391719637,0.5141878697268919,0.6098149207735728,0.5442378168540628,0.6477493033388918,0.49606940640165564,0.547540098896526,0.05113176384414865,0.5442378168540628,0.4855846094253251,0.5048143740471579,0.5923786972540065,0.6306788311844982
327,Jake Soligo,Adelaide,0.4000477944266675,0.4463780591057126,0.4634413888832346,0.478926514082268,0.4651623679591979,0.4076283875086372,0.397318559903967,0.42373317918415443,0.4735794100035244,0.4945458455410296,0.41703845418760566,0.44252726916236357,0.03468257785789416,0.4463780591057126,0.3985467154391822,0.40452034434502965,0.47577172267580925,0.4875171463845869
334,Jordon Butts,Adelaide,0.16417401086893912,0.1822337555991211,0.1922025507504338,0.17191763486751294,0.17285309434162383,0.19860193077836777,0.19707934842699323,0.18207615467206317,0.1960217566098749,0.19676134139324838,0.1988347166576965,0.18661420863326136,0.01254577062019748,0.1922025507504338,0.16765864166829733,0.17246955595723837,0.19770360719105678,0.19872996301199858
632,Billy Dowling,Adelaide,0.1493646000023782,0.1638776264385644,0.17819328150060584,0.18720305019679942,0.14032759347404572,0.1307724338909209,0.1394204145552867,0.17473925829642542,0.18123564603438616,0.17171490460469202,0.1465347511113279,0.16030759637322115,0.019620479689029,0.1638776264385644,0.13466402518988552,0.13995565011735453,0.17944065095945577,0.18451771832371344
335,Toby Murray,Adelaide,0.12682290312876493,0.16041696054167032,0.17063088367545826,0.14733167616282802,0.2030486729643743,0.14883467676300163,0.14238337720004465,0.18085306328515857,0.1630196681366395,0.18508738446509726,0.16531889542436481,0.1630680147043093,0.021588631523786265,0.1630196681366395,0.1338251164608408,0.14530287358808686,0.18258913496893345,0.1949660931396996
453,Luke Nankervis,Adelaide,0.12208196393020644,0.1506771259200881,0.14648364510534215,0.15443679328391452,0.13248447698176286,0.13366558332469836,0.14057167668571305,0.1467988033086962,0.17609002350325437,0.13719084209000534,0.14370829851423156,0.1440172029679921,0.014054499906281144,0.14370829851423156,0.12676309480340683,0.1331813297240948,0.15221858953925693,0.16634606990455142
601,Hugo Hall-Kahan,Adelaide,0.11267281146199683,0.1507380345942406,0.14494824335770043,0.17624411912947316,0.12238823230471019,0.12613281826316425,0.1539002081309538,0.12816549685026432,0.1875686549762059,0.13516783289610076,0.12957032023975953,0.1424997065640518,0.02315624619577591,0.13516783289610076,0.11704475084121783,0.12459753802019809,0.16306121164034673,0.18247261384517616
489,James Borlase,Adelaide,0.0952565229981383,0.1255650203003053,0.13256541130173016,0.12659063445986782,0.12385612874668994,0.08401251659268016,0.13728363605598143,0.10312395618037871,0.13162372481238263,0.101396316216806,0.0962011421179124,0.11431590998026114,0.018520865915241977,0.12385612874668994,0.08907231947513633,0.09581384827880503,0.1320098162730151,0.13516043491656834
325,Isaac Cumming,Adelaide,0.0942394991488525,0.11647286018365462,0.12090900188563303,0.11537837948740741,0.10838469170590342,0.09934439842156532,0.10976859024558658,0.10265464049185838,0.12272933181004173,0.12556752272786892,0.09966286843694504,0.11046470768593791,0.010569995138819925,0.10976859024558658,0.09653670382157327,0.09953229573063936,0.1216553371546406,0.12429033681484668
332,Max Michalanney,Adelaide,0.06584843475039018,0.08873510821883714,0.10039815523844021,0.11525461429418739,0.08686488107220863,0.092219622007474,0.09355659630777377,0.12219350129771152,0.11684551119009906,0.0875134877577808,0.07603212255564096,0.09504200315368581,0.017426898424717733,0.092219622007474,0.07043109426275303,0.08242345008041589,0.11590688202151117,0.11978690574928591
452,Zac Taylor,Adelaide,0.04082733756567659,0.0694970309838901,0.11874187708541584,0.05548965314778914,0.03669629938967733,0.036531720116492104,0.061581081493985515,0.07120698816583461,0.09224530799869074,0.05040896591717235,0.07774990996920131,0.0646341974394387,0.02522147585189905,0.061581081493985515,0.03660578078942545,0.03913361191351689,0.08369302316129197,0.10681842099638951
490,Reilly OBrien,Adelaide,0.028995629861899276,0.04072782302683969,0.06478318561556788,0.02839384676706671,0.13151027680619978,0.0538861172932355,0.042210861252347624,0.05449448692142946,0.05572792990212029,0.048019625252295445,0.05469416242587793,0.05485854046589814,0.027841569907039097,0.0538861172932355,0.028664649159741363,0.035917623829214124,0.059440584744633804,0.10148308577041536
330,Callum Ah Chee,Adelaide,0.027765166416518283,0.04816549989388693,0.04756958370700318,0.04805434843146974,0.02354077595063655,0.025633754995442803,0.03796479328180544,0.05675136392992946,0.05436810838267728,0.04395427419687036,0.03384413990529065,0.040691982644684606,0.011641688777244823,0.04395427419687036,0.024482616520799364,0.026891287733877337,0.050708569374290975,0.055678898933665975
331,Nick Murray,Adelaide,0.016519131442059,0.03842247367277374,0.028399939731103687,0.040906069464767235,0.025851369713394887,0.015239649880004794,0.03083281271127947,0.02569325966096912,0.039465342448634894,0.01848424375280354,0.01614508052985962,0.02690539754615,0.009681513401720269,0.025851369713394887,0.015647093672439466,0.016365770568057256,0.03885004987087681,0.04025774230750768
534,Charlie Edwards,Adelaide,0.012824543487772589,0.021483220230780076,0.021405468073033895,0.023141543571258052,0.017947842088464363,0.01462972081488435,0.01310407407236283,0.016300008408943988,0.0167809796851127,0.01983067289022191,0.018877286324215453,0.017847759967913653,0.003471663556024578,0.017947842088464363,0.012950332250838198,0.014004205650450527,0.021437346457709828,0.02239529806804296
433,Chayce Jones,Adelaide,0.010259497757699881,0.02726549165741131,0.016449867842824678,0.012502018172799612,0.017573020127450868,0.012373342851460236,0.006085061908598591,0.02640842936001115,0.015924305957037845,0.01344525738709778,0.015834084340554225,0.015829125214813288,0.00633095685507019,0.015834084340554225,0.007963558040694171,0.01150666636301849,0.021195537912800586,0.026879813623581238
333,Luke Pedlar,Adelaide,0.0016624469029582543,0.02576112285830403,0.022671421938245197,0.012992675239727244,0.005502295874811353,0.0009246926432727785,0.010255832682657394,0.029603086785022933,0.02213747165968111,0.007765368376629797,0.01208166088767715,0.01375982507718066,0.009876901388692589,0.01208166088767715,0.0012566820601312427,0.003927957796351583,0.023938199315469318,0.02787420301799942
654,Oscar Ryan,Adelaide,0.0,0.008034006723606752,0.00949050441315229,0.01616022627837067,0.011166167515362306,0.004593879440831767,0.0029214479716883164,0.013228823127397097,0.014830322941968916,0.006142202611500786,0.013164408440218036,0.009066544496736084,0.005213767899944166,0.00949050441315229,0.0013146515872597422,0.003908182538482952,0.013885438051371542,0.01556176977698988
336,Hugh Bond,Adelaide,0.0004010758139712737,0.007570970120795337,0.00297197506730437,0.0025111674958398444,0.0,0.0022340667694520115,0.0006893897229100114,0.017137768399840457,0.00783313167803102,0.0045994896574518655,0.0,0.004177184975054199,0.005122149023005279,0.0025111674958398444,0.0,0.00023663473024305152,0.007678456359261968,0.0129506818750262
454,Finnbar Maley,Adelaide,0.0,0.008865619224243362,0.005019636522679078,0.0,0.010836441302521217,0.0,0.0012454727079116933,0.03087486895088699,0.0019353824463352628,0.0013895128903906805,0.0,0.005469721276815298,0.00923370587647404,0.0013895128903906805,0.0,0.0,0.009673656276337282,0.02185757650912237
655,Archie Ludowyke,Adelaide,0.0,0.0029378758708598924,0.0022231053433352556,0.0,0.0,0.0,0.0,0.007390442901809651,0.0035309183863235297,0.0011234745112846066,0.0,0.0015641651830557214,0.0023453954462887023,0.0,0.0,0.0,0.0031810233021999836,0.005653656869840892
511,Mitchell Hinge,Adelaide,0.0,0.0,0.0008432809174843757,0.0,0.0,0.0,0.0007820481161059028,0.0,0.001980249150087934,0.0,0.0,0.0003277798348798375,0.0006373596187733954,0.0,0.0,0.0,0.0008071535646710767,0.0014686134454163315
146,Will Ashcroft,Brisbane,23.379149370775462,23.207923093089867,23.200706334335795,23.342804842001087,23.67304968514181,23.50929726555695,23.38192743256349,23.00240295610391,23.195172749916466,22.801919201334986,23.519751337153924,23.292191297088518,0.24725997132638577,23.342804842001087,22.892136890981003,23.116137134453318,23.51358343491171,23.604065428547262
139,Lachie Neale,Brisbane,21.020723558531405,20.43497935773391,20.6788266850815,20.54922831554122,20.472447509346765,20.906092362400447,20.708309796635113,19.98752318450971,20.226537402757305,20.249351638125862,20.672722247242202,20.536976550718677,0.3055942036048327,20.54922831554122,20.095079582721127,20.239997801624753,20.7894006485989,20.969139520272474
157,Zac Bailey,Brisbane,10.223752143206484,9.95513603790934,9.83808019279144,10.00736518400973,10.0574315613433,9.989340754633828,9.964232600777693,10.276487476914436,9.708523168176441,10.198024679302403,10.177614003168182,10.035998891112117,0.173479345030897,10.00736518400973,9.766823829253191,9.907143141411,10.208572939503076,10.252756576745858
155,Logan Morris,Brisbane,7.082166312157456,7.016912192750141,7.098404102898626,7.03803682031941,7.154135107330254,7.09126711436447,7.128559607511869,7.07923783468699,7.11802750159375,6.983219748100419,7.038767797192959,7.075339467173305,0.05132215751702508,7.082166312157456,6.998381348192794,7.02937572301601,7.122345665020179,7.142626132411981
158,Kai Lohmann,Brisbane,4.259155194394027,4.392789605258368,4.381580966999442,4.305793071846743,4.472169333734016,4.362482000094449,4.315550316464752,4.539610854265671,4.343339683985959,4.450036854580626,4.317104981780294,4.376328442127668,0.08292424312191575,4.362482000094449,4.280142239247749,4.311549846171369,4.459111171033515,4.509262170026426
162,Josh Dunkley,Brisbane,3.1159199602588257,3.2625354003521445,3.1735527595428374,3.2528900707891926,3.1869916872946025,3.149852896841975,3.2531455913560072,3.310244657860804,3.300486477446165,3.293052830251592,3.193166007733473,3.2265307581570557,0.06572640605066775,3.2528900707891926,3.131189781721243,3.163835815835484,3.2961006256013667,3.3058534766742165
170,Darcy Wilmot,Brisbane,3.1547943366271807,3.172090851202871,3.1729723102410237,3.1296855627231657,3.0988272166564452,3.151876265082059,3.2440417173221507,2.970301522864932,3.229688843614632,3.1045056850106216,3.144752043188134,3.14304875950302,0.07288691551462897,3.151876265082059,3.028138085071113,3.1021775129854094,3.196226088924203,3.237582924153767
152,Jarrod Berry,Brisbane,2.703577341760172,2.753900859264205,2.7693390890728153,2.8190199942962897,2.736685249240183,2.6819013337336557,2.7591136811214434,2.7081255519054643,2.789751887032458,2.675561041704175,2.678817802712594,2.7341630756221322,0.04836182971719766,2.736685249240183,2.6770265841579635,2.6806370860150204,2.7777083362362687,2.8058493460275655
179,Hugh McCluggage,Brisbane,2.724295439309825,2.6296646191385085,2.5931609218701888,2.6021019205906377,2.567709887303457,2.691995034772304,2.5431270735418434,2.6031946396153773,2.649353318984196,2.6431874435115725,2.609206347723865,2.6233633314874343,0.05245223977936005,2.609206347723865,2.5541893397345694,2.5827259976978287,2.66683642245732,2.7097602572679405
140,Charlie Cameron,Brisbane,2.580831556370111,2.5840490490506696,2.6822706298456382,2.5421575121292106,2.5289215607297955,2.552268130725985,2.5033653199755044,2.6279580976016352,2.6087878745407145,2.584054483597483,2.5988694220974673,2.581230330605838,0.049642646526884444,2.5840490490506696,2.5148656283149355,2.5367307720554506,2.616647665995692,2.657829990335837
141,Dayne Zorko,Brisbane,2.349516473027286,2.2305457047131716,2.3675518917933855,2.420850394543109,2.300686251262567,2.3453258433077666,2.360178752508178,2.2450945802321796,2.4006647379877712,2.3627228325435548,2.1797179774022726,2.3238959490292035,0.07575551104915289,2.349516473027286,2.202590454692177,2.2391295412693863,2.3811281587330835,2.411766849093207
149,Harris Andrews,Brisbane,2.227652311127555,2.255965449183929,2.24609645695477,2.16782879060798,2.261615232515801,2.2632156337453497,2.3082577201605416,2.134470246222399,2.208913286750665,2.2943520498024315,2.1767864837035686,2.231377605524999,0.05436332919446121,2.24609645695477,2.14948159119591,2.1731138295343775,2.2759815643287533,2.3020001684993923
166,Levi Ashcroft,Brisbane,2.092342187582769,1.9644343793194585,2.01883481604583,2.0323561828686745,1.9712591379154378,2.026071821357196,2.0837393101430006,2.071387649988598,2.05923887549638,2.1568616049952163,2.0160437258403023,2.044779062868442,0.05578827022689919,2.0323561828686745,1.9675055206876493,1.997682044791108,2.0872664898933055,2.1278278671596147
151,Ryan Lester,Brisbane,1.2690038966156594,1.3508206373918878,1.2567787780839104,1.3204021399362706,1.3561033656260282,1.3234627010110551,1.2689899451000757,1.3158697441223552,1.3142092199810935,1.3318824907562203,1.2868944445443975,1.308583396651723,0.03364387649891042,1.3158697441223552,1.2622738032411847,1.2689981764942702,1.339647130876844,1.353726137920665
313,Sam Draper,Brisbane,0.765241119058917,0.9307698407955929,0.9523094496104346,0.8459999561320324,1.1143839188286455,0.8127182659543267,0.8905594226523846,0.9375878210644887,0.9122264917536622,0.9095122254003605,0.9417885780699901,0.9102815535746216,0.08981258146915874,0.9122264917536622,0.7866058351618513,0.832354463159173,0.9461021354015723,1.0414504076804505
167,Cam Rayner,Brisbane,0.583422121941558,0.708896617287565,0.6383150610654847,0.6209380348137142,0.5863008767920181,0.5389896695059191,0.6257732480919136,0.686730825316045,0.6422596368421173,0.7741352427576298,0.6444063439936857,0.6409243344006955,0.0646484630446955,0.6383150610654847,0.5589842731019565,0.5851205873033295,0.6958188000243682,0.7447778612961006
553,Conor McKenna,Brisbane,0.41453440360871846,0.48235032769516534,0.4929450256404904,0.4423417274164479,0.5324991002206048,0.4848037665446113,0.486081517564676,0.5719764912933056,0.4852100978072048,0.5401640535447937,0.48978326600827105,0.49297179794038987,0.04364001240773976,0.486081517564676,0.4270476993221967,0.4659468015808912,0.5356417310835222,0.5576608943064753
169,Jaspa Fletcher,Brisbane,0.33728171345654745,0.37852705784034424,0.4163895650354949,0.40234279798571276,0.28510793318271727,0.3621755075019559,0.34659375794529695,0.30780909870508727,0.42951498742599986,0.35144225287767467,0.3350518383101445,0.3592942282060887,0.044577729914358544,0.35144225287767467,0.2953234576677838,0.32388231507207105,0.40810197247612345,0.4236085473502726
175,Keidean Coleman,Brisbane,0.1567548388330539,0.19564681830544714,0.1848230061916442,0.212695116640767,0.1512591763925647,0.17291901965190112,0.18801312784112886,0.190354479188714,0.20641467010040696,0.20519349762414088,0.20427758608729935,0.18803193971427892,0.02034012993320315,0.190354479188714,0.15373222449078483,0.16629170551617375,0.20569417833940998,0.209868915697605
171,Darcy Fort,Brisbane,0.08972859851234011,0.18919261558615824,0.2356557560867853,0.18030002148444696,0.34430777289063247,0.14839080909644756,0.1741774073958915,0.12608261142226532,0.25579045504599535,0.1426000580274018,0.16945323058025688,0.1868799396480565,0.07000126404539625,0.1741774073958915,0.10608790432180645,0.13582790491929583,0.24391098266006142,0.30447497986054567
163,Bruce Reville,Brisbane,0.14261599473775566,0.1652796884501314,0.18771269509013808,0.17695581067833827,0.14150449598783074,0.11737021041241703,0.1651563036624049,0.17133788669448458,0.2024254593956171,0.18790755943898305,0.17767003527250352,0.16690328543823676,0.024631001364439138,0.17133788669448458,0.1282306389213532,0.14216028025028643,0.18779258947316452,0.19589240441513175
180,Oscar Allen,Brisbane,0.09051771443656446,0.12649373792329502,0.12873301494167574,0.09084183724895994,0.14925763300644307,0.09650924682348475,0.12308533081691028,0.12556200312859322,0.14565221077512613,0.1265949929896025,0.13651014683947274,0.12179616990273888,0.020554181636763834,0.12649373792329502,0.09066356970214243,0.09418560889792958,0.14025839305309062,0.14763519300235045
182,Darcy Gardiner,Brisbane,0.07303197767984958,0.11283036300576973,0.11830504176244987,0.10509138077762747,0.10860996565526376,0.08470422652647686,0.11810285786174798,0.12612607904799475,0.11161067785003972,0.11203690314488138,0.10829340257809411,0.10715844326274504,0.015349481467347105,0.11161067785003972,0.07828448966083185,0.09673264753465573,0.11818575326103575,0.12260661226949954
624,Eric Hipwood,Brisbane,0.07615829136809703,0.08905927941363889,0.08940238509781281,0.06687187007008838,0.07621947277805201,0.05343753996952806,0.09076616691020431,0.07083617392095987,0.09803062153079567,0.09856596156741801,0.08097628110121187,0.08093854942980062,0.013922594507227685,0.08097628110121187,0.059482988514780205,0.06921080934210255,0.09374459330464677,0.09832505855093795
174,Ty Gallop,Brisbane,0.04137378061630427,0.06945227192047893,0.07398341506486504,0.04094539443664129,0.0750384194866037,0.03875083476946156,0.07421147951179596,0.062302511050677044,0.08476244231094548,0.042988807643239604,0.0677704411056333,0.06105270890151329,0.016824366219787678,0.0677704411056333,0.03973838661969244,0.04119814228264245,0.07455052490146713,0.08038663203999168
309,Lincoln McCarthy,Brisbane,0.02541136930099234,0.06759471231885467,0.06846964682109931,0.051424396118579706,0.03420350595375244,0.02955136711311101,0.0334910927850731,0.03960283575473816,0.06583281975916683,0.050091233158291566,0.048842033091477756,0.04677409201592153,0.015630765684833327,0.048842033091477756,0.02727436831644574,0.03187580525956864,0.06655519570863884,0.06807592629508921
312,James Tunstill,Brisbane,0.003436108773144304,0.00929946292465667,0.023463845881240095,0.012202422465362805,0.007114985699883643,0.003263192666515367,0.007008111617612113,0.015187442317015687,0.025948250015864625,0.012134176184822173,0.007648490095814382,0.011518771694721076,0.007472132952680721,0.00929946292465667,0.0033410049144983888,0.005543590451380312,0.018580767778347697,0.024830268155283584
311,Noah Answerth,Brisbane,0.006096311763810569,0.008255597547941414,0.01908243933382197,0.01760907601390542,0.0009871889555051654,0.00038443674420343763,0.006235129123873901,0.02111694287412722,0.043506178029321864,0.012736278242850198,0.005861379424738292,0.012897359823099952,0.012349326648282477,0.008255597547941414,0.0006556752392892151,0.0038629613323527107,0.019916585785347125,0.033431022209484254
557,Cody Curtin,Brisbane,3.093076944007935e-05,0.004042115238371356,0.0017990459599848592,0.0,0.0,0.0,0.0035996178704443926,0.018257545388519997,0.005118779206304448,0.0035816160960716542,0.0,0.0033117864117397076,0.005331548404748036,0.0017990459599848592,0.0,0.0,0.004483547465223924,0.012345100606522986
604,Shadeau Brain,Brisbane,0.0,0.0,0.006652695695123998,0.0,0.0,0.0,0.0037516766016135283,0.0011757247902363624,0.004451129545266623,0.0014236823810108142,0.0035307676367866787,0.0019077887863670916,0.002323473119832683,0.0011757247902363624,0.0,0.0,0.004038452308511298,0.005661990927688178
310,Daniel Annable,Brisbane,0.0,0.0008470614504052182,0.0028347914518906856,0.0,0.0,0.0,0.001812326081082936,0.00382519007991049,0.004427484692097314,0.0009471844509726118,0.0,0.0013358216551235687,0.0016595579319127942,0.0008470614504052182,0.0,0.0,0.0032408548893788055,0.004156452116613243
176,Zane Zakostelsky,Brisbane,0.0,0.002203816515627574,0.0,0.0,0.00863108439678169,0.0,0.0,0.010185771571170663,0.0,0.0003719011258697889,0.0,0.0019447794190408827,0.003763467034138042,0.0,0.0,0.0,0.004838996346900762,0.009486162342695623
483,Darragh Joyce,Brisbane,0.0,0.0,0.00165946068398734,1.0083249093223854e-05,0.0,0.0,0.005280689889279275,0.0,0.004762040535096954,0.0012306199291956738,0.0,0.0011766267533320424,0.001990027560742933,0.0,0.0,0.0,0.002931518422942282,0.00504729767989723
593,Will McLachlan,Brisbane,0.0,0.0008050334500833293,0.0,0.0,0.0,0.0,0.0,0.007000990185226159,0.0,0.0008585494112576083,0.0,0.000787688458778827,0.002087440186734218,0.0,0.0,0.0,0.0008269749941647837,0.004236891836940305
575,Sam Marshall,Brisbane,0.0,0.0014658339879829274,0.0,0.0,0.0,0.0,0.0,0.002955183770814107,0.0,0.00034623571980885284,0.0,0.0004333866798732625,0.0009452827839368125,0.0,0.0,0.0,0.0008052710097602236,0.0022849763685400745
28,Patrick Cripps,Carlton,18.609891182122624,18.57210951854179,18.36367442763084,18.334061224003893,18.423804641304155,18.581639980966752,18.59115970144446,18.30217635401711,18.472548232755706,18.165017553938252,18.605296796126883,18.45648905571386,0.15051256687050912,18.472548232755706,18.226739013973738,18.320988427309313,18.596955910264253,18.60782370842454
3,Sam Walsh,Carlton,11.652837140062863,11.533557664971129,11.500754185499678,11.528022282935703,11.60562423218359,11.83667552610834,11.660806130071386,11.591602207700918,11.395093223868225,11.586336909956037,11.453203217521578,11.576773883716312,0.11825417571749021,11.586336909956037,11.421242721012234,11.481258288628657,11.656104425966356,11.757534297891711
44,George Hewett,Carlton,10.201127952103528,9.910823569010763,9.98553882047535,10.06273818083489,10.167065841855244,10.099018834578404,9.951246025463066,9.960013506462682,9.924155328944131,9.913804403516684,9.967066960718972,10.0129635839967,0.10327621665718399,9.967066960718972,9.912164944538427,9.919911449518878,10.126918107561908,10.185800002491801
15,Jagga Smith,Carlton,9.813681468745129,9.689429893054971,9.66277489351649,9.90548890405423,9.801241398922055,9.931078269292057,9.79327167992266,9.874816548957087,9.824806209134067,9.737500953608869,10.001000804288925,9.82137191122696,0.10251627556510431,9.813681468745129,9.674769643308807,9.717791818781771,9.915980543801739,9.969535663540334
23,Oliver Florent,Carlton,3.3602945194915583,3.290296991022687,3.3299402046581528,3.364223206690615,3.1150737115563856,3.41629860082618,3.3586630728387448,3.3825264485505158,3.24848780252143,3.360635222730265,3.2970395779766073,3.3203163053511946,0.08277940991711401,3.3586630728387448,3.1751100524906555,3.273155223737172,3.371727535853174,3.401101132302131
480,Francis Evans,Carlton,3.1011440963823333,3.1130961942912254,3.137176018723197,3.0785392620447567,3.1073455333988393,3.2075478763782774,3.1364224027270935,3.2095791752861427,3.100912331263511,3.0883568875289615,3.1080732319249527,3.1261993645408452,0.044295853438679984,3.1080732319249527,3.082957193512649,3.0957645993323455,3.16602848036178,3.208665090777603
39,Harry McKay,Carlton,2.4244331090910647,2.6151832917122144,2.4986505805117343,2.4204504101806195,2.4802715244054925,2.2914012374947683,2.463938856096424,2.4770797669323463,2.4481901556925028,2.6680366646593052,2.4764028443043915,2.478548949189169,0.09871762077781991,2.4764028443043915,2.3494733652034014,2.422800202537782,2.546428992103931,2.6442526468331145
20,Ben Ainsworth,Carlton,2.2252860494584206,2.2575040651390914,2.253821370908065,2.310680941352309,2.2369087426768264,2.213496701757298,2.3605233761780022,2.325667145896623,2.3632009928650444,2.377510005621946,2.259179797767542,2.2894344717837427,0.059883517855690294,2.259179797767542,2.218801908222803,2.23214343845728,2.3616211990196896,2.3710709498813403
6,Marc Pittonet,Carlton,1.3801113832108953,1.5111860541731248,1.444629878176804,1.3333464977536609,1.6162645359375072,1.4568489660452884,1.3439795684629852,1.3635133524984655,1.4508023271518646,1.4589566425591023,1.2966085092351038,1.4232952468368003,0.09189196835400948,1.444629878176804,1.3131406040684546,1.3396200094721622,1.4803707013208516,1.568979219143535
37,Brodie Kemp,Carlton,1.3232693658808117,1.4358761206281394,1.453719852687428,1.3025338430874744,1.3444616694838187,1.3104201367620119,1.408255927071216,1.3968157894809885,1.3842569722649054,1.4326821025401066,1.3808517617987703,1.3793766856077883,0.052679791054644855,1.3842569722649054,1.3060826752410162,1.3180011819421038,1.4339916499562,1.4456901732607481
478,Talor Byrne,Carlton,1.2202083523021559,1.252181622900055,1.3348565604477498,1.2216330653408531,1.3244971950501438,1.2488863210723558,1.2366735462186684,1.295800345906356,1.2353811160875696,1.2835181727419989,1.2594761322099568,1.2648284027525332,0.03966388651278878,1.252181622900055,1.2208494731695696,1.2297444152814159,1.3075660540553091,1.330194846018827
242,Matthew Carroll,Carlton,1.1352157957882762,1.2539557163331365,1.2018388840600271,1.189043816248648,1.2296754123117934,1.2172534604862422,1.1788863869319361,1.2398759281261955,1.1918299185191066,1.2036550127674295,1.1808262485620404,1.202005143648621,0.03293832672595562,1.2018388840600271,1.1548675618029232,1.1800309052936977,1.2338576237956982,1.247619811640013
33,Will Hayward,Carlton,0.9570406669120037,1.0157728590803703,0.9801172261883057,0.9966292170614653,0.9798691927633741,0.9724436954402744,1.0022448953739709,1.0629257400791057,1.0393780043449896,1.1454562064849585,1.0029496262591877,1.0140752118170915,0.05307341138209604,1.0022448953739709,0.9639720297497255,0.9768247388609033,1.049032575995977,1.1083174966023246
596,Blake Acres,Carlton,0.7790569795060212,0.823317912527251,0.8473462625787874,0.8442260714469818,0.7821915015433683,0.828064105450918,0.8082614758040598,0.7939029185164643,0.8109855985681765,0.8313395387584606,0.7828156952937549,0.8119552781812949,0.024932001721459228,0.8109855985681765,0.7804675144228274,0.7825597758560964,0.8366230171607543,0.8459421765694749
485,Adam Cerra,Carlton,0.5611820306128467,0.5271100196720501,0.574959231450165,0.6269088797781222,0.5053791470298954,0.5153891542821349,0.5839774199576416,0.5569055870231544,0.5722788126338642,0.6267970572483285,0.5166659320717618,0.5606866610690877,0.042222094923994646,0.5611820306128467,0.5098836502934032,0.5161424531780148,0.6015334712468232,0.626858559639715
484,Nic Newman,Carlton,0.4145283106252903,0.4339388201736957,0.4340181371992314,0.5186344596576017,0.42875450817546384,0.4139210657042356,0.4935352477320115,0.4223192880844971,0.47388035232693737,0.4533620713291033,0.40814051789864836,0.4450029799006105,0.035994485618865035,0.4339388201736957,0.4107417644111626,0.41427934020765783,0.4819388594430178,0.5073398142910861
510,Nick Haynes,Carlton,0.3117091463895413,0.3483092612629933,0.3308695405981774,0.3621273205584017,0.31139855987486237,0.2812087995770378,0.3342113354695129,0.29143023625417847,0.3747881625276263,0.3336834140406688,0.2843875584419676,0.3240112122722698,0.03104864335160721,0.3308695405981774,0.2826392410662562,0.288542738351172,0.3539746655741107,0.36909078364147524
27,Mitch McGovern,Carlton,0.2305552213376435,0.31231390278279025,0.3285641118522173,0.22525637968722964,0.24891700777680453,0.23401924536769342,0.2739585494550887,0.218666185735865,0.3002321327131724,0.29561554964214354,0.2928557936423476,0.2691776436357269,0.03905525331993362,0.2739585494550887,0.22163177301397907,0.22838269626097382,0.30518565844171575,0.3212515177709751
564,Billy Wilson,Carlton,0.26525657007893233,0.2751453221091365,0.2640980450268101,0.3371753768256269,0.23231465529333237,0.21928874232080345,0.261568584770737,0.27006596019550294,0.3014409076525812,0.2583418071460715,0.2407319772419025,0.26594799533285784,0.032341465484008826,0.2640980450268101,0.22515040315844145,0.23728087524298874,0.2859265121819488,0.3210948656977563
251,Lachlan Cowan,Carlton,0.20593906742974705,0.22184986217379282,0.21050132033344032,0.2590989003549313,0.1894015345011646,0.1774660306637135,0.19022538962249538,0.20022115083034533,0.25999773454734987,0.18940247999589516,0.19730131976214993,0.20921861729227506,0.02759683390361839,0.20022115083034533,0.1828370073905665,0.18940209234305563,0.2371219678280596,0.25959325916076154
34,Elijah Hollands,Carlton,0.16953573442435788,0.16903182302094183,0.15548496039815698,0.16605427969596917,0.15634164574641096,0.157736424494356,0.1683891990204256,0.17334788234721563,0.15670225652363085,0.18492974501838516,0.1697760916518578,0.16612091294015527,0.009013400223463156,0.1683891990204256,0.15587046880487126,0.1565544061049707,0.1712405258369545,0.17971790681635885
16,Cooper Lord,Carlton,0.08957296392060086,0.12870810960570453,0.13098618841393456,0.15394145312017957,0.11771194651226292,0.10080261696152244,0.09438552898177904,0.11999716684802599,0.13721077435795667,0.1257123236790117,0.11227761229378536,0.11920969860861486,0.019198532338787135,0.11999716684802599,0.09173861819813105,0.09817161088982765,0.13353826865098362,0.14641264767717924
31,Oliver Hollands,Carlton,0.0932163591037383,0.10893764723217293,0.10821425640368285,0.14910469476883054,0.1144869517970469,0.11628092577283311,0.13073888669285516,0.10628767921144425,0.15642973779369532,0.11154783927439497,0.11336636243258509,0.11896466731666178,0.018984418961711148,0.11336636243258509,0.09909845315220597,0.10742435975486501,0.13826886800400506,0.15313346843250616
486,Wade Derksen,Carlton,0.06604631731424083,0.09354193089072456,0.07541272348522564,0.08808674081048218,0.08718840153981056,0.05541574462451704,0.0730942420525489,0.07124273101757603,0.08706306187245225,0.08188158085648863,0.07108630172944855,0.07727816147213774,0.011385755877979608,0.07541272348522564,0.06019950233489275,0.06901990811921338,0.08755672064078591,0.09108709535461548
35,Jacob Weitering,Carlton,0.07352505853857455,0.07771630598802648,0.09379102444743069,0.10091818333776752,0.07342846079673984,0.05653199034611241,0.06407834121697331,0.041053361307795896,0.09718853795323193,0.06587924445908563,0.06606023620629431,0.07365188587254842,0.01812470653302854,0.07342846079673984,0.04801874437503832,0.06098433735992034,0.0951840049848092,0.0992398429147265
21,Zac Williams,Carlton,0.04574934069089444,0.050433562521541915,0.06627587701125646,0.06963028503267625,0.03658354918007733,0.03707858709191435,0.0598360208782569,0.06200263301955575,0.06816937944225676,0.05449480713042806,0.05284973421080327,0.05482761601906014,0.011654908404026344,0.05449480713042806,0.03680631624040399,0.0421943317153126,0.06705221300796659,0.06897287751698748
43,Lewis Young,Carlton,0.04355706737893299,0.06702744648397145,0.04590997664620281,0.04604018265582818,0.04377461205590999,0.04460338336207763,0.04175500159116317,0.07277994810949308,0.05832779808158657,0.054046899878631954,0.0459521277877597,0.05125222218468705,0.010504784359261743,0.0459521277877597,0.04256593119565959,0.04368541873834942,0.061894653926564375,0.07019132237800833
26,Harry Dean,Carlton,0.03184003657003226,0.041821255562101006,0.06327152538636316,0.042310734691569346,0.04565260881426814,0.015534683580495416,0.04509928066703677,0.030707606688616357,0.06985747915444732,0.042343915286844905,0.04088003344337014,0.042665378167740436,0.014762286763763996,0.042310734691569346,0.02236249897914984,0.031375740318651736,0.0528763646088271,0.06689379995880944
551,Matthew Cottrell,Carlton,0.028890192424855844,0.03290408904891218,0.04539727091269953,0.043398039142654644,0.015606472773546855,0.026122878403912614,0.02942060885373142,0.04292233755861704,0.05161431058113017,0.05018192336559217,0.03453677627939987,0.03645408175864112,0.011192144197050866,0.03453677627939987,0.020338855307211447,0.02775559367626912,0.04735897841838552,0.050969736334138066
581,Jack Ison,Carlton,0.009583552303262466,0.010512958043685704,0.023221177052523162,0.017589367960429505,0.009544922149010454,0.003915680109906187,0.009203425632020132,0.016770068670449726,0.020491568552740688,0.01621150782211265,0.012198205058680793,0.013567493941347408,0.005744734898995928,0.012198205058680793,0.006295165594857462,0.009404908577044423,0.01877927020327709,0.021992853227621047
45,Liam Reidy,Carlton,0.0038394668913747853,0.01932589782225138,0.006610507111137405,0.008316916031597893,0.01418109155670541,0.0,0.006892083482928042,0.023486226204670044,0.0076262706501968435,0.0,0.0,0.008207132704623801,0.007864740475610404,0.006892083482928042,0.0,0.0,0.016290462125579257,0.02161407843258164
22,Adam Saad,Carlton,0.0,0.0008284384182473483,0.002402560910401217,0.0,0.0,0.0020483433634671472,0.0043143245491687006,0.006704488723872512,0.0037095905318414134,0.0,0.0020944528007485514,0.0020092908452497174,0.0021898843069763463,0.0020483433634671472,0.0,0.0,0.003957531478945601,0.005628914845255795
591,Flynn Young,Carlton,0.0018643702419922437,0.0024893564553785967,0.00915112810871728,0.0,0.0,0.0,0.004961114027399754,0.006941931448265514,0.004599471790809516,0.00018481383242685228,0.0020191855101034093,0.0029283064922811966,0.0031170598524863013,0.0020191855101034093,0.0,0.0,0.005773249169954716,0.008156989611513983
252,Hudson O'Keeffe,Carlton,0.0,0.007248150930318936,0.0032189604796705024,0.0,0.004171518596518477,0.0,0.0,0.026369614317839102,0.0,0.0004933204914565996,0.002764064068510509,0.004024148080392192,0.007780793628743821,0.0004933204914565996,0.0,0.0,0.005432937853376665,0.017764955793455006
487,Jordan Boyd,Carlton,0.0,0.00043022953445553556,0.0,0.003946816373650997,0.0,0.0,0.0,0.002154346991137312,0.0008701771195976326,0.0,0.0,0.0006728700017128616,0.0012720291539927585,0.0,0.0,0.0,0.0013966867669289013,0.0031402051515198367
642,Flynn Riley,Carlton,0.0,0.0005090261912962549,0.0,0.0,0.0048822842534862075,0.0,0.0,0.0,0.0,0.0,0.0015197013119641722,0.000628273796067876,0.0014853717272713131,0.0,0.0,0.0,0.0009234029907701012,0.003369121929801288
41,Campbell Chesser,Carlton,0.0,0.0,0.0018047808500697663,0.00252508230535028,0.0,0.0,0.0,0.0020934032569279695,0.00046422175697367484,0.0,0.0,0.0006261352881201536,0.0009959223971782942,0.0,0.0,0.0,0.0019231160368816296,0.0023308267335602397
38,Lachie Fogarty,Carlton,0.0,0.0014074830958069656,0.0,0.0,0.0,0.0,0.0,0.001332596245596954,0.0,0.0,0.0,0.0002490981219458108,0.0005544612521029064,0.0,0.0,0.0,0.0005463644606947513,0.0013737840132124603
32,Ashton Moir,Carlton,0.0,0.0002076335335151176,0.0,0.0,0.0,0.0,0.0,0.0007906205183380465,0.0,0.0005163896714642486,0.0,0.00013769488393794663,0.00026949806852044763,0.0,0.0,0.0,0.00033422355007426134,0.0006672166372448372
184,Nick Daicos,Collingwood,39.617438508265884,39.054077719090024,39.132717503789685,39.01616370238446,39.71372903835641,39.93914335583116,39.25804442226689,38.94555387071407,38.7404622105408,38.20819698259083,39.97962561887337,39.23683208479124,0.5385141628190723,39.132717503789685,38.447716335168316,38.861466290043026,39.80614890852106,39.96140860050438
187,Jordan de Goey,Collingwood,7.142555787047652,6.960885998118011,7.061152595534216,7.145025329058849,6.9936717083653495,7.1126585370385,6.978104141897208,7.241148299183247,6.9565661273411505,7.261277350637075,7.027749125658809,7.08007227271637,0.10880398862366593,7.061152595534216,6.958510069190738,6.971044702947737,7.184435746809852,7.252219277482852
188,Darcy Cameron,Collingwood,6.241909685527514,6.238975164974083,6.284333312084055,6.305035316694034,6.65937459450278,6.33670208526478,6.205184212796278,5.955824037342323,6.282470925442556,6.117250946056534,6.064141914257016,6.2446547449947225,0.1791516217275091,6.241909685527514,6.004567081953935,6.095476243018732,6.31801869180804,6.51417196534568
185,Josh Daicos,Collingwood,6.113497034172266,5.956509702268807,6.163772543511769,6.358771277944431,6.061516531091167,6.279134692562712,6.1684956298986835,6.262473621238215,6.169119678114684,6.108833878121651,6.219168004049799,6.169208417543107,0.11082843330535047,6.1684956298986835,6.003762775238869,6.089433765839153,6.269304660481259,6.322934814522657
207,Daniel McStay,Collingwood,3.8359942646699166,3.7675944043553473,3.6709334323983387,3.645075484713484,3.728711438595084,3.69534586202514,3.7329512912831033,3.725153468752858,3.7456518141442077,3.876558540078259,3.7357767574511556,3.7417951598606267,0.06694124055191464,3.7329512912831033,3.6567115611716687,3.6853367658781515,3.7956383470843207,3.858304616144505
189,Scott Pendlebury,Collingwood,3.7297746578485387,3.5978515057528173,3.630635193368654,3.659102652423974,3.6542772223866455,3.675721190843053,3.6736483010531553,3.550328743417857,3.646722794426926,3.6553269234195653,3.679614190657121,3.6502730341453007,0.04650815818637363,3.6553269234195653,3.571713986468589,3.617193881446161,3.677317320766821,3.7072024476124006
191,Dan Houston,Collingwood,2.562115771619607,2.4852203296124817,2.488479422343206,2.558434365872515,2.381395796702464,2.4994036992597035,2.6035512454852845,2.5176687005978375,2.545924797394726,2.5250004884400434,2.5171485820386987,2.5167584726696877,0.05715359781974862,2.5176687005978375,2.428116836511972,2.4871431943236093,2.5599437422288225,2.5849052822457295
203,Beau McCreery,Collingwood,1.9946591827772158,2.0528702208777934,2.143590457084076,2.078445395272695,2.13678643932394,2.0404555515894214,2.130229346512482,2.0859786112516443,2.0789484850153754,1.9598292690482157,2.1534218773501714,2.077746803282094,0.06260149650541688,2.0789484850153754,1.9755027302262658,2.021679040376417,2.139576086605596,2.1489977382304284
229,Tim Membrey,Collingwood,1.7959188331153262,1.7689060277594284,1.8068526492977521,1.7441534566418686,1.7683218179605857,1.7848894443382075,1.754246176405584,1.7545651304246102,1.7985442241872536,1.7817818861632124,1.7541079857252837,1.7738443301835558,0.021103668702436844,1.7689060277594284,1.7486329947294055,1.754189518226661,1.7969952434548164,1.8031138579980277
194,Jack Crisp,Collingwood,1.6359498118615727,1.6403076372479777,1.5780936437699096,1.6123748233414466,1.4929493774081377,1.6386486286823478,1.5417737914102199,1.64460650484018,1.6911549235022552,1.7472992310139377,1.6123947293750727,1.6214139184048235,0.06855618218868775,1.6359498118615727,1.5149203637090747,1.563202504302437,1.6636913564916307,1.7220342926336805
456,Jeremy Howe,Collingwood,0.8642272309444138,0.7938505906075788,0.8005303011245558,0.7985698576726457,0.767137754000982,0.8359167239348897,0.7711814291000477,0.8189984467488401,0.8373168430652799,0.8372408873184198,0.7847437644157169,0.8099739844484883,0.031055703824226205,0.8005303011245558,0.7689574077955617,0.7791832069362925,0.8372720291746325,0.8521175563988035
192,Lachie Schultz,Collingwood,0.7043039014500082,0.738779588569442,0.7542205737014247,0.7086312301298995,0.6992098792453271,0.6863575025735056,0.7433570836984529,0.7617284975900952,0.7468822562672609,0.7735398402800479,0.7251420743967402,0.7311047661729276,0.028300780293969197,0.738779588569442,0.6921410720758252,0.7022153523460889,0.7572988224957796,0.7682247360695691
204,Steele Sidebottom,Collingwood,0.5891194231245421,0.6154802151738841,0.595277026621876,0.6237744025131051,0.610578610210261,0.5873097062091006,0.6468938880842462,0.6420173298263017,0.655362384842213,0.6699182873181843,0.5895973801668768,0.6204844230991448,0.02937523373999532,0.6154802151738841,0.5881240788210493,0.5894014177795196,0.6503659717550125,0.6633681312039972
215,Jamie Elliott,Collingwood,0.6080553376002674,0.612936460024589,0.6042757138224867,0.5544693243869633,0.6588975397926861,0.6055217745158653,0.5834784946519505,0.7093796142232193,0.5943480283484482,0.6351540556653408,0.5850745314210007,0.6137809885866198,0.041786702264259845,0.6055217745158653,0.5675234510062075,0.5844201563456901,0.6448888841575523,0.6866626807294792
198,Patrick Lipinski,Collingwood,0.5867156715289791,0.5744301177257386,0.6367242607278386,0.6441640013306874,0.5414340085837279,0.5605888057283347,0.552217487370483,0.6175884907895103,0.5850465069735371,0.6612695913303936,0.547378584262824,0.5915961387592777,0.042041495164070214,0.5850465069735371,0.5441090676393212,0.5502335370963428,0.6397745543750066,0.6535720758305258
190,Brayden Maynard,Collingwood,0.4523627097012185,0.4815170421736856,0.5059658668298427,0.530387423474207,0.4537171941141106,0.4442875686537084,0.4784055159199987,0.44362205579791586,0.5157892681590437,0.4921956987035467,0.43871108995372793,0.4760874030437278,0.031995763889978546,0.4784055159199987,0.4409210245836125,0.44401470838283347,0.509993461374815,0.5238182535823834
202,Harry Perryman,Collingwood,0.3646949330636543,0.38020600013917266,0.3920129146413948,0.39744132273141874,0.37238301088403003,0.36262311448244544,0.39543218955730774,0.3880134252139143,0.41734996524875073,0.37636173399059797,0.3863802458614587,0.38480898689219506,0.015936480210916582,0.3863802458614587,0.36355543284398945,0.36923089897767597,0.39625593415869326,0.4083910761159513
223,Edward Allan,Collingwood,0.3540541891919904,0.3554845099715885,0.39581949885402773,0.3805671447085533,0.3703596515485201,0.35816392449983825,0.3631782672979526,0.4135865251320085,0.39374655431403255,0.41460831000866694,0.3351893270299088,0.37588708205064436,0.025911716798671866,0.3703596515485201,0.3436785150028455,0.35489807845195326,0.4031039796279998,0.41414850681417065
216,Ned Long,Collingwood,0.33187494642425974,0.3655009544353967,0.34364699483357886,0.3280892913572731,0.32363033329148694,0.31389636692820455,0.33231363619685045,0.34475817604221,0.37381193646421684,0.359023970299723,0.3060773893775757,0.3384203632409796,0.021286195126281562,0.33231363619685045,0.30959592927535867,0.3196394070825412,0.36167953379534923,0.3700719945512478
214,Roan Steele,Collingwood,0.313486897077915,0.32548610870001976,0.3439195183156996,0.3335581782724895,0.3024545018791318,0.3295935836862213,0.3065741695919233,0.3568291628218522,0.3445128217811022,0.37935017257386217,0.32919770999512526,0.3331784386086674,0.022500094579827424,0.3295935836862213,0.30430835234988796,0.3106526788086584,0.3495625216078097,0.3692157181854576
627,Sam Swadling,Collingwood,0.2665270728905994,0.27178261918807234,0.30217795282754856,0.30700245255053227,0.24440663753598807,0.3004844408287397,0.3090242694937346,0.29007919584260167,0.3010545827419132,0.3061902686063349,0.30494834762054995,0.2912434400115104,0.021122543929636816,0.3010545827419132,0.25436083344556315,0.26962784520610844,0.3065232640234558,0.30811445186929354
193,Isaac Quaynor,Collingwood,0.23410867100049745,0.267516451507366,0.28305607136948174,0.32932236333789755,0.23044024679749717,0.18062876910897602,0.24915380963104167,0.22519209805102036,0.28838214230079545,0.2833681576007047,0.21198220490883352,0.2530137259649192,0.042056234728460075,0.24915380963104167,0.1947378152189119,0.21977604186272376,0.28542389132774193,0.31089926387120154
219,Billy Frampton,Collingwood,0.11344909295429832,0.15362689929160966,0.15238985451515222,0.14453243212959183,0.15210384616955352,0.11256595902723843,0.16643613336570023,0.15421306493925538,0.1623151609233314,0.1310356228283355,0.1197275704363001,0.1420359669618515,0.01951513677383549,0.15210384616955352,0.11296336929441537,0.11715339466867937,0.15753492429272656,0.16458169576663426
576,Charlie West,Collingwood,0.021981318148841647,0.04609975274588908,0.048191063972614016,0.019982606702529226,0.035364372323198084,0.02425164347397045,0.04935551409418677,0.054875306832376756,0.04749501019658268,0.04871559387149967,0.0395303560850387,0.03962204894970246,0.012404658882944382,0.04609975274588908,0.020882026853369814,0.02332081009066764,0.048977961162801384,0.052391400100191256
227,Jack Buller,Collingwood,0.0037464279484351903,0.054273793439828216,0.03584827509318405,0.005385150095525347,0.03197981640036824,0.0,0.037029463251274326,0.08825452921723057,0.04810336621684775,0.027593947827191854,0.02245600114863529,0.03224279733077462,0.025691603272831418,0.03197981640036824,0.0016858925767958355,0.004713274015218383,0.050633241378269744,0.07296319811739947
481,William Hayes,Collingwood,0.021921637126240574,0.03129875078094162,0.040554145992267546,0.008520767082095655,0.011550130037082664,0.016676674014849374,0.03462908737440887,0.035955588026845474,0.03494566638922509,0.02842642923013884,0.023303422285787176,0.026162027121807537,0.01060306484197844,0.02842642923013884,0.00988398041183981,0.014574790983965023,0.03535973426064945,0.03848479490782761
512,Angus Anderson,Collingwood,0.010092745615295981,0.03268077122370704,0.06319439638775615,0.03396390525517156,0.0082387515775301,0.01210629093022925,0.014862656666903607,0.029177345749949814,0.052965837581596925,0.02624141775946767,0.013990418784439395,0.027046776139277043,0.018018171306715965,0.02624141775946767,0.009073048894524746,0.01128073735110661,0.04175469750900596,0.05859154492498449
455,Oscar Steene,Collingwood,0.019000478346712573,0.04559677272699533,0.04362673486840888,0.003648106708789827,0.10194296731298554,0.02095811037908389,0.022083612702482453,0.048737071465105385,0.04499459761435747,0.02356324255959515,0.023771586401853114,0.03617484373512451,0.026079301411614218,0.023771586401853114,0.010556673945855062,0.02015548124581165,0.04688429520962045,0.0780003141814394
599,Harvey Harrison,Collingwood,0.004571700718531944,0.012874763719250063,0.01657381046251732,0.009093412901104186,0.008236145627418055,0.0024749447417606514,0.014226893626706486,0.02010893715883763,0.01655335134035375,0.012987938200685207,0.016351795192188295,0.012186699426304874,0.005488021093704504,0.012987938200685207,0.0034184849313077326,0.00673372321477475,0.016561739580440812,0.018518130145493486
637,Liam Puncher,Collingwood,0.0047913176747352935,0.013248801321408644,0.008269490893938988,0.0,0.011011120765066496,0.00018871725955069873,0.018752628927478105,0.06021903146943131,0.01530118332632153,0.01283196708953998,0.0007832581116974445,0.013217956076288045,0.016863232997664197,0.011011120765066496,8.492276679781442e-05,0.0005394963623172788,0.016716276022795726,0.041559150325552324
458,Darcy Moore,Collingwood,0.0019467904515487874,0.005943277783072774,0.0031822689486495294,0.0,0.003998236172155298,0.0,0.008351838145909538,0.008863469396472357,0.005781783688483786,0.005185431953617921,0.0004205665858927779,0.003970333011436615,0.003172304827046124,0.003998236172155298,0.0,0.000248134285676739,0.006930787531835847,0.008633235333719088
208,Wil Parker,Collingwood,4.207067398143259e-05,0.009132432973133774,0.0008845735901644502,0.0,0.0,0.0,0.0007790793065609523,0.010020080306625651,0.004423349469609409,0.0007579969754963552,0.0,0.002367234845052002,0.003790690139291112,0.0007579969754963552,0.0,0.0,0.006354073706054399,0.009620639006554306
612,Mitch Podhajski,Collingwood,0.0,0.001722471364254512,0.0014342543466058092,0.0,0.0,0.0,0.0007485646028036793,0.0015021704754827386,0.0018872687723485296,0.0,0.0004198200508511676,0.0007013226920314942,0.0007853981045084336,0.0004198200508511676,0.0,0.0,0.0015924938398791657,0.0018131099387062215
662,Noah Howes,Collingwood,0.0,0.0008792382405500729,7.751222726793254e-05,0.0,0.0,0.0,0.0017518314408098957,0.0043382593994181545,0.001786827950520137,0.0025471628375263494,0.0,0.0010346210996447765,0.0014343785996094305,7.751222726793254e-05,0.0,0.0,0.0020985652541926844,0.0035322659465668402
482,Lachlan Sullivan,Collingwood,0.0,0.0,0.0014043461210787457,0.00014093151812297728,0.0,0.0,0.0002975764454988856,0.0061106542034433595,0.0013732714188741393,0.0,0.0,0.0008478890642743734,0.0018275255436514398,0.0,0.0,0.0,0.001386012046778028,0.003992815566379279
256,Zach Merrett,Essendon,7.271175715175745,7.0704937566812,7.115852403224564,7.270699311288881,7.131019878278977,7.13985612430908,7.0384751057574615,6.988288337078083,7.257271980568115,7.178690322327089,7.163295917243241,7.147738077448404,0.09393705369936942,7.13985612430908,7.010872382983803,7.057366109802468,7.262777186163629,7.270961333426656
272,Archie Roberts,Essendon,5.210829308577807,5.044807203364043,5.073182607211067,5.381208853269375,5.142565276754448,5.224052135694192,5.253489241770676,5.0195102310361,5.322463483676619,5.028014332377374,5.370584283693652,5.18824608703867,0.13586462357681559,5.210829308577807,5.023337076639673,5.037922126259509,5.3421930116836025,5.376427796960299
260,Darcy Parish,Essendon,4.630867795811014,4.475072517203402,4.574148629516766,4.701029568700186,4.461998948981506,4.6319396859173345,4.565611543671945,4.496451124464199,4.561534705110872,4.464978042670623,4.593978226214497,4.55978279893294,0.0783322710055888,4.565611543671945,4.463339541141608,4.470933782644963,4.631307270754605,4.669939121447903
259,Sam Durham,Essendon,4.144716473701407,4.085210291351833,4.014462003524233,4.010072508199438,3.8968186072401614,4.160195653477026,4.1027580976516935,4.205562382353275,3.9576280602894736,4.162139617534502,3.9920100104617573,4.066506700525891,0.09855574401087928,4.085210291351833,3.9241828611123517,3.977913410891121,4.160992678740591,4.186022138184827
582,Will Setterfield,Essendon,2.219765932299208,1.9936620364227349,2.133663534864855,2.128492376084574,1.9781730863104685,2.203306956028335,2.20273756811428,1.9782075897025382,2.0877180708940615,2.1564002660277275,2.0248060408718542,2.100630314329149,0.09353117678351802,2.128492376084574,1.9781886128369,1.9873257132674542,2.2029710171590424,2.2123593929773153
269,Peter Wright,Essendon,1.8098736010977035,1.9230149922197406,1.7694464103157126,1.7137504381373385,1.8765871091798918,1.7211077432083801,1.6706625632827508,1.7682788347898464,1.6745524267282845,1.741518412980262,1.7712845365220935,1.7672797334965458,0.07850583205652624,1.7682788347898464,1.672413001833241,1.6976792534596263,1.8372261394114007,1.9021224448518086
567,Nick Bryan,Essendon,1.5377208079314884,1.4757812939875057,1.4810920245313737,1.4797448314538217,1.5739210144200033,1.5469167380825724,1.4771921714901575,1.5742038692419553,1.4411758684774323,1.4170643223815402,1.504430037372949,1.5008402708518909,0.051787604785774745,1.4810920245313737,1.4279145181246917,1.4615930695283756,1.557988491380919,1.574076584572077
274,Nate Caddy,Essendon,1.0679894871039635,1.1732361018517101,1.1553067728327564,1.0407585942285051,1.0223565014294518,1.0627609849807251,1.0645245708337894,1.1828725157495605,1.1184057064555888,1.1292199953042021,1.1139886442211426,1.102856352271945,0.05458636640395072,1.1139886442211426,1.0306374431890257,1.0537400047723149,1.1626577977305275,1.1785361294955279
447,Isaac Kako,Essendon,0.629420200944412,0.6863573859774874,0.690416684359393,0.6862316905900796,0.7012906305031202,0.758367178008078,0.7143527696591584,0.7592495071875064,0.6747805798340547,0.6713162819967817,0.6386822404366672,0.691860468136067,0.04130835899742362,0.6863573859774874,0.6335881187159268,0.6579363249571348,0.7323986770822154,0.7588524590567636
278,Zach Reid,Essendon,0.6361140407062023,0.7151570155109219,0.6042957790538244,0.6245543181450581,0.5805922873150335,0.6667168832287024,0.5642638794948936,0.6495320646386789,0.6350556885208931,0.6716598869288218,0.6380846786205208,0.6350933201966864,0.04244120528631958,0.6361140407062023,0.5716116630139566,0.5945773474409202,0.6687435147457513,0.6955833076489768
265,Dyson Sharp,Essendon,0.26447804016833115,0.2843972626517556,0.2733898907580105,0.2619653267224284,0.1790022797040005,0.27088331658838555,0.24637654726014896,0.23303651163558667,0.28981069722963543,0.31125883167785473,0.24832411839624294,0.26026571116294367,0.03470134215503405,0.26447804016833115,0.20331768407321427,0.24090713265407843,0.2866167708286863,0.30160717117615604
515,Elijah Tsatas,Essendon,0.21358112978126775,0.22360503666207796,0.28658848637347206,0.2531758907463067,0.17746973980803313,0.25324803996947437,0.22974170427587862,0.1676365483053605,0.2276612535014909,0.2528742949885845,0.22422764392419056,0.22816452439419424,0.034298665430111834,0.2276612535014909,0.1720614844815632,0.19877545989224155,0.25320547192780546,0.27158528549167305
516,Sullivan Robey,Essendon,0.22684654329817036,0.24036163780217806,0.2314408269847321,0.20955845088785469,0.15395548422372501,0.17290843845109397,0.24466704800105823,0.17952355555447683,0.2184001595429096,0.252007506717187,0.21393220649652037,0.21305471435999151,0.03171898507086441,0.2184001595429096,0.16248431362604104,0.17681135754208985,0.24212685598371894,0.24870430029492907
473,Jacob Farrow,Essendon,0.19154716972384925,0.2140158091046086,0.15870463330113,0.16259700767538865,0.18128779823032387,0.12494003124133554,0.18909760552771548,0.23664190156398984,0.2086955127556675,0.20075827972007837,0.18798315017212067,0.18693353627420073,0.030266078939083337,0.18909760552771548,0.14013410216824304,0.1610011341819426,0.21087683425873335,0.22646015995726826
263,Xavier Duursma,Essendon,0.18015524964960336,0.21064254555792278,0.20182459763491412,0.1656947469860127,0.15859444620216434,0.156284724454402,0.20085308433264765,0.2036118632893726,0.1881230097456322,0.18301517887934013,0.1690860513771316,0.1834441361917403,0.01922662819785163,0.18301517887934013,0.15732409924089505,0.16278362366463486,0.2025573765532421,0.20747873853707519
276,Jye Caldwell,Essendon,0.08430295884930641,0.10580214547303421,0.14048402132763357,0.15507130774586006,0.11429955876127668,0.08684831269850592,0.10174828396975656,0.1209262081756079,0.1385601759868482,0.14073913446597755,0.10385056257988892,0.11751206091215419,0.023575983304664032,0.11429955876127668,0.0854483680814462,0.0956392957485438,0.1405886177143546,0.14862182976991292
262,Mason Redman,Essendon,0.090815773340911,0.13135047968360056,0.09557515120403344,0.1150799385961156,0.09074275985103922,0.07668304326724247,0.10955053445012833,0.09713519843278247,0.12252093256881565,0.11748541511935325,0.09638282131791943,0.10393836798472195,0.01642674999649057,0.09713519843278247,0.083009915729951,0.09078583781006357,0.11954997727363283,0.12737718348194735
268,Andrew McGrath,Essendon,0.06837365359649776,0.06577757425888775,0.10506605775142541,0.09635290711038703,0.06872641319837805,0.060824390469208046,0.0724809778383363,0.06700028117845226,0.07804431754592778,0.09916605969548198,0.08357533014388228,0.07867163298062406,0.015225096604627158,0.0724809778383363,0.06305332317456391,0.06649897134143082,0.09750629967027596,0.10241105862625086
280,Archer May,Essendon,0.016030807438886588,0.09251070701987499,0.10066705285883945,0.017508275097829245,0.06804536863256985,0.01704718052354246,0.06007475267531156,0.1089030047263744,0.06566309325339321,0.05583837707995181,0.03469921216577894,0.057907984679304775,0.033752261764021796,0.06007475267531156,0.01648817532698173,0.017319226322371664,0.09585480881385042,0.10519682638598367
261,Ben McKay,Essendon,0.009696270210461348,0.0631383314702412,0.035129681996237866,0.03141001950313831,0.060792379637663804,0.029110169723817973,0.04018908779639604,0.07664482220727215,0.045669689045834315,0.04510133557038319,0.044129013072566864,0.04372825456672846,0.01835024640758366,0.044129013072566864,0.018432524991471827,0.030467081093616975,0.06175421988902054,0.0705669013756082
279,Kyle Langford,Essendon,0.020305807330165477,0.055938336454586166,0.039586052727942085,0.05011639141247462,0.046849091234840906,0.029849814432108265,0.013235889776718496,0.03928393641941609,0.04798771286767861,0.02916515040762133,0.033232029053869315,0.03686820110158376,0.01315402724584408,0.03928393641941609,0.016417352675769638,0.02553281974586443,0.04886047107104498,0.05331846118563596
514,Jordan Ridley,Essendon,0.026928824081581346,0.03458440986242988,0.03381237765500495,0.030286443711358555,0.01947716045070441,0.02288789039288067,0.024016406546341598,0.04461096080859095,0.03997916975898634,0.03311168794558146,0.029029880484640978,0.03079320106346374,0.007476280799508968,0.030286443711358555,0.021011988924683728,0.023553714923422616,0.03679626142001803,0.04252665483626887
470,Archer Day-Wicks,Essendon,0.007166025030610328,0.036166862352708315,0.017201196682661207,0.006894142544428315,0.033190515570861084,0.0047404593848815605,0.013130813731679519,0.1045722342090139,0.021808411599080844,0.011645988014078033,0.02321741294764353,0.025430369278876964,0.028233314631296157,0.017201196682661207,0.0057096168066775995,0.0070545532112757025,0.03441081775141845,0.07378981687367632
266,Jaxon Prior,Essendon,0.0016210487395806402,0.010341021916532389,0.023692704330723298,0.03666405591178945,0.008893431872472785,0.012530099911009682,0.007096009369638789,0.04110577541546231,0.040373400188316554,0.023468271529541902,0.014473057687068561,0.020023534261103305,0.014039857072751656,0.014473057687068561,0.004084781023106807,0.008156488646310847,0.03818488706516556,0.040776206563246715
504,Thomas Edwards,Essendon,0.0007646280736304342,0.04052964585339294,0.04066387136233219,0.008075649323392994,0.009502585122415527,0.012665979703241386,0.029715736732133798,0.04570282921667162,0.03445292663677142,0.014085134432839163,0.011847670319457751,0.02254605970693447,0.01587038983606211,0.014085134432839163,0.0040545876360235855,0.008917541444816289,0.04058467831205803,0.04343529818221887
264,Hussien El Achkar,Essendon,0.003420974049234293,0.026136217554029038,0.02061895282430817,0.0,0.0,0.0,0.007553591106346903,0.02412346325771377,0.00991402604787393,0.002689620380730452,0.017817110285508427,0.010206723227794999,0.010178244273231456,0.007553591106346903,0.0,0.0,0.022055802102004467,0.025230478120687166
660,Vigo Visentini,Essendon,0.0,0.003116187857151898,0.008404943011452124,0.0,0.044592413421413485,0.0065325617128308,0.0,0.004813643747876285,0.016290764520771092,0.008091041441851604,0.0017914145943516955,0.008512088209790818,0.012929553670279807,0.004813643747876285,0.0,0.0,0.011638129830272901,0.031856671416124374
469,Jade Gresham,Essendon,0.0,0.01195305353629934,0.013284561100162018,0.0,0.0,0.0,0.0018677342338275739,0.023857389086762496,0.003810448078111154,0.0034633184165198433,0.00478919123074454,0.005729608698402452,0.007618112398231529,0.0034633184165198433,0.0,0.0,0.012498971637483038,0.01909961649279227
273,Lachlan Blakiston,Essendon,0.0,0.016377857350130316,0.0030934231249702964,0.0,0.019710294049834015,0.00020162535274201939,0.00045359481586596954,0.09211804526908944,0.002219113245203592,0.005119749859663058,0.010269887875235004,0.013596690085703066,0.02693569553551076,0.0030934231249702964,0.0,0.00011895895811779145,0.017744156397008833,0.059534557220424424
267,Archie Perkins,Essendon,0.0,0.012565269015808673,0.0027811953120255683,0.0006708707982633202,0.0,0.0010342896948984,0.0016058571981428138,0.025785985983799428,0.008381145046451535,0.002332798799839943,0.024110403625957493,0.007206165043198834,0.009593835785078282,0.002332798799839943,0.0,0.000395813770975359,0.01729877420596969,0.025031973922770557
275,Zak Johnson,Essendon,0.0,0.006222929056038701,0.0009790022174336883,0.0,0.0,0.0018472113562119814,0.0010961412859422435,0.025324668690529746,0.009447721233820613,0.003405723027994784,0.004998525298957267,0.004847447469720821,0.007436425724147173,0.0018472113562119814,0.0,0.0,0.0075450938489292855,0.01818004233501062
645,Angus Clarke,Essendon,0.0,0.0040841284814022005,0.0025347827961860006,6.392028213486256e-05,0.0029191848825143637,0.0,0.0,0.022262584444210448,0.0,0.00875354917539791,0.0016029128937965654,0.0038382784505129413,0.006666268659479809,0.0016029128937965654,0.0,0.0,0.005998590965940442,0.016183518573244793
468,Saad El-Hawli,Essendon,0.0,0.01343283970119497,0.0,0.0006269762264580363,0.0,0.0,0.0,0.01903997038174235,0.0018187471081610952,0.0004666436473679106,0.0009261345414350664,0.003301028327850857,0.006541203314804314,0.0004666436473679106,0.0,0.0,0.006580525071304986,0.016516761575496024
558,Nik Cox,Essendon,0.0,0.01294624380304242,0.0022283991375652828,0.0,0.0,0.0,0.0,0.024870515469887344,0.001598413630653463,0.004077269559063327,0.0003977866571120696,0.004192602568847627,0.007855531421712577,0.0003977866571120696,0.0,0.0,0.007713548999094756,0.019504593219807118
271,Max Kondogiannis,Essendon,0.0,0.006738282207706426,0.0,0.0,0.0,0.0007881459461117264,0.0,0.058587176537114434,0.0006274399013523951,0.009240832284185102,0.0,0.00690744335240637,0.01743395832143289,0.0,0.0,0.0,0.007764327739062683,0.03638132162329619
471,Matt Guelfi,Essendon,0.0,0.012805709264133684,0.0,0.0,0.0,0.0,0.0,0.04526248836782869,0.0,0.005175725379016297,0.002656037431965813,0.005990905494813134,0.013607796573724708,0.0,0.0,0.0,0.008304018771914426,0.030656937771165904
610,Harrison Jones,Essendon,0.0,0.008447861446429013,0.0,0.0,0.0,0.0,0.0,0.033200500982429534,0.0,0.009754824980109518,0.0015022980085384375,0.004809589583409682,0.010082655734637186,0.0,0.0,0.0,0.00898371649523802,0.022649946781385502
277,Jayden Nguyen,Essendon,0.0,0.010457296440398242,0.0,0.0,0.0,0.00042588150596607234,0.0,0.025934450038046595,0.0009918294870046066,0.0006461030460402493,0.0,0.003495960047041434,0.00805663822197081,0.0,0.0,0.0,0.004872670937895999,0.01896973091910482
656,Rhys Unwin,Essendon,0.0,0.005672165337666148,0.0,0.0,0.0,0.0,0.0,0.02272937037895602,0.0,0.0022612453201328727,0.002059423402843116,0.0029747458581452875,0.006788313122311812,0.0,0.0,0.0,0.003659722527321516,0.01505362811037556
650,Jaxon Artemis,Essendon,0.0,0.0049672472272405625,4.9219027285416125e-05,0.0,0.0,0.0,0.0,0.016157043342661263,0.0032466617547904425,0.0010115046351436131,0.0,0.0023119705442837543,0.004883571290651481,0.0,0.0,0.0,0.003952101798494992,0.011121635090721936
270,Brayden Fiorini,Essendon,0.0,0.0,0.0,0.0,0.0,0.0,0.0,0.0020275305299958107,0.0,0.0,0.0,0.00018432095727234643,0.0006113234562715027,0.0,0.0,0.0,0.0,0.0011151417914976938
283,Luke Jackson,Fremantle,15.669419558107515,15.607447206586757,15.897655267694383,15.774975740054565,16.649334116598016,15.942738049714823,15.496955361369467,15.543489502033273,15.694960340220252,15.66181069939179,15.902515062964632,15.803754627703226,0.3168833787873255,15.694960340220252,15.517895724668179,15.58122454771983,15.91900648753221,16.331365886500578
285,Caleb Serong,Fremantle,13.574478510500839,13.307347105659174,13.261952534512153,13.255264551948514,13.30625534559575,13.42200580457337,13.466502079009091,13.21122606481926,13.30691295183088,13.3369011274684,13.457117336823618,13.35508758297646,0.11049157527731009,13.307347105659174,13.231043384027425,13.25921046166106,13.460965081119662,13.525889116329552
288,Shai Bolton,Fremantle,11.558913833007026,11.518915945380423,11.572246574281118,11.63136240003087,11.622672326434628,11.663338052332145,11.67894981115647,11.71811801693049,11.554113561911084,11.720001572552077,11.809646052264341,11.640752558752787,0.08770185860206416,11.63136240003087,11.53475487281922,11.556945721857689,11.71889027473534,11.769306036393822
300,Andrew Brayshaw,Fremantle,11.5323064230826,11.244032657629448,11.375705038129873,11.366874741759133,11.420434404047754,11.560552357504438,11.341962373466098,11.379031682674707,11.284737328936297,11.206834571605986,11.40660114850103,11.374461157030668,0.10816116396451368,11.375705038129873,11.223573710316543,11.26804841370049,11.46630193185204,11.54784168701461
297,Jye Amiss,Fremantle,9.425698602728087,9.782268389817022,9.638364275594624,9.494895793975292,9.917600457508813,9.83776798681362,9.61067776906683,9.781955871991727,9.535333298493038,9.326340669927543,9.572453362653357,9.629396043506361,0.18359512585786086,9.61067776906683,9.371051739687788,9.466524945563938,9.805023224585627,9.881675845695977
302,Murphy Reid,Fremantle,8.73594565512672,8.602802380145677,8.35919118657546,8.521854781831598,8.577655911057246,8.631970301656374,8.732182911677768,8.870893866071931,8.489965802307987,8.690499016403123,8.81067224691951,8.638512187252127,0.14944133282292693,8.631970301656374,8.418039763655097,8.508780300226917,8.766583557761763,8.843794137453342
291,Josh Treacy,Fremantle,8.074178361566204,8.233905967659096,8.166569955639575,8.081116247774489,8.223765400506045,8.230452136236696,8.195593319050099,8.08781468274401,8.180148198699335,8.144856687389277,8.29923557656003,8.174330593984076,0.07236240805562445,8.180148198699335,8.077300410359932,8.085068324406507,8.23186820711988,8.269837252554609
308,Patrick Voss,Fremantle,3.4817538089716242,3.573178385611169,3.551874541184437,3.400366296523969,3.658749421183021,3.608013065398756,3.556694259122015,3.623112947633503,3.5558556677429403,3.5491357513441057,3.593202753131463,3.559266990713364,0.07009113582642018,3.556694259122015,3.4369906771254137,3.521509154971388,3.6142040171150023,3.642713008085738
304,Karl Worner,Fremantle,3.3775345675660495,3.347889030996458,3.458732687752273,3.372279965641218,3.414907709633313,3.4193197060687015,3.4066660418094457,3.3028104200010184,3.3626567850764237,3.225968838933624,3.3826035794527507,3.3701244848119334,0.06299992441962661,3.3775345675660495,3.2605475504139516,3.3294068004883277,3.416716628171822,3.4409968459946656
290,Jordan Clark,Fremantle,2.772812626025511,2.7328847167738566,2.739615477540535,2.7029699396272404,2.6145660245976883,2.7173496452346577,2.760811257600363,2.649558979308481,2.769347935180274,2.7285817964648404,2.683055378908465,2.7155957979329015,0.050041210029725565,2.7285817964648404,2.630312854217545,2.6693218550724715,2.7643112954081266,2.7712535151451543
294,Matthew Johnson,Fremantle,2.3294509424268575,2.251278062715401,2.166311217142026,2.202534934577339,2.0668543081194333,2.0897572988150923,2.2589146883153104,2.2088804104908633,2.161995396755864,2.328500988530351,2.2142299482865195,2.207155290561369,0.08459050901345268,2.2088804104908633,2.07716065393248,2.1323777766001477,2.287445071403477,2.3290234631734297
537,Michael Frederick,Fremantle,1.4849433026988823,1.620934821940251,1.5867332715587952,1.6111910125064781,1.6550793356521993,1.615688190067228,1.602927715221666,1.7069393590390536,1.6335794264205115,1.603198614594747,1.6037590692545245,1.6113612835413031,0.05332361481978838,1.6111910125064781,1.530748788685843,1.596287993319889,1.6423943892055035,1.6836023485149691
442,Luke Ryan,Fremantle,1.4863532188739794,1.536047657451059,1.4924533984582384,1.6316165754684557,1.3919853981165446,1.4660136289974772,1.5093848238453975,1.6080933019143266,1.4904443701893777,1.4183287370585982,1.4888047892988094,1.5017750817883877,0.07093108258884309,1.4904443701893777,1.4038399006404687,1.4464628233025367,1.5655863716809988,1.6210311023690975
289,Hayden Young,Fremantle,1.1687293210620104,1.2669389585434763,1.1384895793281176,1.2385764756876334,1.0684580180450962,1.1819554373685492,1.1137220656169298,1.2011935575409425,1.2220057339552688,1.3094326880478118,1.1712546981491663,1.1891596848495458,0.06913608523675499,1.1819554373685492,1.0888268394524212,1.1283348987065305,1.250205093658529,1.2903105097708607
299,Oscar McDonald,Fremantle,1.0583024429858436,1.0063900759210862,0.9822732973778548,1.0051943278788027,0.9347924999655864,1.0235971149590617,1.0289852080404374,1.0154074036567922,0.9972277332858739,1.0153662843147855,1.06780441699082,1.012303709579722,0.03583803898133895,1.0153662843147855,0.9561588588011072,0.9910964145635861,1.041005274368054,1.0635285286885807
298,Alex Pearce,Fremantle,0.6397814055800953,0.6119753488907518,0.7129552689958496,0.5477923496225878,0.5886731355221989,0.6135563756745607,0.6502835086290488,0.6449604609254144,0.6270709803676943,0.6723042068703552,0.6012776507649794,0.6282391538039578,0.04388948512723379,0.6270709803676943,0.5661887032774128,0.5961097995154394,0.6593119949079844,0.694662291039377
307,Neil Erasmus,Fremantle,0.41824404173850227,0.4493429679095583,0.4872925705061628,0.5710925611769189,0.43444521112701867,0.43277532641894234,0.49360346550503975,0.47872457760069265,0.5177827793783679,0.4912450394433435,0.4343866081676785,0.4735395589974751,0.04557657118581718,0.47872457760069265,0.4247831198447003,0.4337259826506967,0.5035169841931043,0.5471031593675709
292,Nathan O'Driscoll,Fremantle,0.30968008267338826,0.4098252147379681,0.378543949024278,0.4369002124289941,0.30492801903157185,0.3275120958021841,0.35308282740701297,0.3587984140822681,0.3783437129923271,0.34359045837265345,0.32110720024638045,0.3565738351635479,0.04171227036247373,0.35308282740701297,0.3070664476703892,0.31642208204145367,0.391369267966891,0.4247164634680324
303,Sam Switkowski,Fremantle,0.32897541656396073,0.35036907472496603,0.36067172440348677,0.37969416248707866,0.2835665954829709,0.32863214304137467,0.32965407531305674,0.39021793736876675,0.3633093282643156,0.39490856629754556,0.32883438739184334,0.34898485557630604,0.03312066575308124,0.35036907472496603,0.3038460918842526,0.3287514672081512,0.38400891018857075,0.3927977832795951
296,Heath Chapman,Fremantle,0.3483328791546238,0.3111139888103761,0.36940918985766846,0.3791669562526359,0.31707690439557756,0.3378731595343956,0.35507342946244025,0.29954698454268475,0.39172652010533093,0.3198190203511178,0.3313898432122937,0.34186626142537685,0.02969034068237655,0.3378731595343956,0.30475213646314586,0.314632109005645,0.37340987407960513,0.38607471637161817
287,Isaiah Dudley,Fremantle,0.16677263926794542,0.2303174109139373,0.2666671274865572,0.23120733271818478,0.19222564584873805,0.1687749012368068,0.24862118907164849,0.2608226783269322,0.25695210292679205,0.2565736727861623,0.21537335598977922,0.22675527787031668,0.036533054527194325,0.23120733271818478,0.16767365715393304,0.18261084055784624,0.2585390388408495,0.2640371253647259
464,Brennan Cox,Fremantle,0.18889850283793247,0.222565470876208,0.20581971399818327,0.19632158168534644,0.2032218745739983,0.16740706004012343,0.21629427300131418,0.2067298172301676,0.2094648040782942,0.21200312535146704,0.18458168060381486,0.20120980947971362,0.01587009643862058,0.20581971399818327,0.17513563929378456,0.18712860572194426,0.21376249588790436,0.21974343183250578
306,Corey Wagner,Fremantle,0.1431512931502267,0.15404897928758915,0.14716570887154765,0.1883922974202822,0.10655239231643039,0.1437355382190472,0.13102020120249175,0.13246240320651162,0.15828713834247654,0.1520915296100356,0.15203274681707593,0.14626729349488318,0.020159260963541127,0.14716570887154765,0.117562906315158,0.13187110038486347,0.15578662450009298,0.17484497583526962
293,Judd McVee,Fremantle,0.09773431529395843,0.13421328308851005,0.13562519611858448,0.14691662091728896,0.09620008733536368,0.1007031133411904,0.10108719457264019,0.10857687934553041,0.16977981892999525,0.10197438695669804,0.09128845214296806,0.11673630436752071,0.025697381611284337,0.10197438695669804,0.0934986879795461,0.09710528183093459,0.1402546802860533,0.15949137982427739
536,Mason Cox,Fremantle,0.03559987271797666,0.06175628763648376,0.0847649982800394,0.023917420461522218,0.2137423220332974,0.031445765276637005,0.047353616563306,0.07793920661402919,0.09713623099638566,0.04694172944997124,0.04580221824436364,0.06967269711581929,0.05307496944993456,0.047353616563306,0.027305175628323873,0.0338966886670274,0.08983720369374137,0.16126958106668698
462,Jaeger OMeara,Fremantle,0.021862655277861045,0.04310240298258798,0.035888745143508365,0.05132404452628069,0.02424307881808709,0.017446527659639062,0.024115097181196997,0.02648787813481485,0.04599133376756259,0.03580435318633283,0.024293605791650852,0.03186906567904749,0.011173760166776958,0.02648787813481485,0.019433785087838953,0.023191596000829255,0.04428686460442757,0.048924324684857544
305,Sean Darcy,Fremantle,0.008425562756360147,0.020132802737281796,0.016492857608293707,0.006450239627307041,0.06832401987779992,0.012690384027860149,0.0025452999638597195,0.039467044758198136,0.02523477956289662,0.013365097485589889,0.009747024615004745,0.020261373910950172,0.018915474958153083,0.013365097485589889,0.004302522812411014,0.007615680273448374,0.031070008292970245,0.055338381073979086
443,Christopher Scerri,Fremantle,0.00388356213516049,0.012060961980995514,0.015037907600424703,0.006337714682503658,0.0007897921521453464,0.0036396010261569756,0.014262537413430731,0.016014161789162575,0.025591985109696274,0.006207740408977755,0.008482811228317863,0.01020988868427017,0.007206814153916848,0.008482811228317863,0.0020722061454505796,0.0037835380804690493,0.01543817181780723,0.0212819646154561
550,Jeremy Sharp,Fremantle,0.0,0.0,0.0009211683307156612,0.0016236164764823434,0.0,0.0,0.0024654159444178615,0.001506417003954538,0.004229719608370949,0.0031372668316742352,0.0,0.0012621458359650534,0.0014846577868279755,0.0009211683307156612,0.0,0.0,0.0027408748081929747,0.0037381158588574263
301,Brandon Walker,Fremantle,0.0,0.0030419953327129362,0.0,0.0,0.0,0.0,0.0,0.0047813539954745165,0.0,0.0003087148390010242,0.0,0.000739278560653498,0.0016185958665907267,0.0,0.0,0.0,0.0014293598414229086,0.003998642597231803
666,Bailey Banfield,Fremantle,0.0,0.0008263389681843148,0.0,0.0,0.0,0.000731635714345712,0.0,0.001310352626212975,0.0,0.0,0.0,0.0002607570280675456,0.00046767664142188163,0.0,0.0,0.0,0.0007704640484195392,0.0010925464801000773
667,Tobyn Murray,Fremantle,0.0,0.0005229257266562168,0.0,0.0,0.0,0.0,0.0,0.0,0.0,0.0,0.0,4.7538702423292435e-05,0.00015766803895841998,0.0,0.0,0.0,0.0,0.00028760914966091867
78,Bailey Smith,Geelong,29.47343144066882,28.48929032528061,29.3447205872483,29.066473493429868,29.384712300800025,29.67333974559834,29.24020050900839,28.440367300427006,28.87949817244003,28.328652952186456,29.356246172695197,29.061539363616642,0.4616241521423391,29.24020050900839,28.378924408894704,28.469231885090633,29.42108714814623,29.583381008380055
51,Max Holmes,Geelong,13.80058921860371,13.829678342569567,13.763048085457001,13.619561515304488,13.560515432985252,13.887594155290817,13.997844101743548,13.633333486066096,13.772268628739388,13.674415369456034,13.932647407706071,13.770135976720178,0.13823011816740743,13.772268628739388,13.587086170028908,13.627686978053838,13.906065988781071,13.968505589426684
69,Shaun Mannagh,Geelong,9.48730521196866,9.627730473671583,9.587667244369745,9.658470057740963,9.390608097019104,9.422021087571311,9.562044810985968,9.92195951789606,9.45759752675919,9.710324439962601,9.60552955140755,9.584659819941159,0.150848241217349,9.587667244369745,9.404743942767597,9.44301118669216,9.679730354451834,9.826723732826004
54,Oliver Dempsey,Geelong,5.606848686876027,5.715000679045841,5.665042031684127,5.875157969028508,5.7283532410668485,5.674253244271164,5.690298498085665,5.770343219958917,5.743713914554685,5.801306344343132,5.854161387215853,5.738589019648251,0.08177593095850062,5.7283532410668485,5.633035692039672,5.670476647110479,5.822976911920947,5.865709507212813
284,Jeremy Cameron,Geelong,4.053284356558679,4.1185376268260905,4.151381891320097,4.137896956989555,4.179843896028501,4.0119071162756335,4.134594368494133,4.146735106915655,4.091589899966431,4.159333629956257,4.116927447057297,4.11836657239894,0.04928054848790437,4.134594368494133,4.030526874403004,4.075884627169253,4.1546421041609225,4.170614276295991
67,Tanner Bruhn,Geelong,3.1894389421629135,3.201745669228137,3.229719275850223,3.2517689007555677,3.1359242986655502,3.184565408280808,3.1655780464883083,3.3385755517215343,3.23059171790406,3.283847381059904,3.15804818959801,3.215436671065002,0.05959430027225211,3.201745669228137,3.1458800495851573,3.1624908051632863,3.2649210776803455,3.3139478749238007
85,Shannon Neale,Geelong,2.780730277007883,3.0780282795194642,2.9446388337760903,2.8179178820417716,3.0637800915775855,2.8076193116772896,2.9221070088976604,2.9442534954543267,2.9517438959467426,2.9271662519509007,2.943911609141228,2.9256269942719033,0.09517044216340866,2.943911609141228,2.792830342609116,2.813695468192334,2.9976787361553883,3.0716165949456187
295,Patrick Dangerfield,Geelong,2.360532260461797,2.502985065093639,2.5465433409823914,2.5843871270502023,2.4125204577580113,2.517009236714587,2.5583929488135,2.526465165340076,2.506683885814573,2.4964274116341776,2.515818977559046,2.5025241706565455,0.06406040011964038,2.515818977559046,2.3839269492450934,2.4620255605449493,2.551401680193146,2.5726897468436865
76,Lawson Humphries,Geelong,2.3234112965918983,2.388915424860976,2.2956094488182512,2.3920719317584274,2.334064617461182,2.3727997469723197,2.347164319640878,2.3768782931569223,2.420650375284765,2.335740681038089,2.3363466545979965,2.356695708198337,0.03652678127116502,2.347164319640878,2.3081202803163925,2.3296967559047754,2.3902095926889313,2.4077900756979127
68,Tom Stewart,Geelong,2.2799333229954577,2.103500663327933,2.0829249075702676,2.190306021455034,2.0733302437064727,2.116481538384157,2.17129920628095,2.179736067518977,2.2092508471710475,2.2132748017651043,2.122702519548663,2.158430921793097,0.06402012170190319,2.17129920628095,2.0776478424451805,2.09506460346729,2.210900668554611,2.2499369884417986
52,Tom Atkins,Geelong,1.9993904895476327,1.8351782124630465,1.9021312932959584,1.9608883442993423,1.8576731317680402,1.9911446716277386,1.951926863058845,1.83487410336627,1.8515401785221326,1.954287667013625,1.8217144773644152,1.905522675666095,0.06776252033735167,1.9021312932959584,1.8276363090652499,1.8350535277333682,1.9732934385039849,1.9956798714836803
60,Gryan Miers,Geelong,1.3841740982635686,1.4009240224631248,1.4188166947912912,1.4440112367331666,1.3162721802249986,1.308681687525054,1.3776246846194546,1.4361090645993373,1.395018651573483,1.4192625114914765,1.3644654998344554,1.3877600301926738,0.044392391961341565,1.395018651573483,1.312097409240029,1.344706238794578,1.4261695982656994,1.4404552592729434
71,Connor O'Sullivan,Geelong,1.3749678542216344,1.4086222801316628,1.4082797356658119,1.3388500783317308,1.4444614819293373,1.2786033377447281,1.4339610112556247,1.3600212526837054,1.3947280591106435,1.3584211963014863,1.3265483566869483,1.3752240585512103,0.04936988621208612,1.3749678542216344,1.3001785962687271,1.3338063724573699,1.4190111598924873,1.4397362701261667
89,Oisin Mullin,Geelong,1.1513331006604524,1.2293080457153043,1.1661558235755962,1.1868567021522158,1.1110764436689664,1.123751642702956,1.223309879818903,1.2354627091016415,1.159642622362434,1.2426263654627898,1.167028718177669,1.1815047321271754,0.045648411147581426,1.167028718177669,1.1167802832342617,1.1400247028978787,1.2318314577037026,1.239402720100273
82,Oliver Henry,Geelong,1.0797658536164627,1.056935637127949,1.1135972609467977,1.0134719780622068,1.1615830992618863,1.0986358454704348,1.103944832886192,1.118050966931807,1.1392666374218052,1.1160693986975212,1.1611515291204881,1.105679367231232,0.04388220462806296,1.1135972609467977,1.0330306246417909,1.070405464856172,1.1482394430182652,1.1613888926982572
83,Mark Blicavs,Geelong,1.0056609557342056,1.06954225006376,1.0195968797091643,0.9864410250271265,1.1624254993814724,1.0247889472544038,1.0148241218098173,0.9966035877431696,1.0179235345260143,1.0264724311526803,1.0254221996753625,1.0317910392797431,0.04818177912176262,1.0195968797091643,0.9910141782493459,1.0019474348578807,1.044131056906223,1.1206280371885018
72,James Worpel,Geelong,0.6129692403634351,0.6879957862088824,0.6622809511990372,0.5757657068892966,0.6470894309141632,0.5562330587531091,0.6208441022555238,0.6259548631889347,0.6449237080285193,0.7084954646488529,0.5939940740073641,0.6305951260415562,0.04598648282900655,0.6259548631889347,0.5650227504143935,0.5865204434889565,0.6728240335530737,0.6992706093508662
87,Sam De Koning,Geelong,0.5963707066455902,0.5811297454628516,0.606911982389927,0.5731740439989156,0.6580556163102975,0.5545608165835475,0.5216165598584523,0.5770087502354585,0.648518731469893,0.6067020352155231,0.5638751733895313,0.5898112874145442,0.03975736421449038,0.5811297454628516,0.5364414753847452,0.560056287099078,0.6239707495127131,0.6537640181321155
77,Zach Guthrie,Geelong,0.16441350232543242,0.20865704445392874,0.1847262656595278,0.21227797422489514,0.15208626218126373,0.1617397452708872,0.16033763482680552,0.15087980893080077,0.23521681077405554,0.1733796226346169,0.13181409771364702,0.17595716081780555,0.031161506446449386,0.16441350232543242,0.14039366776136622,0.1515916163485739,0.21014162566002498,0.22489433432693334
79,Mark OConnor,Geelong,0.14351014915164442,0.16269896397285002,0.17162899406387142,0.21612699584216563,0.15532317228033096,0.15761856420927384,0.15229797664116704,0.15048202467024946,0.20462993793302525,0.1756839211094769,0.1622515601153427,0.16838656908994523,0.022828350875603486,0.1622515601153427,0.14664749313501668,0.15155343633309082,0.18755178800713174,0.21095331978305246
84,Jack Martin,Geelong,0.11864121909985502,0.164735479488321,0.16629591413290978,0.14665446694419418,0.11674265592253792,0.11899451052802984,0.15282799515926535,0.16306350681638482,0.17540974674274745,0.1778593459302589,0.13885125843337345,0.14909782719980708,0.022935650707862503,0.15282799515926535,0.11759700935233061,0.11884966104247817,0.17003258550294323,0.17675702629587875
74,Jhye Clark,Geelong,0.07317434821179815,0.11421968162518004,0.08887158239839725,0.10474430939062417,0.08627847346273883,0.07670816254364661,0.10813656879032958,0.09953409684507446,0.11708568683942595,0.1040087026138819,0.0942329649648341,0.09699950706235737,0.014517549508403551,0.09953409684507446,0.07476456466112996,0.08235464598591102,0.11063064505261827,0.11579598449301529
507,Jack Bowes,Geelong,0.056907513088252544,0.09978840041923928,0.08300022188939134,0.09559177017951,0.04923541236568535,0.06657324277328439,0.09164613956614777,0.09764434316731033,0.1066295800898421,0.10176339293575769,0.09644229176776771,0.08592930074928987,0.01953726575407953,0.09559177017951,0.052687857690840584,0.06261029360242133,0.10059814735101183,0.1044397958705041
286,Mitchell Edwards,Geelong,0.034227333366436026,0.08650318323115214,0.13639306604261964,0.06420124958501941,0.28769536005640817,0.10230548000291818,0.052932197899113076,0.1229070449989866,0.14060451921689368,0.04308590561798661,0.08642709055581053,0.10520749368848582,0.07061377680838841,0.08650318323115214,0.03821369087963379,0.04889521806385123,0.138119761844072,0.2215044816786265
451,Oliver Wiltshire,Geelong,0.07490386159544589,0.08977925805921386,0.09750136608189632,0.0665565169457826,0.05244096209388165,0.056999791868135655,0.08381158228427571,0.11053876694390039,0.0994960100529759,0.09480644555205582,0.0759101974337014,0.08206770535556958,0.018475135776668428,0.08381158228427571,0.05449243549229595,0.06263825966394736,0.09831917011003895,0.10556952634298436
80,Jack Henry,Geelong,0.03867345829375926,0.07295126906909725,0.07928205960485221,0.07557609237771848,0.07111414696367645,0.06059766191148369,0.08632890581573492,0.0866060586067964,0.10325326870433524,0.07546804527081759,0.07610579063113856,0.07508697793176455,0.016210060339985594,0.07557609237771848,0.04853934992173525,0.06680238809227741,0.08644253846007013,0.09576202416044274
570,Rhys Stanley,Geelong,0.03232459456278184,0.053646738944102754,0.047824937782568036,0.039490500128708785,0.0587264220913617,0.039414917492996304,0.04616044566423711,0.038521406503308125,0.06018613879381216,0.046097927689275495,0.059968426556884134,0.04748749601909423,0.009615131444329197,0.04616044566423711,0.03511315993601867,0.03904857798722415,0.0592356439222259,0.06008816828719455
88,Brad Close,Geelong,0.029888209861748935,0.03458427859766077,0.06392128953787038,0.02881800288496674,0.01472545175719128,0.02453223055267599,0.041101198683037854,0.056487815320273665,0.06445934673675223,0.037765148539458226,0.034190164645153856,0.039133921556071816,0.016151520807589626,0.03458427859766077,0.0191385022151594,0.027060836228727535,0.05953553974948832,0.0642172209972554
646,Jay Polkinghorne,Geelong,0.005096916047044657,0.018443806759053535,0.032898138588534985,0.011421493702208227,0.01338744717912087,0.006529897794787781,0.03297913156439117,0.005102001510513586,0.036300928874902855,0.03805802877112081,0.014432894140803652,0.01951369863022565,0.013039394522502504,0.014432894140803652,0.005099204505605675,0.005944460318235361,0.03434106846170096,0.037267333817822726
521,Jake Kolodjashnij,Geelong,0.0015125874023563263,0.01686436482457898,0.020399595485812574,0.0,0.014323004937569097,0.0,0.028891935767671986,0.00921830489406188,0.028164044419325275,0.004865250822500169,0.0015178762705330682,0.011432451347673577,0.010996296719995791,0.00921830489406188,0.0,0.0008924265673902327,0.023583019548552783,0.028564384660915966
614,George Stevens,Geelong,0.00025648884112535684,0.0045747444760118,0.014120193887905141,0.010157495665460847,0.0,0.008402147489177341,0.007934577422036262,0.0022169294008165187,0.010771944959180225,0.009801275452460755,0.006052024029181078,0.006753438329395939,0.004572150653976751,0.007934577422036262,0.00011541997850641057,0.0014131487713431425,0.010409419875885792,0.012613481869978925
81,Mitch Knevitt,Geelong,0.0,0.00041835436926195387,0.0,0.0,0.0,0.0,0.0,0.0011609518604384875,0.0,0.0,0.0,0.00014357329360913104,0.0003600115836359493,0.0,0.0,0.0,0.00017152529139740114,0.0008267829894090465
46,Christian Petracca,Gold Coast,10.426413969207184,10.175325144935144,10.417587368370725,10.183582331761306,10.183796926696749,10.196469798504618,10.381885234090168,10.039284496082567,10.162816286832152,10.255213501202803,10.275672652100827,10.24527706452584,0.12094627788369525,10.196469798504618,10.09487380191988,10.170196513112916,10.396523109145196,10.422441998830777
503,Matt Rowell,Gold Coast,10.343713751120642,10.152410881139811,9.901124792108973,10.064615158568783,10.09106027761264,10.046181947934304,9.959787787150105,10.102627074782419,9.925365204717687,10.15596977622194,10.107022881297302,10.077261775695872,0.12392794234087633,10.09106027761264,9.912032977782895,9.945674528352814,10.153870028123485,10.259228962416227
50,Noah Anderson,Gold Coast,9.877016539070905,9.796819104568907,9.481332616872283,9.947666510923526,9.621319326739888,9.943897659580442,9.583592310013273,9.398427757933016,9.715328548344463,9.819103799218118,9.83096147556499,9.728678695348163,0.18508393976438214,9.796819104568907,9.435734944455685,9.541665835825468,9.904437798479815,9.945970527819139
49,John Noble,Gold Coast,7.833848277031793,7.9685276881799,8.383221822118818,8.214412421205939,8.130051027369298,8.298433005980776,8.097798708827568,7.893031579949283,8.139108831076216,7.872759527026984,8.245679718173935,8.097897509721863,0.18408902578582126,8.130051027369298,7.851358339529629,7.884720038251141,8.26730856617474,8.345066854856698
48,Touk Miller,Gold Coast,7.680524862674296,7.731324861389851,7.581886902498804,7.921998400792792,7.714508580810355,7.874039597740893,7.801467723203375,7.561281539226901,7.790334112422086,7.94832036336146,7.858820262385576,7.769500655136945,0.12905297018793385,7.790334112422086,7.570553952699257,7.6400832990023435,7.893702706992172,7.9364754802055595
75,Bodhi Uwland,Gold Coast,4.669311327370238,4.701638439536775,4.66770537235742,4.610185863392554,4.736295028933557,4.814454242810212,4.693187706756035,4.634925011410718,4.657869485393166,4.707339722618498,4.726653728916253,4.692687811772312,0.055410639333557214,4.693187706756035,4.621318480000728,4.648462251060362,4.730606661923348,4.779282596565717
57,Ben King,Gold Coast,2.132703246286185,2.295036990574993,2.260316515542203,2.1660084242941053,2.2747279264690916,2.1596383533466526,2.220174657064637,2.2963322333958573,2.2277556945712815,2.157854115561595,2.187295938590974,2.216167645063416,0.05923458492670669,2.220174657064637,2.1440211374601192,2.158906815854779,2.283054642752511,2.2957493741264683
61,Jarrod Witts,Gold Coast,1.5701213960228668,1.4511056583901594,1.5814943856700923,1.5015387152315314,1.8208431698041554,1.6124884815372733,1.4801333645147332,1.5677530679100313,1.467241960669335,1.383572518391485,1.5152472044098868,1.5410490838683228,0.11439237455937487,1.5152472044098868,1.4139624313908885,1.4606260767348729,1.5942019649756365,1.7270835600840582
47,Bailey Humphrey,Gold Coast,1.4788625074214472,1.492205830548153,1.5361134744820863,1.5011629327590523,1.46404194149472,1.5120778049317605,1.4817760077029725,1.5490103141260592,1.488352072012574,1.4987767717225655,1.491022253981995,1.4994001737439442,0.024899540119467198,1.492205830548153,1.4707111961617472,1.480581472587547,1.5219324294473942,1.5432067362862714
55,Daniel Rioli,Gold Coast,1.300920988285591,1.2817307183875253,1.2800491043891957,1.3340164669325811,1.292450929653677,1.2306751572939778,1.2697986676836739,1.3323327577037594,1.3284804127046776,1.2630462182479256,1.3160073015752534,1.2935917020779852,0.032697773004481304,1.292450929653677,1.2452421347232543,1.2670301634150172,1.330059874154301,1.3332587977796113
59,Mac Andrew,Gold Coast,1.3055189339956865,1.2774519835706983,1.190290356559486,1.1724492419102257,1.22060988663836,1.1795324638639564,1.2340845799769153,1.2313580350342883,1.2389203441645877,1.3216616210610412,1.2496429623844572,1.2383200371963368,0.0485831639966005,1.2340845799769153,1.1756366917894046,1.185879620554319,1.2889594332449434,1.3143974118816315
53,Sam Collins,Gold Coast,1.0710176544576158,1.114925761195485,1.1148750926376394,1.0428317597367167,0.9685562221153171,1.0308217466983367,1.1117273314305984,1.0780833399583827,1.079537016739772,1.1863858294288243,1.09000169182374,1.0807966769293118,0.0558193211445497,1.079537016739772,0.9965757081776759,1.0379076543909809,1.1148958667463562,1.1542287987238216
561,Ned Moyle,Gold Coast,0.9634852312847271,1.0055448588740783,1.0817479453801127,0.940796407511189,1.1938225460676257,0.8910417331089827,1.0188065242283915,0.9829993121912493,1.0841161987362098,0.9830697634747868,0.9671062997863075,1.0102306200585145,0.08302198480947569,0.9830697634747868,0.9134313365899756,0.9541828135375765,1.0827189292561126,1.1444546897684884
65,Zeke Uwland,Gold Coast,0.8116276133304291,0.8875750310224368,0.814601938239529,0.8963699553669596,0.8909365824551172,0.8324012414650225,0.854149649218368,0.8598853175500828,0.863591729785931,0.8543891499354884,0.8393465389614746,0.8549886133937128,0.029037432423140917,0.8543891499354884,0.812966059539524,0.8251035271425702,0.8889532671098358,0.8939249375566305
64,Ben Long,Gold Coast,0.7135311781870708,0.8270265215067079,0.7997749193754627,0.7766614501207735,0.804269194353551,0.819060362236334,0.8109570708291224,0.8382610428940659,0.7426451130805872,0.8321295823376096,0.8249576464474976,0.799024916488071,0.039562400559425746,0.8109570708291224,0.7266324488891532,0.7627147519342972,0.8291187764473775,0.8355018856436606
62,Joel Jeffrey,Gold Coast,0.44616042886399604,0.44917675044714295,0.47401518436044576,0.4564163118121825,0.4316387943682928,0.42519016042645225,0.43643547997063836,0.4261611644559305,0.44857734008829064,0.4593307934996657,0.41832405453921134,0.44285695116656815,0.01693949543374638,0.44616042886399604,0.42141380218846974,0.4257630528038444,0.4576112493040506,0.46740720847309475
91,Ethan Read,Gold Coast,0.24495376517937176,0.2604871702594825,0.22685856598098633,0.23131241731545527,0.23239020607719346,0.22133866763684917,0.26193180202941857,0.2824741661386819,0.2673489409992261,0.2831290816334524,0.24111920544898016,0.25030399897264527,0.021966080370129672,0.24495376517937176,0.2238226218917109,0.22948633826832301,0.273550283306403,0.28283436966080566
58,Wil Powell,Gold Coast,0.18877531095698605,0.24046579378390645,0.2746882578636353,0.2782850570052382,0.22518250840571988,0.21421260158892586,0.24357593454047388,0.22139630601080196,0.2794924121835025,0.24268303383407236,0.19903737194298995,0.23707223528329566,0.03112416358091205,0.24046579378390645,0.1933932384006878,0.20799075743409215,0.2761629455116925,0.2789491023532836
56,Alex Davies,Gold Coast,0.13744163613425547,0.1625383392767415,0.17651425140168822,0.1668277169733062,0.14334557310191176,0.15086667157584827,0.14942168705299028,0.14554632796127576,0.1599710370393347,0.17177410267630186,0.13067412628943234,0.15408376995300788,0.014594093916852326,0.15086667157584827,0.13371950571960275,0.14092495894517268,0.16885573511153443,0.17438118447526435
70,Leonardo Lombard,Gold Coast,0.12583274380989315,0.14261971438595797,0.1791803582166812,0.16075908368882755,0.11848248711775676,0.1165340823803613,0.14572615025529448,0.19530813068942193,0.18377938246184644,0.15000357811722215,0.15916614411194624,0.15249016865774628,0.026357246412325282,0.15000357811722215,0.11741086451218925,0.12281913856611723,0.18106595815719895,0.19012019398701294
63,Lachie Weller,Gold Coast,0.07852629302885421,0.09410882259161292,0.10044172198019354,0.09127882999042623,0.087479911330715,0.08115405270208853,0.08721115485148691,0.1015146785107272,0.11167937426342266,0.11845575140401243,0.09445605525070537,0.09511878599129502,0.012229146586404964,0.09410882259161292,0.07970878488180966,0.08472774297023357,0.10568220376933234,0.11540638169074703
502,Jed Walter,Gold Coast,0.035690472850731916,0.12828014424706893,0.1124850234047207,0.03635271758401775,0.056149260565226546,0.03204072499845288,0.08938636000756121,0.12226267876233704,0.09459423539845305,0.08990842416461348,0.06672210215661536,0.07853383128543624,0.03530110638913501,0.08938636000756121,0.03368311153197845,0.036081197243370555,0.11649386210134341,0.12557228477893959
66,Sam Clohesy,Gold Coast,0.04877306607262141,0.051921632636230085,0.06021044516403364,0.06411909671308916,0.04798515793014339,0.046230866847398654,0.03370012677978436,0.06654456690179011,0.06152246030171262,0.04978064108097243,0.04532362167092652,0.052373789281700216,0.00979374661948613,0.04978064108097243,0.03893069948079833,0.04585889632504508,0.062587081230377,0.06545310531687468
500,Lachlan Gulbin,Gold Coast,0.020323855562526746,0.05995861645406857,0.041665483659547316,0.03145854613104913,0.05321372229444962,0.029276517630887802,0.04881255571257227,0.05874566483668104,0.03717514199612231,0.04723299037468819,0.05098882193208222,0.04353199241678866,0.012742485727891021,0.04723299037468819,0.02435255349328922,0.030563914445982984,0.055481818736764506,0.05941278822624418
549,Jamarra Ugle-Hagan,Gold Coast,0.028874988647071484,0.0327770591032413,0.043346822967576186,0.025819685345937853,0.02202122099731651,0.029662024189083893,0.035407140915937954,0.03730759922784706,0.037425239820777674,0.034616234770029425,0.03448169502199495,0.03288542827334675,0.005966158594232274,0.03448169502199495,0.023730529954196115,0.027622314293606696,0.03735583187094861,0.04068211055151685
90,Will Graham,Gold Coast,0.02144610924640453,0.033427319264109974,0.04861121028910488,0.026387484409109385,0.021217825463825446,0.031186218167166557,0.019309785732189173,0.05275420581867257,0.0599585947732836,0.03611470805895773,0.03444081139553743,0.03498675205621466,0.013549887279426073,0.033427319264109974,0.020168403611425495,0.021352512895547106,0.050309838456227635,0.05671661974370863
435,Charlie Ballard,Gold Coast,0.010824410265062515,0.036095712140228164,0.03795747696953132,0.013244255176343821,0.03209050911318354,0.010511350986997408,0.04224181177857644,0.04379009603070008,0.03984731527665341,0.03208898552976195,0.012207987914174613,0.028263628289201204,0.013630363400226855,0.03209050911318354,0.010652227662126706,0.011640721078038653,0.040829058842441854,0.04309336811724444
625,Beau Addinsall,Gold Coast,0.013539838256187563,0.024815959070867637,0.025930726776724443,0.029870116947549465,0.02072874418738463,0.01498393454077232,0.022752850706416708,0.025534622357971416,0.024739633611406475,0.021910783763591957,0.024769675774371894,0.022688807817567682,0.0048037543515701995,0.024739633611406475,0.014189681584250704,0.01837337223227358,0.025697025169660156,0.0280973913706782
408,Jake Rogers,Gold Coast,0.014040489885017255,0.014918111768366046,0.014341290780726237,0.011860432290816887,0.0035652091417702927,0.0026275474785365095,0.007766774105017863,0.041889961039560275,0.020903589164212626,0.009904221594231419,0.007540897542840501,0.013578047708281448,0.010791922136632177,0.011860432290816887,0.003049495226991712,0.005910865298401716,0.017372157500663146,0.03244609369565381
73,Oscar Adams,Gold Coast,0.0,0.007084155825635688,0.005818741384080623,0.0007576186050681879,0.0,0.0,0.007742603784613277,0.025815396427274172,0.014145803432392075,0.013058354937962216,0.0,0.006765697672456931,0.00823469902642453,0.005818741384080623,0.0,0.0,0.01350420882067846,0.020564079579577215
569,Ben Jepson,Gold Coast,0.0,0.006715985439415215,0.003594986625821809,0.0,0.0,0.0,0.006050660282763496,0.012935833404020722,0.007001388717223334,0.005369020397085505,0.007733099125411463,0.004490997635612868,0.004216179000704343,0.005369020397085505,0.0,0.0,0.007301389984580467,0.01059460297864655
577,Nick Holman,Gold Coast,0.0,0.015413924795699835,0.012941828298710139,0.0036347533330369037,0.0,0.0022577090881614947,0.003116814538585911,0.02187768949686956,0.012874349978818167,0.0050004531791214765,0.005267235517683621,0.007489523475153374,0.00716387547817362,0.0050004531791214765,0.0,0.001332048362015282,0.013955387862475915,0.018968995381343178
86,Jy Farrar,Gold Coast,0.0,0.0016438992750178922,0.0010393960251454527,0.0,0.0,0.0,0.003598356610489622,0.010382324926107422,0.004638927563428898,0.004778184367320831,0.0,0.002371008069773647,0.0032716328177474106,0.0010393960251454527,0.0,0.0,0.004696022853024591,0.00786046167465345
638,Dylan Patterson,Gold Coast,0.0,0.003863467149419637,0.0,0.0,0.0,0.0,0.0,0.031837046262068645,0.0,0.005026865548145048,0.005390923872755218,0.0041925729847625956,0.00943133596045937,0.0,0.0,0.0,0.005176129461235217,0.019936291186877574
605,Jai Murray,Gold Coast,0.0,0.013299209864396528,0.0,0.0,0.0,0.0,0.0,0.021738989623295846,0.0022773932010717508,0.00369364569844519,0.0,0.0037281125806553923,0.0071791025458792955,0.0,0.0,0.0,0.00763192700648524,0.017941088731791142
651,Caleb Lewis,Gold Coast,0.0,0.005283594271600009,0.0,0.0,0.0,0.0,0.0,0.018354541255770702,0.0,0.004667353145103572,0.001546122050192865,0.0027137827929697403,0.005549499476441715,0.0,0.0,0.0,0.004920012006967111,0.012472615112893876
93,Clayton Oliver,Greater Western Sydney,13.116415155428417,12.703747153593907,12.784270104086454,12.559806000900975,12.559986602457949,12.817586489610523,12.716959892583946,12.42256137567098,12.701352491316802,12.627249663319962,12.675191470621755,12.698647854508334,0.17797510654326779,12.701352491316802,12.484321457024478,12.55991255581959,12.797929822151323,12.981942255810365
94,Finn Callaghan,Greater Western Sydney,8.47833575261754,8.497752518077158,8.448266210670727,8.594253103133429,8.510130228685806,8.530831935681304,8.57363435848206,8.441439398924224,8.578113817731955,8.634846473077767,8.63671070737452,8.538574045859683,0.06967542315334374,8.530831935681304,8.44451146421015,8.466007240419346,8.610896384810607,8.635871801940981
99,Toby Greene,Greater Western Sydney,8.507120790352447,8.319942935036025,8.14976228581438,8.410521282068858,8.400063284067341,8.252762443723668,8.28113192421751,8.508606595041279,8.281567375070594,8.412114348507066,8.304615213228855,8.348018952466184,0.11034785977459766,8.319942935036025,8.19611235687356,8.269500437215035,8.451066989663673,8.507937982931304
101,Lachie Ash,Greater Western Sydney,7.9424626280361394,7.879964567081375,8.053967844193988,7.976858175954844,7.812966541047636,8.179152073548355,8.137861071553917,7.95426143101415,7.921531932801336,7.83786107824072,8.092841872106117,7.980884474143507,0.1209910090220068,7.95426143101415,7.824169082784524,7.862702136656706,8.111299743879716,8.160571122650857
96,Lachie Whitfield,Greater Western Sydney,6.036647430972311,5.8946187160327534,6.108953176595247,6.213348568119505,5.938613913116494,6.157265655300647,6.101104375374421,6.007962723046855,5.929511341610749,6.041752508037287,6.0211874156754055,6.040996893080152,0.09863849395744081,6.036647430972311,5.9103203975428515,5.934881858799138,6.1287612928644615,6.188111257351019
92,Jake Stringer,Greater Western Sydney,5.224502446783333,5.3198176112806745,5.298627430556686,5.160089981815605,5.303872625685525,5.319839479250694,5.110889761399737,5.554318267934382,5.201921870668999,5.292396503261462,5.267561119449688,5.277621554371526,0.11477763361383074,5.292396503261462,5.133029860586878,5.184770796239107,5.319826577148382,5.448802813026722
95,Stephen Coniglio,Greater Western Sydney,2.0671769381913925,2.1507728622968463,2.0783166549535514,2.1092866023901937,2.1971481864033695,2.089484487443991,2.190732593838992,2.2075502676193026,2.1327350349663607,2.178065729465751,2.07858031079475,2.1345317880331365,0.052978496230712,2.1327350349663607,2.072189810734364,2.0784722118998586,2.1933629867903868,2.2028693310721326
525,Brent Daniels,Greater Western Sydney,1.6700075425049534,1.6624918441830383,1.597420951677699,1.6548482799183684,1.7220449391178525,1.6081039701946291,1.5959585520847006,1.7139842751825967,1.6352349004839382,1.739902180964575,1.5815255594523012,1.6528657268876956,0.05495766481200021,1.6548482799183684,1.588020406136881,1.5968213678445695,1.7172891473960517,1.7318664221335498
113,Connor Idun,Greater Western Sydney,1.4446978546050737,1.4655211049369459,1.4290584867290288,1.4841763194360909,1.2605479717556343,1.4054707377098166,1.4826450268421254,1.317077597494109,1.3607240291473277,1.4214047464740884,1.363624797623863,1.4031771520685548,0.07114560240302636,1.4214047464740884,1.285986303337948,1.342828992169508,1.4725419129180695,1.4834872377688064
123,Phoenix Gothard,Greater Western Sydney,1.2811086103257736,1.3181492432671669,1.3751676150066166,1.2886261251919207,1.223793445455617,1.364891910955464,1.3644432500675774,1.2953913325997115,1.405015662874244,1.3505593755156673,1.372025523287477,1.3308338267770214,0.05382622842239716,1.3505593755156673,1.2495852696471874,1.2855439440968004,1.3733137808923241,1.3915840413338116
102,Harvey Thomas,Greater Western Sydney,0.9290853210224683,0.907389098872582,0.8697266790209893,0.9672899945853687,0.8826556610536115,0.9424576368562209,0.847344135205318,0.9662618964430544,0.9344407069895564,1.0277219731887453,0.8809548945553363,0.9232116361630228,0.05248516765857681,0.9290853210224683,0.8574162799223701,0.876351326186254,0.9666834166814032,1.0005275828172258
109,Kieren Briggs,Greater Western Sydney,0.8563764979048056,0.9429407964988211,0.9979803007019112,0.9072336414253533,1.1143800894848874,0.8907509085901516,0.8384287005016576,0.8458376217037072,0.9476582670119994,0.8653937733765568,0.8782535515389864,0.9168394680671669,0.08184797386662827,0.8907509085901516,0.8417627150425799,0.8520555586623553,0.9682903008248632,1.062000184532548
523,Aaron Cadman,Greater Western Sydney,0.5416708950258546,0.5855119073704206,0.5698621518433115,0.5255551094435945,0.5524834804295502,0.5352112802866982,0.5727004609453948,0.566520643578048,0.5952992930141702,0.5727025695185896,0.562183322051985,0.5617910103188742,0.021265471029113244,0.566520643578048,0.5299003863229912,0.5390224529828005,0.5779543980378403,0.5908949694744828
131,Callum Brown,Greater Western Sydney,0.4331507485991759,0.4829871578037864,0.48014785333187976,0.42274658716581076,0.510682925668969,0.4377219900568996,0.4745217355339474,0.5257704673381661,0.47995823311646585,0.5034399855671884,0.4787708678334501,0.4754453229105218,0.03264708140257643,0.47995823311646585,0.42742845981082506,0.4358477810592329,0.5064095910089185,0.5189810735870274
526,Toby Bedford,Greater Western Sydney,0.4484043401926161,0.4618790386233707,0.431231733008086,0.4394666051210685,0.41181423249839283,0.408898039815963,0.4368417414129529,0.539120438018375,0.4720810815665502,0.47113995073907217,0.41776152905861746,0.44896715727773323,0.03719143777637313,0.4394666051210685,0.41021032652305645,0.41532313746892535,0.4715258143783382,0.5089527276150537
524,Nicholas Madden,Greater Western Sydney,0.4056672657365393,0.41083722723303456,0.5198663983398558,0.3946052357589933,0.5891908850785827,0.40866322250729675,0.3966851978167754,0.3981620477436343,0.4266557210274287,0.40125091258604717,0.43615122829890857,0.43524866746609964,0.06227445555287534,0.40866322250729675,0.39554121868499525,0.39755653927362217,0.47047444801569693,0.5579948660461556
97,Joe Fonti,Greater Western Sydney,0.35496444860155196,0.4057847094539828,0.3562667387750681,0.39206487929748535,0.28594466563142346,0.34679926351552504,0.3191619648570376,0.32331169676070265,0.391231413327349,0.3712015661958993,0.3275483785814052,0.35220724772703915,0.0364991862251669,0.35496444860155196,0.3008924502829498,0.32161030668019996,0.3915731343751049,0.3996107858835589
600,Sam Taylor,Greater Western Sydney,0.3395450569493888,0.35206662655760856,0.36274383850606623,0.3101469277756391,0.3436240066124876,0.3583416278786703,0.3938733031046895,0.4061587302328725,0.3255095796249802,0.3622017668621123,0.3019599046208096,0.35056103352048407,0.03179026194160616,0.35206662655760856,0.3056440650404829,0.3192108923667504,0.3755069189915018,0.40063028802519013
98,Jake Riccardi,Greater Western Sydney,0.22839587074437712,0.2569648471499795,0.22595829604328768,0.2468926110628984,0.24978068890110616,0.2101669642084732,0.26769130690110593,0.23249751114308806,0.23430521740731294,0.2466480218763579,0.26016839401364156,0.2417699754046935,0.017102154914525696,0.2466480218763579,0.21727306353413972,0.22739646511693046,0.258278301364081,0.26430599610174693
129,Ryan Angwin,Greater Western Sydney,0.1758908723632187,0.18125359838478694,0.21981127544620363,0.18654306282845065,0.16056938980971466,0.16109970028451986,0.17818117423546445,0.19905141609035948,0.2015150864406424,0.2288131608215948,0.17345385066094143,0.18783478066962703,0.022272167164754025,0.18125359838478694,0.160808029523377,0.1683886490066086,0.2090165239329225,0.22476231240266878
107,Harry Himmelberg,Greater Western Sydney,0.15695769047978853,0.19108201937386618,0.18738181808152066,0.18504071091145374,0.1524708632612646,0.16858242986517252,0.1731290774446167,0.18159460754048698,0.22041843539040024,0.16225984353663586,0.17258312762878886,0.17740914759218132,0.018976725749656535,0.1731290774446167,0.15448993550960036,0.16008596078332846,0.18889890061138231,0.20721704818295988
112,Jayden Laverde,Greater Western Sydney,0.1540744262063872,0.19830261674226202,0.18960708636028212,0.16503952365491234,0.19690060427985215,0.13636185905896803,0.15713313410988866,0.1605005610172164,0.20497578226133456,0.1543599737624606,0.18360251911573583,0.1728052805972091,0.02267387812420692,0.16503952365491234,0.14433251427530666,0.15424289926447052,0.19747542938944018,0.2019728577777519
114,Max Gruzewski,Greater Western Sydney,0.10984297139425916,0.1505844949318712,0.14679359323355431,0.10708338708040413,0.11572453927965386,0.09399376749647667,0.13997991495152345,0.12447427221417491,0.14851544647339252,0.14502470038247645,0.13491112110095088,0.12881165532170338,0.019608013105447027,0.13491112110095088,0.09988409630924402,0.1087115418255786,0.14749955306188797,0.1496534231255558
133,Xavier O'Halloran,Greater Western Sydney,0.06460690279192403,0.10145825557514078,0.10799510615149513,0.10009529007583358,0.06355128305601401,0.07070967604814649,0.09001067749196559,0.09061183845196503,0.09478671274170343,0.07591800863350165,0.08346506960711585,0.08574625642043687,0.015292966214321097,0.09001067749196559,0.06402631193717352,0.06820753901309529,0.10065410593054953,0.10505352339213567
132,Josaia Delana,Greater Western Sydney,0.08627720713930503,0.0884124147896223,0.09450237128973059,0.08518621245785324,0.06136105203969634,0.07609556224464166,0.07562773800257154,0.10445765691953483,0.08343966648911381,0.09951369167730821,0.05953440712068642,0.08312799819727855,0.01425189165464371,0.08518621245785324,0.060356397334240884,0.06977839675779271,0.09655701264863742,0.10223287256053284
110,Jesse Hogan,Greater Western Sydney,0.017792436202812175,0.04795560258736052,0.04998520261580281,0.026493994353606488,0.03504654545479718,0.014878248911423086,0.05118251870049746,0.0365905548409127,0.052901870890024294,0.0481932474443819,0.04658470425872071,0.0388731751145763,0.013761812821633888,0.04658470425872071,0.016189633192548177,0.02292635551178082,0.05047610221052762,0.052128162404737215
111,Harry Rowston,Greater Western Sydney,0.02174359534773745,0.03561949824367016,0.04476189807238113,0.03998396178014314,0.024186503183406434,0.022895749309989444,0.025207224540885025,0.042271802555538494,0.04189178566909776,0.033996686889267,0.03321381248504061,0.03325204709792333,0.008523836067565422,0.033996686889267,0.02226206463075085,0.023657294095305467,0.04204759259253846,0.04364135508980194
635,Jack Ough,Greater Western Sydney,0.012165334981402329,0.0173441464984742,0.01446526741309804,0.011222087875103483,0.0005830829511050044,0.017322569613363963,0.01339794565346712,0.024313512822386966,0.016187337701587375,0.02412269586616896,0.003536549326747008,0.014060048245718588,0.007327784680793678,0.01446526741309804,0.0019121428201439058,0.008071017070277329,0.02012335173922905,0.02422764519208886
529,Leek Aleer,Greater Western Sydney,0.0026675924688592994,0.015020672693420396,0.015883369849389505,0.0,0.028499500457886587,0.009346546373925539,0.006710423457124207,0.018841338349173765,0.01589783259000631,0.006277802513564076,0.012171510974974861,0.01193787179348405,0.008107282634058662,0.012171510974974861,0.0012004166109866846,0.004797616395235117,0.017104669951264966,0.024153327508965806
592,Conor Stone,Greater Western Sydney,0.0008945976536225057,0.015417807861128481,0.01524923078728334,0.014570453149557521,0.0,0.00498168311412602,0.005743513597187854,0.03294254134824268,0.015542158281364092,0.006132306252403096,0.012091830406656916,0.011233283859233865,0.00929346701763866,0.012091830406656916,0.00040256894413012755,0.0033059780753195793,0.015468791533425081,0.025112368968147294
459,Oliver Hannaford,Greater Western Sydney,0.0032714377671666456,0.013132266102021617,0.007553049973057723,0.007989123221470072,0.0,0.002704915908101552,0.0025814231115036186,0.03362725950187961,0.009862373212608511,0.006916822132796549,0.001890182561375741,0.00813898668108924,0.009321017897803709,0.006916822132796549,0.0008505821526190834,0.0022980144859511887,0.011203029297267885,0.024404512471943487
636,Riley Hamilton,Greater Western Sydney,0.0,0.01286378849921668,0.007428045511959587,0.0030855852109522375,0.0013004411676823433,0.0,0.004469578029950151,0.023198370338329603,0.010691531691731393,0.007450420443413759,0.0063603193175981645,0.006986189110075811,0.006807367094161022,0.0063603193175981645,0.0,0.0007672602889325827,0.011582156982800362,0.018547808510728778
117,Jack Buckley,Greater Western Sydney,0.0010807384252996973,0.0034839434043084706,0.005558399215842196,0.004607300703414606,0.01907957317797127,0.0,0.007878948333224084,0.01345576036267353,0.015329456763532843,0.00200910874069645,0.0076378975334232945,0.007283738787307858,0.006215940706124471,0.005558399215842196,0.00048633229138486374,0.0016284769113837814,0.014223975887025848,0.017392020791473974
530,Toby McMullin,Greater Western Sydney,0.00013858758488175785,0.012068866015902392,0.010508365945736547,0.0005973449688873894,0.0,0.0,0.005233526847684437,0.04122018351760891,0.008973127639210637,0.009835997813398913,0.0009699483844738007,0.00814054079252589,0.01196747619977323,0.005233526847684437,0.0,8.176667508023714e-05,0.011148170974504544,0.028102090641840945
457,James Leake,Greater Western Sydney,0.0016553861700168441,0.008518774512360524,0.008693441234778243,0.0012578190315280353,0.0014283952816571694,0.005042433946805145,0.0011370194381077332,0.009741494700453945,0.00982843724415001,0.008020427955330254,0.005164229695125386,0.005498896291846663,0.0036208021770406315,0.005164229695125386,0.0011913792551468691,0.0013584590191042245,0.00912314315570528,0.00978931309948678
585,Harrison Oliver,Greater Western Sydney,0.0,0.001639179284134428,0.002372346223578345,0.0,0.0,0.0,0.0007738273223849174,0.008863960242593612,0.003951467671416176,0.004018667250171273,0.0,0.00196540436311625,0.0027704938376927946,0.0007738273223849174,0.0,0.0,0.003979019498705766,0.0066835783960035545
664,Cody Angove,Greater Western Sydney,0.0,0.0,0.004072840467378176,0.0,0.0,0.0,0.000743851701202669,0.0,0.0007969626793946687,0.0,0.0028689621285853833,0.0007711469978691726,0.0013952094257906758,0.0,0.0,0.0,0.001646482453562862,0.003531095214921418
103,Jai Newcombe,Hawthorn,17.564038737258233,17.428265083665224,17.36910471595712,17.179819136686184,17.35888550416673,17.559799760027154,17.63990665376481,17.142201191779833,17.383511760366858,17.25513748079536,17.421927618084453,17.391145240231996,0.1578793539414339,17.383511760366858,17.15912926698769,17.224256959710598,17.561537740691897,17.60576609133685
126,Jarman Impey,Hawthorn,9.259264369309454,8.870166380557178,8.877558032170388,8.979269623265273,8.839247014005503,8.951308317916604,8.993248048817629,9.048363234807923,8.742189348933438,9.01248858537056,9.013225853682512,8.962393528076042,0.1346603376685312,8.979269623265273,8.785865298215867,8.85748944027099,9.02763217994393,9.164358858783764
105,Jack Gunston,Hawthorn,7.94937331340127,7.988463748485486,7.997798634573992,7.791033345629116,8.200104146346234,8.10833864506971,7.922322728832193,8.357101784819093,7.94920164415672,7.778244965668028,8.08813331963358,8.011828752419582,0.17020181160521566,7.988463748485486,7.783999736650518,7.868494081718931,8.145962500593084,8.286452847506308
104,Connor Macdonald,Hawthorn,7.9354564755552985,7.901301380351241,7.7777005201639025,7.999828675449099,7.83046490911938,7.903656674583451,7.929254253708577,8.043853507902893,7.932051373317415,8.016396910507371,8.080249024541315,7.940928518654541,0.09012135585531648,7.932051373317415,7.801444495193867,7.872258427146178,8.027654115439535,8.063871042054025
115,Nick Watson,Hawthorn,6.632040398919773,6.6060831959790045,6.849126156248996,6.641808897917538,6.650578144946892,6.8894149682066725,6.574621987831854,6.933957282792551,6.457898810718363,6.682698906059096,6.731725963535974,6.695450428468792,0.14405938365595466,6.650578144946892,6.510424240419434,6.593184100638672,6.865644569151644,6.913913241228905
120,Josh Ward,Hawthorn,4.35830382159767,4.324032686292288,4.185200194774233,4.469637534388844,4.237593908671327,4.361590198270593,4.27973057468524,4.213566690404705,4.3380897025963945,4.372184287985281,4.357124884078974,4.3179140439768675,0.08239953878150062,4.3380897025963945,4.197965117807946,4.227742749182012,4.365933775053615,4.425783573507241
106,Jack Ginnivan,Hawthorn,4.095076953565331,4.270650406332678,4.143831119457826,4.1926900699347005,4.0828030379240925,4.174535579537915,4.174133868123414,4.212161026580582,4.1429231609573245,4.160326087224829,4.263977228193083,4.173918957984707,0.059876254175335306,4.174133868123414,4.08832629996265,4.123306215926608,4.233405669241708,4.26764747616986
118,Blake Hardwick,Hawthorn,3.409770417066474,3.581524436733828,3.3650109677076934,3.3971043052016303,3.4020114274781013,3.4412243102505027,3.480261401289575,3.4188691454241344,3.3896923763335804,3.435474733622412,3.4278626485875985,3.4317096517905026,0.05819032155484091,3.4188691454241344,3.3761176015893426,3.39406541436573,3.4572295175765224,3.535956070783914
100,James Sicily,Hawthorn,3.385075850913785,3.4046571016959617,3.4787343368117076,3.388414235551821,3.4672745107912446,3.462461085103758,3.338638590513938,3.1842640389618713,3.437601470319596,3.3457425713690525,3.3831287459861565,3.3887265943653535,0.08279891961256802,3.388414235551821,3.2537325871603016,3.3428299392184555,3.4644345896356277,3.473577415102499
595,Will Day,Hawthorn,3.2444070869615116,3.306764665008348,3.3965213576725404,3.2087198256964635,3.246054528700276,3.2167374281426544,3.280709958205375,3.2931465692820368,3.289531891438846,3.2914655330349376,3.2905615419854515,3.2786018532844037,0.05126542280440305,3.289531891438846,3.2123277467972495,3.23306252684578,3.2987299885298245,3.3561308459736536
258,Cam Mackenzie,Hawthorn,2.787807463491759,2.9190218098913014,2.776565330428834,2.9260115050802478,2.949646958314018,2.719878005191792,2.8736360480020338,2.9960867300530163,2.7624599138416586,2.8643922725018354,2.751820963741674,2.847938818230743,0.09275039671843809,2.8643922725018354,2.734252336539239,2.758097944300665,2.9357020409060937,2.975188832770467
127,Dylan Moore,Hawthorn,2.5684971412708353,2.546691657390262,2.6074203230028616,2.829123306250762,2.5239672026984836,2.7145791864499853,2.7912194250642073,2.7551233831383275,2.697497721747721,2.734788869397107,2.707250526431633,2.6796507948038353,0.10262263354121955,2.707250526431633,2.5341932073097837,2.5595568928798,2.769922760327938,2.8120665597168126
135,Mitch Lewis,Hawthorn,2.542164322717935,2.503502584968683,2.3579464633473086,2.4671300484386425,2.595210585902721,2.5213018559925793,2.421635332550438,2.453317059899498,2.5063218912096663,2.5923814784278987,2.530864397571972,2.49925236554794,0.07099975233262644,2.5063218912096663,2.386606454488717,2.4403275516863836,2.5627533565590204,2.593937487539051
116,Lloyd Meek,Hawthorn,1.8792594156755094,1.8678587372054005,1.9931059213962585,2.0514545849037207,2.3726150511074797,1.9597164792616257,1.8305114624517995,1.8022329259009928,2.014475981616462,1.88656873561641,1.8484831431821445,1.9551165853016181,0.16028457711043975,1.88656873561641,1.8149582673488558,1.841114754082703,2.029637208964238,2.228092841315788
108,Josh Battle,Hawthorn,1.4279092694921407,1.5411012291114556,1.37421355597845,1.4410040604813321,1.3688397273455315,1.3689066716249214,1.4040867290165155,1.4233987269778383,1.4485044128254145,1.4250052200021301,1.3975418655255767,1.4200464971255735,0.04909197112572129,1.4233987269778383,1.368869852271257,1.3720377333935034,1.4440792049424058,1.4994326617827372
137,Karl Amon,Hawthorn,1.3946696388085686,1.3401373157604968,1.5161470142680913,1.467858512311243,1.2826491099815966,1.3680365479550614,1.4459380935027355,1.386740334194604,1.389100688764305,1.3946038094378732,1.372220832962687,1.3961910816315695,0.06288552352229047,1.389100688764305,1.3085188025821017,1.35659786275529,1.4549254652142236,1.4944171883875095
125,Massimo DAmbrosio,Hawthorn,1.0896552535404258,1.142785472125242,1.124469987214355,1.2358965011899283,0.9851578617913066,1.0888085630094315,1.1233561517426136,1.173096102985866,1.1793920984148514,1.1898608807281326,1.1168626787637037,1.131758322864169,0.06616244864639971,1.124469987214355,1.0318006773394628,1.0893081104227182,1.1836842991632968,1.2151804719821202
130,Conor Nash,Hawthorn,0.9638308562349583,0.9012435467677298,0.8595083573134349,0.9458732394196658,0.8385033723969424,0.8911320486002448,0.9328584841758508,0.8889837637248836,0.8434687764305592,0.9357007609779928,0.7762712430292491,0.8888522226428646,0.055940585968766415,0.8911320486002448,0.804275701244711,0.8414329607767763,0.9398714771390787,0.9557499286680767
124,Tom Barrass,Hawthorn,0.5263318586680724,0.5513441133554919,0.5798935337222961,0.5512523904541571,0.6010255964598948,0.5369847090206444,0.619434500000156,0.5910080256842151,0.5587039972605763,0.540520154575005,0.5110527617921675,0.5606865128175161,0.03340552938160648,0.5513441133554919,0.5179283553863248,0.5326170403760899,0.5951152297022437,0.6111504934070384
134,Harry Morrison,Hawthorn,0.48578534330093653,0.5404894653499608,0.5233424078753632,0.5273453824689354,0.5095967949700898,0.4865291817648412,0.5136867458230071,0.5669150995710602,0.5547214061995986,0.5797823786162872,0.5191207092682039,0.5279377195643895,0.0303515963907194,0.5233424078753632,0.48612007060969364,0.5001390735559379,0.5597208204818979,0.5739921030459351
119,Mabior Chol,Hawthorn,0.31842142800365564,0.47885840776119537,0.46983232887714477,0.4050385970543993,0.4763197125208631,0.34495210422346206,0.44348416536988333,0.4587206668635527,0.49699783439510736,0.5170961572079806,0.4619142176610195,0.442875965448933,0.06221032062095262,0.4619142176610195,0.3303602323025685,0.38040313499371503,0.4862955726810993,0.5080519119421877
128,Josh Weddle,Hawthorn,0.20362716450014667,0.24441026475325858,0.2838015725590475,0.3254210225667522,0.28169314507695753,0.20453487867023723,0.2539012924163933,0.21118161866227605,0.31689123919249607,0.26530604269184366,0.25022163728362135,0.2582718071248209,0.04190738920759397,0.2539012924163933,0.2040356358766874,0.20845645526554013,0.2973683358787614,0.32158262004833693
257,Ned Reeves,Hawthorn,0.20227092262039473,0.24696061288949991,0.2611401561043906,0.16805957189587978,0.41120981788724026,0.23181105406041813,0.23453560551577074,0.26689369368370863,0.27739181136987984,0.19987346097767492,0.2375671873432749,0.2488830813043757,0.06274827531657229,0.2375671873432749,0.1823758219826876,0.2012879633468796,0.27119792193503883,0.35099171495442794
122,Jack Scrimshaw,Hawthorn,0.13851322902057323,0.16574935419985254,0.1449444048858649,0.16676294157255162,0.14421459357585836,0.1183498419834439,0.129157917512175,0.14152508015118162,0.16271326708368253,0.1517702181120669,0.1437586644004893,0.14613268295434,0.015057094560142086,0.14421459357585836,0.1232134759713729,0.13467755130212997,0.16395806280131223,0.16630682725483703
136,Finn Maginness,Hawthorn,0.14279241862053546,0.13583400872797652,0.13174399087404196,0.143712270620761,0.15498262979812025,0.1338344076652181,0.14277852299145558,0.12274862933893348,0.13908483264946594,0.1472785506458833,0.15220680107665674,0.1406360966371862,0.009344995688310173,0.14277852299145558,0.12679654202973228,0.13297733678083587,0.14929913332250042,0.15373350687346166
509,Jack Dalton,Hawthorn,0.02983556863187533,0.04111254062915626,0.043566029519577644,0.03306857822868245,0.034537640985905046,0.031445547805009855,0.03516182779597473,0.03293155307422803,0.04760657092704587,0.03581980820999709,0.03882388048955232,0.036719049663364055,0.0054772954285375606,0.03516182779597473,0.030560059259785867,0.03232229091384858,0.04211847107422902,0.04578832729368516
633,Noah Mraz,Hawthorn,0.010307679428958572,0.04286596249135237,0.030912690965624007,0.030506090230052373,0.0384863052871901,0.02274759268076205,0.03385659720881321,0.021740856752719494,0.051675869781820594,0.024030297286640388,0.016924797718374823,0.029459521802937094,0.011980565527036418,0.030506090230052373,0.013285382659195884,0.019766272548638178,0.04028196474089663,0.047711411501109885
121,Sam Butler,Hawthorn,0.02117394831069219,0.028021412608207206,0.02209745387201732,0.030508313952033392,0.03248959926020946,0.022770798688753938,0.038538500989219224,0.024049954407519985,0.03345653679099746,0.0304719541856222,0.034325388009345294,0.02890035100678343,0.005734709882980962,0.0304719541856222,0.021589525813288497,0.022494727313891925,0.03381276579052007,0.03664260014827595
531,Calsher Dear,Hawthorn,0.02584926021355817,0.025649329745129484,0.037382109585114086,0.02198641070634848,0.006659667255523773,0.028791620897983112,0.0260172438191422,0.031006261677250298,0.04036805052807795,0.03169726784855985,0.025046225840359038,0.027313949828822404,0.008795054845514004,0.0260172438191422,0.01355670180839489,0.02379170163541471,0.03402805296054709,0.03902437710374421
665,Max Beattie,Hawthorn,0.0117569567336489,0.018908962820221004,0.025604634372806225,0.02956087536937744,0.015829569314631968,0.017907295092412873,0.02115669884286547,0.024608076558099153,0.026933496653629645,0.02842953610588387,0.02226176518650064,0.02208707882273429,0.005591384218957659,0.02226176518650064,0.01358963239509128,0.017055427523522702,0.027546872829053878,0.02905177270080533
532,William McCabe,Hawthorn,0.0,0.0024837131003152095,0.005361353454170715,0.0,0.0,0.0,0.005366932115532987,0.013600181995517175,0.01082025625399305,0.008935738276114475,0.005556061819309212,0.004738567001359348,0.004790436824135605,0.005361353454170715,0.0,0.0,0.009708390647044691,0.012349215411831316
641,Oliver Greeves,Hawthorn,0.00177996243767581,0.006943425044902573,0.014502203417813999,0.007450721414315457,0.0,0.004728805190834643,0.001415737005134443,0.011583819944504165,0.015280884872870274,0.004981977368421454,0.0023381772899073437,0.006455064907852743,0.005302862311358674,0.004981977368421454,0.0006370816523104993,0.0016306300103338495,0.012780357168561197,0.014930478218094949
587,Bailey Macdonald,Hawthorn,0.0027579425645572106,0.0016772658495903358,0.018594561880058137,0.011938321382572854,0.004698992937042144,0.004494204760084535,0.003846375167209824,0.012464803366151422,0.03072842893479285,0.0031403132123417094,0.0037284141112513512,0.00891542037869567,0.008971132094869133,0.004494204760084535,0.0021635703713254297,0.002983541246750065,0.014978004356853175,0.025268188760162215
634,Matt Hill,Hawthorn,0.0037286186118101238,0.005428200813939121,0.006367635369411627,0.0,0.0,0.0,0.008685063020570151,0.007789604353927352,0.010810416928104883,0.0026864752285740002,0.003495934482052507,0.004453813528035433,0.0037165281316968867,0.0037286186118101238,0.0,0.0,0.0081567424072509,0.00985400766971425
563,Max Ramsden,Hawthorn,0.0,0.00496801982837429,0.0019138238751781735,0.0,0.0,0.0,0.0026374744306818035,0.005242459516269014,0.0023883862809334785,0.0005698758427509062,0.0015040276719934164,0.001747642495107371,0.0019359247282890394,0.0015040276719934164,0.0,0.0,0.0035929980437357234,0.005118961656716388
508,Flynn Perez,Hawthorn,0.0,0.0010078062697253625,0.002345649408545988,0.004297076229768964,0.00024818207831625415,0.0,0.0020722917366961142,0.006020426609854849,0.0048441724602502345,0.0,0.0,0.0018941458902870696,0.0022267569318230834,0.0010078062697253625,0.0,0.0,0.004521385684266285,0.005491112242532771
588,Cameron Nairn,Hawthorn,0.0,0.0029334578165630637,0.003688283524172049,0.0012658612882787369,0.0,0.0,0.0024392153952224114,0.0006980713462882123,0.009655495015803105,0.0,0.0,0.0018800349442115978,0.002908553402644863,0.0006980713462882123,0.0,0.0,0.0032429363566827477,0.006970249844569124
580,Henry Hustwaite,Hawthorn,0.0,0.00012133931058187417,0.001837662603630058,0.0008161630993120251,0.0,1.6385580136264162e-05,0.0,0.0,0.00315559157857174,0.0,0.0038947044491782373,0.000894713329219109,0.0014275492063632617,1.6385580136264162e-05,0.0,0.0,0.0023780134833561476,0.003562103657405313
562,Bodie Ryan,Hawthorn,0.0,0.003271468517316278,0.0,0.0,0.0,0.0,0.0,0.013548316574251316,0.001574730775354973,0.005823154531593545,0.0,0.002201606399865101,0.0042110629991772425,0.0,0.0,0.0,0.0043176597831699574,0.01007199365505531
653,Aidan Schubert,Hawthorn,0.0,0.0,0.0,0.0,0.0,0.0,0.0,0.0,0.0009039342213635746,0.0,0.0,8.217583830577951e-05,0.0002725464224931852,0.0,0.0,0.0,0.0,0.0004971638217499651
384,Max Gawn,Melbourne,17.769399350802203,17.516315499560942,17.586908558403206,17.590800042618223,18.326367482797973,17.946470209013626,17.263771018688903,17.02818722873433,17.60611821371602,17.07077837730989,17.583548581316272,17.571696778451056,0.37352351620334245,17.586908558403206,17.04735324559333,17.184644035723508,17.841998402668885,18.155413709595017
386,Kysaiah Pickett,Melbourne,16.151720926667636,16.155496807911366,16.021503616979235,15.889696048492649,16.4103948881685,16.25252751234823,16.342879889645207,16.28782562475583,16.189545391725932,15.869796824869915,16.309501729658447,16.170989932838452,0.1787430268247241,16.189545391725932,15.878751475500145,15.967462513899735,16.323186775253017,16.380013138833018
404,Tom Sparrow,Melbourne,11.225625728632982,10.789278059416379,10.749926776918215,11.089841253271965,10.957781958840282,10.954061309999409,10.9568145316594,10.960829965625754,10.729369077787423,10.924160882581456,10.919495465442749,10.932471364561456,0.1444033036637718,10.954061309999409,10.73862004239628,10.773144033592132,11.0137245935607,11.164522714720524
383,Jacob van Rooyen,Melbourne,8.33771281311881,8.368867000286846,8.316236373244237,8.212088054318135,8.523959356833101,8.323593131011757,8.373792342709487,8.45993547076028,8.237876998388419,8.273362639483773,8.489689520889952,8.356101245549526,0.10090898244017378,8.33771281311881,8.223693079149763,8.258813526634677,8.472134631313446,8.508537930658685
385,Jack Steele,Melbourne,6.588481689740284,6.311509373427375,6.255753714407644,6.510353717123967,6.233232808077822,6.515807699528463,6.405810045346777,6.246130693314339,6.383455613116143,6.430790654080092,6.32578859771674,6.382464964170876,0.12025804461051792,6.383455613116143,6.239036856434255,6.251808275759389,6.51258984990981,6.555778394144965
400,Kade Chandler,Melbourne,5.932746411056809,5.838119951563347,6.115189995283866,5.750688925093027,5.971223507645274,6.058829781530595,6.022350190581727,6.251224892108988,5.855396296471975,5.9263687017262905,6.04674057178514,5.97898902044064,0.1406114703221483,5.971223507645274,5.790032887004672,5.8483129950594375,6.081937469169437,6.190009188537683
395,Bayley Fritsch,Melbourne,2.6448685192529635,2.747001433262806,2.6268363578847578,2.5961643546621387,2.726157829770682,2.6803563462117617,2.6969634432251235,2.8162469598644746,2.673400226110069,2.758803821925254,2.6711749566136547,2.6943612953439713,0.06373588619743216,2.6803563462117617,2.609966756112317,2.637475333091999,2.75184041261441,2.7903975477918253
571,Jake Bowey,Melbourne,2.479496498733721,2.450621078907061,2.5303561587513808,2.4523654916834854,2.327666637986522,2.4710545488367877,2.5398163158917684,2.4286160949654243,2.43531038394428,2.403028370981342,2.3936856866615783,2.446547024303941,0.060603953374720916,2.450621078907061,2.3573752098902974,2.399197870410239,2.5003489593409616,2.535559245178594
402,Harvey Langford,Melbourne,2.443316805893686,2.3753632111798577,2.329970383224559,2.3701720458253064,2.308196891347688,2.3688390963934296,2.312124920588697,2.396632001626917,2.464905190518641,2.379029106061521,2.3813653723103343,2.375446820451876,0.04876230448961408,2.3753632111798577,2.309964504506142,2.3226537435438557,2.415772771376292,2.4551904174374113
396,Harry Petty,Melbourne,2.324791815768079,2.371612909348891,2.4320312081276114,2.2184834749892817,2.375398392693761,2.2834701247782108,2.380592202204637,2.412601242806471,2.3977882774981043,2.362329066339781,2.3398375499241393,2.3544487513162697,0.061135654416419306,2.371612909348891,2.2477274673943,2.3078499224622333,2.4038615932745344,2.423287723733098
405,Ed Langdon,Melbourne,2.015018747059364,2.1593329331469855,2.141454314473832,2.1134478510366432,2.1016957715863502,2.094899641635718,2.23506251284494,2.0363768310280586,2.075587541947418,2.139830972624592,2.0674414744447622,2.1072862356207875,0.06133412186206482,2.1016957715863502,2.0246298848452766,2.0547049706439138,2.1487845481298247,2.2009842019808605
615,Joel Fitzgerald,Melbourne,1.8345479184327136,1.7943821352299227,1.7500291466861997,1.7927416926320658,1.7704084112123588,1.7868859451256953,1.7702299642002375,1.8192651262469883,1.775106114113892,1.832605343999326,1.7330690033621328,1.787206436476503,0.032314197098575075,1.7868859451256953,1.7407010678579629,1.761947629019482,1.8247346155254467,1.833673759937689
387,Caleb Windsor,Melbourne,1.1349464169925754,1.1453624223723173,1.1278633721104785,1.1407339485733519,1.1114500192877859,1.1303229570442177,1.1093066482948397,1.2335002128160637,1.1823436976403574,1.1267269824011596,1.0854853210377682,1.1389129089609924,0.03965256788497456,1.1303229570442177,1.0962049183034503,1.110571237180678,1.1605247452322138,1.2104797809869958
398,Daniel Turner,Melbourne,1.0707245547175481,1.1259344198133667,1.0881620937703993,1.039528671708019,1.0977841796379717,1.060276281105549,1.0648567864503762,1.0352804260028532,1.063916645723843,1.0932926575679847,1.0664461332917594,1.073291168162697,0.02637990903440495,1.0664461332917594,1.0371921365701777,1.0517697612525618,1.0951341816166793,1.1132668117344389
403,Jake Lever,Melbourne,0.7142624740926738,0.7669809673722568,0.7189309240216731,0.6962384823898159,0.6469351165354476,0.6917046393588102,0.6992061046131959,0.7229131675744108,0.7189099706478703,0.7338030828726838,0.7179142147737271,0.7116181040229604,0.0296801384438385,0.7179142147737271,0.6670814018059608,0.6943796067471035,0.7273780328467028,0.7520509193474489
388,Harry Sharp,Melbourne,0.5907362102757721,0.671525498334904,0.7038097540189255,0.6940288607731144,0.6005738234982244,0.6525726651377879,0.6036902050628792,0.7070022540443733,0.6448997192932392,0.6462086340362345,0.6902640769810466,0.6550283364960455,0.04246934309540807,0.6525726651377879,0.5951631362258756,0.6024124886213708,0.698039027003897,0.7055656290329219
392,Koltyn Tholstrup,Melbourne,0.5174901493324334,0.5790253840608797,0.48981564197092836,0.5761877816966819,0.4469538474312207,0.5023030649950686,0.5113516109070882,0.5244282711479845,0.5519227136114878,0.5235153017560085,0.4976032085270358,0.520054270494256,0.03851595070792088,0.5174901493324334,0.46624165497408915,0.49441030623903176,0.5618713915264174,0.5777484629969907
401,Trent Rivers,Melbourne,0.4463364173812581,0.49805446476223736,0.488198451878332,0.5105753629415053,0.44948867183200586,0.4696364928928588,0.5556513760236212,0.484503703250217,0.49875521536339085,0.5114129220521786,0.49434368452934374,0.49154152390063177,0.030531986400785242,0.49434368452934374,0.4477549318840946,0.4613758862579091,0.5109187621768814,0.535744071736472
539,Matthew Jefferson,Melbourne,0.39012316501818434,0.4292559945649904,0.3893202552139911,0.3881192183255508,0.3997082865076037,0.3654517424679917,0.41741838135728987,0.4371540264958363,0.4240075631785045,0.4140461545716837,0.3822133273540585,0.4033471013686986,0.022478774892986258,0.3997082865076037,0.3729944556667218,0.38569780302723894,0.4261594200469637,0.43359991212695564
391,Changkuoth Jiath,Melbourne,0.37952858718104193,0.3607015648226835,0.3882509280340826,0.4094274404598006,0.3738306431080056,0.3872216129521079,0.4089322219376601,0.3739401553619713,0.405232281509173,0.38677915693231246,0.3680001628508698,0.3856222504681554,0.01658199663502233,0.38677915693231246,0.3639859339353673,0.3714401462025799,0.4067492570848527,0.4092045921248374
501,Bailey Laurie,Melbourne,0.16161146399692566,0.1974814207634985,0.18080765681786953,0.2044769807432232,0.1600582971806656,0.16357941101505,0.16336408325357152,0.22706325785564094,0.20604477000577273,0.23219129020317808,0.18454167640793506,0.1892018462039392,0.026256424694090143,0.18454167640793506,0.16075722224798264,0.1626455093583467,0.21466235002421868,0.22988367564678636
499,Jake Melksham,Melbourne,0.13674797041687686,0.1536781786404346,0.1419773349622473,0.13889943091556642,0.13525546117063228,0.14427756822258517,0.14881998242135827,0.20272610460102392,0.15919708586129544,0.15636971012374495,0.1394078276293926,0.15066878681501433,0.019080741469337692,0.14427756822258517,0.13592709033144235,0.1380173321111037,0.15752893417614067,0.18313804616814605
389,Christian Salem,Melbourne,0.09308755200110674,0.12091485786436851,0.12393950704549153,0.12025515177294986,0.11620128827359406,0.10682927454157387,0.11141399786871667,0.12674186369620985,0.126056409213831,0.10261958731106259,0.10874171941821295,0.11425465536428342,0.010724648729066871,0.11620128827359406,0.09737696789058688,0.10510330277706424,0.12480743693451071,0.12643340917913937
399,Blake Howes,Melbourne,0.09886961695624122,0.13357946428738593,0.11993213218653578,0.13734094479896392,0.10675100531322863,0.09362989797098642,0.06805715614328525,0.11193874290297348,0.1441979046247971,0.11602286286058872,0.08777134680507642,0.11073555225909665,0.022937919105793275,0.11193874290297348,0.07692854194109128,0.09122789199296333,0.1351216712971329,0.14111227270317214
390,Brody Mihocek,Melbourne,0.033388105228867815,0.08407795326198915,0.06689424191134866,0.043405311973093934,0.06227050481266576,0.03491439030526573,0.05636441962035555,0.06777527297903994,0.0686694596682079,0.06458918048912955,0.06718509137210067,0.05904853923836952,0.015674367395308142,0.06458918048912955,0.03407493351324688,0.03992403408928437,0.0681418895215988,0.07714413114478756
393,Jai Culley,Melbourne,0.0355750645402461,0.04167459493244016,0.04785312916792138,0.04527068730656843,0.036679802683226376,0.042467251986696285,0.04500467149882545,0.04951706812363514,0.045823545734501765,0.03512036675584874,0.04405785910228587,0.04264036743929051,0.004920083872718017,0.04405785910228587,0.03532498075882755,0.036226860044604466,0.04665567494220381,0.048768295593563944
540,Max Heath,Melbourne,0.021378155356705644,0.03632426677532747,0.04098157739374079,0.01857453382745428,0.07097169466966556,0.021929932694939015,0.03196321438259522,0.02926824269541729,0.03840252466563332,0.017947195925598663,0.032552954320638004,0.03275402660979229,0.015008741115844913,0.03196321438259522,0.01822949798143369,0.020228670529712584,0.03945993628415738,0.05747614189549938
479,Paddy Cross,Melbourne,0.00502880525976224,0.0249168886487391,0.015914060328706077,0.008553801171497458,0.01311766593549434,0.00458735092388819,0.007792428630567203,0.025576925072716302,0.01790073188370426,0.008726452521606875,0.012239301151788534,0.01312312832077005,0.00729787121867992,0.012239301151788534,0.004786005375031513,0.006659343048537169,0.020777356157368546,0.02527990868192656
477,Tom McDonald,Melbourne,0.005688871083587194,0.006486426038985301,0.01013348306512257,0.00591931001624173,0.003331656237341544,0.00989497671852356,0.010473906624658306,0.009622223485416404,0.020306240164366527,0.003838805474589101,0.009056171951403496,0.008613824623657795,0.00465166030330349,0.009056171951403496,0.0035598733941029446,0.004930344183897976,0.010273056724532222,0.01588169007149782
394,Latrelle Pickett,Melbourne,0.007387496105685565,0.023087211992251673,0.025987484003703584,0.004033908083434579,0.0,0.0,0.006164266359490383,0.04856168991900672,0.020337359005687332,0.007291853215290651,0.01009438447063633,0.013904150286835166,0.014551799367735383,0.007387496105685565,0.0,0.002380005769226402,0.024276323516946956,0.038403297257120286
397,Xavier Lindsay,Melbourne,0.003249594170652106,0.003022026835977861,0.010357151011050846,0.01851989101220762,0.0,0.0025693026409711597,0.003148666007522542,0.023551946556521316,0.009997254173216341,0.003271644602805953,0.006092065655492392,0.007616322060583467,0.007421786060350224,0.003271644602805953,0.0011561861884370216,0.002836409916025113,0.013703874411525124,0.021287521561580147
616,Lukas Cooke,Melbourne,0.0,0.0024140397602047774,0.0008837124022153342,0.0,0.0,0.0,0.0024840140140020995,0.00290250719263448,0.0023457157294521996,0.0008162575085385401,0.0,0.0010769315097315846,0.0012089032864210935,0.0008162575085385401,0.0,0.0,0.0024427292042616794,0.0027141852622499085
611,Luker Kentfield,Melbourne,0.0,0.0025916818761169765,0.005539449901355716,0.0,0.004949984837554379,0.0,0.0007369057175106664,0.008806147856766349,0.002032950361689048,0.0,0.0,0.0022415564137266484,0.002980914299646228,0.0007369057175106664,0.0,0.0,0.005191665513712927,0.007336133776831561
538,Xavier Taylor,Melbourne,0.0001506324428752385,0.0007767908843394828,0.0013300552119574266,0.0,0.0,0.0,0.0025837622542522797,0.0015886228758684965,0.0024999943069458916,0.0,0.0,0.000811805270567165,0.0010293374990818641,0.0001506324428752385,0.0,0.0,0.0019622851626102285,0.002546066677964405
572,Andy Moniz-Wakefield,Melbourne,0.0,0.0043936137138210676,0.0,0.0,0.0,0.0,0.001105598700716763,0.009495709958588752,0.00243295885648179,0.0,0.0,0.0015843528390553066,0.0029833215258069186,0.0,0.0,0.0,0.003236827347990894,0.0071997666484432885
644,Aidan Johnson,Melbourne,0.0,0.0,0.004394718148849676,0.0,0.00045499669699929654,0.0,0.0,0.0030995315790515836,0.0011082457926582065,0.0011217753171567687,0.0,0.0009253879577014119,0.0014897812797832804,0.0,0.0,0.0,0.001932655384533643,0.003811884192440533
339,Harry Sheezel,North Melbourne,19.138129527743633,18.699815462002057,18.983469647195683,19.06094281128802,18.99535526200998,19.1884560089306,18.82933076194941,18.404463299368214,19.0150232700055,18.5574124457454,18.71361835615626,18.87145607749043,0.2507731925876879,18.983469647195683,18.473290415237948,18.641430225336826,19.092589365034822,19.165809092396465
342,Luke Davies-Uniacke,North Melbourne,12.971147890648853,12.488455246529487,12.501024206756536,12.840676237643148,12.53089395206484,12.807179280833884,12.604646369093455,12.531833939752744,12.607536225867301,12.587306114224614,12.71309253576845,12.653071999925755,0.15884149039315812,12.604646369093455,12.494111278631658,12.518647356488435,12.820913033125683,12.912435646796286
341,Tristan Xerri,North Melbourne,7.48021941026848,7.394590065880362,7.414224445517732,7.5656195795655155,7.861457558930501,7.681835284838657,7.466770093744282,6.819555912521382,7.462684566064639,7.442470225681433,7.19378484336844,7.434837453307401,0.2650947052984572,7.462684566064639,6.9879589314025585,7.312259924650474,7.613268018727504,7.780627535589171
345,Caleb Daniel,North Melbourne,6.9807140855211784,6.969949240686881,6.9013023347934395,6.9881637733532775,6.964938519757257,7.037049140155384,7.019718723070136,6.759781938166674,6.939174216834364,6.7592800361983185,7.035395953607078,6.9414061783767265,0.09848094567484106,6.969949240686881,6.7595058920840785,6.843278972176466,7.026146387590282,7.036305206208646
355,Paul Curtis,North Melbourne,2.9336130303764967,3.0847068668434323,3.050487121017172,2.9387700683012965,3.0305017111020978,3.0509213780814566,2.9270064448926254,3.0412395061157342,3.0154898629015574,2.9022257611927675,2.9242744341371787,2.9908396531783468,0.06560769885300918,3.0154898629015574,2.9121476640177524,2.9258863204828924,3.0506651664135287,3.069503396900543
340,Luke Parker,North Melbourne,2.9542370156451607,3.004322014477794,2.960709899203295,3.06475191775017,2.8825337730173235,3.034707728508931,3.0201114388972177,2.921663392239261,2.909049075794401,3.097954942018976,2.976631346685601,2.9842429585671026,0.06713843589520305,2.976631346685601,2.8944656592670084,2.9164915224968686,3.047025846097839,3.083013581098013
351,Jy Simpkin,North Melbourne,2.615398912174619,2.7129899624251674,2.680674302617159,2.7028534373591433,2.3821549441281626,2.650282082222775,2.7378694629093676,2.6443590186212917,2.7766470409947863,2.8621711415433753,2.6197775639455934,2.6713798062674035,0.12055483843308876,2.680674302617159,2.487114729749068,2.6179823167194938,2.7537682699243895,2.82368529629651
349,Cooper Trembath,North Melbourne,2.2874423270055027,2.364160262451487,2.407903406018668,2.3292700148557417,2.6687675269487903,2.3264318417630125,2.2957765213746826,2.5961782067868167,2.37983458342446,2.3431565919316424,2.3344898517288994,2.3939464667536097,0.12391202104988251,2.3431565919316424,2.2911927144716335,2.3138631604037974,2.485096074333609,2.636102332875902
338,Dylan Stephens,North Melbourne,2.178026891052651,2.0599669326887082,2.1798431175177444,2.1228698455457233,2.064225851390553,2.1051211580571714,2.1705601483614543,2.1269839855061417,2.0573942963067555,2.1161500767860697,2.0890743805018768,2.1154742439740772,0.04600342060286606,2.1161500767860697,2.058551982678634,2.062479694722797,2.173621512864845,2.179025815608452
347,Finn O'Sullivan,North Melbourne,1.975809792645213,2.008157270246835,1.907572996899052,1.915339168218972,2.0172455395259696,1.9687868871659877,2.0936758404405493,2.0374056778241925,2.0563465403969636,2.0711417063859585,1.9762797456495016,2.002523742309018,0.060445506725385394,2.008157270246835,1.911067773993016,1.9468733223977113,2.0624125584524515,2.0835354801159833
348,Jack Darling,North Melbourne,1.9028608294228893,2.0186079206771104,2.0144860996040377,1.9125823927526975,1.9677509417936605,1.9564467681544746,1.9903844305794225,1.9797227435299443,1.898316624535123,1.9188667933402794,1.9304719664797836,1.9536815918972201,0.04385359696605619,1.9564467681544746,1.900361516734618,1.9085965517874761,2.0002661148795147,2.0167531011942277
343,Nick Larkey,North Melbourne,1.9097924551858216,1.9137471673725805,1.9329802854626172,1.7593687542878826,1.8683596033763414,1.8049775183833965,1.9564315014961857,2.0111342005531605,1.8917045118508686,1.962260356717266,2.0188589055120736,1.911783205472563,0.07953663194546559,1.9137471673725805,1.7798926981308638,1.842372948529234,1.9822986326899827,2.015382788280563
358,Colby McKercher,North Melbourne,1.797532044387017,1.7798768936130858,1.781776006876196,1.756427343960953,1.6322647021973626,1.7743156889550065,1.7782942734224843,1.8472640985039452,1.7970053480089916,1.8107042248729253,1.8138802203053759,1.7790309859184854,0.05442525319282328,1.781776006876196,1.6881378909909783,1.7669814675074444,1.81200638300023,1.832241353314589
337,Charlie Comben,North Melbourne,1.8151318413316482,1.8164957057070712,1.7155788877079667,1.7712113458325105,1.779511436079633,1.6408915102867532,1.7141296313871544,1.7415368049052153,1.7471177311553183,1.7532500143218663,1.6713361662027466,1.7423810068107166,0.054772981828513555,1.7471177311553183,1.6545916054489502,1.6965843106615472,1.794115802232959,1.8158819667381307
353,Cameron Zurhaar,North Melbourne,0.7023361906934593,0.7226483652838513,0.6480885801185391,0.6782128421376378,0.7016694093451624,0.6031535653464161,0.7622921973863431,0.6697450606243067,0.6419675016514238,0.7485529004231773,0.7108920835624181,0.6899598815066121,0.047540013418983874,0.7016694093451624,0.6206198366836695,0.6455789379470218,0.733269224690975,0.7561095137529185
466,George Wardlaw,North Melbourne,0.41592341610138217,0.5132830024656628,0.4755799096656637,0.479034773477638,0.39369172388739854,0.4485411593027906,0.4698036156418308,0.48686307752344105,0.49088327478060106,0.5369793174312902,0.418569145524552,0.4662865832547501,0.043467324932659916,0.4755799096656637,0.40369598538369117,0.41748439646105234,0.5000671631314764,0.5263159756967579
361,Zane Duursma,North Melbourne,0.0962508962334014,0.13643169836165078,0.12555105434068603,0.08050787829491142,0.1141666402074156,0.09344854682006924,0.1275168900861453,0.15601820737785183,0.13243007157802206,0.14097064517051133,0.1356892500306351,0.12172561622739089,0.023075868593325128,0.1275168900861453,0.08633117913123244,0.09510193297393521,0.13829266655328362,0.1492468043845486
346,Tom Blamires,North Melbourne,0.10612579734893265,0.12016015484380856,0.13869561166765382,0.15414762498259407,0.08535005699097985,0.09069504661686444,0.11438467522726356,0.13929849778519113,0.1465619166828771,0.12256341598487912,0.14503656283477995,0.12391085099689313,0.02311311695981641,0.12256341598487912,0.08775530232262792,0.09979918954878468,0.14566195791249978,0.15073405624772143
350,Tom Powell,North Melbourne,0.06884450009492651,0.08880902060692178,0.10043127667578299,0.12320568895586119,0.07125101376825611,0.06202891995361702,0.08805710661871337,0.07089282343901522,0.09945743435440725,0.08735390966948636,0.07567222956818466,0.08509126579137932,0.017888111225290573,0.08735390966948636,0.06509593101720629,0.07005301086793884,0.0998567097061713,0.11295720342982597
368,Jacob Konstanty,North Melbourne,0.026273728207980344,0.053737339288498866,0.06429135619354286,0.03763413203616301,0.022520818318904644,0.028466488805735955,0.053374040909922565,0.06181243722105676,0.060382091277175344,0.06175428187880068,0.03651949364486355,0.04606965525296769,0.01600477394737051,0.053374040909922565,0.02420962776898871,0.027567456960656156,0.06177812556912567,0.06317584265592412
513,Charlie Spargo,North Melbourne,0.04003816191833195,0.04275164857498576,0.05624179011574516,0.04327080548905331,0.02451628131545959,0.027357717680016835,0.05214563456197929,0.0592644435916462,0.04775015157800644,0.06564862417203295,0.046360219768590734,0.04594049806962257,0.012531797515641308,0.046360219768590734,0.02579492767951035,0.03483917978062275,0.05748107804086459,0.0627757429108589
472,Aidan Corr,North Melbourne,0.030846947099248782,0.03464924968414439,0.04205560401855308,0.040869628372856175,0.05208209623599948,0.031096619883839192,0.05583962377452097,0.04564929728822222,0.05763443491900293,0.03344962106887447,0.029905242069688677,0.04127985131045003,0.01031122116644014,0.040869628372856175,0.030329009332990726,0.030994254042157124,0.053622682526793294,0.056826769903986045
366,Toby Pink,North Melbourne,0.029715974632678263,0.0353028658548355,0.03924151264365046,0.051522419145251935,0.03786910197621669,0.029518526821408597,0.04157602182641974,0.03719013008166809,0.04685580711480473,0.02462700470629993,0.03890905827722341,0.037484402098223395,0.007751500381209854,0.03786910197621669,0.026828189658098828,0.0296350210300577,0.04374073379465759,0.049422443731550685
372,Luke McDonald,North Melbourne,0.01852536902695088,0.028017259855670825,0.040306670522006253,0.07002911566037073,0.027737778625293263,0.015419341938880412,0.02039203460315389,0.031282096729020444,0.05085213243979024,0.04588719952740026,0.0221010625901535,0.033686369228971884,0.016601057880991758,0.028017259855670825,0.016817054128512123,0.019626701716910656,0.047922822021480155,0.06139947321110949
619,Cooper Harvey,North Melbourne,0.022696032887996504,0.017700014045679,0.040130475782815124,0.03374199237529068,0.023539003759064824,0.01764782954199954,0.024968652522326183,0.0186762268330288,0.028405165275364724,0.03247194228065246,0.02892461679268833,0.026263813826991465,0.00724837917997407,0.024968652522326183,0.017671312568655295,0.01827597959021538,0.03299266281945413,0.03725565824942911
467,Callum Coleman-Jones,North Melbourne,0.003594204107681485,0.02601704580744252,0.030603978057423892,0.014205393909444248,0.03974352855368906,0.012828597883858471,0.010165534246211621,0.03230798107226977,0.03204375618048753,0.012526368587136164,0.0047261169647098275,0.01988750048821405,0.012549403759383394,0.014205393909444248,0.004103564893344239,0.007935373160795886,0.03215208838611825,0.03639753218705037
367,Lachy Dovaston,North Melbourne,0.0,0.009062754432078376,0.010854092279513516,0.0,0.0,0.0,0.0073754057947446406,0.018358733989731094,0.0075492811291988276,0.007014431602948157,0.003472215302746807,0.005789719502814674,0.0058387101803905085,0.007014431602948157,0.0,0.0,0.009797202949526783,0.014981645220133176
488,Zac Banch,North Melbourne,0.0,0.0064366312203718405,0.0050138021924368845,0.003677638841880546,0.0,0.003164977187301357,0.006959304667420518,0.029299655093596617,0.006799035435902227,0.014538604219569396,0.011223772530576813,0.007919401944459654,0.008310818362773554,0.0064366312203718405,0.0,0.0018673365405078009,0.012582853523063773,0.022657182200284353
381,Griffin Logue,North Melbourne,0.0002692542443016351,0.00794405153273162,0.005425553806911667,0.0012556508221470495,0.0007419368503219605,0.0007742531635918151,0.013511324560816888,0.04842782683260583,0.013421108170407554,0.009647115513563929,0.003243638988202754,0.009514701316872971,0.01382404864924411,0.005425553806911667,0.0004819614170107815,0.0007610034751511747,0.01345809689047538,0.03271540081030077
566,Wil Dawson,North Melbourne,0.0008550324812808763,0.01820140118638018,0.004774433411649858,0.0,0.014778434365955712,0.0,0.0,0.08991954412528981,0.00518553821222246,0.007185710288610026,0.0016221549870392734,0.012956568096220745,0.02625509519817984,0.004774433411649858,0.0,0.0,0.016181850762329746,0.0576463798027804
617,Taylor Goad,North Melbourne,0.0014263097866494517,0.0016089986326569058,0.0017051535965106226,0.0,0.010288086364311015,0.0,0.0,0.01882726800384973,0.0015920565196969236,0.0,0.0009175920394669056,0.0033059513584674143,0.005924488901214244,0.0014263097866494517,0.0,0.0,0.005224156031308784,0.0149846362660573
589,Riley Hardeman,North Melbourne,0.0,0.0041945885200657855,0.0014928004800279198,0.0,0.0,0.0009181818489508149,0.0,0.022787228363869347,0.004875607557493469,0.0006477297456181346,0.00029395251313925303,0.0032009171844695206,0.006719351103035065,0.0006477297456181346,0.0,0.0,0.004473806325411136,0.014726999001000184
649,Bailey Scott,North Melbourne,0.0,0.0046943659748942546,0.0,0.0,0.0,0.0,0.0,0.016504370838942482,0.0,0.004689309129632099,0.002372041259169393,0.0025690988366034754,0.004994442625453036,0.0,0.0,0.0,0.004691382436189583,0.011189868650120768
640,Matt Whitlock,North Melbourne,0.0,0.00934361317296463,0.0,0.0,0.0,0.0,0.0,0.012170529996786833,2.226166118270076e-05,0.004234988119004741,0.0008269783232844267,0.002418033752111212,0.004355785361283304,0.0,0.0,0.0,0.006329524391128296,0.010898417426066839
630,Josh Goater,North Melbourne,0.0,0.003601337108390538,0.0022291423251793734,0.0,0.0,0.0,0.0,0.008945544525148216,0.008683201348376201,0.0005796807200770638,0.0,0.0021853550933792175,0.0034808323859892194,0.0,0.0,0.0,0.0056849014467846605,0.008827490095600809
603,Zac Fisher,North Melbourne,0.0,0.0,0.0,0.0,0.0,0.0,0.0,0.0023123824475210115,0.001030452253369557,0.0,0.0,0.0003038940637173244,0.0007343757082371897,0.0,0.0,0.0,0.0004224854238815185,0.0017355138601528556
344,Zak Butters,Port Adelaide,17.957329251205298,17.538238307002015,17.76191327716403,17.529124677896256,17.971361660378086,17.978612932270423,17.98724887888336,17.436857152773708,17.724288860888414,17.43193339645826,17.930364377933483,17.74975207025939,0.22950482729794025,17.76191327716403,17.43414908680021,17.49129499259601,17.974334681853943,17.983362702907538
380,Jason Horne-Francis,Port Adelaide,15.481466645123067,15.29124728058199,14.757674428824993,15.06784732022224,15.089410967561593,15.267927782242293,15.239713483802488,15.141299482459814,14.904516373656925,15.121223924635345,15.169198197312507,15.13922962603848,0.19400370670151457,15.141299482459814,14.823753303999363,15.000881632130461,15.277488776561569,15.395867931079582
359,Jase Burgoyne,Port Adelaide,3.4906791452866064,3.502365867113621,3.516542455670844,3.517834075624736,3.50433855120205,3.4292811281983053,3.532795901847507,3.4871355467268934,3.4853274417113687,3.591477307607625,3.459530509827834,3.501573448256127,0.041399466445051325,3.502365867113621,3.4428933499315932,3.4747506996391193,3.523968424376072,3.565070675015572
362,Mitch Georgiades,Port Adelaide,3.1585743560921773,3.3425694590560484,3.2986754572035366,3.187922046705134,3.2603743035394825,3.1266927536519504,3.216473370308436,3.3769040059298523,3.282897985787278,3.3134756339110742,3.3070941706590986,3.2610594129858246,0.0791943504610974,3.282897985787278,3.1410394747500523,3.1758894935538216,3.3254041022205136,3.3614534598366403
370,Joe Richards,Port Adelaide,2.927746339537959,2.883743368786907,2.9188174982148616,2.9153251516157916,2.8174242273977783,2.8786505461560528,2.9286837974576416,2.904614165437983,2.9289188079293043,2.991066513031668,2.845225719302148,2.903656012260736,0.04660933648792385,2.9153251516157916,2.8299348987547446,2.864946367145952,2.9287801517510235,2.963100045735604
364,Aliir Aliir,Port Adelaide,2.8756304547038236,2.931311775386057,2.756548487144489,2.7425649098853175,2.8261174220737977,2.810537042841497,2.8915366099115096,2.7573113259626907,2.9293600443365215,2.784619014514408,2.7888559063059857,2.8267629993696453,0.06954131258043635,2.810537042841497,2.7488575196519447,2.756998562047228,2.9070442180257645,2.930433496413766
445,Jordon Sweet,Port Adelaide,2.1031592061237916,2.2987797778220527,2.2845815932242663,2.3229526711554946,2.5180567165223704,2.161661046101841,2.253483378747514,2.097370136430522,2.2379058531103615,2.319306800920827,2.1947998500819055,2.2538233663855407,0.11885360982177798,2.253483378747514,2.0999752177924935,2.1376752917108406,2.3208016077170406,2.430259896107276
491,Ollie Wines,Port Adelaide,1.7964414632823573,1.8872291368595682,1.9146593106059153,1.897467907800232,1.6451971248390977,1.7490217228430578,1.8844234038287013,1.7192719410327575,1.7976648502048806,1.8465717708496276,1.6618441035399902,1.7999811577896536,0.09577933606212555,1.7976648502048806,1.6526882652544994,1.695726527660723,1.8914270329452403,1.9069231793433579
365,Darcy Byrne-Jones,Port Adelaide,1.7310030347770284,1.7919085730031241,1.7968900715971097,1.832189635225696,1.627476480452306,1.7033005877966767,1.783431605037684,1.7724816524906877,1.8001885458520541,1.8336109107023348,1.772199357690068,1.767698223147706,0.060368833734781406,1.783431605037684,1.661597328757273,1.7196450315150842,1.8133089924952472,1.8329713367378473
357,Esava Ratugolea,Port Adelaide,1.42431895585251,1.3913817266247455,1.4063857779444764,1.3010013216159597,1.3590586765143986,1.4721655968542893,1.4495346179501405,1.3749782752123445,1.3702268100689163,1.4230967776514982,1.3229067022836023,1.3904595671429891,0.05180067107251372,1.3913817266247455,1.310858742916399,1.3442363670797721,1.4346573773125386,1.4619816563474224
379,Kane Farrell,Port Adelaide,1.0445344517550181,1.0168964686865054,1.0746614887679873,1.0290325770817992,0.9721959879897873,1.0422814462215324,1.150662133302889,0.9906621884736307,1.0339456428055835,1.1809269724370943,1.1160423127184584,1.059258333658208,0.06539016483581336,1.0422814462215324,0.9805057782075168,1.0061404137992267,1.130236439158075,1.1673077948267019
371,Jack Whitlock,Port Adelaide,0.39659054666046367,0.41842493750461823,0.41389626507140226,0.35114258238391927,0.41122939390854263,0.38406742098268487,0.3965881276969946,0.41627850522488014,0.42940618296174415,0.38779389188806096,0.43249451995215354,0.40344657947595136,0.023509086727160004,0.41122939390854263,0.3659587597533638,0.3862660388168568,0.42292724814203986,0.4311047683064693
352,Willem Drew,Port Adelaide,0.3703379514827015,0.4433525750528164,0.4306763067663253,0.35971305559620853,0.3286479076989845,0.3576633609641457,0.3302192267833083,0.31560520206419895,0.4093681036103845,0.4200849187867306,0.28384603263525476,0.3681376946764599,0.05197532572168913,0.35971305559620853,0.29813765887827964,0.32330039838872243,0.4244273878583644,0.43764825432389537
444,Jack Lukosius,Port Adelaide,0.228221132789718,0.23414451361130736,0.21038636003424108,0.20497210764853338,0.20491173935104975,0.20291965486394228,0.2187420745639692,0.22317088899706775,0.22699801977993422,0.2415357579181583,0.2459688848741333,0.22199737585745954,0.015033975330754222,0.22317088899706775,0.20381609288314065,0.2049473566465651,0.23717492377711624,0.24397397774394453
363,Miles Bergman,Port Adelaide,0.1877903569422515,0.21152366520747087,0.191117795148927,0.1995174254649099,0.19324542291636385,0.13157485181127093,0.14939739041154726,0.13102607078118164,0.20510419527643356,0.2224691219768038,0.19556224958591373,0.18348441322937037,0.031554470555355714,0.19324542291636385,0.13127302224472182,0.14209014958543398,0.20773617794815885,0.21754366643060397
354,Joe Berry,Port Adelaide,0.10934790091267006,0.13690884859823388,0.14179917739715636,0.11158782424103772,0.045947642700315754,0.11293264739153043,0.10056996934960424,0.15333848406996753,0.1362208592639126,0.11284318500664807,0.13279291647103986,0.11766267776382877,0.028958463491903393,0.11293264739153043,0.07052768969249557,0.10574894897181308,0.1389138834057921,0.1481457960672025
533,Christian Moraes,Port Adelaide,0.10053931098026421,0.1068781288453182,0.08338366997294894,0.1040517797383982,0.08563622383996562,0.09023453910041332,0.10097798672807014,0.13253767183930354,0.11400063509947575,0.106255729513603,0.09424527782578752,0.10170372304395897,0.013920477945116486,0.10097798672807014,0.08439731921310645,0.08834922984362976,0.10979835640952279,0.12419600530638102
476,Josh Lai,Port Adelaide,0.049200216246046445,0.06890717096844987,0.07228503404999245,0.07478906756003534,0.07260584902920729,0.05088119714762894,0.0645649419205255,0.07768877755927676,0.07076195503655647,0.06226565482991104,0.061411378945657964,0.06594193120848074,0.009359358917046394,0.06890717096844987,0.049956657651758565,0.05709400440846606,0.0735009686268468,0.07638390805961812
382,Logan Evans,Port Adelaide,0.05940138637437127,0.06973790179356083,0.08306542115276061,0.09904702650217612,0.07748924543644928,0.0546165215871097,0.06224444753328366,0.050600118368486706,0.08749592698248199,0.05703754920749984,0.06592895125755423,0.06969677238143038,0.01531591689698225,0.06592895125755423,0.052407499816867056,0.05604492788313988,0.08488192854294638,0.09384903171831374
374,Jack Watkins,Port Adelaide,0.03339518111640621,0.07499985668621766,0.05463369750402437,0.06669559892261262,0.05676299593387378,0.042154013518564425,0.04797573530173122,0.07776504220824601,0.0562510001419234,0.07130719569144384,0.043462420072004376,0.05685479428154982,0.01449883149068026,0.0562510001419234,0.0373366556973774,0.042925973385094,0.0728211866993011,0.07652070872333325
474,Will Brodie,Port Adelaide,0.040625628284962384,0.05305482327035188,0.05432062157415656,0.05681848754221552,0.04777607814292523,0.052681338810811065,0.042621794339190756,0.05289154168625106,0.04534912126789811,0.04389767409421117,0.03925670934744774,0.04811761985094742,0.006104220793531586,0.04777607814292523,0.03987272286932933,0.041803366256957124,0.053573800574911803,0.05569444785658899
373,Corey Durdin,Port Adelaide,0.03031653054009421,0.05712063074712267,0.08230295502947041,0.03397389623124829,0.031221434385911767,0.024166904743164394,0.0458394519680636,0.040750214734463226,0.05686143267630758,0.03654495790724644,0.04508577182728396,0.04401674370821605,0.016491771956198466,0.040750214734463226,0.02693423635178281,0.03085042380912657,0.05696770388534177,0.0709709091024139
377,Jacob Wehr,Port Adelaide,0.011813168381798253,0.025710461901322017,0.02701551888136199,0.026146170153265452,0.0007876657877936666,0.007006270086146819,0.016235601363660982,0.05351250883519848,0.03010747973528124,0.01453707800609439,0.023341950422570517,0.02147398850495398,0.014075192648679862,0.023341950422570517,0.0035860377220525846,0.009842340080581165,0.028283222831468884,0.0429802457402357
446,Jackson Mead,Port Adelaide,0.011216856989580094,0.03101310178397245,0.03827458038038434,0.011571139382126703,0.020101490286476575,0.007131647018639522,0.020416338800228067,0.046485176306767906,0.03174884968395518,0.016173423336381693,0.006293663710695186,0.021856933425382516,0.01331650215069065,0.020101490286476575,0.006670756199270138,0.00954192090149446,0.03442439926949113,0.04279040813989529
579,Will Lorenz,Port Adelaide,0.01689127281801715,0.02951574210969123,0.017013693474380538,0.026787106647577177,0.008099786250028131,0.02312423928138696,0.007947121989073156,0.0212251406732409,0.023252340958252217,0.01859945203873842,0.01441094627739477,0.018806076592525513,0.0069386019195599,0.01859945203873842,0.008015820906502895,0.011823370666174449,0.02470159489087545,0.028287856151739902
376,Connor Rozee,Port Adelaide,0.005671199808209125,0.020159533500240013,0.0164538869747261,0.016976694662951944,0.011453714733629902,0.011093301738644354,0.009255394897289305,0.008896275174166404,0.017915446848361674,0.011434075751619487,0.0118444511796266,0.012832179569951356,0.004441193735448705,0.011453714733629902,0.0071224837228899005,0.009108155810808916,0.017361583058969933,0.019149694506894757
375,Dante Visentini,Port Adelaide,0.010173612949397021,0.01762698828132203,0.011386036846486428,0.0049391473455331686,0.06920768044340513,0.007143093626580822,0.0016167085785030752,0.08252196167022458,0.015166055625192609,0.005705174950054416,0.011429233104241987,0.021537790310994658,0.02740804618872526,0.011386036846486428,0.0031118060236666172,0.0053911036322007045,0.03877507206777611,0.0765305351181558
356,Ewan Mackinlay,Port Adelaide,0.0020452030118299634,0.025674575244239148,0.011588608510354304,0.0110876806135368,0.0,0.003466322828147656,0.0014332456039383458,0.042177724000215855,0.010900791472455228,0.007090058796953797,0.010673481647278237,0.01146706288444994,0.01245078199336917,0.010673481647278237,0.0006449605217722556,0.0017943004745944002,0.017363854871247093,0.03475130706002632
493,Mitch Zadow,Port Adelaide,0.00600339431966591,0.013296413784548898,0.01083204796469957,0.0003717354934885591,0.0052909620202853625,0.00884467019665903,0.008134224499072848,0.02923073059140182,0.008747404892495774,0.010772513189823661,0.006818165822305378,0.0098492966158588,0.00727383625214374,0.008747404892495774,0.0025853874305471207,0.005711297076919885,0.011842437950837795,0.022060288028317988
369,Todd Marshall,Port Adelaide,0.001956290577862729,0.016482687368438897,0.012293855148497243,0.006301647900502051,0.0,0.005662882229136993,0.003277245444857876,0.03246251597065048,0.00957299943369485,0.007290042529107828,0.0044664056308458275,0.009069688384872251,0.009071181336981085,0.006301647900502051,0.0008803307600382279,0.0027356539493898656,0.014011276358673322,0.02527159309965525
360,Lachie Jones,Port Adelaide,0.00588613147139657,0.024598666293279052,0.017710588737819787,0.010850521802945684,0.0021435302857122783,0.006235558063556948,0.004645789403644483,0.03983557383033217,0.02530314184033341,0.0038735738223955357,0.002940739584608088,0.01309307410327491,0.012252591310451045,0.006235558063556948,0.0025022744702153927,0.003491111784902682,0.02488750126757134,0.033295979434832715
621,Xavier Bamert,Port Adelaide,0.0,0.006854063321403278,0.0042200225505008146,0.0,0.0,0.0,0.004323127158010703,0.025811754650354013,0.007709774100555321,0.00906353622024278,0.0005160796477259796,0.005318032513526627,0.007618932711546917,0.0042200225505008146,0.0,0.0,0.00826481656962718,0.01827505635680394
622,Harrison Ramm,Port Adelaide,0.0,0.011334138497173135,0.003911310551296174,0.0,0.0,0.0,0.002925169963458698,0.030321641139361293,0.004960956383173676,0.005280213219021354,0.0016036800732829699,0.005485191802433391,0.008920888385403824,0.002925169963458698,0.0,0.0,0.007762322583063585,0.0217772649503766
578,Tom Anastasopoulos,Port Adelaide,5.601449047814224e-05,0.0017882005378176984,0.002473124745610099,0.0006442291699130516,0.0,0.0,0.00022142866455827743,0.012932171777083971,0.0034081980758235274,0.004435955141881872,0.0024401970541806125,0.002581774514304296,0.003754320062022554,0.0017882005378176984,0.0,3.304854938210392e-05,0.0038295784729074486,0.009108874291243017
659,Alex Van Wyk,Port Adelaide,0.0,0.0010342593002141754,0.0026339104940538774,0.0,0.0049195203450930255,0.0010157251002793817,0.0,0.007297426404667568,0.0029672430713021986,0.0,0.0014782334038512363,0.0019405743744964966,0.0023676691985031013,0.0010342593002141754,0.0,0.0,0.003767676753556438,0.006227368677859021
648,Balyn O'Brien,Port Adelaide,0.0,0.009748261650520396,0.00019228867031713325,0.0,0.0,0.0,2.1748040208496837e-05,0.03652404902433906,0.002681980126975737,0.005456716487161884,0.004561308918005687,0.005380577537957127,0.010809207928686976,0.00019228867031713325,0.0,0.0,0.007216250004138875,0.024474944706120633
607,Tom Cochrane,Port Adelaide,0.0,0.007598394011993054,0.0032028170296110854,0.0,0.0,0.0,0.0,0.019011119592629883,0.0,0.0003661385063486233,0.0005601845710883465,0.002794423064697363,0.005864873041267069,0.0,0.0,0.0,0.005005003592387693,0.013875393081343296
629,Brandon Zerk-Thatcher,Port Adelaide,0.0,0.0010873905715773535,0.0,0.0,0.0,0.0,0.005495219335052599,0.011061032004505653,0.0054069509313295905,0.005390001230254327,0.0,0.002585508552065411,0.0037212916472012985,0.0,0.0,0.0,0.005443140976856024,0.008556416303251773
378,Ollie Lord,Port Adelaide,0.0,0.0031421253561309923,0.0,0.0,0.0,0.0,0.0,0.006332049677785111,0.0,0.0,0.0,0.0008612886394469186,0.002044695712098411,0.0,0.0,0.0,0.0012882713960137072,0.004896583733040754
231,Tim Taranto,Richmond,7.55993664078945,7.262559809851691,7.246926757435071,7.378209020490674,6.9940575325297765,7.279269046744405,7.352949216289294,7.181505111942406,7.256054852861285,7.476048173902491,7.0963629127295045,7.280352643233278,0.16091098867017967,7.262559809851691,7.040094953619654,7.146596810265116,7.418323073389519,7.522186830690319
248,Noah Balta,Richmond,2.2514413962001156,2.322988688674962,2.2994310023972453,2.2671130428829884,2.367276020439957,2.3019101955467485,2.316089946401433,2.176221405272595,2.2964744465299844,2.3058098881612197,2.360866871064781,2.2968748094156393,0.052651265436541236,2.3019101955467485,2.2100704011899794,2.2606876677430106,2.3385187434547876,2.364391903221128
235,Jack Ross,Richmond,1.883151226007111,1.9179965206392302,1.9801153407872094,1.8927114884924015,1.863706648869282,1.9401151433223973,1.8769512924028913,1.9484788187383326,1.8790146959621272,2.050957461270853,1.8544166051313562,1.9170559310566537,0.059155429487254274,1.8927114884924015,1.8585971248134228,1.8715209885541115,1.961449792778372,2.019078507053213
230,Jayden Short,Richmond,1.8223016382696302,1.7460159963065565,1.7277347717481226,1.828272594641261,1.728257414879503,1.7621800598918185,1.7451418334534774,1.7892160889250457,1.6710799722698897,1.7484932416965238,1.815733096602272,1.7622206098803728,0.04791350607547477,1.7484932416965238,1.6965746320350945,1.728043131195637,1.818426198685889,1.8255856642740271
244,Seth Campbell,Richmond,1.247231048055243,1.2722550458245938,1.1723583822542523,1.2451079161257643,1.1404082601909844,1.2107136768606162,1.2498531906974748,1.4151711742739739,1.1662981022781902,1.3121780026405834,1.1708043488551092,1.236579922550617,0.07909070111155699,1.2451079161257643,1.152058689130227,1.1689567877585725,1.2886234581191496,1.368824247038948
238,Kane McAuliffe,Richmond,0.7022865355786022,0.6942307281609507,0.6513342108432697,0.7358917256472537,0.6614545741642813,0.7106282438206178,0.6910997787327993,0.7587477836072175,0.6773718593489486,0.7225475835618687,0.6806938216308531,0.698753349554242,0.03193802196438381,0.6942307281609507,0.655888374337725,0.6708457724232351,0.7280186818168766,0.7484625575252337
535,Patrick Retschko,Richmond,0.5635277414797091,0.5884176504661873,0.6095824552622701,0.5073145041780035,0.5023483389392497,0.5537256701976726,0.5973781172771858,0.6100145907817077,0.5993978016423673,0.6163132470723357,0.6015187154623992,0.5772308029780989,0.04061664604241672,0.5973781172771858,0.5045831132966889,0.5346970921296083,0.6097596308252395,0.6134788517415531
232,Sam Lalor,Richmond,0.29404051599255876,0.33640969727396347,0.3664635931549498,0.31930750784853945,0.2877255283674077,0.3490037303980939,0.33206081198239434,0.35951125232410436,0.31259662713495867,0.3552041602769011,0.33824436077991715,0.33186979868488986,0.02601761778621687,0.33640969727396347,0.2905672727987257,0.3049886215665747,0.3569700680162544,0.36333503978106935
233,Tom Lynch,Richmond,0.2106749264842583,0.3246215036597443,0.2911537773677959,0.24352952054182359,0.24508515804943604,0.18394990485125914,0.2742177802409669,0.362566107784965,0.26885887453141427,0.2910617746642663,0.24663548837315613,0.2674868015044623,0.05018376917287702,0.26885887453141427,0.19597616458610878,0.23005913697822183,0.30487554514749476,0.34549103592861563
236,Toby Nankervis,Richmond,0.21115597535703812,0.23285409019578485,0.21536401983052714,0.2010920654915297,0.2908608961761055,0.17910365302171646,0.1818035612813021,0.14832847610706137,0.24056023762006074,0.194090656723093,0.18644703866895146,0.20742369731574276,0.0379368174073439,0.2010920654915297,0.16217730571865616,0.180696598894872,0.23601361063973797,0.2682255998258853
440,Tom Brown,Richmond,0.1171761094320772,0.1394802322184346,0.12866263726501267,0.14675277556783245,0.12327165477933051,0.12723799781477554,0.11614068317046189,0.1657616061561278,0.14952860392659673,0.14189058195578105,0.12268855405897001,0.13441740330412733,0.015563434726001147,0.12866263726501267,0.11660662498818877,0.12042845176194396,0.1478908651949258,0.1584567551528388
439,Nick Vlastuin,Richmond,0.08713154021398264,0.11955501344023188,0.12248874057484037,0.15090847540860897,0.09632636171033385,0.11081045568726813,0.12424682937830232,0.1342084472054985,0.12234464909186969,0.12387144747604824,0.09731728673544608,0.1172008406293119,0.018318483809367164,0.12234464909186969,0.09126920988734069,0.09691100747515007,0.12833109268745274,0.14339346271720924
241,Hugo Ralphsmith,Richmond,0.07471334708146472,0.11429538973534425,0.08006272230072187,0.0588617963710429,0.06280340410151228,0.07895352461095347,0.09339797495090046,0.1120440941500483,0.0881951144041558,0.09729028146981701,0.08848825182901321,0.08628235463681584,0.017771083652242108,0.0881951144041558,0.06063551984975412,0.06983027045968422,0.10333934466871185,0.11328230672196107
247,Jacob Hopper,Richmond,0.09571658647333157,0.14301667464644782,0.11164028060002319,0.08516989014932148,0.017633361205192297,0.0802105354667754,0.07578518170642931,0.07389687062127422,0.10571890188349362,0.0817589142461498,0.07521753562539897,0.08597861205671252,0.030797480694403155,0.0817589142461498,0.04295194044242916,0.07467606297370782,0.10814666715727074,0.12889729732555671
436,Dion Prestia,Richmond,0.0630656057668138,0.07080276119649118,0.0723558245328847,0.10941265857580083,0.02234637011257923,0.08372737114450796,0.07846013567461345,0.09228142654217128,0.09144429357752676,0.09469640756804094,0.05986334178167732,0.07622329058846432,0.023198021788384243,0.07846013567461345,0.03922900736367337,0.06175267753290785,0.09327156876277784,0.10279034562230886
547,Sam Cumming,Richmond,0.06346494554786236,0.06733659060148053,0.08082362409048917,0.06673972189970716,0.06965197021889716,0.06057520372995613,0.06402091231981524,0.07438714272920348,0.062004706881135886,0.06051876913245515,0.05675908464255458,0.0660256974357779,0.006905937728256522,0.06402091231981524,0.05845094266300984,0.06055206554498073,0.07159339094812275,0.0779272074779106
234,Rhyan Mansell,Richmond,0.03512789333109347,0.06615572825760858,0.07619068921992914,0.03390739226048929,0.05949385227859429,0.041241570838351865,0.05894928981595159,0.06425949958320062,0.06693965367025474,0.058901434002385296,0.06254864416374915,0.056701422492873466,0.013809539939569924,0.05949385227859429,0.03445661774226117,0.038734963060375924,0.06647713767679352,0.07202772322257565
438,Tyler Sonsie,Richmond,0.029736525110201837,0.051813724225696835,0.05629466283956727,0.061410397947548635,0.0304274938295348,0.04410060148710629,0.02880371813057058,0.05905722546135043,0.059879988519467624,0.050440352270467635,0.058059778734865605,0.04818404259603432,0.012881820417989041,0.051813724225696835,0.029223481271404648,0.030144196654608286,0.05939455831517848,0.06072171370491218
437,Mykelti Lefau,Richmond,0.01655258459001319,0.08283992349967671,0.08773477970376387,0.015685877998357245,0.03657295852143174,0.032019559043706784,0.057685467385259065,0.07045365114539165,0.04353389740086217,0.04843079667316814,0.05390800451241991,0.04958340913400459,0.024160296042871513,0.04843079667316814,0.01607589596460242,0.025678099517692413,0.07553202281064852,0.08553209441192464
255,Jonty Faull,Richmond,0.03035385630459704,0.05857838003776298,0.03697528594326707,0.022993066828564692,0.04100702685764714,0.036622472998225936,0.04160470785998906,0.07730739096761906,0.041461076998068606,0.04512056582199768,0.04014201135973831,0.04292416745249797,0.014414381926653203,0.04100702685764714,0.026305422092779248,0.03405234015383809,0.050638269650461455,0.06887933604918381
243,Ben Miller,Richmond,0.019905260345642755,0.03146510743241513,0.03600384324475772,0.04019565665468535,0.05095124795375125,0.019568322942632232,0.03205494092136892,0.03298474245520892,0.03848511133009357,0.024884188668851268,0.028106524493719677,0.03223681331301153,0.009228603475887344,0.03205494092136892,0.019719944773986968,0.02284282805633578,0.0391864349131762,0.046111231869171584
628,Taj Hotton,Richmond,0.02693911222784253,0.03835691576553361,0.037490453782869596,0.031197933077976216,0.015466656114342947,0.03688127654775072,0.026800742364564683,0.07280533908202458,0.029810013102033208,0.030161112935855543,0.03561235458549355,0.03468380996238974,0.014241113419814398,0.031197933077976216,0.02056699492694273,0.026882380583898614,0.03784570319576184,0.057303548589603605
239,Steely Green,Richmond,0.01000521820894068,0.04233015019797949,0.03849796418513273,0.013241711096244804,0.00805727768292159,0.02516673849990817,0.019286983666611874,0.10137878520028555,0.03740892395520198,0.04156552728499712,0.024850962713240905,0.03289002206286044,0.02596673714170371,0.02516673849990817,0.008933850919630181,0.011914749012450113,0.041879022679319894,0.07480689944924776
237,Sam Banks,Richmond,0.024190563790191435,0.02474355282451341,0.01911612521949924,0.023087928134582325,0.012925074659173837,0.009452992743971496,0.01286080522840562,0.0891047291076951,0.03581571474980641,0.030507960952976438,0.03957352541524479,0.029216270256914555,0.02201691448052296,0.024190563790191435,0.010986508361966851,0.012898724192558868,0.03735641712263615,0.0668156874460924
465,Jasper Alger,Richmond,0.002379666399006927,0.02396758728873259,0.02659765474502669,0.0032021597707832515,0.007521148018791446,0.001622913372450813,0.015881140185343475,0.024486058492432024,0.01744222196774798,0.018201596262607315,0.01715161517913008,0.014404887425641144,0.009251890752143608,0.01715161517913008,0.001963452234401064,0.0028649374883549586,0.024180160482249358,0.02564743643135909
245,James Trezise,Richmond,0.0027189802528407338,0.03335167584276999,0.012339226279906046,0.026171628638111,0.015136724979342663,0.012295940107555286,0.011997634273924968,0.0361897016093945,0.024622138105929448,0.02133979076935311,0.010953765406173372,0.018828836933209192,0.010357274407877188,0.015136724979342663,0.00642463357184042,0.011569648038146814,0.029115447992021187,0.034912590014413464
240,Sam Grlj,Richmond,0.003482257769254988,0.013890123327348462,0.02053745075484174,0.013980924392811936,0.00353672417377738,0.008888166855031196,0.0049935019643876115,0.09657876920250011,0.01830267368612552,0.019067820628893988,0.006906287794383446,0.019105881868123308,0.0264520338409313,0.013890123327348462,0.0035067676512900645,0.004396223070237417,0.019670368980532565,0.06236017590105376
463,Luke Trainor,Richmond,0.005255906596063968,0.012400102087021012,0.015732216207553894,0.012506617463521682,0.011637843116759016,0.007295587115529402,0.01204439306048976,0.031197585234916954,0.01482361241726119,0.01760861292592209,0.0028087201196866866,0.01302829057679324,0.007502790411887718,0.012400102087021012,0.003909954034056463,0.006459318102548574,0.016501538862084855,0.02508254769586925
494,Samson Ryan,Richmond,0.00010553849029263321,0.014432134719143199,0.01312808001551556,0.0,0.03581096218718111,0.0003720074160924403,0.0054362388250955495,0.0506528554987498,0.01194547116595631,0.0049007986476677,0.013567213230646713,0.013668300017849183,0.01598188570006203,0.01194547116595631,4.749232063168494e-05,0.0002627551565145194,0.023197453981038747,0.04397400350854388
250,Nathan Broad,Richmond,0.0064648647754513835,0.013527526118160544,0.014300694378462302,0.005467128001255927,0.011761428977325407,0.006015117164150179,0.012459599522728538,0.02496101376026447,0.023844607720057455,0.007538283916233268,0.005495921415826221,0.01198510779544688,0.006982261513331517,0.011761428977325407,0.005480085037812559,0.005802246907337356,0.018213698848516317,0.024458631042171313
492,Liam Fawcett,Richmond,0.0,0.03111326866083158,0.025860250704572995,0.0,0.0,0.0023036448350503996,0.003271807170678327,0.03495755140109971,0.016462431807358412,0.011168073466488416,0.037347567514751906,0.014771326869166523,0.015050897673938019,0.011168073466488416,0.0,0.0,0.032689424584341514,0.036272060263608415
548,Tom Burton,Richmond,0.0017215745723334309,0.0075751200781820115,0.004414111653831133,0.0018753300867285641,0.0,0.0,0.005944033236487364,0.027680569099924272,0.00549975735445497,0.0,0.008534409044386338,0.00574953682966619,0.007901566313257296,0.004414111653831133,0.0,0.0,0.007968428554325786,0.01906479707493218
527,Oliver Hayes-Brown,Richmond,0.0020145343963449015,0.008178255392194182,0.006063090643648003,0.0,0.008402063467969732,0.0,0.00021975093056654036,0.019731124733202602,0.005664529291525148,0.0,0.0001877967902447963,0.004587376876881446,0.0060687839761235365,0.0020145343963449015,0.0,0.0,0.008270016703262158,0.0146330471638478
253,Campbell Gray,Richmond,0.0,0.007540240511828302,0.0,0.0,0.0003317337918898986,0.0,0.0013385476294247214,0.05174801699146786,0.0012932661821583164,0.009477692159180321,0.0038597004683767334,0.006871745248575104,0.015243296920297834,0.0012932661821583164,0.0,0.0,0.008334595687242631,0.032726370816938424
583,Noah Roberts-Thomson,Richmond,0.00014000568157517085,0.00411317227609309,0.0024863986213277548,0.0,0.0,0.0,0.0009078503883643269,0.009871693119507498,0.0028314313967780463,0.0008362164909842666,0.00037888213394101896,0.0019605136462337433,0.002966050325927358,0.0008362164909842666,0.0,0.0,0.0033569451572972144,0.007280358739971009
246,Maurice Rioli,Richmond,0.0,0.014438620880629926,0.0,0.0,0.0,0.000507962769280071,0.0,0.06434454136183,0.0,0.007513046690790898,0.002886918846677436,0.008153735504473484,0.019189618400929885,0.0,0.0,0.0,0.0103525321086249,0.041886877145289915
254,Harry Armstrong,Richmond,0.0,0.01006550853382543,0.0,0.0,0.0,0.006471176937303452,0.0,0.04777394584432558,0.0,0.007070602694842408,0.009679720910535655,0.007369177720075683,0.014042358530312736,0.0,0.0,0.0,0.009837893836084462,0.03080514905460047
623,Kye Annand,Richmond,0.0,0.010283076868290145,0.0,0.0,0.0,0.0,0.0,0.021657779474458266,0.0018209497480311614,0.004183235750010744,0.0,0.0034495492582536647,0.0068170602904195415,0.0,0.0,0.0,0.0066841706085053,0.016539163301682598
661,Judson Clarke,Richmond,0.0,0.006683486531093969,0.0,0.0,0.0,0.0,0.0,0.019542202758419846,0.00014229013690540788,0.002839325341793451,0.0,0.00265520952438297,0.005975760888288648,0.0,0.0,0.0,0.004415431429406664,0.013755780456123188
643,Zane Peucker,Richmond,0.0,0.0006757496772074583,0.0,0.0,0.0,0.0,0.0,0.00798618040951793,0.0,0.0021328169392026692,0.0,0.0009813406387207326,0.002412287282114443,0.0,0.0,0.0,0.001273147254625495,0.005352166847876057
249,Josh Gibcus,Richmond,0.0,0.0014320870973294428,0.0,0.0,0.0,0.0,0.0,0.0,0.0,0.0,0.0,0.00013018973612085842,0.0004317905062682669,0.0,0.0,0.0,0.0,0.000787647903531192
206,Nasiah Wanganeen-Milera,St Kilda,17.380722756414738,16.94821085275858,17.153656382285146,17.097411221549027,17.582673796304807,17.543780183580427,17.273297115044333,16.81604023579398,16.9039925417891,16.858918627562176,17.57396416318362,17.193878897842357,0.29488069804649125,17.153656382285146,16.835335512089667,16.88551223695606,17.556155615217737,17.578754461400273
212,Max Hall,St Kilda,10.613313925012534,10.403276687053875,10.141476429891785,10.441538767896386,10.159047020254134,10.314684233445046,10.448343562026876,10.253077705447776,10.412527308082622,10.527657726701952,10.468637262080133,10.380325511626646,0.14840499111533806,10.412527308082622,10.149383195554842,10.214525124518383,10.492835652575078,10.574768635772772
218,Rowan Marshall,St Kilda,6.803992660212124,6.934661754045009,6.932638306001836,6.965853514691638,7.181373811893522,6.92193226018651,6.796740574395623,6.800263745417229,6.986122349396092,6.640248236240675,6.788328404924824,6.88655960158228,0.14193461945402072,6.92193226018651,6.706884312148542,6.793291584912596,6.974163736920464,7.093510653769678
209,Hugo Garcia,St Kilda,7.046124474751819,6.7891093803344535,6.8359312614329655,6.807459934050624,6.781191474009294,6.924318340690252,6.776693730864388,6.820107669441106,6.7886450161637395,7.123229778688023,6.9562836034163,6.8771904239857236,0.11928448891009097,6.820107669441106,6.778717715279596,6.785589063880416,6.993118360663863,7.088532391916731
196,Callum Wilkie,St Kilda,6.167987282889271,6.166185135879543,6.102517650997666,5.897266104559362,6.176241120832411,6.111823473406143,6.057894766903765,6.128592361270794,6.058993771126906,6.085035638543205,6.073272954834327,6.093255478294854,0.07795665086417182,6.102517650997666,5.969549002614343,6.058543179395418,6.166924016153532,6.172526893757998
200,Bradley Hill,St Kilda,5.4325875403495445,5.327043152107774,5.371997715030618,5.533780428029208,5.269868478201653,5.411958127264553,5.351938748619845,5.276365969900113,5.2716197479387725,5.425938135712009,5.3938050225058545,5.36971846051454,0.08175843269275046,5.371997715030618,5.270656549583357,5.274420018895964,5.428664391613399,5.488243628573359
186,Jack Sinclair,St Kilda,4.5165592372375585,4.288122132635775,4.3475858216399805,4.510453213160158,4.211738480154129,4.4739205764913335,4.356118446691491,4.657928104534886,4.340564482284632,4.5177290722425045,4.431517854059434,4.422930674648353,0.12767581478052692,4.431517854059434,4.24611112377087,4.319063118928601,4.5170388695895864,4.594838540003314
225,Liam Ryan,St Kilda,2.5793999804993675,2.7445571243797877,2.736973471653556,2.6405461464250815,2.8332719057332802,2.6755535189163044,2.6418930201771955,2.813043585886875,2.658066978795646,2.6143019040546096,2.660631684684394,2.690749029200554,0.08102889987883634,2.660631684684394,2.5951058460992265,2.629786007053188,2.7726365735976937,2.8241691618023976
228,Darcy Wilson,St Kilda,1.4970053823693652,1.5788198069277581,1.5000122394458526,1.5535720703248042,1.408020603803218,1.5055788039525195,1.4984739426657394,1.6337719385098743,1.58735514186753,1.7251571904579648,1.592769448696209,1.5527760517291667,0.08471984016109646,1.5535720703248042,1.4480637541579842,1.497871832944226,1.6095804695198117,1.684033827081324
224,Cooper Sharman,St Kilda,1.4238837556210855,1.4709470575491057,1.3787639097327227,1.3768890745589049,1.3313115795226254,1.3474371792839812,1.4671720871815837,1.4766427163727496,1.403886597260144,1.4742601159078776,1.447275962622224,1.4180427305102732,0.05351625490306173,1.4238837556210855,1.3385680994152356,1.3648137974961863,1.4723054114762022,1.475570546163557
205,Jack Macrae,St Kilda,1.3432421782654527,1.3619908677757944,1.4176707444054981,1.4144382640104898,1.267571286099395,1.3897187733715417,1.4170646958064992,1.261123080703042,1.378547654997755,1.3593491137293903,1.358795189719459,1.360864713534938,0.054195193989794485,1.3619908677757944,1.264024773131401,1.3122171124773692,1.4155151010468536,1.4173980225359486
211,Mitch Owens,St Kilda,1.1870511301543498,1.2683394371465206,1.2729948612335233,1.1875716368179758,1.2580815575787927,1.2240711566642044,1.248445490679401,1.3018672633767252,1.2686148999311022,1.3150461993935036,1.2480291774933212,1.2527375282244926,0.04080952997675892,1.2580815575787927,1.1872853581529814,1.2091063535272506,1.284832546112236,1.3091156781859534
210,Jack Higgins,St Kilda,1.1129640231340698,1.1195125342928027,1.1786210800362897,1.0876561502072806,1.134990234967357,1.0824534477675438,1.0569521490004066,1.165302028252952,1.1096773450513384,1.094737888072439,1.100977272916103,1.1130767412453257,0.03573989824557462,1.1096773450513384,1.0684277334456183,1.0855230422069886,1.147418070214451,1.1726275067337877
195,Marcus Windhager,St Kilda,0.8614950083122092,0.8909905597610417,0.9246564369906404,1.0004718250823081,0.8197707708793002,0.860241442602674,0.9108385239210289,0.8010851115759442,0.9340551356261528,0.9098995983209843,0.8183317541717419,0.884712378840366,0.05961716571698104,0.8909905597610417,0.8088461007440532,0.8191807740292013,0.9285099034312004,0.9705843148270382
201,Sam Flanders,St Kilda,0.7946366224574325,0.8170056252979874,0.8751335588113923,0.8773352510859389,0.8311412665937307,0.7847595700039421,0.8538702079733055,0.8523553753845461,0.8664654871994625,0.8668474289556158,0.8325748423607471,0.8411022941931002,0.031863551740300707,0.8523553753845461,0.7892042436080128,0.8078343341333599,0.8702447421964842,0.876344489562393
197,Tom De Koning,St Kilda,0.6855028893826771,0.8657893528493189,0.7913603891893056,0.7977584103187458,0.883769315147631,0.76728358705895,0.7724873982340573,0.8384233400694397,0.7786888450954659,0.7694388673111383,0.7810271788585561,0.7937754157741168,0.05400034185205022,0.7810271788585561,0.7223042033369999,0.7685552024077411,0.8496434053091902,0.8756783321133905
199,Mattaes Phillipou,St Kilda,0.30379390415226104,0.4325961513841898,0.4077580422567824,0.37229137384652355,0.35608569738007556,0.33335308588329304,0.40300607139022376,0.3819367691037491,0.3779889310938713,0.4461064896554307,0.35260926759458383,0.3788659803400895,0.04218380431113701,0.3779889310938713,0.3170955359312254,0.3447142330929546,0.4179416669990194,0.4400268374333723
217,Mason Wood,St Kilda,0.29249562817166,0.3526424083781429,0.3522117053732798,0.3505881149489938,0.30680514865775893,0.2745888272655982,0.3093543261699777,0.3301838315741261,0.3645522840367418,0.37059433777386225,0.34178283709576607,0.3314363135859917,0.03135134224920227,0.34178283709576607,0.282646887673326,0.30093824525845836,0.35752545739816843,0.36787541359215803
213,Jack Silvagni,St Kilda,0.21422300267638947,0.2630443842756621,0.26119272518163583,0.2333145062962472,0.2082812348105443,0.20342620498868644,0.24429451051717815,0.22603799950645637,0.27305917359797943,0.26093744342946984,0.22108354679646702,0.23717224837061054,0.024591842581398266,0.2333145062962472,0.20561096840852247,0.21178687785139294,0.2619519054101866,0.26855251840293665
221,Jack Carroll,St Kilda,0.15725953692433525,0.1597619627448608,0.13813212925220997,0.188711271863525,0.14405421541479055,0.15955653455697663,0.18747313606767757,0.17220089333112945,0.17870669033547654,0.184524965073561,0.17680067930577623,0.16792563771548352,0.01735197783801398,0.17220089333112945,0.14079706802537123,0.15184535510542194,0.18573371518114878,0.18815411075539365
559,Liam Henry,St Kilda,0.09928021023262333,0.12267652669858378,0.12730751655155556,0.09509376147573408,0.10133149421620292,0.10243939900171725,0.10913823573788223,0.11271822749561473,0.11018010115789278,0.10857494976628045,0.11073895952809082,0.10904358016928889,0.009645405715796406,0.10913823573788223,0.09697766341633424,0.10049046778293529,0.11680113016883205,0.12522357111771826
226,Hugh Boxshall,St Kilda,0.07827535421120198,0.10490503801381132,0.1342086707856247,0.08570435569835709,0.11784940063191225,0.0643907025359722,0.0829479241942537,0.09297032202900296,0.10854842208560303,0.10835238776131927,0.07241509063672198,0.0955061516894346,0.02116377752900513,0.09297032202900296,0.0680016771813096,0.07587264614566518,0.11236182328958981,0.1268469992164541
222,Alix Tauru,St Kilda,0.02333978480274823,0.03984627981548752,0.04029548222026203,0.021541116077035304,0.027248359578483497,0.028324025769262486,0.04535303850907382,0.050847838820613014,0.038162994201852034,0.039363304951325534,0.023439436152975033,0.03434196917264714,0.009947629095994505,0.038162994201852034,0.022350517003606123,0.023398579099382043,0.042369080298674866,0.04837517868042037
441,Liam Stocker,St Kilda,0.01644188534999996,0.04044087440485856,0.039320426433770504,0.03569085820297715,0.019621114981844046,0.025973102381990142,0.036452494276306535,0.048677938156645686,0.04973919816486261,0.03843708567320563,0.022516016271959913,0.03393736311803825,0.011281963577958009,0.036452494276306535,0.017872538684329798,0.02132910674301241,0.04381807054309128,0.04926163116116499
568,Ryan Byrnes,St Kilda,0.030151962966875858,0.0394422049293193,0.056562908755898,0.04129650531451784,0.017086269205517018,0.03328226578113832,0.0342236849317846,0.0438599672676506,0.043742781566357795,0.03480535905054254,0.023480809807024806,0.03617588359787515,0.010699307643568802,0.03480535905054254,0.01996381247619552,0.027416790171336927,0.04379082770388785,0.050846585086186655
220,Anthony Caminiti,St Kilda,0.01748497012277128,0.06795608781130401,0.034668563037750816,0.013520706228553713,0.055685287406686254,0.011027820152311733,0.031203396571285062,0.07219993346878847,0.05204477864096017,0.032146268281087874,0.02269840545421259,0.037330565197791994,0.0215531814187373,0.032146268281087874,0.012149618886620623,0.015859621926142077,0.06071631557257953,0.07029020292292046
461,Dan Butler,St Kilda,0.0028472163210283945,0.027207722599886096,0.023811469488681368,0.023674066964167982,0.0245818607842616,0.015514512490041023,0.015633841155074924,0.048205633576721384,0.032109582442911636,0.02093494930959498,0.025068043197361868,0.023598990757248296,0.011227869680094047,0.023811469488681368,0.008547499597084077,0.015584916402411025,0.029217485135526567,0.04096241056650698
460,Dougal Howard,St Kilda,0.016187312997931035,0.02239447172152723,0.02076287864841597,0.01692115861648382,0.00892246949640529,0.011449459209373816,0.013907528344024485,0.029031033190509786,0.027454975519888108,0.019980966598938547,0.016259905051940044,0.018479287217767103,0.00623666271175271,0.01692115861648382,0.010059614867241128,0.012899719998817711,0.02446927827885519,0.02832180723873003
639,Tobie Travaglia,St Kilda,0.0008323696827337408,0.01946247754188824,0.022074579018790064,0.0,0.012485785789674068,0.0,0.017954217674705897,0.015241501219048569,0.024361163473426907,0.00843466442594787,0.01707804880611701,0.012538618875666579,0.00896773691128761,0.015241501219048569,0.0,0.0004910981128129072,0.020533439147417988,0.023332200468840325
560,Liam O'Connell,St Kilda,0.0,0.011749868679444806,0.0066751905938619936,0.0011414810276286851,0.00017600401094894862,0.0004873433995401421,0.005622613331953629,0.035801731344696386,0.011858637399467303,0.006034489369334211,0.0,0.007231578105170554,0.010485018805238692,0.005622613331953629,0.0,0.0001038423664598797,0.01179446385465403,0.025027339069343273
608,Angus Hastie,St Kilda,0.0,0.007226694187622376,0.004497389848542102,0.0,0.0,0.0,0.004585276131663998,0.023687509577693402,0.008414019719980143,0.004037489130487026,0.0,0.004768034417817187,0.007011389759175726,0.004037489130487026,0.0,0.0,0.007713497655889061,0.01681443914172242
528,Hunter Clark,St Kilda,0.002539573878716027,0.009838668366176858,0.012246556072606737,0.0032166579760141006,0.0032314437278634957,0.0033113990405021056,0.0028336393849425403,0.014400583819974812,0.012908200144185745,0.0022311388267073975,0.007099642245817263,0.006714318498500643,0.0047590913326351555,0.0033113990405021056,0.0023699346001112807,0.0027130725273896697,0.01251783014195413,0.01372901116586973
584,Charlie Banfield,St Kilda,0.0,0.0026961726718371156,0.003471139259241016,0.00037701748228836777,0.0,0.0,0.00029397903752456157,0.005227565447230015,0.002919076912162035,0.000888860451665772,0.0,0.001443073751086262,0.0018242303515392632,0.00037701748228836777,0.0,0.0,0.0031454224744644176,0.004437173662634963
609,Campbell Lake,St Kilda,0.0,0.008720831838992579,0.0024385088649349503,0.0,0.0,0.0,0.0008238911929405717,0.014600975485682849,0.003018341410085084,0.00034037610472007634,7.942291993315394e-05,0.0027293043470262967,0.004723970148452635,0.00034037610472007634,0.0,0.0,0.005356362485937158,0.01195491084467222
652,Max King,St Kilda,0.0,0.0,0.00048213964817726097,0.0,0.0,0.0,0.0020732881435449268,0.008985506571762492,0.003913656095838832,0.0042807355900826355,0.0,0.0017941205499460136,0.002889708599863791,0.0,0.0,0.0,0.004064158688478791,0.006868359630006551
406,Isaac Keeler,St Kilda,0.0,0.003868657163406211,0.0,0.0,0.0,0.0,0.0,0.005447964575809491,0.0,0.0,0.0,0.0008469656126559728,0.001917184603214059,0.0,0.0,0.0,0.001586149436996547,0.004737276240228013
2,Isaac Heeney,Sydney,19.916055280076964,19.440032422876936,19.513195661127167,19.388797213235634,19.6038439452691,19.4835573564696,19.50360094260913,19.360969473640694,19.32629317386338,19.54609737766744,19.608971525002374,19.517401306530765,0.16139319501214333,19.50360094260913,19.34189750876317,19.37738784000171,19.605946252959743,19.777867590293397
1,Errol Gulden,Sydney,14.804299786607816,14.729636396782036,14.870683992591843,14.87284696070405,14.836783864740628,14.882878616168554,14.76535940706718,14.39357954987273,14.688259261930643,14.29425177145072,15.196321582834559,14.757718290068253,0.2440378637224401,14.804299786607816,14.338949271740624,14.567440579986899,14.876959939444497,15.055272247834857
5,Brodie Grundy,Sydney,13.661651475827185,13.69211942868984,13.96163669275664,13.980611264836584,14.730494057698682,14.479710600621923,13.790720311449604,13.614986106680087,13.71810190908271,13.628569285255777,13.778689534667068,13.912480969778738,0.3672935604649008,13.778689534667068,13.621098537039147,13.648087777692908,14.185241992508573,14.61764150201414
4,Chad Warner,Sydney,11.22388567699292,10.930771240497396,10.870785242198327,11.095082824234611,10.9126481236986,11.1874769145979,10.996638187760075,11.317794413056511,10.939040857811873,11.2550724342398,11.021997292559465,11.068290291604315,0.15569193638684767,11.021997292559465,10.88962353887345,10.92334076260989,11.23667224746414,11.289569522588991
10,Charlie Curnow,Sydney,7.769919161267165,7.903835531402203,7.952531462904701,7.842075370866387,7.973528651721614,7.925801260421618,7.844040227701862,7.933477743041416,7.853689137843076,7.823195870111326,8.035780139638275,7.896170414265422,0.07726154921167382,7.903835531402203,7.793893680247037,7.834334775556812,7.961140310319635,8.007766970075778
17,Nick Blakey,Sydney,6.475380057485992,6.185989026789753,6.326998782444595,6.462003907305448,6.173229687364709,6.4442227048176575,6.4927849941255635,6.398356653159094,6.324826060626178,6.322817933893382,6.476197161863172,6.371164269988686,0.11441870364230174,6.398356653159094,6.178971390105978,6.266718081980894,6.475715070280636,6.485320469607487
0,Justin McInerney,Sydney,5.691209513810777,5.558096944825074,5.556059365661965,5.650103915516149,5.702100806860973,5.571882867891375,5.58501306591917,5.659542852560828,5.567283750960314,5.667331901697862,5.636198656963679,5.622256694788015,0.05564768289359829,5.636198656963679,5.556976276285364,5.563517160444865,5.6771217226641575,5.697199724988385
36,Tom Papley,Sydney,2.26168126882988,2.3016465781073463,2.2383078501331326,2.230075197630935,2.1001698848134294,2.1951622386786322,2.2180341314771668,2.3905215519484346,2.386302518333626,2.36447038957576,2.29319034667937,2.270869268746156,0.08849765786031437,2.26168126882988,2.1429164440527706,2.2086566554297677,2.373421562366485,2.3886229868217708
11,Joel Amartey,Sydney,1.9793185567079568,2.1063861588933013,2.0992956649058065,2.1025888294733153,2.2298287208521255,2.0045992883170753,2.1179478554645192,2.0466761781090246,2.069306328746378,2.0245256632050945,2.0684209699360254,2.0771722013282385,0.06755579897109182,2.069306328746378,1.9906948859320601,2.0163558495010068,2.1111264544875006,2.1794823314277028
13,Callum Mills,Sydney,1.9050463912510591,1.9791948592109236,2.020181035960594,2.155903019212214,1.912632846926114,1.926672484337799,1.9580023242331288,1.9516069723094045,2.044938096801678,1.9856659275947215,1.9176818923701835,1.977956895473438,0.07411746568030216,1.9580023242331288,1.9084602963048338,1.915611783738115,2.0303314309054383,2.1059688041274724
25,Malcolm Rosas,Sydney,1.9242937588087536,2.0014253173924135,2.068835018564054,1.9418908103117205,2.016417872149926,1.956464388455319,1.9047570479627418,1.9922361302404983,1.9700063408543533,1.9525447481881424,1.9564828703434096,1.9713958457519392,0.04603258065885315,1.9564828703434096,1.9135485678434472,1.9346760191955041,2.007572264842994,2.0452473026776965
12,Tom McCartin,Sydney,1.7321075855959704,1.8548708712689626,1.7464608183904946,1.720632958859497,1.7424929071601625,1.763078664888393,1.846293049298621,1.7694662218158381,1.7652972401642029,1.8641400380381812,1.752910137401465,1.777977317534708,0.05170306526482373,1.763078664888393,1.7257965408909102,1.7382349253188438,1.849809956306461,1.8599689129920327
18,Jai Serong,Sydney,1.4269849301051976,1.4005195547884914,1.227193096555266,1.402132472465443,1.2530245551205272,1.3341017272357698,1.4165876426230757,1.3083189117922993,1.393713573782673,1.3857300881821661,1.2220873967803638,1.3427630863119338,0.07815337614516532,1.3857300881821661,1.2243849616790698,1.2424336571087702,1.4080590922300724,1.4223061507382426
7,James Rowbottom,Sydney,1.338651654632118,1.3519601348290395,1.3391476091495575,1.3523999410459293,1.354275285015338,1.2861064012016894,1.262961155904278,1.2883003416605887,1.3136099928813993,1.3574822382151075,1.223250556776311,1.3152859373919414,0.04464230025369336,1.338651654632118,1.2411203263838961,1.2766168506297506,1.3531688320733868,1.356039109275211
24,Riley Bice,Sydney,1.1493611896634923,1.0512295873798363,1.124404117258816,1.2569102632721099,1.0900974031248845,1.1407290706460564,1.1796801236877452,1.076212574657812,1.1627019773740772,1.1904554231227502,1.1071127404287215,1.1389904064196636,0.05843346394162638,1.1407290706460564,1.0624719316549254,1.0844046234533846,1.1840979964560974,1.227005585204898
9,Angus Sheldrick,Sydney,0.8316935668444118,0.8461461624832232,0.8500534259762602,0.9060890107498486,0.7791101203133464,0.7831349913305278,0.8311773735927965,0.7700027416545958,0.8355283343332416,0.8873494665022231,0.8103383200655415,0.8300566830769107,0.043067946776312135,0.8316935668444118,0.7741010620510336,0.7814847942134834,0.865344802591905,0.8976562158384171
42,Logan McDonald,Sydney,0.712420599398764,0.7883637899981746,0.8133739998835197,0.6882888681392654,0.8011486924829122,0.6841229118374729,0.7507526392300753,0.8173980195584506,0.8188601738942515,0.8122232853110609,0.7154742983244811,0.763857025278039,0.05468167389332119,0.7883637899981746,0.6859975921732795,0.7025265895823696,0.8150238479502413,0.8182022044431411
647,Braeden Campbell,Sydney,0.5333067103729938,0.5499908501616735,0.601962601653867,0.5631641435147793,0.5207471184207099,0.5234741138010707,0.5593056571842987,0.5910127632030006,0.559742908894861,0.5603727081821399,0.5945107475119117,0.5597809384455732,0.02758887100827423,0.559742908894861,0.5219742663418723,0.5292753457785053,0.5924469367696541,0.5986092672899871
29,Jake Lloyd,Sydney,0.4649117532293501,0.5444246992060102,0.49897318354914444,0.5598574361807737,0.47683440043728864,0.4387895234644815,0.4966982063003439,0.49236053430951354,0.5468444279060045,0.5495577200644504,0.5204776662282156,0.5081572318977797,0.03934348078274696,0.49897318354914444,0.45054452685867236,0.4719461150820338,0.5479568776909673,0.5552225639284282
8,Matt Roberts,Sydney,0.38378265403668327,0.4785912356390444,0.43071487678660925,0.42441559503132903,0.34778843038779217,0.3886417128559496,0.38464953418761477,0.37936809276747846,0.44017448163014594,0.4601558402384237,0.414912345320396,0.41210861808013327,0.03916346235092402,0.414912345320396,0.361999278458651,0.3819726839163093,0.44836683865953986,0.47029530770876504
546,Billy Cootee,Sydney,0.2663504809040452,0.23313215064544612,0.2571172016745779,0.262651775571454,0.26247438850960547,0.24819160591106942,0.26513637867265516,0.2689308842476638,0.2693834879335249,0.25251456146108825,0.2672007644253198,0.25937124363240455,0.011049163720606953,0.262651775571454,0.2399089055149766,0.2507421496855805,0.26791011355248084,0.2691798162748874
657,Jesse Dattoli,Sydney,0.2890847388657153,0.2607004490120119,0.2533203363373408,0.2658249307393492,0.23519041617768816,0.2438841245574569,0.2466809320276682,0.26229969085319554,0.2843438306587141,0.30628245345021043,0.22897983295815813,0.26150833960340986,0.02377981456765579,0.2607004490120119,0.23177459540694664,0.24031970412175171,0.2862876030235846,0.2985434818871876
30,James Jordon,Sydney,0.15423948022783568,0.22889894015467982,0.25503984929691226,0.2303282745338386,0.1681731090010054,0.18167000841266392,0.18897100145084622,0.24247786062461274,0.23299565793880656,0.2262493626348081,0.19814118793647348,0.2097440665647712,0.03300014044157139,0.2262493626348081,0.16050961317576207,0.17613627965388393,0.23688336103998708,0.24938695439437747
565,Hayden McLean,Sydney,0.1937361950468776,0.24232225004962132,0.23931272721149352,0.19583306161371675,0.2835889028697311,0.21243228255499538,0.2629128657866378,0.22138397674926516,0.20619939716871447,0.2524323227474226,0.2259408899730166,0.23055407925195387,0.028533616826338506,0.2259408899730166,0.19467978500195524,0.2019491995911654,0.25672934539350084,0.2742846861823391
597,Peter Ladhams,Sydney,0.21831881939717304,0.2250419308800355,0.2020201948723221,0.24420910167261367,0.2555512292824918,0.21200045901681314,0.2392170342914587,0.22575491375924245,0.23396100447805473,0.20176197642953547,0.18913625983202206,0.22245208399197838,0.020203621364064058,0.2250419308800355,0.1948178323009031,0.20191432531077957,0.24126378191773223,0.2504472718580466
40,Sam Wicks,Sydney,0.07350237456978863,0.10397985488866014,0.09734497620967232,0.12505039741215015,0.09966361531113248,0.07839458438958866,0.07844893347083634,0.09105052238026723,0.1406800280647338,0.07492311393836044,0.08286149940604542,0.09508180909465778,0.021622562747477807,0.09105052238026723,0.07414170728564594,0.07697128150458508,0.11261877732329105,0.13364669427107115
432,Caiden Cleary,Sydney,0.0720021417263381,0.08740961918774359,0.0859308034751191,0.08018382031387354,0.05632512547474451,0.06897244335687717,0.06575165360119023,0.10537025766721177,0.09062343473882645,0.08914574898604316,0.0650270402957787,0.07879473534761329,0.014448393587216302,0.08018382031387354,0.0602409871442099,0.0654545621459715,0.08975160014468431,0.09873418734943835
545,William Edwards,Sydney,0.03605476145547072,0.04712002430491139,0.06927322297159651,0.041743270512182344,0.04367982284131081,0.034498124412908636,0.0524491652316787,0.03824179758084471,0.060851523113507576,0.038159593103573496,0.047839827023219955,0.04635555750465498,0.0108784958916096,0.04367982284131081,0.03519861108206158,0.03729661212785136,0.055894131963228545,0.06548345803545648
658,William Green,Sydney,0.01293249190113882,0.0356436735314509,0.040277085238238974,0.013031895858382913,0.0740899148188903,0.01512018065073171,0.030479659851123934,0.030346170526608738,0.03950157116890311,0.022672749841521244,0.02349795675784919,0.030690304558621807,0.01750248192304303,0.030346170526608738,0.012977223681898662,0.014263983885868704,0.039819531937330815,0.058874141507597164
517,Joel Hamling,Sydney,0.008250666763464906,0.028093251238179663,0.025888092238887696,0.00457810452190542,0.036668088211553485,0.006854279591164053,0.04016333756917039,0.019300949769901096,0.0456356027531118,0.02567612771877211,0.0173431172993476,0.023495601606859838,0.01376875471440247,0.02567612771877211,0.0056023833030718045,0.007678148022821556,0.03810114044817642,0.04317308342033816
14,Dane Rampe,Sydney,0.017054382487359215,0.017402434232069986,0.03879463358691589,0.03884231058254322,0.008808459125352035,0.01853867969847324,0.028502689864100986,0.04041766057672136,0.05082823948959835,0.011935861525341387,0.0232057888814102,0.026757376368171437,0.013651600071988396,0.0232057888814102,0.010215790205347243,0.014955788892931907,0.039488204080156256,0.04614347897880369
495,Harry Cunningham,Sydney,0.0011094732890908029,0.007896086883688789,0.014532326289526118,0.009805351595641157,0.0035325439625975338,0.0015833971436238388,0.00895990121928302,0.021581639033472197,0.0269112557294221,0.0037498984938426224,0.0051536654423415965,0.009528685371139071,0.008354812566193146,0.007896086883688789,0.001322739023630669,0.002733393766818319,0.01742254451454401,0.02451292821624464
590,Tom Hanily,Sydney,0.0029843258180235837,0.006887891970457301,0.01007379194549127,0.004033525758319517,0.0012537593601729706,0.0,0.014000822922163094,0.008923423586370579,0.016784781276020885,0.0,0.011528543423049238,0.006951896914551676,0.0057822221701226304,0.006887891970457301,0.0,0.0007397180225020527,0.01254217801768592,0.015532000016784876
431,Corey Warner,Sydney,0.0,0.004379129256688019,0.006137233906965015,0.0,0.0,0.0,0.005028561981301791,0.007509100599242138,0.010299060803450038,0.0017715740046130603,0.004159136567404157,0.003571254283605838,0.003531721345439233,0.004159136567404157,0.0,0.0,0.006699699250798635,0.00904357871155648
19,Lewis Melican,Sydney,0.00033368676124722083,0.006976260086568499,0.010934528363529471,0.0,0.0030225131443894883,0.0,0.008668201214574156,0.008291233860214853,0.020831959643414694,0.0010503116146598967,0.0003198731051886083,0.005493506163071535,0.006515923767106648,0.0030225131443894883,0.0,0.00018872513206127892,0.009597395345645835,0.016378115567466333
598,Harry Kyle,Sydney,0.0013485993979780303,0.0037002894613555643,0.012115848033855516,0.001785447032830069,0.0,0.0,0.008893544900318953,0.01873626471064474,0.022311782089692506,0.002514026249125905,0.0011563281162429938,0.0065965572720040255,0.007889537437406701,0.002514026249125905,0.0,0.0006822335885833665,0.014830218871339099,0.020702799269121008
410,Harley Reid,West Coast,10.932437983147514,10.688095261505675,10.782234960995345,10.525305781025933,10.373533301152666,10.563569628781831,10.687472853158567,10.90448953173041,10.556863527481383,10.72591468238737,10.76364571366097,10.682142111366149,0.16742726741727498,10.688095261505675,10.441830917095636,10.543924851434648,10.832359334996722,10.919861180009818
411,Jake Waterman,West Coast,3.5291661721090826,3.62622348125332,3.6818353399209887,3.593595598063325,3.6727756847520916,3.543400049937091,3.6182961638239166,3.690482436474738,3.620185743579775,3.5530386540963597,3.6489779881194915,3.6161797556481976,0.056211087054248654,3.620185743579775,3.5355714171316865,3.5490868263910595,3.6764901433713395,3.6865912430255507
448,Tim Kelly,West Coast,2.8768823872466833,2.694341224653829,2.7030842799983943,2.8145789376900123,2.499317329091622,2.691067503387075,2.732805338105005,2.750970934219324,2.7555128595000977,2.9773226233937167,2.673942125387464,2.742711412970293,0.12210094664329361,2.732805338105005,2.5778984874247506,2.6840460984072343,2.8401233520082476,2.9321245171275514
520,Bailey Williams,West Coast,2.467685206574056,2.6003622869254635,2.5787345886141457,2.499280454828121,2.841065423454107,2.478165773808443,2.422275728241541,2.476178952691606,2.6486460975108845,2.5445112057172823,2.4410874796439015,2.5452721089099595,0.12071857413950453,2.499280454828121,2.430741016372603,2.4567801385326926,2.6201586492654863,2.7544767267796564
422,Tom McCarthy,West Coast,1.8132594217706808,1.7162900303751825,1.689112724308661,1.8088626995090586,1.657036667100673,1.6659290485541147,1.7861627914431735,1.6854559619945806,1.7450680099014988,1.758364371326937,1.6626740992027282,1.7262014386806626,0.05914726887334485,1.7162900303751825,1.659573511546598,1.6645945193200462,1.7954697537501865,1.8112808967529508
414,Reuben Ginbey,West Coast,1.5043813616575978,1.556428781810385,1.5629180084708374,1.4793221616294643,1.513187582406753,1.5678930813163154,1.5673406276226356,1.5239125899985844,1.5427259450420772,1.518592951576572,1.4616687364967826,1.5271247116389093,0.03609272452862095,1.5239125899985844,1.4696127778064894,1.494107089646063,1.5647312823230746,1.5676444771541596
407,Milan Murdock,West Coast,1.299069137034629,1.2910866143592337,1.2886200530584604,1.3084940138260797,1.2112181774351147,1.313985466270988,1.2523684608696772,1.4104756068478,1.243000660156034,1.3199801019208572,1.279881033585053,1.2925617568512662,0.05126177413850309,1.2910866143592337,1.2255202946595283,1.2485276625770836,1.3164432668874344,1.3697526296306757
412,Elliot Yeo,West Coast,0.8086822499123019,0.8865645550712156,0.8993422329425343,0.7870615250938715,0.7536563642474685,0.7677634603872356,0.8674915098235448,0.9085882772393099,0.8599855363594577,0.9489889295942444,0.7102577582428322,0.8362165817194561,0.0752064617661701,0.8599855363594577,0.7297871309449185,0.7619795509699311,0.9031331111042123,0.9308086360345238
417,Willem Duursma,West Coast,0.8517245010001252,0.8159968643796945,0.8275495119099131,0.910345977093994,0.8848349844745474,0.8586023795903538,0.8384657951627503,0.8395566452316047,0.9156088995054009,0.8568180302308998,0.8245349728030543,0.8567307783074852,0.033668339457775136,0.8517245010001252,0.8198390131702065,0.826313550876101,0.8952944914485206,0.9132405844202678
618,Marcus Herbert,West Coast,0.5239075445541092,0.49456115591670935,0.5052599639215402,0.4626399116999241,0.4801694342059472,0.5343054197725498,0.45943823335220035,0.4861755134221864,0.5536731020683514,0.6007324178099578,0.5249960690043534,0.5114417059752573,0.04200436643411207,0.5052599639215402,0.46087898860867604,0.4729823299784777,0.5422461695138284,0.5795557257262348
421,Jobe Shanahan,West Coast,0.25473560798109984,0.31645076235291725,0.30875703056518883,0.2336637177974856,0.23873923813178718,0.2800913705048121,0.28801234488880073,0.2901688502304721,0.3129136309164488,0.3058814212239278,0.3275983356615669,0.28700111911404613,0.032078983314156415,0.2901688502304721,0.2359477019479213,0.24817709634288165,0.31436385480540086,0.3225819276726745
449,Liam Baker,West Coast,0.18587793213077805,0.16774546840133042,0.1860422297865425,0.19513475084113457,0.17108464900704884,0.2014579794423667,0.17090199688855295,0.2208914237305388,0.19888086746419475,0.17841357738050795,0.1911454955675084,0.1879614882400458,0.015909403302668382,0.1860422297865425,0.16916590622058056,0.1710097616384655,0.19993748337524525,0.21214637380086135
425,Jack Graham,West Coast,0.1569573974663863,0.16400654592324174,0.2256527786940083,0.17559575777012013,0.22763074329090666,0.14312025116083416,0.17589252381254689,0.19029140938315156,0.20257713510832118,0.18980959822856633,0.16085255115664554,0.18294424472679352,0.027421049219035622,0.17589252381254689,0.1493469669983326,0.15925553814363924,0.2120381489784529,0.22674065922230238
415,Tylar Young,West Coast,0.14283689782544248,0.14968639205797926,0.1387115076142644,0.14064424565935765,0.1323081147070774,0.1346592465776605,0.14087603466748078,0.14249987922364613,0.14607806666610856,0.14894884758675564,0.13251015715029987,0.14088721724873388,0.006025934279019526,0.14087603466748078,0.1323990338065275,0.13377811991244265,0.14725508684357386,0.14935449704592862
419,Liam Duggan,West Coast,0.03965563723529347,0.10069687560052112,0.11851593615233957,0.13985384272173532,0.07547165928273393,0.06856013039989009,0.12660105849654918,0.10636167812796926,0.13252889649805327,0.13217264328137276,0.07988638292897089,0.10184588552049355,0.032204928245210276,0.10636167812796926,0.05266265915936195,0.07263793244076795,0.13231870710021176,0.1365576169210784
409,Deven Robertson,West Coast,0.0817594814133939,0.1026476668867925,0.09607494775770678,0.1141261251858757,0.07875088532164258,0.08841659811790789,0.11468404522312248,0.08154174492588612,0.10264431490672987,0.10728413131303773,0.09615257677250041,0.09673477434769052,0.01286189525704838,0.09615257677250041,0.08000677214355217,0.0816702094535157,0.1100893488009013,0.11443298120636143
426,Brady Hough,West Coast,0.03198984461187547,0.06438266244213936,0.04454879727715444,0.046776553500003634,0.029758065175998636,0.025513066919117786,0.046616372261312836,0.058015130847234225,0.06327292984719712,0.03929149804982438,0.04085829163173152,0.044638473869417224,0.013094189155841977,0.04454879727715444,0.02742331613471417,0.03107481504316597,0.060170828437219014,0.06388328277441535
416,Bo Allan,West Coast,0.01693456059539811,0.050801278396337614,0.03425196938368071,0.03570975056087178,0.024616716582402956,0.02689490752009818,0.025451361578992825,0.08043505771100687,0.04371947344662309,0.03344730951947511,0.03503547677154652,0.037027078369675795,0.017144595850203635,0.03425196938368071,0.02039153078955029,0.02510915713039098,0.046623013476006045,0.06709985701940567
424,Matt Flynn,West Coast,0.021254166233806868,0.038537267432391165,0.03778284931020709,0.025469630664943052,0.07145319997569322,0.029488087689737267,0.01782593029628121,0.030215406978502602,0.03973177512978534,0.03563742305522656,0.023442780885908867,0.033712592513862105,0.014543809963031503,0.030215406978502602,0.019368636468167756,0.022545448878547047,0.03902701558832278,0.05717855879503464
430,Josh Lindsay,West Coast,0.03343241140843447,0.02257128456051021,0.020944737865356586,0.04302005431780423,0.0018734741646644162,0.015149230253292177,0.0017486543355212522,0.0489016510690556,0.03951434704855851,0.01581709016298259,0.010589399457553288,0.02305112133124848,0.01619517734663487,0.020944737865356586,0.001804823258635676,0.007015870087468851,0.04095168702894925,0.04625493253099248
606,Brandon Starcevich,West Coast,0.01676873007369607,0.03444737990578063,0.015934007761680438,0.02078876433824984,0.01883110367554731,0.013785886087220547,0.028223039149360387,0.047226362788423716,0.02743582699910879,0.021760504179981318,0.01855879292337427,0.023978217989311212,0.009856858735468951,0.02078876433824984,0.014752540840727498,0.01642649392576966,0.030775018859492687,0.041475820491234314
420,Hamish Davis,West Coast,0.0035576718702484827,0.018069053740130552,0.013425841194955256,0.023779215075476513,0.006094774568015088,0.004985715360999073,0.004793802372452941,0.04260546098538691,0.02659235308176968,0.009300494894716469,0.011556375428138846,0.01497825077929907,0.012018468269801418,0.011556375428138846,0.004113930596240488,0.004907031035695159,0.024932601658056712,0.03539956242875914
413,Ryan Maric,West Coast,0.0,0.013522586735061924,0.016390794389257845,0.01804077911189278,0.0,0.004957096408296521,0.005369426059331388,0.009636221470817307,0.022250053140163168,0.006322460984839547,0.01907547434507289,0.010505899331339396,0.007797739927033622,0.009636221470817307,0.0,0.002924686880894948,0.018465004157496624,0.020821492682372537
427,Cooper Duff-Tytler,West Coast,0.0033256266375728026,0.026607220488440504,0.010996876420236449,0.001465385574473451,0.007974558949282857,0.007022829408707542,0.008997236637810279,0.08672626889198104,0.006095230226877446,0.00029019687784547085,0.009719601623178685,0.01538373015785514,0.024669512234963886,0.007974558949282857,0.0008190317913280619,0.002562927801702069,0.017397117488200116,0.05967269711038774
552,Jack Williams,West Coast,0.0046493038942977535,0.016718257515412102,0.011274783531767236,0.0077812195819203156,0.01492180350338096,0.007874716578690004,0.0013735545734698269,0.02930573463646096,0.007908270628772857,0.004755430962594974,0.005472557736308847,0.01018505755846144,0.007798607456814741,0.007874716578690004,0.0028476417678423935,0.004711918864593114,0.015658349648313728,0.02364136993198896
423,Tom Cole,West Coast,0.0007467078679201418,0.01642000283173607,0.00909322327404029,0.0001550319823794461,0.0042724910425396235,0.001907155605851065,0.002529568520526949,0.025404713491709613,0.010221361328892268,0.006472452125802839,0.006538618701831829,0.0076146660702936485,0.007601856893235896,0.006472452125802839,0.0004212861308727592,0.0014313720332993867,0.012762804345058228,0.021361593694721508
631,Oliver Francou,West Coast,0.0,0.0011323619185917549,0.004558637276500518,0.01916855599781043,0.004706648096589023,0.006432984054426909,0.0,0.0032783825008577726,0.0073823075367731176,0.005798447818432362,0.0025053312405713957,0.004996696040050297,0.005324857088772458,0.004558637276500518,0.0,0.0006680935319691354,0.006822206682188855,0.013864744190343625
586,Rhett Bazzo,West Coast,0.0006009072863298055,0.013534465033380965,0.0019290394947760999,0.0041467528290576195,0.0,0.003731144897459422,0.000631941336459474,0.02571007494760513,0.005680559273163777,0.0034337078857817945,0.00012192074913463224,0.005410955793922611,0.007757573274823523,0.0034337078857817945,5.4864337110584505e-05,0.00040452280607978445,0.008900660634852826,0.020231050486204244
620,Tom Gross,West Coast,0.001140013004782178,0.010004899728541218,0.004327925348446544,0.0,0.0,0.0,0.0,0.02316697174913463,0.003418412572239197,0.005344921985551123,0.004407743823676194,0.004710080746579189,0.006873759089499249,0.003418412572239197,0.0,0.0,0.007255512860177063,0.01724403933986758
450,Harry Edwards,West Coast,0.0,0.003126654316152731,0.0,0.0,0.005193623035833658,0.0,0.003281271030881126,0.02384575745866058,0.003932310778579993,0.008670377055721728,0.00317241831962938,0.004656582908678109,0.006916053151252839,0.00317241831962938,0.0,0.0,0.006619092183987767,0.01701683627733808
573,Jack Hutchinson,West Coast,0.0,0.00800786347397033,0.0023495461641918555,0.0,7.096776156251267e-06,0.0,0.0,0.03575241970952169,0.0036108474631268168,0.004543756100731312,0.0023741638961234522,0.005149608507620155,0.010466610041253613,0.0023495461641918555,0.0,0.0,0.00596404012375931,0.02326736940352355
574,Harvey Johnston,West Coast,0.0,0.013549426363507632,0.0029790957756606366,0.0,0.0,0.0007907253307554526,0.001881711857323864,0.023947832087127276,0.002869406768409313,0.011360638023842408,0.0,0.005216257836966053,0.007798214549684874,0.001881711857323864,0.0,0.0,0.01225804124310515,0.019268549511498426
428,Jamie Cripps,West Coast,0.0018699542930529793,0.001244782064146187,0.00895729716130843,0.0,0.0,0.0,0.0,0.018634463451556466,0.0015971819205650942,0.0006946647200718596,0.005179432624651267,0.003470706930486571,0.00574350773406023,0.001244782064146187,0.0,0.0,0.006728357084680704,0.014279738620944839
496,Matthew Owies,West Coast,0.0,0.003275412787386902,0.002760806690694839,0.0,0.0,0.0,0.0,0.011542114678019449,0.0022779456639429067,0.0010179547140830728,0.005471261318540285,0.002395045077515223,0.0035303273539240175,0.0010179547140830728,0.0,0.0,0.004175710685159789,0.008810230666253818
497,Malakai Champion,West Coast,0.0,0.01140299305109896,0.0003103226530157842,0.0,0.0,0.0,0.0006962831619474076,0.03268636580219445,0.002456762045706102,0.002844164636618677,0.006225443852626607,0.005147485018473453,0.009800134445460379,0.0006962831619474076,0.0,0.0,0.008348239024000273,0.023108848064201458
429,Archer Reid,West Coast,0.0,0.003945816274618669,0.007829321760417455,0.0,0.010403440911923422,0.0,0.0,0.027412604852950915,0.0004062555929827565,0.0037804190213895977,0.00048119625165632407,0.004932641333267194,0.008267998177313591,0.00048119625165632407,0.0,0.0,0.008884710612534902,0.019758481079488525
498,Sandy Brock,West Coast,0.0,0.004505090215115546,0.0,0.0,0.0,0.0,0.0,0.03230722315426056,0.0006232440668178717,0.006729678390485588,0.0,0.004015021438789052,0.009656112786719193,0.0,0.0,0.0,0.005417171367017263,0.020797328010561795
522,Elijah Hewett,West Coast,0.0,0.006319568282060319,0.0,0.0018371618499173003,0.0,0.0,0.0,0.01945638639361879,0.00020953183775281514,0.003375924907035638,0.0,0.002836233933671351,0.005872115451943933,0.0,0.0,0.0,0.004582818690795758,0.013544818243417463
418,Jacob Newton,West Coast,0.0,0.007554133673382233,0.0011301508176799924,0.0,0.0,0.0,0.0,0.014915621274917662,0.003797117882374513,0.003737609478265333,0.0,0.002830421193329067,0.00470193192017243,0.0,0.0,0.0,0.0053374943566876784,0.01160295185422671
475,Harry Schoenberg,West Coast,0.0,0.003794499639406475,0.0014741074220935425,0.003990820336199897,0.0,0.0,0.0,0.01381780321741865,0.002203697022608565,0.0,0.0,0.0022982661488842844,0.004125330693189716,0.0,0.0,0.0,0.003874991125091778,0.009395660920870201
145,Marcus Bontempelli,Western Bulldogs,24.798102341024933,24.482052441781832,24.500965699573094,24.44098780314417,24.694273911222005,24.548084359317652,24.55546062639283,24.242939016695686,24.328630458709014,24.287029432746568,24.61649619204589,24.499547480241244,0.17034502439988625,24.500965699573094,24.262779703918582,24.31157403806441,24.648385056908097,24.751379547613617
138,Ed Richards,Western Bulldogs,15.731590203957323,15.41598654686849,15.224550273105644,15.621818375332747,15.628946789563308,15.681827299815053,15.575359733344182,15.421423870960936,15.415402833480934,15.527591183470419,15.753641637091036,15.545285340635457,0.16206169864145994,15.575359733344182,15.310433925274525,15.415747224379592,15.702230090513384,15.743718492180864
160,Bailey Dale,Western Bulldogs,5.113022752317291,4.79941771312134,4.918873396277227,5.105088939496938,4.977017125703171,5.194088424439843,5.029820182079906,5.0025335592925435,5.05249860571827,4.981272954050234,4.975356872922433,5.013544593219927,0.10555703296587396,5.0025335592925435,4.853172770541489,4.952198647497898,5.108341802753283,5.157608871984695
142,Matthew Kennedy,Western Bulldogs,4.760319585049967,4.7123272760736095,4.579517940690459,4.7024424901293616,4.5468050763702434,4.6803152764186144,4.459737636646047,4.574073753363615,4.577505751869845,4.654513896238149,4.470207267935999,4.610705995525991,0.09895595830421205,4.579517940690459,4.464448970726525,4.515399974912203,4.706495252366503,4.738723046010606
148,Tom Liberatore,Western Bulldogs,3.0255017993506557,2.9833332267317156,2.894098334444797,2.9745288987171623,2.9290580674003897,3.0029151593193295,3.0017955276322392,2.97888252679069,2.9873361071187765,3.0124274083157614,2.8530788764446045,2.967541448387829,0.053473346935690336,2.9833332267317156,2.871537632544691,2.9147245768885965,3.0068151814078665,3.0196183233849534
281,Ryley Sanders,Western Bulldogs,2.961859499357051,2.9131339756514563,3.0005498084083593,2.972440575081426,2.8415537011180514,2.9533473787952293,2.90513847904701,2.7864195828000233,2.9840859358624945,2.944059007781579,2.899075516388195,2.9237875872991705,0.06429150855564489,2.944059007781579,2.811229936043136,2.8754915721274363,2.977215173001664,2.99314106576272
153,Aaron Naughton,Western Bulldogs,2.6543296088826676,2.8264747348324613,2.827814870751707,2.735166447521229,2.82933868790278,2.72427668950443,2.8645049064302737,2.8593662357675615,2.7929652338763566,2.804348712102344,2.869921699137255,2.798955256973551,0.0679141216032649,2.8264747348324613,2.6858057951624605,2.7307016467343415,2.8614730907392736,2.8674841424191135
154,Joel Freijah,Western Bulldogs,2.2327462569209247,2.1633495484306615,2.1839422996293076,2.278122790701702,2.1901771841006132,2.2040161903008832,2.167222984193173,2.2852626428158094,2.2237162519199276,2.2592814695278074,2.1830181033050104,2.21553233834962,0.04352540729486082,2.2040161903008832,2.1650925945237915,2.176542104469157,2.2670064112091044,2.282049709364461
143,Bailey Williams,Western Bulldogs,2.010427838491834,2.0856658168522078,1.9367074145199326,2.0859198538311428,2.0342516784505102,2.0356550090682743,1.966868527262278,2.165920888475892,2.0923006202835,2.170341046677373,1.9654032834246178,2.0499510888488692,0.07822635294772164,2.0356550090682743,1.949620555527041,1.9662677772888373,2.1224849302423805,2.1683519754867064
144,Tim English,Western Bulldogs,1.4459627573781966,1.543869392925372,1.4994701285668572,1.51744377094104,1.7154064263748185,1.4874223139115188,1.4492737177419042,1.5484655061889399,1.6051063783548423,1.5507461463351853,1.5741892197184528,1.5397596144033754,0.0763981459170289,1.543869392925372,1.447452689541865,1.471781389481977,1.5868652547593725,1.6657714047658292
161,Lachlan Bramble,Western Bulldogs,0.5174178997110298,0.4844942933040428,0.5412071726592574,0.5434832435926454,0.44409611693305046,0.5170773964304154,0.5379780446378384,0.5816317164124266,0.529761473557755,0.5177052823216902,0.5646970306639988,0.5254136063840137,0.03733114940026583,0.529761473557755,0.46227529629999703,0.5037183241486026,0.5521808962919004,0.574011107825634
164,Sam Darcy,Western Bulldogs,0.5287185872416392,0.49806885665757056,0.4886564180631947,0.46626526826123704,0.5161711475069489,0.4791395774917017,0.48076255342645013,0.5137018176488637,0.49763526248125856,0.5249471136056646,0.5071902574340457,0.5001142599835068,0.020072828885957437,0.49806885665757056,0.47205870741494615,0.4800971332932033,0.5197692936074223,0.5270214241054506
181,Arthur Jones,Western Bulldogs,0.34360510809453165,0.3903176873986496,0.39500659029826035,0.343676206197791,0.36161178208834727,0.36665994998531565,0.35442004765659985,0.43682850243397586,0.37278459117975327,0.37821127344409716,0.3351844300662239,0.3707551062585041,0.029153221149967577,0.36665994998531565,0.3389737351789624,0.34364705597545464,0.39224013758749,0.4180086419729038
150,Rory Lobb,Western Bulldogs,0.30645905960165304,0.3523808560924333,0.4254439819862978,0.3242970801567304,0.4645762924036091,0.3058232340352119,0.32118074935801705,0.3276965428234061,0.3377746789850786,0.3269386337574516,0.31376765884798746,0.34603079709526147,0.05146065551286735,0.3269386337574516,0.30610935554011043,0.31077113315699034,0.38233673770891774,0.446966752715819
172,Michael Sellwood,Western Bulldogs,0.18647378154042596,0.20500033562318945,0.23115475944851246,0.19822684808136745,0.23025982091914923,0.17403071677340776,0.22508194378780222,0.22186485729298613,0.22257103020606134,0.20871350058667612,0.19390169197883667,0.20884357147621954,0.019082009603062867,0.20871350058667612,0.17963009591856594,0.19085624869908827,0.2272048734116545,0.230752037110299
147,Connor Budarick,Western Bulldogs,0.18463807506330673,0.21125490500171717,0.2179756675055963,0.24798911199156845,0.2007407307141127,0.17257100097295452,0.20501559686557266,0.22534666623796953,0.2309212044842406,0.19915457488662816,0.18179806033863477,0.20703687218748196,0.02269956487046564,0.20501559686557266,0.17672317768751064,0.18347366902619122,0.22763222691894067,0.24030855361327091
156,Lachie Jaques,Western Bulldogs,0.1778099373784017,0.21357612997794917,0.18872743362975233,0.2170826997939784,0.18414861721272258,0.16838411486413973,0.2058796950639717,0.1811583082121607,0.19495545408150833,0.20613849817241311,0.1921557464412343,0.19363787589347564,0.0155416483180938,0.1921557464412343,0.1726257349955576,0.1797854761703195,0.2091879272126829,0.21550474337676526
159,Rhylee West,Western Bulldogs,0.14642475464420412,0.18253378775108675,0.168198448861387,0.1514692920367292,0.11697587279982498,0.12829748604812632,0.12320926390117364,0.20130441693136777,0.1756566635441728,0.18043205480924684,0.12751729806965992,0.15472903085427084,0.028565531818222998,0.1514692920367292,0.11978089879543187,0.12575100406058054,0.1812937653154012,0.1928576338002413
178,Cooper Hynes,Western Bulldogs,0.1328316806321751,0.13040632183039125,0.15882188526442262,0.11740804266158734,0.11263270483113161,0.1248092402634392,0.11678043636330103,0.1747487401533481,0.14220521737564842,0.15548659673964377,0.15063352546895345,0.13788767196218563,0.02010751791654752,0.1328316806321751,0.11449918402060785,0.11715072407928996,0.1568540650348031,0.16758165545333162
173,James O'Donnell,Western Bulldogs,0.09445625433651844,0.11352072415909839,0.10181220484528795,0.12582361296506947,0.1227990496106976,0.11024653707858786,0.15578108536620672,0.09006721410055471,0.12898648414546665,0.10038969507663198,0.10599202036246057,0.11362498927696184,0.018849118942196416,0.11024653707858786,0.0920422822067384,0.09795698437318542,0.12712039014903231,0.14372351481687365
282,Will Lewis,Western Bulldogs,0.07384129399241575,0.1197510757588684,0.10877268051809769,0.06623697024265679,0.0691333266027733,0.0937152353365747,0.1124989762332509,0.12768266210364546,0.10591969149323255,0.12016650171304899,0.09750076317742247,0.09956537974290791,0.02156846739563913,0.10591969149323255,0.06754033060470922,0.07191102736266235,0.11992140040008244,0.12430038992787704
177,Buku Khamis,Western Bulldogs,0.07272600113514789,0.06939361238838695,0.09438803799486846,0.08858635582897272,0.07567909270397356,0.0548597386897255,0.07870714518032874,0.08135110021638772,0.09506078463451016,0.06444484416285112,0.06960976399852499,0.07680058881215254,0.012507982031725352,0.07567909270397356,0.05917303615263203,0.06736461741591726,0.09096504551698997,0.0947580486466714
183,Jordan Croft,Western Bulldogs,0.049087504845053906,0.08625370403114443,0.07793971652053681,0.05022033410886739,0.059405792893130895,0.04530862358875486,0.06729811686591751,0.12606815537471172,0.07672380677790325,0.07100538541323549,0.07067363506725663,0.07090770686241027,0.02250830969846007,0.07067363506725663,0.04700912015408943,0.04975587411070386,0.08134845139988595,0.1081516522701064
602,Cody Weightman,Western Bulldogs,0.04207732500192823,0.050596640326622505,0.058236273128012155,0.053941087060405624,0.03286615982163898,0.02801897121718237,0.04347369176841597,0.06456626968703036,0.051653975866617415,0.044589238143192586,0.049124150620761864,0.04719488933107346,0.010602924719426797,0.049124150620761864,0.030200206089187845,0.03830074727800964,0.055702113348124305,0.06171777123547216
168,Oskar Baker,Western Bulldogs,0.0314418037105798,0.04898614514406183,0.050463688590888824,0.041487700681748466,0.04088497320048945,0.035785977719018605,0.04594917602246589,0.058997706563851816,0.0462574213921106,0.05768818134190398,0.04128839462539015,0.045384651726591764,0.008457482473504455,0.04594917602246589,0.03339668201437726,0.038794385053086404,0.05342573061880504,0.05840842021397529
506,Lachlan McNeil,Western Bulldogs,0.028841771472726662,0.022772245175214156,0.04330033897658207,0.024622309237320707,0.012959165810345584,0.020407468737440232,0.027373333835111504,0.03915258230439875,0.039345217761438935,0.03616999768169611,0.027729684036300266,0.02933401045714318,0.009263658402787646,0.027729684036300266,0.016310902127538177,0.021802686835726847,0.03923156284178522,0.04152053442976766
165,Sam Davidson,Western Bulldogs,0.0013151435673881598,0.019623747434700804,0.022841132237855916,0.017357209286997306,0.025139423784154374,0.007243347606311154,0.01478583518084873,0.027643139570710372,0.029376791291957,0.012961672202799517,0.016095407433459462,0.017671168145198438,0.008556417683635052,0.017357209286997306,0.003982835384903507,0.01061715911823929,0.026165947256642334,0.028596648017396014
541,Jedd Busslinger,Western Bulldogs,0.004279006207194733,0.008673918781025414,0.023492198269734935,0.019456397559864492,0.009116520287670803,0.01604844124432403,0.018062898601059592,0.012031139193635012,0.03000083433872166,0.003567206578568324,0.013029219288807426,0.014341616395509675,0.008097503203234017,0.013029219288807426,0.003887516411450208,0.006872004625754834,0.021111075850911373,0.027071948107677626
555,Nick Coffield,Western Bulldogs,0.007429453765160063,0.007992015173236153,0.01983439780482578,0.02410862823781949,0.0028469740973335097,0.002306918457053866,0.01048548839573841,0.01959636669734343,0.02711128901476007,0.009221164278630171,0.012521519078266395,0.013041292272742484,0.008408926968575451,0.01048548839573841,0.0025499434951797057,0.005550637101351176,0.0215868322823532,0.025760091665136806
542,Adam Treloar,Western Bulldogs,0.0,0.014806289796351268,0.017182683821982046,0.017617585153373343,0.0,0.006348386431004392,0.00355226953054991,0.009830383496460052,0.01117275388663976,0.013194973477282431,0.005586961827337248,0.009026571583725496,0.006389758783389368,0.009830383496460052,0.0,0.0020958390230244473,0.015780611346859888,0.01742187955424726
505,Josh Dolan,Western Bulldogs,0.0,0.009563080528633028,0.013384045968776959,0.007586403925149492,0.010325729670186376,0.00404074117413019,0.004863153006357088,0.026332532301278497,0.01928989403228754,0.012553568288956382,0.0072832018170483105,0.010474759155709442,0.0073752983765071846,0.009563080528633028,0.0018183335283585853,0.0045259641551440594,0.0158054436748163,0.02316334508023256
613,Luke Kennedy,Western Bulldogs,0.001472386284657491,0.009967170686150289,0.01153329043020185,0.003497698959318534,0.0015126585949307584,0.0,0.0025281522292959877,0.01858290257741624,0.007821945354672056,0.00171331522298632,0.002523847398024427,0.00555939706705945,0.005755686645121898,0.0025281522292959877,0.0006625738280958708,0.0014961469477187187,0.010609279781211428,0.015410577111169757
544,Ryan Gardner,Western Bulldogs,0.0,0.0031695322595669635,0.0016861517771445053,0.0,0.004784830856507511,0.0,0.0007417879413968361,0.015411605287469914,0.0028736728345954894,0.002158177593693228,0.0007194851859794876,0.0028677494305776306,0.00443645135247594,0.0016861517771445053,0.0,0.0,0.0038318046843125882,0.010629556793536821
594,Luke Cleary,Western Bulldogs,0.0,0.0015222215274480991,0.0008463810682847627,0.0,0.0,0.0,0.0012989813478538209,0.009196124814924319,0.00347000720699764,0.0025555083880097022,0.0,0.0017172022139562133,0.0027463528306308793,0.0008463810682847627,0.0,0.0,0.002930452903794757,0.006619371891357308
663,Lachlan Carmichael,Western Bulldogs,0.0,0.00028883503111453953,6.570125298712283e-05,0.0,0.0,0.0,0.0006403557220726955,0.01042582577193832,0.003056905886130702,0.002802330930626479,0.0,0.0015709049631699875,0.0031503683373920077,6.570125298712283e-05,0.0,0.0,0.0029067066623832106,0.007109811823324885
519,Louis Emmett,Western Bulldogs,0.0,0.012927548844878385,0.0,0.0,0.0,0.0,0.0,0.05846223920379458,0.0007991240357171245,0.00800600601040431,0.007016623263761949,0.00792832194168694,0.01734209182430334,0.0,0.0,0.0,0.010023838572538682,0.03797162854228224
518,Harvey Gallagher,Western Bulldogs,0.0,0.004656599858086948,0.0,0.0,0.0,0.0,0.0,0.012533748768441825,0.00212480565535127,0.0004804563522297875,0.0003699645522126038,0.0018332341078474942,0.0038300531503117235,0.0,0.0,0.0,0.003162841278472898,0.008989031758782122
554,Laitham Vandermeer,Western Bulldogs,0.0,0.005372009269254111,0.0,0.0,0.0,0.0,0.0,0.007204788185467268,0.005194749666154296,0.0,0.0005241554486221637,0.001663245688136167,0.0027856304673196013,0.0,0.0,0.0,0.00526742610342522,0.006380037673171345
543,Lachlan Smith,Western Bulldogs,0.0,0.0003758305062930571,0.001493971456130803,0.0,0.003995931410296522,0.0,0.0,0.005688344914987963,0.0009325494908671927,0.0,0.0,0.0011351479798705035,0.0019337376565483123,0.0,0.0,0.0,0.002519775037338748,0.004926758837876813
