,Name,Team,Sample 0,Sample 1,Sample 2,Sample 3,Sample 4,Sample 5,Sample 6,Sample 7,Sample 8,Sample 9,Sample 10,Sample 11,Sample 12,Sample 13,Sample 14,Sample 15,Sample 16,Sample 17,Sample 18,Sample 19,Sample 20,Sample 21,Sample 22,Sample 23,Sample 24,Sample 25,Sample 26,Sample 27,Sample 28,Sample 29,Sample 30,Sample 31,Sample 32,Sample 33,Sample 34,Sample 35,Sample 36,Sample 37,Sample 38,Sample 39,Sample 40,Sample 41,Sample 42,Sample 43,Sample 44,Sample 45,Sample 46,Sample 47,Sample 48,Sample 49,Mean,Std,Median,5th,16th,84th,95th
434,Izak Rankine,Adelaide,17.48990573900032,17.255531172928585,17.43586787902432,17.520282769123288,17.501742026143003,17.32856267395218,17.60391609088213,17.689324228179586,17.83524760320264,17.390239226443736,17.446782021421296,17.02246773266605,17.35919179679417,17.69057741323227,17.744035271778102,17.44876128844368,17.474749009345132,17.49541993157464,17.181117850434443,17.52585487117628,17.231770414698858,17.534223907384106,17.607930907902443,17.513750378828675,17.80735088583243,17.555358573233164,17.29746156571393,17.21456265777764,17.368677149589363,17.282506664450615,17.607305412748037,17.167549991199714,17.271625154563523,17.84216681797067,17.802377107726727,17.239027745077895,17.787569657595405,17.26775654260174,17.510386814537775,17.422686833448058,17.41385221966334,17.2135410930263,17.302778771543903,17.782184243335216,17.31911423210576,17.427715602805286,17.326156953246848,17.58737400678086,17.617068682275868,17.16936605679419,17.458615472804084,0.2020974831669042,17.447771654932488,17.171775174490442,17.25208195650779,17.689586143855596,17.80633126132076
322,Jordan Dawson,Adelaide,16.358351442976975,16.51974877072685,16.126526234010875,16.112203856420976,16.409981171914822,16.179872070776383,16.622734973750955,16.439107141317802,16.292850866121217,16.504867494229195,16.04707321702047,16.71577262741458,16.341845207900576,16.641855289628406,16.24741526984059,16.146216582870355,16.497906186431752,16.605489549120644,16.466836468487276,16.599191967858264,16.112543453734077,16.25587778414365,16.112693721682167,15.99784918479355,16.385745434218393,16.288121178677766,16.004763968520173,16.279199487134857,16.00803838568644,16.56650571594342,16.52622284291577,16.644530974314392,17.168428620966797,16.251446629684573,16.743109221613423,16.349536120075477,16.771313094054076,16.124137082176908,16.77995486440183,16.076150477575837,15.856412260953405,16.20812795001591,16.67087150788893,16.708434361507766,16.490486325868613,16.324193985028224,16.708874643201625,16.149183993493512,16.117371123602698,16.634551022647784,16.38381043610682,0.2689668535488252,16.353943781526226,16.005435224039257,16.112662315681014,16.65003614583147,16.76553130020374
319,Sam Berry,Adelaide,7.4834908035048056,7.395248494265041,7.483589718406118,7.716640954477003,7.58714554060547,7.33993708087287,7.639305571406461,7.5194415308897105,7.09692411601805,7.270161222170974,7.534594377891113,7.427317483006701,7.2958724010878795,7.473234436963775,7.147012421283029,7.684374320371537,7.131221312908484,7.498889992313817,7.3882988069514335,7.416207477931705,7.647372472103307,7.21243651522399,7.456032603707391,7.5069130685610395,7.320446676325271,7.494853953048974,7.1644986594441535,7.2240903837885915,7.227776811506602,7.37995561602167,7.456411251885172,7.094471459371539,7.369750855186247,7.190758401975508,7.414540550511646,7.445716849150557,7.643766569438015,7.195090404294029,7.468382564082593,7.746293666837339,7.729321162276904,7.529944062464716,7.566171930690379,7.303009215152207,7.24568529431911,7.322963872078937,7.144976727084152,7.639299635077872,7.413450678552205,7.515282873009253,7.4119714569299076,0.17661573524850965,7.421762480469203,7.134041172814496,7.208811178039628,7.598045746350202,7.710026294485383
314,Wayne Milera,Adelaide,6.332217616466772,6.323654619525048,6.44290722629364,6.681210248184002,6.369268347002946,6.2746334831770225,6.497848740068178,6.1589707503829105,6.408576634320418,6.320623236004417,6.688234155542558,6.681164743480917,6.324904590946107,6.552414047150196,6.190645308600136,6.49587369574377,6.330679676778882,6.673779621999935,6.261517702632721,6.47243441381541,6.563440612129675,6.4535174901763845,6.170609913227861,6.58534033173603,6.6907754180602526,6.483676643728333,6.442163636812171,6.266309529878535,6.5474857269233695,6.301422166720114,6.339811727782916,6.580424963358181,6.580174053362517,6.55078887253157,6.2505498035644464,6.552866314119163,6.452092710440108,6.295629151437344,6.666817093536108,6.429549939804949,6.039811779093552,6.713021654642306,6.507639468146917,6.437785457564833,6.477683266220176,6.4911899275596046,6.520229619108278,6.59051355056154,6.485741023034289,6.363557452881975,6.44624356312519,0.15777899412207355,6.462975951995897,6.174717169279178,6.291241056770937,6.586421534470562,6.686794254534054
321,Josh Rachele,Adelaide,4.178823518157208,4.184920902313625,4.315747713321158,4.121023751239867,3.9916687503265837,4.019443009725424,4.358128350920922,4.054151689812508,4.132234472165735,4.36177571500048,4.128536201772371,4.156532147835566,4.056600422734293,3.9024146998375313,4.3548643409141645,4.101617339453165,4.197387100990449,3.991391693440536,4.019038857584522,4.123482208149464,4.23985002030067,4.25108369915479,4.065492123323859,4.049905756716308,3.97987804026114,4.30316718202281,4.00577460902103,4.351345823300101,3.8954751588273298,3.8841274701942017,4.251361612882684,4.27480536850719,3.915221243885455,4.220103238916539,4.246965635379728,3.9609209270956027,4.223371980434376,4.095407876138209,4.245034845772709,3.964293764719844,3.967454917054678,4.210676700668838,3.8439515829566546,4.081649929210133,4.110654679859928,4.391674924244204,4.100706939031984,4.32335532750535,4.2558634397785,4.021130188958528,4.129609757836379,0.14516902893080533,4.122252979694665,3.896897764734421,3.9772816075109896,4.280732987531954,4.357459228869537
315,Riley Thilthorpe,Adelaide,3.7997776220634187,3.9626195432249385,3.7132096378264383,3.614754973931933,3.7364540632214642,3.856608770227248,3.6636145031274734,3.699409684658971,3.6104199193887103,3.885509352367718,3.7229612470175306,3.408995324425069,3.8089890265580784,3.5551245880532854,3.7460685516586856,3.6506788059734356,3.5639819947460225,3.721831128746093,3.7701202376284435,3.9237810708385266,3.697546690781075,3.762393263136008,3.6619147473528466,3.540603760031614,3.8567916984339683,3.7273424519763467,3.7679420162924884,3.7402129498571868,3.828167033469429,3.49785222950529,3.737139711299048,3.7790422605127536,3.792961524962667,3.5746827323716057,3.7465055025053435,3.903016077948738,3.5999324128680117,3.4683775068557408,3.470580026559819,3.770494649283221,3.8874506789353998,3.69689597727979,3.78580228590062,3.6935538569578386,3.748681410754745,3.7825620514294997,3.7836776228767364,3.702275984786289,3.7069174730044674,3.7009835843117194,3.716544204358476,0.12070588486705586,3.7318982575989055,3.4761708281636405,3.5946552296442627,3.8129972300025505,3.899825171151004
325,James Peatling,Adelaide,3.781717878732237,3.647960708254335,3.5442078853911254,3.680036817981719,3.5177592789850665,3.711875404902054,3.925073609419442,3.3760739883463526,3.5568113866115727,3.4526391754298937,3.8043471184517803,3.799925290559079,3.8440095929426947,3.351683529030363,3.864076886122934,3.7846246851526053,3.7227361453096854,3.606633103232845,3.783436869993289,3.639843462287089,3.64254513519368,3.6360561597479193,3.8121452217105154,3.48147029964443,3.5690317379785816,3.4862553146856925,3.7971801082771686,3.5031014055172256,3.843536662073269,3.9227743793577754,3.6633570857497135,3.7760067041121457,3.637180445853358,3.68796243646271,3.760441917857355,3.4606281069985383,3.801473478873681,3.8435444231723572,3.866341173329744,3.6964616387365634,3.6369384961321543,3.7626197743675442,3.735732827479318,3.5916617400202813,3.4621268451593123,3.634114784638744,3.6529008552746625,3.548235405538875,3.7116990733682176,3.7992860271992432,3.676365649632938,0.14217147838557773,3.6839996272222146,3.454276906401466,3.514695783430288,3.805976922032856,3.865876994452348
327,Lachlan McAndrew,Adelaide,3.151958314329575,3.0319267064939583,3.1346200704149045,3.5010577637613673,3.3599321134956512,3.129204295858076,3.1217248369907793,3.1871416658051612,3.391841133736241,3.4982585511001925,3.3732438308220285,3.0106410083201793,3.3151245418603765,3.344498225608796,3.020668572233299,3.138883835910853,3.171945692382927,3.296193392463521,3.380255463792032,3.3954951269227496,3.4020674462685356,3.08893434861569,3.428394399518589,3.456350932535796,3.565916554206492,3.3958600486241206,3.2078532323216424,3.2127921448600802,3.1798816279902007,3.2744073337425026,3.2400762629193443,3.023384661140579,3.179738311831087,3.258610584406199,3.2724873692224694,3.395916776343672,3.4719183812007666,3.4626889325378856,3.2974980676048045,3.080042157786464,3.4100423515854166,3.214673178738963,3.1411144226562775,2.943397341542743,3.43255229599573,3.298596507104724,3.3605547458250986,3.5584260367875475,3.3851161697262295,3.21676660614611,3.276213487441768,0.1549964720581909,3.285300363103012,3.0212253704592915,3.1276410889548107,3.4292633998823114,3.5004839251658266
324,Taylor Walker,Adelaide,2.9532014440164556,2.942095924318222,2.9039723813433334,3.158876360965884,3.160460135452148,3.0810555124913566,3.059423993745981,3.015913490747421,2.9220779814061517,2.9346622399105384,2.9315643533212774,2.8796324998554637,3.077223128767534,2.857654379221103,3.011221865901465,3.047236224967617,2.961438091563172,2.872233374783637,2.9926123673122857,2.9047828498448123,2.7480683464613773,3.0142000499482418,3.017492258095629,2.870797226641099,2.834746804471091,3.0444110509438422,2.8121520273880454,2.896762433107349,2.8039474520751506,2.795838591575173,3.0025111655047527,3.012320670471849,2.917127085157219,2.8663530189932187,2.8798962473672276,2.8552348998662156,2.919496517685917,2.7886422194376936,2.954343485675979,2.8187537490971284,2.992105445726742,2.808561409749409,2.884705438369659,2.863341759650857,2.8236586863748165,2.835482227170825,3.136753202075388,2.9235853791282436,2.909422609989734,2.9048586314726004,2.932058173792167,0.09911253089874539,2.918311801421568,2.7975009079776685,2.8324293877889697,3.023118285800906,3.1253351757106613
318,Rory Laird,Adelaide,2.9364874459104757,2.8795336739830706,2.757279785541609,2.9134964576014486,2.9051482037140404,2.9030956213691046,2.6043587192071445,2.7868954083617914,2.6624412563916797,2.8933780195499934,2.7273669494209916,2.6573299770210923,2.7831565166882895,2.9020039620708333,2.7687697444189228,2.921375113547106,2.8748406939378763,2.745887737686427,2.895438444791705,2.5015223327274083,3.0281999095507732,2.798481005405089,2.9253216066935535,2.696990752084049,2.6958948141604835,2.8997858712188274,2.872921234192941,3.0505711948198453,2.9484836125542038,3.063462773156857,2.7025879685938263,2.9126561355729264,2.6067696682343513,2.651439005564828,2.7492150823081922,2.9856838996204447,2.7309258073383376,2.9929948322435904,2.6552038729900516,2.8707028637237255,2.750356676806468,2.710404139093942,2.710050740502605,2.7921688522226176,3.0085437914237687,2.822882790848061,2.6724270466256965,2.795426195642571,2.7222442672046085,2.849243247531679,2.813836914437399,0.12852549987861675,2.79695360052383,2.615926882387099,2.690990050745713,2.9276552670898903,3.024170405334737
326,Darcy Fogarty,Adelaide,2.511870767627215,2.3855633367959572,2.5141415906734044,2.258571141380078,2.30990877539241,2.5508190029171667,2.446591236197509,2.3949830255987066,2.4548356401322478,2.4892328755179927,2.411569488819395,2.367198157476785,2.4638307980439196,2.383068796500148,2.472145734297082,2.3189382482661274,2.4422670203807306,2.4145553837954665,2.3329566351725264,2.551963796479573,2.390562857670894,2.4808551633545943,2.5329801227043736,2.55156919251146,2.4064094342875064,2.4819860710396306,2.6147640680932605,2.3776294677286867,2.450544891199037,2.5427527808694266,2.5787361825112436,2.42333346055279,2.2582363665560754,2.3693284424969514,2.4120002266010907,2.5181536990015774,2.496912495451693,2.478785337423538,2.485746481098192,2.4489532808030416,2.308094826003529,2.519943009837381,2.534944685570467,2.505774321705085,2.4341982771265953,2.4586444742664604,2.367762205352045,2.4643698292999865,2.3570918633615756,2.5868551573447345,2.4462586024657473,0.08391995571996212,2.4526902656656424,2.30846668562825,2.3676443193461156,2.533390716343387,2.573247843374751
316,Josh Worrell,Adelaide,1.9289687559353603,1.8775133570543951,1.702729089180882,1.7603888567593828,1.8356937947177132,1.8177948168885438,1.6155923954740024,1.5272997138326656,1.7074521853219184,1.703584370344007,1.7193815096319964,1.6761772301615456,1.6777857474184694,1.7247397393773676,1.855813293588786,1.656925947725125,1.659341454839135,1.6348923029256017,1.6739473920973136,1.6153802426457688,1.6978493722412777,1.7426359181711737,1.9329460109165288,1.6517160695740958,1.5873530990532898,1.6349054607215248,1.6512528017727188,1.82577017978918,1.6925567409870905,1.566189028333291,1.7286697011600927,2.0237501386066756,1.8766717736445568,1.6823380132843928,1.8113302445286112,1.722022688043689,1.645859426619643,1.7603017950927908,1.6127408533518763,1.742021552754756,1.8337317355140685,1.6914277603080468,1.6029592050518207,1.7038649805702648,1.589213689086491,1.5757831007297691,1.72236152734703,1.7147720134348767,1.82064616607958,1.8859567735689415,1.7220200003251624,0.10661794642779639,1.7037246754571358,1.5781549503860908,1.6155480555329016,1.8341418058876302,1.9201512995502443
335,Ben Keays,Adelaide,1.2184860779195483,1.2225167360966784,1.2729071011127475,1.2066526742575594,1.1759500965674088,1.3300650132480945,1.1780709254434745,1.2180793078878906,1.2386091755740114,1.054300612589504,1.4831218618767685,1.1215686201918826,1.2241210684566448,1.258224150287053,1.216140563590729,1.1247864210192602,1.4000360153375477,1.2582746141085321,1.0961218904336918,1.3142764515409682,1.3207864762154213,1.1547479532926386,1.1983425309931863,1.1251986157365763,1.1291514760343881,1.2060796607249225,1.2924363368274592,1.0961404558298233,1.2383775406639008,1.2900362851919942,1.4046351073505452,1.099626490931584,1.406463188966724,1.3310755268929737,1.1304788053533816,1.180665375533159,1.2622393677982393,1.2164561198611923,1.2242544281203596,1.2473038678889334,1.37377823922369,1.3179207210295476,1.3154333284586985,1.285683379847137,1.1893960797012597,1.2969231303872837,1.2753918757278906,1.1264730759238466,1.2266934716837514,1.080606795492484,1.2331021017044599,0.09436951345284177,1.2241877482885022,1.0961256963398989,1.1262067137447072,1.3185196638633951,1.4036922934878806
328,Jake Soligo,Adelaide,1.169518289957769,1.1532724851094882,1.2072934172368786,1.2233126254414326,1.153099031534547,1.1810994184754922,1.1315384027145665,1.193129400863931,1.2712142265843147,1.323757956855736,1.1331936270889353,1.3408704630108654,1.1023406932511517,1.1379045708404165,1.0816671213675915,1.3433732943491874,1.0996361364706282,1.164536392781004,1.2375198211170326,1.2571759178872726,1.1372348005635509,1.1734227674565254,1.0784410465738534,1.2640784861478678,1.1204504627677871,1.2737681548939461,1.0876838111852851,1.1729882866353785,1.191054588837878,1.2153465553821292,1.2197824886632105,1.119104055250029,1.1311608113146012,1.1923254564733718,1.0488219720035301,1.2631638823530504,1.0421348134213901,1.239728628708562,1.3101723175870224,1.1857052364611054,1.16526128231135,1.145451477414476,1.0986606849197276,1.1781561231705289,1.2017946123326373,1.1557181651908428,1.2173375362874983,1.1185250379273537,1.1570074877324716,1.1326130818725009,1.178850948095554,0.07198214501489245,1.1712532882965738,1.0791023919065696,1.1151425098900274,1.2584274024606201,1.3209729008056497
320,Brayden Cook,Adelaide,1.0488703728586175,1.1878615580568772,1.1380801781063792,1.1122994255484968,1.2666483684972716,0.9623294772207723,1.1314676996800135,1.078588162751551,1.3232140640788228,1.1036588275744652,1.2269344098614565,1.1699215746212221,1.342748099123833,1.2166802421344445,1.0780597780823633,0.9982413811390983,1.1040318953511454,1.1006283759902833,1.1674604944523153,1.2390782164947824,1.1075221588415838,1.2196842928298293,1.0819509697110596,1.2369108589160525,1.2338201248394867,0.934256640355261,1.0681436905613049,1.0689629452315064,1.1884923262445932,1.2665120426510024,1.1333771124495695,1.2930038581593477,1.1491271721395067,1.4135226534708956,1.2278564844194841,1.316330229693815,1.0204532231624834,1.132938502686019,1.2267530077053856,1.1199292108897583,1.1861457756824414,1.2527440075512768,1.1905717416547477,1.142239346113658,1.066768109744331,1.1724526556558699,1.207889635235307,1.1721518213855724,1.3113824442208422,0.9812155702469513,1.162398224281463,0.10189548083694971,1.1686910345367687,0.9847058614798414,1.0687917210054343,1.2556215268871194,1.3218028780298963
556,Daniel Curtin,Adelaide,1.059359821148282,0.9807179671640339,0.9658495069776187,0.887884777143301,0.9392913121525595,1.131257326750589,1.0947991510359159,0.9927278411331399,0.9758102323443657,0.9676127003361653,1.0939404098295469,0.972301412887314,0.9846849914262971,1.0547400943382603,0.9971081487730145,1.0372600107309302,1.0849926961630105,0.9718225780119779,1.0385831864341188,1.056419096494729,0.9949629547611344,0.9385007810041787,1.0404933990519345,1.0884004896406303,1.0615752649800454,0.8943771641321618,1.071787760748825,1.080657080808988,0.9273803596149064,0.9313490538539739,0.8595697897940373,1.1779312823835975,1.008279974738192,0.9470188737290017,0.976260259574768,1.048600500149417,1.0121458069073366,1.130888720760629,0.9596106069398014,1.0222638995974553,0.9692805701581809,1.1044961086391496,1.0205674824283635,1.0142885436464693,1.113198276779176,0.9402382550761841,0.9386156218231919,0.9805264152796858,0.9997173857952594,0.9348374867998459,1.0094996686174336,0.06930093632704058,0.998412767284137,0.9011428192061245,0.9391500928737216,1.085704924999833,1.127262179744431
626,Mark Keane,Adelaide,0.8616127831004232,0.8990004257921995,0.9482141644717176,0.9706390688610907,0.9388648409662352,1.0166461154378708,0.880850412252619,0.9601896375922134,0.9282865688970405,0.9541280742577877,0.9503908955878682,1.021303447192095,0.93411848603386,0.8810472263379733,1.038754372219481,0.9318506945516063,0.874364185872782,0.9335282309051526,0.9662346621642669,0.8264374565026468,0.9880465655483477,0.9310917023872288,0.9891081620118343,0.8999080208447977,0.9164602156370558,1.047714174959375,0.911971150377505,0.7870198085071878,1.0055248096158205,0.9909334926389611,1.0426326621243187,0.9171615856065919,0.8838676530852336,0.8307654344242206,0.9953250442386662,0.9052422276095741,0.8706441489745915,0.7715087983450094,0.9777112804496655,1.0394492799837165,1.0113414138671417,0.9024459715020551,0.8617687434750785,0.9620834205325169,0.9107963246791236,0.9022460640289115,0.9154231684973225,0.9377487287579399,1.0127588726514598,1.003753905847733,0.9367782916041182,0.06489007544324422,0.9338233584695064,0.8273246919765694,0.879494790939233,1.0067404799043467,1.0393068238920482
317,Alex Neal-Bullen,Adelaide,0.8988133465118523,0.9423368039429894,0.9269211212028895,0.8196896109035059,1.054073504375345,0.9143015322592476,0.737506952502039,0.8845101851751692,0.9003517358261468,0.8176865621267474,0.9903779773786677,0.8184207980032655,0.908528691024306,0.8972874609737634,1.090877976099907,0.9035204708828399,0.9885431013767599,0.8331767718507103,0.9978734161761084,0.8279608762847206,0.8975137138085685,0.8866636115905859,0.9623730256193485,0.9325184675958023,0.7502198460438784,0.9527927167118313,0.9853092653423094,1.0105054034140197,0.9851666107952616,0.859104587832014,0.9869197804719275,0.9276103591403531,1.0413067758717967,0.8526037854282985,0.7663879402956224,0.7720774710773725,0.9072905758449141,0.9482090548388732,0.8630423970990606,1.1143400614576235,0.8869021650329475,1.049092606469018,0.8040265016954937,1.059850057954636,0.9080713731155671,1.0186337398323964,0.8563296763093672,0.9439404505944814,0.9529030288898555,0.9011951220542267,0.9187131813420888,0.08787594704650364,0.9083000320699366,0.7675542941058812,0.8262321818200468,1.0005135015088318,1.0586658644708813
336,Toby Murray,Adelaide,0.35281276070858064,0.3870757322331392,0.3461140285071267,0.3097771632220021,0.3322491789552762,0.3678743656375696,0.3579581597994327,0.3827964045355349,0.3527765134164056,0.4110381543921917,0.4070295732427447,0.40181907250550286,0.4233536615656278,0.36357800306725785,0.3958058490083968,0.4161709358043944,0.4217052158702024,0.480480572497482,0.3793433690761895,0.3626199646565941,0.3240591005079707,0.41660743720416776,0.4017639665458907,0.4089086709908379,0.39550064119445383,0.37653817310385523,0.32114907939091386,0.3989967578406766,0.3826606168734182,0.3696917750699704,0.3808480722208342,0.41056348361912715,0.37464923171978004,0.3350965755036028,0.3374916813667714,0.34066356830714095,0.3563614679559505,0.37498856162651545,0.3068189051728819,0.3342558785292583,0.32340478053008587,0.356352538892859,0.3761863069057629,0.4329469252975229,0.38787009985269166,0.40748312995929376,0.3982606821485839,0.35357289094141325,0.3886084451849071,0.3893605469536218,0.37628077340224825,0.035219535169925875,0.37794077109002233,0.3216114981244441,0.33699110424136913,0.40925452683015034,0.4230157301980656
453,Luke Nankervis,Adelaide,0.2863668944284954,0.3000858943521627,0.45978157883901705,0.3187790764145772,0.3255931045224085,0.3417211357207679,0.4130933263670884,0.40579124640880687,0.3544439401562104,0.33222739404523,0.3873597532381572,0.4355363003648364,0.3379363010135616,0.3741885678323982,0.36815394268172347,0.27841593647884455,0.3623772572601711,0.2600043224214031,0.3458681874273207,0.36447257497513413,0.2990129520771556,0.28645203767248417,0.40900899872222507,0.41781032131892504,0.34504000788181477,0.29007734159421855,0.37157030288765314,0.396545554963408,0.3738391991881787,0.3442914827309731,0.31464530171714916,0.364023481156858,0.2975672559777125,0.321577989747816,0.3301581386848012,0.33897318144482214,0.326814144351091,0.37457781859950023,0.3452157370408563,0.350630179448598,0.4202864021397975,0.30992667867359097,0.29833838389457823,0.41995527715275777,0.4485024521512897,0.3379090412920855,0.3396147814460934,0.41380974748581517,0.3778337968998866,0.3423266227010699,0.3531706269198304,0.04689426230942652,0.3451278724613355,0.2863843487935131,0.29986164941668625,0.4098626232000015,0.43241007122870334
323,Isaac Cumming,Adelaide,0.3420079805152503,0.3385911530317013,0.3704147359449483,0.27685123770459485,0.3179435226215789,0.2875394315622734,0.22555963277750246,0.33919023649584945,0.37914791993961544,0.31868115808168473,0.3228669542021223,0.2570014127840222,0.3492430262606414,0.3472288466845501,0.3261740305827322,0.3081065961534285,0.3769786233933179,0.30202278020328804,0.3441911976824787,0.3555614917714115,0.3696478367525187,0.3062028853301867,0.3098528505708068,0.33169302592585476,0.3022806517039217,0.31398019402215727,0.3702970260409544,0.22726389891825327,0.3095370871047721,0.34583955783560466,0.19026881077120483,0.33673586627090313,0.3848224415381238,0.3167623488567714,0.3426047225780747,0.3027690420322032,0.327003797194024,0.33435647681981584,0.3496033494406128,0.2897017482813679,0.299622000852953,0.2761232023810645,0.3579379991989754,0.23067375527853315,0.2673125888527601,0.38392770676260674,0.30740766861054275,0.35920692251298464,0.3197018328534493,0.3327274254910921,0.31962333378352165,0.042870503223202606,0.32452049239242725,0.22796291947211064,0.2853055990460186,0.35820320417160334,0.3787032141476244
451,Zac Taylor,Adelaide,0.2842947538450498,0.3182104157990471,0.28082157556631854,0.27087718907965286,0.3339434154548007,0.2852053149545341,0.30317799046024974,0.36480771281161795,0.34831911689111117,0.34226750853780824,0.21882229697280708,0.25924601846280304,0.36656161299715856,0.37979870942773325,0.37647517475534853,0.3499936618852973,0.3709448998817196,0.36799287218941,0.30194346951410517,0.4242411253765837,0.3090894466072935,0.3188528788246953,0.2580296724476396,0.35362703387705824,0.35527932667253964,0.3382684383036364,0.42499049355761825,0.3955988699604747,0.3893738328962184,0.2578610127727311,0.2983161549776281,0.2878877411718736,0.25841695085359484,0.32874862652355463,0.3135035637141454,0.3127675449111029,0.23405529535884684,0.31877541759352496,0.3218965870104611,0.33520088390753766,0.39324365996658384,0.3488153942216567,0.2409877058668231,0.31659579816089717,0.2979637726869114,0.3549885075623997,0.3234654106387904,0.32589920271821704,0.2867760605398353,0.28973083696351076,0.3227390191226192,0.047614980887513494,0.32037473291757823,0.24444673378253426,0.27874319879060544,0.3686098459771027,0.39511605191172705
601,Hugo Hall-Kahan,Adelaide,0.24104617910507473,0.20112965560274687,0.18790451225202448,0.2960536029867429,0.32977126222547815,0.3201821690405332,0.303084006473471,0.3320138349398372,0.33888479297097585,0.33355961444669374,0.2555030117074508,0.33163406323710887,0.24264952290481193,0.2828775552975112,0.2557736455026796,0.32690018789410935,0.3738833575847913,0.21439607818006967,0.3550733380900346,0.4337187873033481,0.34090663172574037,0.27146574785320077,0.3201042571141017,0.3375090432149794,0.36402983309440845,0.31759556059120225,0.36270149104681,0.37628610998252365,0.24058728642735316,0.22840287373086124,0.28029028313521476,0.2977211785572137,0.2752813597601913,0.3793256941312517,0.2926854886242319,0.24688971040455682,0.23866833093543466,0.30340185546709664,0.23422702457384723,0.3571750253848154,0.3666966594752061,0.2802406172844311,0.2291366635489358,0.2608817181014269,0.32382147130945343,0.34371254180008537,0.3177570196749146,0.26411428898577066,0.28545965401581347,0.300313052056034,0.299868552995052,0.05308423192625309,0.3016985292647525,0.21726747126798193,0.24095027053543092,0.3555125907346438,0.3757935457409885
632,Billy Dowling,Adelaide,0.2605055299195209,0.3477764935895142,0.28570973363206387,0.2688318286072316,0.19770388727153165,0.23726981465860802,0.2843981423371407,0.2619189002689348,0.34774693456621864,0.2797710456512635,0.2351755025714049,0.3386995170434661,0.2733975394490648,0.25643966871270424,0.23608613217820856,0.25000652554096736,0.2958143885061718,0.3457168290089093,0.29108100583383195,0.26362978668239057,0.21596113542289191,0.23052816265880927,0.2536622066777829,0.26201768683104576,0.22126889764840202,0.26106129422545554,0.26938198041152595,0.27112608338888344,0.28063731511965023,0.3091804685488716,0.2689883731431781,0.236319647050452,0.29944070464516565,0.3266711213860597,0.2005371592460513,0.25313913229028295,0.2666891266982141,0.2674067520194028,0.23382802090544713,0.28795930140417914,0.25647827684191865,0.2150600745278779,0.25588491717523987,0.29807919161343466,0.24063989720526827,0.18140577524493737,0.33359669874246295,0.2570940170940172,0.2652563749904896,0.2862775336913268,0.26726513065755747,0.0382179209019103,0.2644430808364401,0.20351435687882577,0.23489387890321972,0.29836374783706643,0.3442782800559934
490,Reilly OBrien,Adelaide,0.23290203327171907,0.16802168021680222,0.2666666666666668,0.29972752043596734,0.20786516853932585,0.22122302158273385,0.31182795698924726,0.29268292682926833,0.19653179190751452,0.3266787658802178,0.2422018348623853,0.2582417582417583,0.16728624535315992,0.3085399449035815,0.2477064220183487,0.2527472527472528,0.27297056199821607,0.2437673130193907,0.25602968460111325,0.2994350282485876,0.2515952597994531,0.23978201634877377,0.22888283378746596,0.3782383419689121,0.1964452759588401,0.21869158878504685,0.3076923076923078,0.3846838824577026,0.26595744680851063,0.2511627906976745,0.3403476669716379,0.19981498612395934,0.20074349442379194,0.21022727272727273,0.2886216466234968,0.3137962128043284,0.30741079597438253,0.20119379377871513,0.22160664819944606,0.18497109826589608,0.200361010830325,0.23866790009250705,0.2772449869224063,0.2178770949720671,0.3127208480565372,0.288888888888889,0.19516728624535318,0.21082621082621084,0.3450834879406309,0.26840633737185465,0.2564032598131531,0.05257153202301994,0.2513790252485638,0.18706131680168478,0.20066355535275734,0.30922713942948565,0.34411264464198726
330,Max Michalanney,Adelaide,0.21749905975729728,0.2541689650209281,0.20854346110545605,0.2300332475038137,0.2857461330000837,0.2116440437682042,0.25461899966247503,0.20706878011043722,0.2336925797089706,0.18927227878400882,0.26833357566753685,0.21010799902245086,0.233966636673189,0.2625866686174315,0.24257193014360912,0.259909260272656,0.1812502215509836,0.24083304365995947,0.18286646989543803,0.24111613057301612,0.22454677463309675,0.25689902189344704,0.2669568444611179,0.34432775227625745,0.23338270757105553,0.269194354900954,0.24417524802904156,0.16897144719359244,0.22705791799428393,0.2262437304004981,0.2280677803834756,0.22287636618049073,0.2534558349339753,0.2253073868941551,0.2307185265586089,0.22715660803514187,0.21849817326121054,0.24067565518986797,0.24952715116783272,0.2692609098583032,0.2223712906981533,0.23296241146144583,0.2952350757871692,0.2290229472894968,0.25089999495310694,0.22191704666815265,0.1944387833707753,0.24500280825010398,0.25294094527521543,0.2804447490256838,0.2373673145818731,0.030787824489904962,0.23353764364001306,0.18417966071759503,0.21132301041634174,0.26350003536876193,0.2846593492853317
329,Jordon Butts,Adelaide,0.17003582159442956,0.2640077139193581,0.17800074999636376,0.24283725610431414,0.2401990232606866,0.2549263775436334,0.23277095736115808,0.21161120997954355,0.21115152091798728,0.20797518130179588,0.18287321062433443,0.18681051081736147,0.23063787298779415,0.32420000239080515,0.24406531244968854,0.1863841178291764,0.22262499269213024,0.24892064875379077,0.2767621243113198,0.21562260458359736,0.22925658077080777,0.23159892045814626,0.25387466423578114,0.254644860275081,0.20360154168486364,0.22237465427953607,0.24197518098992324,0.21384116944724954,0.2445299237509049,0.27276297776650865,0.3072956638578947,0.2585792904610499,0.19470123816062732,0.2057898995272076,0.2536447981588733,0.26802083108315833,0.1939214519313608,0.2150236720742319,0.20540421655971505,0.192122510300591,0.2703032093811124,0.21228936802546852,0.1885659194940945,0.17149513513399853,0.20280468351311978,0.22931938120735876,0.16041568534365483,0.2675057032499988,0.2488975825830381,0.2131359992893573,0.2272022784482796,0.03507683261331722,0.225940786731469,0.1728287861807834,0.19137918282203323,0.25971383096383627,0.2759422992696335
489,James Borlase,Adelaide,0.15325496203620934,0.1514129956593346,0.1395020177224987,0.12025002248770111,0.16197356782081476,0.13399974225375938,0.13845568227965885,0.15474926667005606,0.14068342747726573,0.17890374316393448,0.15102001476493981,0.20706332881947165,0.10992744918150893,0.1773465540627052,0.18957117874877102,0.17105419987764187,0.16448139801901862,0.09817869693503481,0.144865586795683,0.11678113816663903,0.11590784555045973,0.127784522334994,0.12496751331927317,0.11861749818196679,0.10869166544593784,0.185999478421959,0.12376165494202757,0.10601774093424549,0.21776890806450155,0.17639505775935638,0.1666258447520848,0.1345128661878749,0.13888710163119355,0.1222045226138213,0.11680022038877198,0.24835738561979884,0.11282119940031551,0.12317041755117758,0.1305118754226176,0.16400622753592156,0.1653173063933616,0.1501963206254409,0.15849687606941276,0.144145354340117,0.16528064672647894,0.20659118279355482,0.1179794852309874,0.1644237763443768,0.1679396577738548,0.11351611027620366,0.1484234247114947,0.0318536809508904,0.1445054705679,0.1089450011117299,0.11679623220434619,0.1765939204867563,0.2069665388841587
333,Nick Murray,Adelaide,0.09693079145389819,0.08987762032431804,0.12559295981962784,0.125230406407624,0.0894874087694503,0.07526958594001977,0.0660757537762694,0.10318762598653543,0.07354830184930305,0.07203996551274186,0.1380216111902158,0.08284606014694185,0.08164679139961378,0.1051354792741584,0.09460428195346934,0.10135152500547054,0.10088792389958558,0.10218080355724202,0.09712732181965641,0.07627132925132357,0.062453508648350406,0.06413442250434682,0.07093630467681329,0.07258671740158333,0.08928362450651758,0.13025611020605402,0.06760471466744558,0.08479266809017331,0.10478575260267742,0.13332797317620765,0.08616755681463448,0.11482792849156155,0.06922682863829757,0.08704172309390129,0.09166924130011454,0.08500607426373999,0.12146605582182468,0.0920127590412437,0.067516140346754,0.07768561048536445,0.0685224528413767,0.09544221241530448,0.07849424129756669,0.10523824311631239,0.06760950135448011,0.07834469469169658,0.06245986934448421,0.09204676693742977,0.03546720028938632,0.06163651320037057,0.08830713915206957,0.021383831962110404,0.08660463995426788,0.06245481259105783,0.0676085009368899,0.10515695691716857,0.1293001643768366
433,Chayce Jones,Adelaide,0.035087719298245605,0.05694305694305692,0.05199807414540201,0.05688622754491016,0.03248031496062992,0.04360465116279069,0.048904737646459466,0.07239819004524885,0.056351952545724164,0.05914243469689499,0.035485460818137006,0.03228962818003913,0.02106318956870611,0.040717401841977696,0.040836169178415156,0.06448311156601842,0.029629629629629634,0.06557377049180328,0.0780722891566265,0.06858846918489066,0.05196128374936322,0.024254674077817083,0.04987775061124693,0.03520782396088017,0.047197640117994065,0.03221083455344069,0.03382880574064582,0.05792682926829269,0.04824120603015075,0.03925515853044789,0.06279733587059938,0.04511278195488721,0.041055718475073305,0.05891016200294549,0.02678571428571427,0.05146316851664985,0.043457267020762906,0.03719599427753935,0.07097092163627403,0.0263800683927699,0.03559070687098367,0.05180294565769424,0.0482654600301659,0.03422053231939163,0.039176293319939735,0.049853372434017565,0.026341463414634135,0.04444444444444446,0.05839416058394159,0.059405940594059396,0.046442458746967466,0.01375535168027009,0.04615521103644064,0.026349377435151967,0.032440461423486444,0.05919750742940235,0.07048251888374042
654,Oscar Ryan,Adelaide,0.07841114150359368,0.047643840266692605,0.06251431416479963,0.029108590755541595,0.023635995546107912,0.025401756516864445,0.023346303501945533,0.05786451505695981,0.014482304761345873,0.06414630741309509,0.06334383130220458,0.0809243834721542,0.0537184452791997,0.04649600215010416,0.03643824038605724,0.051225496593667624,0.06389826578691936,0.019923368519036415,0.05131900000138559,0.02906405382913682,0.042660978719771314,0.041482320743952986,0.07008011712554398,0.028725356886593126,0.04124746604553098,0.024667868069234322,0.07181735943944437,0.043978711882331545,0.0557097931305587,0.026753625675791648,0.01646843549862764,0.05737523074411579,0.024665929870390846,0.037718633189928776,0.04559594757710919,0.014570584874620564,0.06696199998527573,0.08219178082191785,0.04437685944764928,0.019143375774038657,0.04569911135795613,0.07560689637161125,0.06814879395524559,0.05581250417325115,0.039592675875361395,0.03893838158871567,0.05181634383356161,0.05639202279202281,0.043420752298625236,0.06307169238203722,0.04635195413875255,0.01863950476256782,0.04564752946753266,0.0170167982550869,0.024667462985676035,0.06473478716068083,0.07783627125153728
334,Luke Pedlar,Adelaide,0.05215363719793656,0.06535127142198482,0.03952552744927805,0.055115857157879214,0.03432126979155706,0.03165280884729747,0.02497615447431904,0.05246064564156799,0.04532516368673406,0.0495829173727031,0.02825070560123869,0.05211810788593877,0.05476035635346153,0.04177162642738451,0.07496853048581315,0.028878315861186436,0.028619735329101146,0.042779547496528625,0.03276983221745131,0.035783363454329795,0.029367187562243137,0.04518970955905824,0.04378422722399818,0.02736222519458762,0.055281302943897416,0.02205711757721292,0.0296072523440605,0.028946720654729155,0.04944927650347364,0.029122571054401303,0.03932145678326127,0.037023702453522246,0.019705946820010554,0.01851520572450805,0.030709911918364273,0.046358197421443065,0.015129801160316843,0.014772577489857847,0.055844334691176854,0.03996379264752643,0.048117427664654606,0.038618368440095266,0.01793059338575036,0.03475296021921309,0.025877011760674806,0.018397642787623812,0.03902833116147624,0.04668683360534623,0.042602917586640164,0.007467684786231927,0.03736315326558095,0.013935940196460597,0.03782103544680876,0.015703963566530716,0.02436607576282386,0.052125533512146306,0.05572891318298456
331,Callum Ah Chee,Adelaide,0.03890116315525813,0.05481042273638291,0.022404779686333094,0.03013927715809333,0.04086494068375651,0.02662337662337664,0.04520863290573273,0.029886203479748654,0.02903644824939981,0.013254914099984524,0.06268656716417913,0.028469058210977338,0.030289359393724742,0.03371654354199725,0.007909896261693429,0.030912873655746353,0.043764591675830605,0.029936263352745997,0.04189300735034002,0.032800240834836014,0.0171329020121986,0.0474762631687077,0.025962088467078058,0.0453213312726073,0.02817141993679826,0.026747771318409608,0.03156993789085931,0.03672750755342475,0.022230443944075595,0.0463635806220742,0.04052030373060417,0.05671627272133114,0.017941382217359324,0.01736207908078769,0.047257703624094864,0.03730127468829996,0.05789884819409374,0.04716527696623384,0.03504233533178008,0.01689244071793529,0.04676573426573426,0.022663280602685104,0.016852979716026444,0.03596129991165236,0.016714097496706194,0.02641376033504056,0.029766048243091925,0.01639886685552408,0.023322277165468495,0.03390083632019116,0.03288137809182023,0.01256163673565263,0.030601116524735548,0.016463489136966415,0.017820307861815852,0.04644763073359915,0.05632557347441674
454,Finnbar Maley,Adelaide,0.03534581393513769,0.030365218713183602,0.02370685292033607,0.007989347536617845,0.0299143509795438,0.03892852653495983,0.0283848160506937,0.029284441049146938,0.026390608658019073,0.01927150153712087,0.02577582676090359,0.03741268515071057,0.016260162601626018,0.027081784883622454,0.029724048567864356,0.015946843853820603,0.040332845108591614,0.018731859455659118,0.01885606536769328,0.021809712027103335,0.018793152654545894,0.019739566726405797,0.0072075773813810255,0.01061844135597894,0.04528866198891801,0.024862685767714603,0.011630261119851697,0.03434833923795698,0.03196832871488578,0.029791528722186843,0.027999450855967972,0.017387985116858864,0.007843137254901962,0.010626581369478427,0.025932904014466802,0.03159921519713895,0.030868916505347704,0.018422889408157405,0.018750867358242697,0.03470788392128288,0.02489920855007137,0.0187797218483625,0.02935653526327103,0.03015617846208756,0.019023115095237426,0.02303031655527165,0.03274193413748487,0.018271984354264168,0.03673781364625398,0.044365593049072595,0.025145281746508014,0.00934005060900787,0.025854365387685194,0.00852831176958687,0.0171522702111752,0.03442348407677209,0.04004495980099709
534,Charlie Edwards,Adelaide,0.022213860977085265,0.017006802721088437,0.018726591760299626,0.007303712720632989,0.03221957040572793,0.025285972305839854,0.06863335340156532,0.003771213073538655,0.017401392111368905,0.015238095238095242,0.03788748564867967,0.025285972305839864,0.031088082901554404,0.02521008403361345,0.028828828828828833,0.06721698113207546,0.02241594022415941,0.021454112038140644,0.03656307129798903,0.02500000000000001,0.007330482590103849,0.025500910746812402,0.035587188612099654,0.014294222751637884,0.014379868184541646,0.01812688821752267,0.011049723756906082,0.04409063074096754,0.03492433061699651,0.03462204270051933,0.024837374334713187,0.05807622504537204,0.025392986698911733,0.03266787658802178,0.014319809069212415,0.003761755485893418,0.018427518427518438,0.02841918294849022,0.04147465437788019,0.01737116386797916,0.011104256631708822,0.0530035335689046,0.025641025641025657,0.026996625421822275,0.034198860037998734,0.04382227632379796,0.036923076923076927,0.017985611510791377,0.03282674772036475,0.014371257485029945,0.02700558460305488,0.014480200267086888,0.025285972305839857,0.007309200543874515,0.01436050476612408,0.0371246383467279,0.05703632329269619
332,Hugh Bond,Adelaide,0.04548125938236603,0.02401509428560461,0.007490636704119851,0.015663815069532645,0.03611983647571932,0.018305397325877125,0.040451319122108385,0.011881188118811885,0.011627906976744191,0.008166043817118407,0.015346743607834203,0.011204481792717092,0.004024144869215291,0.007992264119977114,0.011560693641618498,0.03241915281348315,0.03039461617787167,0.01313833146136199,0.023816590999548023,0.011764705882352951,0.023814094268541686,0.01778656126482214,0.003558718861209965,0.017433084598445142,0.031113618253064225,0.02136166562939642,0.019929913676134867,0.011549566891241581,0.0,0.007281427694622271,0.0,0.0036297640653357526,0.019467064291296944,0.025025409508793013,0.014319809069212415,0.02589580925314374,0.01638376548160029,0.0,0.029289088545233176,0.03058903842451737,0.011787819253438121,0.007314287241077572,0.0040404040404040395,0.0,0.01205408965952063,0.02068918922226215,0.03482426717281824,0.011934263128586201,0.00944676849630496,0.015803153558123756,0.016543737283862582,0.011018783913634924,0.01483327633852331,0.0,0.006604053750890662,0.029520143820454616,0.035854244768624595
511,Mitchell Hinge,Adelaide,0.00644468313641246,0.0,0.0,0.003248511099079588,0.0,0.0,0.0,0.0,0.0,0.0,0.0,0.0,0.0,0.0,0.0,0.003236245954692556,0.0,0.0,0.0,0.0,0.0,0.0,0.006150691952844694,0.0,0.0,0.0,0.0,0.0,0.0,0.0,0.0,0.0,0.0,0.0,0.0,0.0,0.0,0.0,0.00326086956521739,0.0033094318808604517,0.0,0.0,0.003243243243243244,0.0,0.0,0.0,0.0,0.0,0.0,0.0,0.0005778735366470077,0.0015372809927315305,0.0,0.0,0.0,0.0,0.003299476606153624
655,Archie Ludowyke,Adelaide,0.005545286506469501,0.0,0.0,0.0,0.0,0.0,0.0,0.0,0.0,0.0,0.0,0.0,0.0,0.0,0.0,0.0,0.0,0.0,0.0,0.0,0.0,0.0,0.0,0.0,0.005612722170252575,0.0,0.0,0.0,0.0,0.0,0.0,0.0,0.0,0.0,0.0,0.0,0.0,0.0,0.0,0.0,0.0,0.0,0.0,0.0,0.0,0.0,0.0,0.0,0.0,0.0,0.0002231601735344415,0.0011043774628923383,0.0,0.0,0.0,0.0,0.0
145,Will Ashcroft,Brisbane,19.708865199327924,19.928758210497808,20.171798025925238,19.958168823069997,19.942891651439968,19.604859545840274,19.89759836752904,19.964819270306965,19.85139740189383,19.918835428907013,20.04971089892436,20.08812956995867,19.728925590489954,19.81157278416601,19.767402786225404,19.925112811932244,20.00219054407998,19.90127312670807,19.78116876278079,19.76623110777741,20.30651339334507,20.14352667469759,19.637632115966817,20.182747151539314,19.70879416403203,19.421422877098742,20.13534840062981,19.49080222662297,19.74292986035888,20.13169540670292,20.115568510708858,19.9138752423023,19.14497116807774,20.180488960888884,19.61652149374097,19.47294885304578,19.60425209742198,19.66867719647514,20.251678059133855,19.720968801257545,19.473318401440856,19.51707373724601,19.904998895843065,19.891682163222125,19.751071734498893,19.541720922161396,19.9802307088949,19.6503607420825,20.03659122038117,19.88286700564406,19.83981976186486,0.2452392361064607,19.887274584433094,19.47302461046677,19.60473258912085,20.118939031971617,20.182284222455976
139,Lachie Neale,Brisbane,18.58973441352596,18.53494770234793,18.545333194149766,18.58494258657175,18.817357975867615,18.37687118564138,18.490571427877793,18.619555453982134,17.897709857381702,18.66480600611899,18.676164716352684,18.31225223365818,18.77540794200819,18.789892317892875,18.4095237334165,18.149552043960178,18.295665798062174,18.542107881439936,18.406036852090967,18.50517581429946,18.284444223426146,18.204244762698924,18.475429953865003,18.341156737589184,18.549752982942664,18.904161505588757,18.074845746497086,18.29678069495292,18.751022443152266,17.946714794998986,18.61839220353264,18.785152181185943,18.823398728988536,18.74405590018481,18.47935107500817,18.58068391061239,18.329010752374863,18.895887134701724,17.89485522322326,18.85781577631878,17.69891577134811,18.56820694882607,18.51478768047439,18.218455175589302,18.468033184314887,18.412328597295957,18.248054138920033,18.57163739191917,18.490462905879223,18.54631206582516,18.47115919457763,0.27012848525235655,18.509981747386924,17.907755869593245,18.24186795558391,18.756119012413155,18.85076028161608
164,Zac Bailey,Brisbane,9.008539803522908,8.351883110016933,8.53703155846099,8.955137966594437,8.243379648798642,8.583694516228208,8.530754308474402,8.439681973040004,8.462657954837894,8.710280805210571,8.37246549537887,8.60172481413407,8.514934412810861,8.915449996613768,8.640093181795482,8.92580596578845,8.66477139377153,8.478564765466556,8.311390080664955,8.869933101294803,8.616957585781785,8.440093805165379,8.828034849644707,8.684040458849447,8.589022809823708,8.527644993990656,8.508929196398821,8.763494429471807,8.781022348803301,8.320112718159033,8.440760512000102,8.65564229435878,8.804543452882692,8.611295807886705,8.485945386521191,8.717040793484813,8.919920922046357,8.754531268204968,8.714428557966034,8.658767166345516,8.718352576936484,8.61667930200605,8.55130824859847,8.655463124307014,8.495500269706028,8.669143743383414,8.508710752277056,8.436291648658626,8.459574118811942,8.62865402491929,8.61360164040589,0.17768726380805808,8.613987554946377,8.326625648489902,8.440621170271644,8.785938259555893,8.924599531821322
154,Logan Morris,Brisbane,6.909461772758551,7.196455173953205,7.244051823523315,7.165733429116376,7.184526804862683,7.341200026277882,6.8420538816204495,7.134182620356115,7.072834060819554,7.008304855644161,6.876550795973447,7.011917489115119,6.944433487373738,6.912139768485953,7.107584851179727,7.070003414846628,7.281102457701178,7.083348188077102,6.937788804506291,7.126838886824142,7.088688133092535,6.929893864082738,6.988915213254561,7.021130832200148,6.9681612122728405,7.138420694688274,7.096713117250411,6.993505902570524,7.113772218924016,7.003908093423143,7.049411005278742,7.026999057515145,6.952211038194374,6.898046034473118,6.955390299327928,6.867933850337307,7.2366545695182385,7.419968655442041,7.059625285003032,6.892268283101777,7.184360694069932,6.9172363371019046,7.101498449815964,7.099874731333246,6.948022499743054,7.0861316757503445,6.712452064776468,7.011411305793767,7.12000762797548,7.15413143763627,7.0497451355392595,0.13464847860474086,7.054518145140888,6.869700324192716,6.91617115426117,7.169626527491669,7.273507077694716
153,Kai Lohmann,Brisbane,4.224274653349866,4.1200474048613795,4.097420147588059,3.941432462625901,4.085636219099684,4.235606900194664,4.198882681292753,4.249190622060703,4.024408760145511,4.355158501526296,4.225844078246953,4.02765166251938,4.501389589274749,4.165301465793234,4.234140647275862,4.416075134083797,4.165502529809487,3.8698444674358266,4.154239333223512,4.115235110087482,3.9901961116263296,4.046530515714783,4.292948648067823,4.326750243149444,4.1910367226168,4.130021517937654,4.103397586813607,3.989184419784044,4.194356827496997,4.205655637493118,4.183423765654812,4.020155834958147,3.9589709443802397,4.232475368276795,4.384827001511599,4.346100445141438,4.153495501433976,3.8304280184274346,4.34586852119258,4.142195114290505,4.248559026624493,4.070688973431645,4.183184956833426,4.025597998936754,4.224906719038122,4.134312711011899,4.257516429726963,4.133744845270085,4.092367866380147,4.055893705708995,4.158041486988515,0.13659427401607632,4.159770399508373,3.9450278513855404,4.0253494480293845,4.264921763360203,4.378744959014612
152,Josh Dunkley,Brisbane,3.8863940895569575,4.250328697186483,3.6252915854294296,3.540905286938036,3.8488759432317394,3.9286178569426093,4.03059200409451,3.88831234818655,3.8324139585710477,3.728584097551903,3.9490637292498794,3.8887516003730958,3.64443767759213,3.856013320842058,3.668606903360576,3.645206273535466,3.778960370441571,3.8622702783330576,3.8689033844866576,3.9032299326093,4.030064087785825,3.8171214662614923,3.738791578421148,3.7722500978309537,3.885638677616603,3.935865079333717,3.9423048447226,4.070571695234201,3.5862173357477976,3.9416767293151627,4.0524290971917765,3.8284672845774557,3.8443409690134396,3.8658524533446346,3.9845826924109873,4.033359716496643,3.654256916229402,3.9633022390075134,4.037176666575671,3.7978908516519043,4.022467585524431,4.042688663070346,4.070494002339984,3.9465725353909358,3.83969821662344,3.9821367339864135,3.8874135482629826,4.030940236508984,4.1664984198599,3.8646175991746246,3.885228947160481,0.14933233995796058,3.8869038189099703,3.6292165343227833,3.736658214919476,4.031445907826405,4.070555768190887
175,Darcy Wilmot,Brisbane,3.291104388802732,3.3836014423095824,3.3662227752212424,3.3833959659290223,3.43689722109851,3.1300681736937688,3.2583864573219645,3.0921146623596014,3.4285177911015294,3.334163037988311,3.3276288663689106,3.4434925604006543,3.33430851499974,3.1879102654635703,3.3064211133903494,3.206979205408235,3.3200247107374956,3.442472587076916,3.208784830218025,3.434220694050769,3.335112033079798,3.4271713574389717,3.2427230718323328,3.298007028980582,3.1784143562370915,3.2522582451289397,3.2858521531290754,3.22190185887919,3.306673410831889,3.40490754557902,3.121674242791705,3.0994904400926635,3.217345659009106,3.410754526735181,3.0194722311031605,3.2869201266470984,3.3488905274134395,3.155201569766387,3.308767727529773,3.322788652994682,3.2664655823482636,3.5397346113451573,3.262990269752478,3.1412914451786498,3.227688177336695,3.3355307170708746,3.4476148278271146,3.276642570287458,3.1537555005862985,3.3975422546126284,3.292205959709733,0.11160730954885932,3.3022140711854657,3.104038119645967,3.1735628838647143,3.414185644352273,3.443283465869288
142,Dayne Zorko,Brisbane,3.257602446173853,3.5300730481490112,3.142976621349575,3.27307248702017,3.2948418071586527,3.4243518220979405,3.208437718534451,3.072008800476508,3.075972590532829,3.088729545600084,3.1182471808491354,3.0507042370144,3.242819798293705,3.072717133230377,2.9596003589146567,3.4836531936808983,3.318882202730784,3.309758343548152,3.2067649694265965,3.100333544925017,3.449454935488388,3.399390022382074,3.4463079621856685,3.1632636204694893,3.340479124462531,3.4024226705229004,3.4198060423257237,3.2560528205747326,3.3126010733356326,3.2786268142195265,3.0274959216253143,3.2021092299619687,3.157881437244942,3.46124878355198,3.0707362092614177,3.1389681215881455,3.2011542415615803,3.165583801209503,3.2373875732655977,3.3815640567744425,3.1302793723373883,3.4321246404196533,3.0261039273422314,3.3638754034341183,3.1423863242157366,3.3311980420429004,3.2939039479969456,3.147257456052848,3.159438718896128,3.0339522950424453,3.236092048789975,0.14347538403400473,3.222912645900024,3.028819478175826,3.0752921999566167,3.4060557952296904,3.4588310446989436
148,Jarrod Berry,Brisbane,2.5552469559199666,2.744705453714053,2.8475901803114847,2.752400112178888,2.6727926599696716,2.754409435123009,2.7160969485552586,2.600081085308953,2.7390003619061214,2.6552617792043374,2.8493876033616785,2.988197593731213,2.587191538732164,2.8232036712882245,2.6968698052533897,2.649007117990591,2.723675684431332,2.8537638108670165,2.7048073987980663,2.6011424558710092,2.6767587769489505,2.73895063486938,2.715581279839298,2.6244708678876227,2.7441518050502824,3.030709356991087,2.868745937544656,2.8301935039903676,2.566904855187058,2.844552461089249,2.665958491444586,2.6573817939661044,2.7743686744982314,2.904286248727692,2.7323413539170027,2.635807774740439,2.8302263193374935,2.925843820999205,2.6711064180140323,2.7127816295539695,2.754853507684309,2.731495425115534,2.83470268213477,2.7043635818641953,2.6625354309719187,2.627937423498227,2.884740493536874,2.707340003802658,2.7299606400439527,2.667818274755351,2.7394340224104177,0.10591557394789286,2.7268181622376426,2.589833895780406,2.6462484552513095,2.8479658417289753,2.9214245186835446
180,Hugh McCluggage,Brisbane,2.6423362137576314,2.6687793039826335,2.622888583763228,2.6773252907803453,2.6818142458979657,2.6226386251360823,2.625923571083268,2.612264579331426,2.581061282907374,2.753035690053901,2.755873229704317,2.538886418373586,2.5253252093985488,2.7170432815268164,2.596917047144254,2.432866699996446,2.518978440365143,2.7014496572030717,2.70845111604813,2.7107235975647583,2.6064867768662,2.857189078683739,2.639841164712857,2.6794124175457528,2.7070216184329183,2.703137103669164,2.6074338286700267,2.7014516411698204,2.668299327012482,2.6624801572609407,2.87391854774231,2.6011156023939206,2.7382471581268177,2.6705006509677753,2.839508011170188,2.7992698455004796,2.3968460362581423,2.878565198847484,2.705505547083716,2.624505951892896,2.7197639159588034,2.612404069263113,2.6756437474738384,2.7679439416899903,2.689071645337166,2.789366873241243,2.660694057300792,2.5688355464261265,2.7584165294056118,2.692361667175329,2.6717963948259715,0.09851998300404816,2.676484519127092,2.5202795280169914,2.60023810434674,2.7564047793418878,2.853564459843461
140,Charlie Cameron,Brisbane,2.5997031593104523,2.4609884939098237,2.56993896339442,2.3704533694041565,2.5616369161052046,2.6550375928004297,2.5233077399192743,2.533712236541587,2.5824208255842183,2.4585863987787637,2.4755585645506892,2.6660556296213214,2.6213158747335332,2.500468580108303,2.5225969627431786,2.659973408531522,2.4152545877461775,2.4814066808961415,2.540219371459354,2.5463108220613786,2.4948715798718686,2.573751951162059,2.566549164698731,2.460469933617252,2.660548851777771,2.439978275470044,2.3535401613043474,2.554037281749486,2.582625111226748,2.5179712278941384,2.595198122258003,2.591123348047031,2.4277969921728557,2.3447851251243117,2.565660430063005,2.6341448188448786,2.54726392415448,2.5646393334979343,2.4562025061225614,2.5017430211354665,2.5803764449049704,2.5691648108183163,2.401749861594223,2.463390013243294,2.563236533532032,2.469224419963784,2.725116049023001,2.4470921764644684,2.4774102514811536,2.5970121238481063,2.529432400465325,0.08431919973121352,2.5432650967603663,2.3768691503031203,2.45429844722402,2.5975745502597367,2.66043088591229
174,Levi Ashcroft,Brisbane,2.471375143346107,2.2355375624551748,2.284162436872741,2.443841783467931,2.5089886171391345,2.426941691422785,2.3987415802862126,2.338205348482159,2.3949299747375585,2.1272158165598167,2.322368153559319,2.507824019812037,2.52160252850677,2.62855077982718,2.3057677036825357,2.4899019895597863,2.445517729228894,2.130261543156904,2.481619331138796,2.407472070481222,2.3910548564119214,2.2521420737346745,2.446873601432432,2.519484295735235,2.4167590108513424,2.526788930453808,2.620508863811441,2.4482748519626885,2.6071081233479005,2.478381256472196,2.2987509668182557,2.296355904031881,2.50674049163501,2.371466326420542,2.473063643168489,2.5528420218375314,2.3023695269429107,2.447420132915149,2.3251344509267042,2.4712257330668757,2.4123587995436386,2.2880567631348296,2.568078758852421,2.352789041012564,2.503225465973659,2.3522169626709295,2.4987758738762134,2.491727329213724,2.187047901127928,2.4098495328545866,2.413753945879211,0.11701317092397184,2.435391737445358,2.1969882817000137,2.2982503986959033,2.511182213965719,2.599107103626327
313,Sam Draper,Brisbane,2.2978903451709485,2.0691723561902338,2.0631375821115574,2.2258881475213643,2.2220783347660444,2.154850374714199,2.4227015258305356,2.407174092374585,2.1759316150177663,1.9427880459915188,2.0900275107355104,2.059928743164328,2.0726927483684787,2.0025326323700665,2.1295283641281286,2.1403487624613775,2.0499943499590385,2.052222788156508,2.209818420963871,2.126558600978348,2.0142135784589508,2.106318689253774,1.9819129785528249,2.257025326248744,2.046728803024601,2.1670604257905453,2.183763134453348,2.2750973792257176,2.196170383318269,2.323292834532455,2.1303407474608185,2.338907736650507,2.4044930322202047,2.110896464066088,2.156737569266006,2.221721909596802,2.329136716914965,2.1896812591272337,2.2051227194549323,2.157634677229528,2.1933947101727083,2.13304225761866,2.10111688325373,2.07353335366538,2.3659589915245407,2.173628297256145,2.3658838883604076,2.3732161811794903,2.0189432290631464,2.2128818786001334,2.174462427530301,0.11988094058914715,2.1623475515100363,2.0049272263182876,2.0583181985676937,2.3245142059503996,2.3980812777568583
149,Harris Andrews,Brisbane,1.8987030179176903,2.0956296006408235,1.9725404203431196,2.312819429060306,1.7537644842197995,1.953134980015355,1.8697731869574024,1.9374988792345096,2.246136845779648,2.049663739784079,1.9938782460279432,2.2263357583586627,2.061018158451716,1.9793710456147993,1.992408515247279,2.148532605691636,1.9785821802650105,1.9367981983822162,1.9983555424518569,2.0642644314402068,2.0433294081441007,2.132298037496155,1.9359737656895775,1.9796574265581115,2.0977761110806417,1.9216699107165294,1.9656015775523232,2.044624891397872,1.934384578776684,2.3993659580130164,1.8969524903155757,2.291607297758899,2.1515791593089784,1.7635228643449983,1.9980654396872273,2.108790751942222,2.0225834885485234,2.119102129558395,1.8260354539795445,2.1223022145672576,2.072294618211815,2.0760107063032622,2.024671060633486,2.101577712343527,2.0346086634916234,2.0297477609657713,2.059165570517551,1.9379686863038321,2.163965040961316,1.9422145313000523,2.033333131447059,0.12855392984126257,2.0272094107996286,1.8350016892400054,1.9356416256247828,2.1356910622490104,2.282285855103152
159,Cam Rayner,Brisbane,1.220054314415477,1.2742085944416823,1.202380848056311,1.1806495951250575,1.344417487121921,1.2420458366255076,1.2686954309228429,1.4849673258731326,1.1894221016904223,1.2627179439168799,1.4372381266257013,1.434027858117224,1.4344311996317418,1.1656099265941615,1.292359287980031,1.1620066534724895,1.2350801214729554,1.2645525725170268,1.316112135429481,1.2999666565836179,1.3289993040019483,1.404035632721161,1.3036618284016015,1.1839754595530267,1.2486060883782297,1.2318418230019634,1.3286708644016056,1.389311282347619,1.347051395568094,1.2433566004844665,1.318242222515709,1.220681772279575,1.2112820512350662,1.1779515145139914,1.1838016792326003,1.2415278750373486,1.351505192539641,1.0853886280729568,1.456314454406064,1.3780223943444851,1.2301508914029384,1.3354564326030791,1.3757228649911306,1.219801848545778,1.3580162017067916,1.1886703978464308,1.2455022461779697,1.4735455259564083,1.1258815855715432,1.2826757836422706,1.2836119171619031,0.09468146073130096,1.2666240017199348,1.1627453244624324,1.1876891557431093,1.38038177193714,1.4524038072110896
171,Ryan Lester,Brisbane,1.1895772094742803,1.1357646893630808,1.2395998690593524,1.1951669846148225,1.1857744055172055,1.3219155968632403,1.3657001818951884,1.1729103064236015,1.2191652783776026,1.0704431154286538,1.340845309956809,1.139021172100527,1.1795687726906507,1.4049104319484174,1.264211380069995,1.446859312010254,1.318617343818953,1.2106542911133686,1.2817953979303485,1.3197681250053628,1.2338075584093453,1.3177402511268927,1.1712005262167147,1.1631112076896082,1.3012977435545539,1.3247297348463307,1.1261387865610712,1.3285953297784636,1.3695431331103818,1.1289467805017501,1.3198691896970776,1.3184971718492033,1.2901585601985504,1.1471372434160063,1.3010746159221385,1.1658103202659043,1.1281244078981112,1.2379141386753296,1.1492495040669104,1.256595672729173,1.327702580266631,1.43067634932202,1.3517282977877763,1.3555538354751615,1.1852860499532607,1.3229325250573745,1.3916915091718431,1.2647991309394926,1.284016212742934,1.1526936895421187,1.256977824608677,0.09195858932431139,1.2645052555047438,1.1282929942818571,1.1519738547778002,1.343119854413481,1.4022005527792196
161,Darcy Fort,Brisbane,0.9827919741588365,0.9322380658803829,1.0562131693728884,0.9763479160552538,0.9851129405058293,0.9864649488118031,1.1170455443619056,1.0533880518704808,1.0014901622870673,1.1449878424637634,0.9630159962679714,0.812390276675362,1.008656161357714,0.9791298689912143,0.9935925443397916,1.1090077526878817,1.0664712091202628,1.0701739154107945,1.1247490554512916,0.9925329752653591,0.7906881760016933,0.869689130080958,1.0349118503453667,1.0724054448968738,0.9117630960466359,1.0051364367833346,0.8680392603593531,0.9593943827806419,0.8872403327531216,1.0157227742336263,0.8927009584231694,0.9751216224422724,1.0195119781852522,0.9976154298330072,0.9095953037641413,0.8583368605679025,0.8496561033103376,0.8371519005683143,1.0726647689367135,1.0764608100270558,0.9141239691208491,0.9816627933950058,0.8265823614824941,1.0974796219547553,0.9815866248981389,0.9882667661356255,1.0643877217679885,0.9780429306044117,1.0382071839273717,1.061693696025526,0.9838328132197557,0.08727552368863273,0.9873658574737143,0.8287491169950872,0.8835721313946394,1.070640305073385,1.1153977970687308
160,Jaspa Fletcher,Brisbane,0.7819850216555445,0.7346311520580089,0.8191933368393916,0.815351350991757,0.8014145850011447,0.8737060878351879,0.7362562523740146,0.8515005289994677,0.8573506789737073,0.8914349919124058,0.8462459209508315,0.8047829456833107,0.7469959963548142,0.6741329132491212,0.8077150773547344,0.7066250854181024,0.6799859617375918,0.7487435882164771,0.9011047620706262,0.7581787254321786,0.6659218473243922,0.8247878413135151,0.7766474789966822,0.7828013246373053,0.8663772772853855,0.8449837444009166,0.8027525452218865,0.7796869498308988,0.8344752447977988,0.7197688998581819,0.610747746169157,0.8435388280821116,0.6966781099792386,0.7394076721127325,0.7291287084095591,0.7849345268137248,0.7168500895179604,0.7744926090150721,0.7536617644398493,0.7193413467166493,0.8535275675718246,0.7532335097250129,0.6832133750000895,0.9106824040635604,0.7271445866194076,0.7329716512179218,0.6869382001041031,0.8092737126673584,0.7711605896472173,0.6283244521922918,0.7732157913368044,0.07043235914751954,0.7755700440058771,0.6676051158389616,0.7045461675513799,0.8473441340329965,0.887800566576576
553,Conor McKenna,Brisbane,0.6491463783956527,0.6706445963383005,0.5862286095543596,0.6599826895948167,0.7361181922071631,0.5669926811351854,0.7562063168006594,0.5354049608850819,0.6551818408018398,0.6554845446037864,0.5175137846210782,0.5788835620724921,0.6686743435533915,0.6776047636352014,0.5972668190383602,0.6970275430759991,0.6829549850979945,0.6562831770726474,0.6534705592246782,0.6740862984303118,0.735552008154604,0.5552966981018717,0.6917818497263967,0.7153352230145656,0.6816360913332757,0.6230939629102348,0.6985776921544767,0.7222936754952554,0.5764595393787704,0.5848492117714716,0.6280317835729723,0.6711215308110825,0.6212334512771303,0.5522541038449151,0.6621490047299159,0.6492135193410049,0.7805521989689457,0.6612328818891947,0.6545316399554679,0.6336992023002661,0.7339845881805318,0.5757692856672331,0.648027523491248,0.626996961165815,0.6726689494829191,0.6947353341537437,0.5685468853758796,0.6386033691026842,0.6865293040714103,0.6102096584535934,0.6486024754803175,0.058758757010604776,0.6553331927028131,0.5528778356675912,0.5783769413295043,0.697351524233401,0.7360021244763885
169,Keidean Coleman,Brisbane,0.5855523673160864,0.5054923305765867,0.5631498143406539,0.5173347619298804,0.5469391199320623,0.4810207215374338,0.623599659351036,0.5324051040838614,0.6233732447053135,0.6550344862733305,0.6070469222226369,0.5368405405742361,0.5440289264702947,0.4765903663934965,0.5989174527516342,0.4862969598792808,0.5114214236515348,0.5498366918990107,0.5805206667150279,0.5730974209378972,0.5609649913657901,0.6325944065743858,0.5972976433884215,0.4785893933619033,0.5699561140936518,0.5878879588112491,0.5320843750361492,0.6186720489443439,0.5222450137402839,0.6361135431233886,0.5984849016604673,0.5599646738813737,0.589444426662978,0.5464600759115243,0.5593471822993811,0.5437064400932767,0.7306165608650719,0.6462302776026762,0.5354852362427079,0.5849988345521134,0.6469697486813129,0.5364224321636173,0.5733372091442143,0.6205470266929762,0.530068574863436,0.5700612676432493,0.6521149307466921,0.579103364660542,0.572255654485809,0.5045349344734166,0.570301164466154,0.05260336808998031,0.5700086908684505,0.4821023503975124,0.5212187711119095,0.6234205653662696,0.6510601684232894
181,Oscar Allen,Brisbane,0.35816845168708594,0.37569760379628525,0.48574639650817497,0.4126910835123609,0.4675140792471271,0.5066312665994529,0.387048329933526,0.4382894843554466,0.44374312137188343,0.5291080953417073,0.47415363448132525,0.4265902722020365,0.4660087369107727,0.45728273855602825,0.4636499017233974,0.4390084503030638,0.4890363931577775,0.41971670644430825,0.45896203355121806,0.47123372042031547,0.43796163306568786,0.5063714789898872,0.44727809667037677,0.42398995697077796,0.5445906757602913,0.4057434461569176,0.4522117736147887,0.38929203433036363,0.4494622168781069,0.4439876646702399,0.426494180692936,0.4969581701689425,0.4163774921192544,0.46631821585743083,0.41159388733399,0.467003715514199,0.397684284144126,0.4369625216351984,0.47734155027227265,0.5737879803190779,0.50019787110048,0.48082873856391517,0.49642743044934173,0.37268304311246836,0.5192003395994321,0.5061034152247424,0.5390475946485203,0.4465973179651832,0.5078081560401553,0.48174693046811207,0.4578466462488102,0.04684815930872281,0.45812238605362315,0.3780245026544196,0.4124617695110814,0.5061594405516577,0.5370099972906236
165,Bruce Reville,Brisbane,0.2545802957845785,0.27696605529303264,0.330240409028507,0.2476889658055858,0.3238713753663058,0.2381450586794806,0.2906053818655855,0.3176811165746728,0.26314222630059336,0.2955108283959462,0.3543249513422957,0.22134160790015697,0.3524332897011783,0.3070891370497708,0.3680415594610845,0.24741417562306378,0.3044216364641317,0.2948891050907054,0.31128432885220036,0.3131317927837556,0.2398287437377461,0.3301914854609901,0.2531525866386091,0.285177019183884,0.34299970237598026,0.2546065356420158,0.3022460190864349,0.22445617903656614,0.3029882122787184,0.33622775572652025,0.2669721181909961,0.3435352660727563,0.30342011497697424,0.4340073403195888,0.4113265442722798,0.283477694158398,0.377149458196926,0.270200619991743,0.3277199771143171,0.3396114027379423,0.2728754140259705,0.3956983563523509,0.30992329846506855,0.4028739855037111,0.3517575736239722,0.33191443699660983,0.25555761122395887,0.33802288003126235,0.20178549843016536,0.34305086704802834,0.3069111598852623,0.05142703788207676,0.30575538675695124,0.22726239936336362,0.2542819045730709,0.35189879828410825,0.4014029815276822
623,Eric Hipwood,Brisbane,0.3396376286523375,0.33780418872793705,0.22037002524612548,0.19353245892457466,0.29371944969014496,0.2738724411070855,0.2469546362448655,0.28735266068084087,0.2500161261675602,0.27706326267602066,0.2669386093446721,0.25580405425378083,0.2958653269323477,0.2283734663715521,0.26036935813646295,0.2342900234677237,0.18901821062792257,0.264964721409793,0.20937434184521586,0.22038910766760564,0.27239924324905496,0.21547837757632013,0.22480144743032832,0.22623421752829806,0.24024062943870378,0.23766453626214892,0.3073420409530484,0.23676410778826662,0.2787874669423717,0.2474824196175382,0.1899097703872336,0.17449121854232147,0.21275298709216972,0.2711321278289879,0.32312695782470413,0.2979741361639752,0.2575334771747815,0.2670314092866463,0.24139514292566985,0.23551408983191066,0.1965897686560947,0.2939172622455247,0.23315682467621307,0.31635964162734703,0.25619623616739884,0.23840063996097685,0.21428478975865042,0.2756729874131247,0.27509019337476837,0.25198535184115156,0.25310839195480594,0.038528332221906166,0.2510007390043559,0.19065242153738854,0.21522891772242717,0.2937607925142193,0.32173965800424587
182,Darcy Gardiner,Brisbane,0.2768712301923159,0.2333768248208667,0.2720551925380532,0.28871472206973253,0.19985324779755279,0.18560098158957944,0.19208715753728658,0.18705400877472556,0.26137342674629876,0.15466205031246044,0.1576706293394763,0.3177158086376445,0.19264333035587175,0.3090593315498878,0.16696197363016818,0.1961675184428002,0.17106547120792454,0.2459406019966594,0.18823808617227353,0.250680018533525,0.2875131535195951,0.18485183724390242,0.22849997897360846,0.2270976041892353,0.2820007066969577,0.19968892740625946,0.27552671930682404,0.22770892653149177,0.22826405473289943,0.27158431805135225,0.20656373552631457,0.28192357035097276,0.2536553799886697,0.20376774566366324,0.17092488727714422,0.24524678964705818,0.19351444657969188,0.18182714327835653,0.21767080624055718,0.1740469679994639,0.26291254095098976,0.24693730118632704,0.25739225051649706,0.21379992167079617,0.1180843687639079,0.27423664594233466,0.197963419936846,0.27392460303838717,0.17159427565443625,0.2577631684490412,0.22528555615117374,0.04577371390986483,0.22740326536036354,0.15957535491906813,0.18020108664506798,0.2745062712755129,0.2884684005169544
309,Lincoln McCarthy,Brisbane,0.14137784623465996,0.22889738222781048,0.12265029125636993,0.17824263933001955,0.170834774111192,0.1522460312895936,0.14841790137877972,0.21305077382924328,0.19823336279220866,0.22428550155507168,0.24447630588383473,0.16801297260458428,0.11587203274647351,0.1720709825651811,0.18104588757675497,0.226933426349061,0.204535172576724,0.1639572329914046,0.16945298540427317,0.15161796045245826,0.19799263036800568,0.19268622059476814,0.23465137127943422,0.15079200007968213,0.16839902422136588,0.1369651312106299,0.1459616517348784,0.12663874375362708,0.17696548029151593,0.18072627852060263,0.15219067241651352,0.1748591739187399,0.16439052615727145,0.21538487075404555,0.1490091003948035,0.16086855722908222,0.12778118815917505,0.12019860366265478,0.12206050475959042,0.1535693408772904,0.20779545511596131,0.1803508288547903,0.20976727205183654,0.17364172434691394,0.19843981592651475,0.15012607966400301,0.20315030127703537,0.2171942821300677,0.1575896051802742,0.1635310391148674,0.17379777874403277,0.03285004196687406,0.1701438797577326,0.12218141099143022,0.14500363638533276,0.21045352392331454,0.22849477127266682
176,Ty Gallop,Brisbane,0.18999632669996996,0.08692025404575567,0.13459416721484418,0.1606193804230052,0.18338013499988284,0.1272150295439341,0.24209349640030303,0.10070243695171253,0.1495560179829085,0.11969593846739618,0.2561548839450222,0.15404185654934882,0.14623411665522695,0.11454460934814269,0.1523482455718275,0.16940195376422867,0.2240512794239081,0.2195452068122942,0.08210018045430421,0.20394385463576162,0.13028221915387572,0.14725138656693462,0.1333282875541087,0.11070086279941364,0.15146618465436776,0.17276300240954723,0.1299667549977295,0.15231916299350384,0.18256243139695233,0.23485725934560864,0.16623503161237427,0.08653416213435897,0.2179078624110142,0.15099014614197084,0.1784827824940493,0.13715456008921997,0.10767854690769871,0.13478492640619258,0.14104294920276428,0.18862076307337436,0.1551131390232196,0.19220840146514015,0.17466779314574357,0.13397261589580448,0.15611778533487153,0.145412480172232,0.13124552587604116,0.18671745784629384,0.13926954066133873,0.16598316407581007,0.15705553111462664,0.03973523457113148,0.1518926738239358,0.08974560154147683,0.12564353950893767,0.19045865032589052,0.23264203346165996
312,James Tunstill,Brisbane,0.13110375095582377,0.12929416728116033,0.09905960627036131,0.1246314224744654,0.09026152432239529,0.10295425953815102,0.12259080696675811,0.11040484719556663,0.09175167466348762,0.07135544509743813,0.12039912369842061,0.0838832221840058,0.09160384331280753,0.10327093064615081,0.1216766859003319,0.14243570266166797,0.15596336341346473,0.13391002791959974,0.09652506269163177,0.06656733973133835,0.12044301021385162,0.14005343309130552,0.09487652511009166,0.17759024517133895,0.08365654447627692,0.17190173008054985,0.11803417580911962,0.11374617301238482,0.07186790522295045,0.10378393586428247,0.11059295186830632,0.11226416632211264,0.098875245202518,0.11817439165220432,0.04212545038694883,0.07538321727309549,0.18353703707532953,0.10619263695900326,0.08693626685898465,0.1114885305476517,0.11662769439408495,0.06780776837827299,0.12434043028948091,0.09638216340881461,0.12521583939846304,0.11351435078566562,0.0809183825503123,0.13737717709820188,0.10554054092516034,0.1346187848222863,0.11067019022348151,0.028288748211696208,0.11104074120797902,0.06853504210570184,0.08383584654309047,0.13405815811226124,0.16863436491379732
311,Noah Answerth,Brisbane,0.08682339970830542,0.07155729459807904,0.07478059494425285,0.10398737914278244,0.08520111508479351,0.08227169438628537,0.10207138463533688,0.06823974177351319,0.0857482314382589,0.09672926084204658,0.1101676972643061,0.08924191231067906,0.06129852686633616,0.07333573247697152,0.07142813494099255,0.12455433954669255,0.11915226578622992,0.06955631537462281,0.05688185318024651,0.10876065453989865,0.10037437292890432,0.0944640236246806,0.10279550355249424,0.052284027679081045,0.046158361864550475,0.14259469096046518,0.07639535808652823,0.10994085301739964,0.06985409634314264,0.06884820232850417,0.06863817949085765,0.10915232800395747,0.09495515245747088,0.06155367069821856,0.04601414953411179,0.09145827785977283,0.10971166188394034,0.07156395816062225,0.08710278029732486,0.08510761243007924,0.08189305543069401,0.10714130263161746,0.08689746611277005,0.07657794053103142,0.08931737831324574,0.09886990748251728,0.05890652430451386,0.08569350356328474,0.12318589159630719,0.09241799934961176,0.08663311518716661,0.021021789899048654,0.08628581557328216,0.05322658190681997,0.06855490600793267,0.10884251429388694,0.12235899830524133
557,Cody Curtin,Brisbane,0.03978779840848806,0.04209183673469388,0.03580214967384126,0.03472668810289389,0.0318936877076412,0.025641025641025637,0.03470437017994858,0.01941747572815534,0.01951854261548471,0.023003194888178913,0.025925925925925932,0.04528301886792452,0.04203821656050956,0.01572739187418087,0.025814382298709283,0.030456852791878167,0.044176706827309245,0.050387596899224806,0.0309477756286267,0.03437301082113303,0.05081433224755701,0.014580801944106925,0.0547588005215124,0.022167487684729065,0.03468208092485549,0.026282853566958704,0.03724394785847298,0.05754475703324808,0.04158790170132326,0.0416141235813367,0.050583657587548646,0.0461834509300834,0.015325670498084297,0.04280155642023347,0.0391644908616188,0.05743458838544989,0.044748290863890615,0.06278613472858079,0.023376623376623377,0.05761843790012805,0.03400503778337531,0.037059913526868445,0.02862985685071576,0.030769230769230785,0.04190476190476191,0.04266321913380738,0.05836575875486383,0.04373757455268389,0.03590425531914893,0.037406483790523706,0.037269274583561905,0.012071268002963596,0.03715193069267071,0.016483859064245637,0.025167765567765565,0.05042857358308449,0.057603333322417655
483,Darragh Joyce,Brisbane,0.019900497512437824,0.003898635477582846,0.023965576199703638,0.046853740031338416,0.025628246994548597,0.009084223005081122,0.011558490404105424,0.012730091067622556,0.01200800533689126,0.013101830679157971,0.003937007874015749,0.004045853000674309,0.017012346685139162,0.0,0.021105514659122374,0.017843659244088747,0.021506405959744915,0.02099820495459151,0.0165551839464883,0.013346693739340658,0.003947368421052633,0.017210905457334006,0.016564931004564902,0.014380431156785825,0.014040398768202938,0.016799871252881224,0.009041386747212882,0.013098552973935276,0.02956154381399361,0.009010659560293139,0.025292043368848802,0.03313222751571748,0.022266767149084814,0.007968127490039844,0.02410726038473835,0.005371530886302599,0.009143269863322496,0.029160247297429914,0.02600020360378704,0.019237919464590497,0.009111371799788076,0.005314437555358725,0.003986710963455152,0.016739854183145796,0.007722007722007725,0.027543013718128933,0.02384999561903094,0.00810263335584065,0.012000000000000002,0.015867098487849205,0.015813059527127978,0.009139754193392604,0.015123764822317514,0.00393913178615831,0.0072307580633453545,0.02435488002841743,0.029479278028098053
604,Shadeau Brain,Brisbane,0.004975124378109456,0.0,0.0,0.0,0.0,0.010471204188481678,0.010443864229765015,0.0,0.01075268817204301,0.0,0.005128205128205129,0.0,0.0,0.0,0.0,0.0,0.0,0.0,0.0,0.0,0.0,0.0,0.015325152244235446,0.0,0.0,0.005063291139240508,0.0,0.005444646098003634,0.0,0.0,0.0,0.0050977060322854725,0.00508905852417303,0.0,0.01520270270270271,0.0,0.0,0.0,0.0,0.0,0.005132591958939268,0.0,0.0,0.0,0.005395683453237411,0.016120329685109274,0.0,0.0,0.0,0.0,0.0023928449586906207,0.004489389582964879,0.0,0.0,0.0,0.005187578081247579,0.014290449723917447
310,Daniel Annable,Brisbane,0.0,0.0,0.0,0.005000000000000001,0.00489795918367347,0.0,0.0,0.010135489407600333,0.0,0.0,0.009933774834437085,0.0047244094488189,0.0,0.004962779156327546,0.004846526655896608,0.0,0.0,0.004889975550122251,0.0,0.0,0.0,0.0,0.015177065767284998,0.0,0.0046332046332046364,0.004709576138147566,0.0,0.0,0.0,0.0,0.004893964110929854,0.0,0.0,0.0,0.010229276895943568,0.0,0.0,0.0,0.0,0.004647560030983734,0.0,0.0,0.0,0.004754358161648178,0.0,0.0,0.004846526655896609,0.004991680532445925,0.005012531328320803,0.004807692307692309,0.0023618870159874874,0.0035261421262596446,0.0,0.0,0.0,0.004911506557958171,0.010094137920101866
575,Sam Marshall,Brisbane,0.0038935756002595728,0.0,0.007868852459016397,0.0,0.0,0.0,0.0,0.0042918454935622335,0.0,0.004016064257028114,0.0,0.0,0.004026845637583894,0.0,0.0,0.007843137254901962,0.003921568627450983,0.0,0.0,0.0,0.0,0.0,0.0,0.0,0.0,0.0,0.0,0.004140786749482404,0.003970880211780279,0.0,0.0040187541862022795,0.0,0.0,0.0,0.0,0.0,0.0,0.0,0.007962840079628402,0.003947368421052631,0.0,0.0,0.0040844111640571815,0.0,0.0,0.003952569169960476,0.0,0.011560693641618497,0.0,0.0,0.0015900038590717061,0.0027565826187282002,0.0,0.0,0.0,0.004020445299541037,0.007863580842172938
177,Zane Zakostelsky,Brisbane,0.0,0.0,0.0,0.0,0.0,0.0,0.0,0.0,0.0,0.0,0.0,0.0,0.0,0.0,0.0,0.0,0.0,0.0,0.0,0.0,0.0,0.0,0.0,0.0,0.0,0.002846299810246678,0.0,0.0,0.0,0.0,0.0,0.0,0.0,0.0,0.0,0.0,0.0,0.0,0.0,0.0,0.0,0.0,0.0,0.0,0.0,0.0,0.0,0.0,0.0,0.0,5.6925996204933556e-05,0.00040252757942308196,0.0,0.0,0.0,0.0,0.0
593,Will McLachlan,Brisbane,0.0,0.0,0.0,0.0,0.0,0.0,0.0,0.0,0.0,0.0,0.0,0.0,0.0,0.0,0.0,0.0,0.0,0.0,0.0,0.0,0.0,0.0,0.0,0.0,0.0,0.0,0.0,0.0,0.0,0.0,0.0,0.0,0.0,0.0,0.0,0.0,0.0,0.0,0.0,0.0,0.0,0.0,0.0,0.0,0.0,0.0,0.0,0.0,0.0,0.0,0.0,0.0,0.0,0.0,0.0,0.0,0.0
25,Patrick Cripps,Carlton,15.24015908446031,15.929253717933815,15.845377794822188,15.699420052414338,15.792568421824209,15.67772794289526,15.495446790792199,15.229201546595025,15.70993317829633,15.10755056838996,15.940090750080541,15.885998511475576,15.734182937910221,15.881734331185081,15.740944016592907,15.620737289685183,15.787768909426555,15.697020581373145,15.447817719736074,15.365228958699122,15.655593304506203,15.316129585679676,16.092217385225716,15.563469210071304,15.751588020271676,15.354908987939972,15.638436209105057,15.462152255658955,15.411478549044043,15.780576656507096,15.41455097296597,15.263235011949849,15.869713593717023,15.49836857465085,15.534994908557513,15.429969494924293,15.926655202006382,15.481928424139161,15.69958702258508,15.443140753109983,15.638492715604313,15.638929426191087,15.881731812597872,15.442754342541704,15.357239830929663,15.327216854742472,15.51994189767086,15.556106482440883,16.06845820928124,15.8573909350824,15.614102394685727,0.23189023356539745,15.638464462354685,15.244889649595665,15.363559230995305,15.87222540146312,15.937869158490463
5,Sam Walsh,Carlton,10.899139616320259,10.877081998781847,10.880049002044892,10.842060946177455,10.824883487441621,11.251244372420091,10.774594509883801,10.930919774971295,10.846469304657605,11.249513644068482,11.308264252181088,10.811748817336088,10.752172413497483,10.7899234458812,11.152454021689922,11.50433022469015,10.898732520227021,11.165497726904947,10.785560095770999,10.95948305247405,10.705987145923626,11.118595172873688,10.66086654073159,11.212354802528871,10.813572849527374,11.128824153652824,11.06443972751064,10.713328914927468,10.545442201160373,10.527211156646915,10.91502767289069,11.025313741731157,10.847498586203915,11.009178292208846,11.3188729371655,11.047417361500276,10.910772097214732,10.526198888407174,10.799981673831759,11.00122084007954,10.702594653333156,11.179969667634799,11.02200569690504,10.958641404866247,10.772115391778799,11.12466651391026,10.865386881198706,10.976713654858834,10.740780051847509,11.357480021164243,10.941931638432699,0.21993918414583216,10.904955856767495,10.569104190772473,10.749791409912639,11.168522362517486,11.316698156743696
44,George Hewett,Carlton,9.132358382734756,8.836850230929052,9.011725812571719,8.654135097731377,8.905083339773668,8.866996582059032,9.304268123777849,9.132804597139547,8.83340155075467,9.137896024240915,8.650872165378896,8.985808035545231,8.994209258250828,8.467961752096695,9.1487663401677,8.736882881615857,8.81258043728048,8.686396484673068,8.836534656703552,8.94288769066641,9.19282400864798,9.19680769070633,9.050383400734757,9.017145360928373,9.18528878700631,9.12016141384966,9.049654681575149,8.841168981300187,9.043079404623098,9.21081605832806,8.882811619824134,9.06009309028431,9.045610652794077,8.887961717063718,8.959679187578573,9.065935845749486,9.074438432663959,8.81771459669376,8.880573995440573,9.175466927686196,8.9185207285049,8.871315947836742,8.941084676349329,8.852626010453449,8.940372798497233,8.908489667627002,8.774374530034152,8.76443531324942,9.203551780574212,8.778602773134013,8.95578819047661,0.17439704137079703,8.941986183507868,8.660748682054423,8.80547910547387,9.140167920269613,9.202169242151296
21,Jagga Smith,Carlton,8.581672600195684,8.355684174074966,8.429499573786467,8.616686189141033,8.245446114456445,8.204894599161907,8.281871105114071,8.397239755906098,8.511403521478684,8.445830538093002,8.399077570735876,8.297829949516856,8.158604146874602,8.428522560092906,8.466399261969775,8.520590530943444,8.50850951045563,8.502531072267256,8.230005685729559,8.42108074293931,8.212683623738576,8.706106891683309,8.503612672107797,8.315916663794598,8.413408872301193,8.304616119852351,8.18930202409873,8.963117809557243,8.536456967640147,8.585980576530467,8.600319353637454,8.69373821627413,8.409557967367011,8.606950166322468,8.641254025007726,8.04832830684337,8.203055059861112,8.566453069128316,8.166847756842252,8.395007270424042,8.614908733417549,8.49805100228149,8.021388001707662,8.546681045510724,8.519610994387074,8.800479456311953,8.337223835162762,8.585634193572023,8.236032602370257,8.280895877188517,8.430139967157118,0.19088352005572337,8.429011066939687,8.16029408691797,8.226385374773443,8.601705193488622,8.703571313224428
15,Oliver Florent,Carlton,3.176396641784284,3.48386515889864,3.2743645739176017,3.483897451690685,3.3797778038061375,3.502868535396456,3.298710347079133,3.3181068990205023,3.3158220871579154,3.63108985492489,3.401121217304047,3.476671095980728,3.453499063252613,3.5653631466560096,3.3728096480126974,3.2269887787693965,3.2069030627017945,3.563030518147634,3.6808589022770257,3.607784092436929,3.694949511837582,3.440457691158177,3.355938140689017,3.187822504866152,3.280173692195486,3.602068089391136,3.3814235318315826,3.5583477972128112,3.469196711952556,3.45216585928493,3.4168021335627388,3.262810856548791,3.4325240170204423,3.544280329643929,3.2858327786621193,3.700265447901872,3.4651500158853055,3.341978348934088,3.6622083782543595,3.1945240150253307,3.1057565257161346,3.3752416312647213,3.4376803190615393,3.3585427951869713,3.457315487301132,3.239825809235135,3.4021797571431613,3.268525485901152,3.343975766564516,3.3042415097837696,3.4088426763646344,0.146552794975534,3.401650487223604,3.189196314448784,3.2673311283665085,3.5635180375058844,3.6770355448523793
480,Francis Evans,Carlton,3.2521796336440505,3.1442154992030162,3.312163557930904,2.9832120548286003,3.1451028068106917,3.0592917157400037,3.093224898339442,3.2197824488348576,3.2868444324628783,3.1421156951762192,3.0601779200891617,2.9949244489741575,3.05713197856962,3.238484916380257,3.17653546413512,3.1608634420804673,3.1023406628585786,3.0537294248057796,3.0580872259832397,3.0536470507072995,3.1874433944025355,3.2857057596043404,2.9693137752035317,2.970555763247615,3.171997225986199,3.294841528749157,3.17889150337421,3.0083231222308933,3.2026074359016268,3.1286454802579637,3.2461770671485883,3.219050318480366,3.2253275724841197,3.0164878763617535,3.021978288324227,3.1010774809306554,3.032855820218481,3.1542288234853464,3.1548163831743787,3.190451305205004,3.1360304739473093,3.0754270590279926,3.1746915673784177,3.2921109886669813,3.173831360553661,3.0726488108001466,3.20062638157868,3.183435956397454,3.173692288342985,3.120745452480861,3.139161430829996,0.09177212849579389,3.149665815148019,2.9856130956284397,3.0493016835351363,3.2280774573584123,3.2910313446451402
39,Harry McKay,Carlton,3.1168348971878244,3.248800148945487,3.070917326406087,3.14854465084724,3.0781891776749877,3.154391733924026,2.8423499847524405,3.140692220552707,2.985651696450386,3.169725959877302,2.9650433130890166,3.1026844010666967,2.8687169416916665,3.1269074940765003,3.0375397299567735,2.8600705497791674,3.116759770474783,2.9164201342897065,3.071245013218969,2.961446217763403,2.9462492973480794,2.9269687786537557,2.876842662901336,2.8752916309833405,2.9795586740601134,3.0043588831340053,3.1290293427983658,3.186198807859972,3.025603692162396,2.8120733099324435,2.9453711572446934,2.8289366407236396,3.1010176940540073,3.304989106770941,3.0581284076793116,3.16564586632919,3.1046777266991272,3.0024746357375287,2.9420453182166044,3.0308062507754467,3.2275849242993293,3.119703924197045,3.0299483882470435,2.907990618234231,2.9981544345416187,3.2081308568117626,3.2569095587565777,3.033861299200327,3.208636802184636,2.9987297269289095,3.044376995589819,0.12278950796549395,3.0357005145785503,2.8459827005829195,2.914658365434112,3.1664986058807454,3.2444510278930245
4,Marc Pittonet,Carlton,2.2415084623278263,2.436436834325941,2.351503330695877,2.3297288444257642,2.4339884471425544,2.356477252953828,2.5174358285186638,2.3133872634392056,2.3314858259923783,2.4650654820594315,2.15205387532933,2.2645788434688985,2.3955630505312158,2.3148107995986678,2.417065785388967,2.35770797067619,2.3580610776016804,2.344342705048118,2.503161087294108,2.326427911453891,2.240862418707686,2.4109058417100058,2.3977146698693517,2.3986792721576546,2.285521126251771,2.502635306429217,2.1055743242461107,2.5035256998782716,2.360431699690775,2.4021860913519704,2.376129812638968,2.467977256801155,2.4149672969376548,2.4596501065975227,2.3915977704558067,2.45973205159834,2.2237569166356277,2.2801806106743463,2.6118154091325225,2.229907052903466,2.4314269857459783,2.324728274970015,2.3779584298259118,2.469204518842035,2.334176027477395,2.4115816873482876,2.546549994135735,2.5611790117740436,2.3091244452466357,2.5309333818405495,2.380628083402947,0.10375333011721154,2.384778100140859,2.2250176945705347,2.284404958496089,2.476191553447756,2.543348588615222
27,Ben Ainsworth,Carlton,2.083754804041956,2.0167102764228684,1.9469284818887456,2.175659381571028,2.1621572286674002,2.0393187350349713,2.0745726558988045,2.287794140470067,2.1524488933978034,2.113827066185452,2.1123447407817277,2.2275875794704927,2.361977456876105,2.102151814779408,2.079843562985285,2.0575811924708205,2.085025098526473,2.1143817544183197,2.152232110121277,2.104905843719496,2.133304065822162,1.889033797108541,2.2235494907840576,2.1034268717608278,1.9679432250668796,2.104183872989098,2.0882617768715197,2.0631252919385945,2.016281358451847,2.171516798700308,2.067541846713268,2.0669995711875644,2.1296125858825534,2.1148524284439305,2.1485236220292454,2.1440244169570626,2.221008305113449,2.0112708158067765,2.2358778434844884,2.1848749120059163,2.135085458933609,2.0008435479104687,2.226351012486697,2.099057991670974,2.027629661905898,2.055757486499854,2.139051734593612,2.2082526426520364,2.0475565042522277,2.03353507373648,2.110190736589769,0.0869366673604866,2.1045448583542967,1.9746877912498153,2.0323008426638887,2.1897608577109553,2.2341783393616192
34,Will Hayward,Carlton,1.7987206877435116,1.7383902205126345,1.861549379032895,1.9513245596537288,1.8755575473641153,1.6263457686424787,1.8338344300556433,1.8557712439234288,1.713550236041641,1.7912890463835969,1.7470034937808072,1.7307944012701482,1.8567169647652233,1.6560785707532897,1.7661011076187574,1.6543400327079056,1.7084735390080514,1.7905286762579573,1.8893739610323554,1.8181201628885606,1.6572543565105864,1.8638625024373914,1.913612952910909,1.862012613860059,1.6558653997831967,1.8570925492718016,1.8490107990591418,1.8861293765628633,1.8216895768517543,1.6450053721485731,1.7241393387812034,1.7391675061569603,1.8928956140998479,1.9738355691908553,1.9381620800847386,1.9558315367348524,1.9226681036310136,1.6081284684628596,1.8904027333256228,1.6650704185910388,1.7134110419277704,1.6966548764071758,1.8158984529682103,1.8599946753978307,1.7392796747302075,1.7578080665428275,1.8132089904037485,1.8347883606930653,1.8637451572591555,1.7330937082727194,1.7962716780498942,0.09636574235932603,1.8145537216859795,1.6469189775632362,1.6900537247236032,1.8895889744416483,1.9486262513420858
37,Brodie Kemp,Carlton,1.6954802520846377,1.5730151748016516,1.6681417995780212,1.6760400536273186,1.6635367279481825,1.890551099873082,1.7621002077984398,1.644618162482911,1.7237722012814989,1.6967174151595315,1.843100223841178,1.7636300658735644,1.672330979380513,1.741878700979048,1.6141765850553202,1.70305250696313,1.7114075415046084,1.8181776756297108,1.8120828219285348,1.7690121677543715,1.6836365809960583,1.6615263541991427,1.8144010895109706,1.7389337296151015,1.7439053251204597,1.790145521418673,1.759225858723642,1.6946845069565406,1.8036040520843375,1.730661645196117,1.7388883595383355,1.6576555791035334,1.8101665483408895,1.7028572646448907,1.7026738547665758,1.7250855222191126,1.6883022744139369,1.7731267429177406,1.7623113322471116,1.8132260524307162,1.7879346782514203,1.6666049883659133,1.6250118506340867,1.6692124301870537,1.6053916513008462,1.6387584242435105,1.6678483052655793,1.7214252338230134,1.7497418948704189,1.7979243689744702,1.7233538876781092,0.06746286587351603,1.7225987175522561,1.6163978144989675,1.6631165598346331,1.7991114227444325,1.817403475475369
479,Talor Byrne,Carlton,1.3531996641882549,1.4219970406638414,1.364155407615303,1.235419086681801,1.342882196480022,1.3743022937302738,1.3353088037130336,1.3283766293865005,1.4353631455077336,1.3160730403652772,1.3240382555197863,1.404707361798832,1.2623603463951063,1.3337447320920564,1.3845096069507539,1.2134285234203288,1.239419317856817,1.3314976154904736,1.3863160422585832,1.3527244497771445,1.2893281503370946,1.4245332538533644,1.2724129027839708,1.3732020736027686,1.4088454885160737,1.3221952416636291,1.3885340399215822,1.3199244202434317,1.2696296054029395,1.391214911017253,1.2999770560246062,1.2873608772526988,1.3102823778905515,1.3247190646044444,1.3701851834419416,1.3684708680781317,1.248819194847387,1.3638136361294033,1.17260164976593,1.3150885397717558,1.4074375061474564,1.3152775824592675,1.3382630987169963,1.451356197780102,1.2673775855578775,1.3202431789393958,1.391295627969323,1.241300955661054,1.2990871103965103,1.3725439295763764,1.333302897364905,0.06095030597243675,1.332621173791265,1.2362391340726793,1.2691589332553215,1.3912317808602355,1.4240133301495121
485,Adam Cerra,Carlton,1.1198218665390662,1.1686724090102434,1.1005220987568627,1.2237414164392522,1.1259115295785673,1.2797579722698391,0.9809441369357265,1.1664114275543425,1.1110579884819756,0.9984995621333856,1.124915377831053,1.1109003447581645,1.2561704173584896,1.0466602714822617,1.140284540112276,1.2010423330780142,1.0771148097931127,1.0499941828122599,1.131459033979674,1.22251015889467,1.0699993812952497,1.3061945965044701,1.1553486409566465,1.1053148399196655,1.1541161599806855,1.0892556477971875,1.2229289078460719,1.1387827237722261,1.1479930912032819,1.0786125473422754,1.096882603503923,1.1496224198949525,1.2708154839083312,1.1082774579887196,1.0387812832976202,1.1968521958682754,1.0334254825962432,1.1911375581002084,1.1890929143863278,1.1114290022414683,1.1177306420946558,1.1481651209471302,1.1764749039426434,1.1451622302755091,1.3208897074398205,1.1434587104407274,1.2033019440762296,1.037870057843326,1.0382513170351946,1.0123734438014396,1.1366986578819949,0.07768480592142948,1.13512087887595,1.0166891117543744,1.0492973953442903,1.2073164609732836,1.27792476215573
240,Matthew Carroll,Carlton,1.134588372297743,1.174185655628496,1.1474330934070582,1.0232214425378223,1.089550659196294,1.0784855032251308,1.07846556322504,1.057500661007042,1.107965646608753,1.0991371012169349,0.9693295367504488,1.1921477560946419,1.113748333724862,1.0461397652265685,0.928970250870523,1.0325444985610408,1.0293085518972402,1.015982933282755,1.0427816682021933,1.1064000898309896,0.9926332418514655,1.1947448312584246,1.1051258299961688,1.0496750980961291,1.0439192784053917,1.1609246851067674,1.1262876053968063,1.115571214082918,1.048884192918459,1.1244270642963385,1.173226039668647,1.0469105443057403,1.0432060791095323,1.1210412551201303,1.0957134998804803,1.1103944566661326,1.0213518237262904,1.121572915372125,1.0251036885941578,1.1567043283096015,1.1129088584496503,0.9787698494564974,1.1479573636856337,0.9594458563016226,0.9993236116799483,1.024999524792579,1.1068481279074676,0.9331355649570401,1.012803829664739,1.116655294309144,1.0747630527231522,0.06603938885758058,1.0840180812107123,0.961472010793632,1.0153185006265897,1.1372729190095898,1.173988934356727
596,Blake Acres,Carlton,0.8569914675981527,0.7360794267497704,0.8304456351535964,0.8041558556730747,0.7938118412363933,0.9321060204137492,0.8963186203987042,0.761048093521143,0.7203338510476986,0.8631504307856742,0.8120984931617357,0.7069706946413296,0.8395028491665175,0.8825079165420988,0.8656949491326942,0.8797323380175438,0.8144793364398503,0.8125754771699406,0.8487211272341654,0.7989426787333809,0.9492637199841246,0.746347674318421,0.8550310926259611,0.8537611358199555,0.863752865882269,0.8149900034115682,0.7783759305483497,0.8209600394896538,0.9510050098230671,0.8349114193353638,0.907571087609286,0.8095829715335584,0.759353911796116,0.7844842009270395,0.8448778214843747,0.8507313990936483,0.7824890585492118,0.8100342228718064,0.772298267038158,0.8430892185607424,0.7641993311098618,0.7095256077445002,0.8126230583590085,0.9022562240001416,0.8662258364805411,0.965273178022111,0.7065195972152771,0.835024080808233,0.7668612057183678,0.8896859812188246,0.8261354450839353,0.0631954780507989,0.8257028373216251,0.7117412976216559,0.7635407224538195,0.8840081320595344,0.9457463915721975
484,Nic Newman,Carlton,0.8215874857735996,0.9276727401224641,0.7955243209809175,0.7535008570771029,0.7279118374294046,0.6671437336721364,0.9082207768261888,1.0229978706770244,0.8281843886006273,0.9084138417919102,0.9586620455534317,0.7762828155502557,0.7936962144455177,0.7855319498129912,0.817701610673751,0.7734907578842771,0.8538831334808997,0.7965463659320204,0.7525211623624202,0.8375157146180426,0.7400390301578289,0.739097864310788,0.8572628631676169,0.8499738202879924,0.790412133718524,0.8067547019337554,0.7080012616441448,0.899993201860522,0.8282886855299614,0.8625696544871325,0.697977997627878,0.7027108664314861,0.8188787693844252,0.8659327003547297,0.7648475264051418,0.7700563851047837,0.7329831593737007,0.9199380442155651,0.8048081724385943,0.7593113743636228,0.8438225626948791,0.8429071020997813,0.9098334905482326,0.8601694474077941,0.8486059027410504,0.86673162084778,0.8557335357057716,0.9482898465122176,0.613391688525145,0.7650362643455659,0.815626985949828,0.07931010333831322,0.8182901900290881,0.6989482357326177,0.7398423264957974,0.9017127650283463,0.944063339702318
30,Mitch McGovern,Carlton,0.7020621063539133,0.7743070331436225,0.7249705279061965,0.6221999449024493,0.7248106442640704,0.6915246264545791,0.7684252912417486,0.7026644372494576,0.758944359817422,0.7415125948252365,0.6070690187784887,0.7207145116374784,0.6870276338471716,0.855415763868747,0.6722753546099804,0.5712351438763466,0.8993615948903749,0.7675098130040996,0.795504424080598,0.6670823593780911,0.7984293737828346,0.7526933290031133,0.5613608157945463,0.6855168821162585,0.7141120438931684,0.8172093625756304,0.7869271292691499,0.6644746478612155,0.7340663296737432,0.6651596005669522,0.6333804574036339,0.7844398239451433,0.8292036492044592,0.668295169608168,0.7108529262468022,0.8607508507926837,0.7264496847828683,0.6712207699261913,0.7082123642823314,0.6119643303467807,0.7884929958107221,0.7286783334372372,0.5927571507459354,0.6567714348753876,0.7766779583381609,0.7221411382469769,0.6655638426226579,0.5675593678150301,0.6897386783122899,0.7543554512610674,0.7156414615334242,0.07660704623273447,0.7174132777653234,0.5756471552846123,0.651882720583791,0.7872543953763385,0.8500422803625678
510,Nick Haynes,Carlton,0.706008003237418,0.5622393626581029,0.7276244095970059,0.8062404643968163,0.7969781983156032,0.7103036738130047,0.7417592482694462,0.6878178258651949,0.6342365845394351,0.7914588247809212,0.6784750102118882,0.6805936305255924,0.7639537037816282,0.6505062495466345,0.8571250120884119,0.7017890200300849,0.6409317882774241,0.8188180321123679,0.6308417002451006,0.99467034809158,0.793372616133077,0.6933586723531237,0.7700644852695937,0.7900979779731616,0.7677811253606189,0.627121643934661,0.7145129517519201,0.6177685529061502,0.587552207686594,0.6777705103343167,0.7115717588983951,0.837932960927569,0.8300144192727829,0.8467330929147204,0.7223707962071002,0.696556659354573,0.6871164928201144,0.8098165307443844,0.7063629198338518,0.7753715742435621,0.6243472904155418,0.7581868489809408,0.7138713383620702,0.8577923875364547,0.8411959773062206,0.6595878203671566,0.7183143894911803,0.6519991116841427,0.7494678028900882,0.7474053307280667,0.7313557467413159,0.08308484698061307,0.7164136706215503,0.6191171940955754,0.6485051871413695,0.8116978445302929,0.854994668657805
564,Billy Wilson,Carlton,0.44716920181542524,0.4353673355462507,0.47299053744542385,0.5640958638707012,0.3973375448980154,0.4747362585049776,0.43522385116171713,0.46062845633387706,0.5501504522061248,0.5962111133662901,0.42992385521493925,0.4724996522493553,0.5212465197836084,0.543838487921008,0.40450821088454875,0.4015973416679523,0.44747727628393785,0.5726621472759581,0.5762442615186045,0.4520776823869002,0.49831982511124234,0.4468013160406841,0.4851587182571215,0.44272230362598847,0.4087095115112145,0.41145671727304733,0.4977974670586877,0.5836025566514503,0.4994764156642981,0.4835304239398506,0.4763504441089856,0.5579762177909793,0.510042807866191,0.5341242641245704,0.4897610707134378,0.4868906654658872,0.5251719319661105,0.49610034900992706,0.44412146701855354,0.5696822745131949,0.49074611346778757,0.5414897396854729,0.5258731552947754,0.5088588648201203,0.45083501062292697,0.5098158781603941,0.5545965056390486,0.4384909862047254,0.599662690052897,0.47909821551968934,0.49206499915029744,0.054662006518745275,0.4883258680896625,0.4053694775130152,0.4378381432171042,0.5553028654788021,0.5820941061492169
252,Lachlan Cowan,Carlton,0.4473403676821042,0.3808092268110328,0.39932782592491645,0.37281768515096425,0.4153305273331982,0.42724378352966974,0.45229260303681407,0.4207818563152949,0.3366639352617005,0.3486935961455271,0.4397052462776668,0.42403219179478235,0.5319799075010849,0.3461911704311602,0.38407524399702453,0.5592983484398625,0.4789480132044782,0.3709597866451642,0.34429446103008177,0.3588427510681349,0.37990172725374866,0.4254930227682602,0.39936099180111095,0.40190656538050706,0.3819975956789841,0.45172254633409614,0.4001188115144174,0.4217350362364073,0.35497650400810044,0.33757885132189797,0.42043760657871476,0.36530076052948973,0.36864691710747444,0.30548040853162267,0.31931873119126936,0.3775015419263806,0.4744888661214517,0.43233412568686835,0.44470765012165586,0.36582246205577945,0.4878279544730415,0.3745342114044603,0.41525319659670984,0.4414542030983091,0.43414070176704006,0.38137752668379604,0.3770724282640676,0.37860335260689404,0.42592353786713,0.3651597680356036,0.40299612261051915,0.050934481288326706,0.3993444088630137,0.336851493054041,0.3580347054325877,0.44525788809178957,0.486007566512986
16,Cooper Lord,Carlton,0.30522311343318825,0.3066821395615448,0.33145701807677663,0.31282359384217784,0.37217227378263373,0.34371449264195725,0.31073586432662065,0.3688770660500683,0.28323648905804993,0.3144531205377943,0.3352296755138512,0.20003206298861229,0.3795577963375137,0.3170713022534683,0.31811836967393337,0.297037232433732,0.37938315779106124,0.2931432636729161,0.34011777964407597,0.3155545147791632,0.3262181334864444,0.3153061850735778,0.31519366894772743,0.36700839742317004,0.3279312764606712,0.29548098859777355,0.3047446286162768,0.34507127697579326,0.34814205207912413,0.3646651404420899,0.2597480572205292,0.29166724394721677,0.2740695315250158,0.2885474682287619,0.244560307882128,0.3325483339201374,0.34090742842836086,0.27756929417115533,0.3170920583407685,0.3604449778186496,0.34296737806332017,0.36261594487061777,0.279459820539259,0.32327460385836865,0.3362011013930337,0.41688281879975164,0.28291694743491397,0.24368265238420836,0.3313282292834522,0.20082930280013028,0.3168339115082313,0.04277274826024978,0.31708168029711836,0.24386257176128187,0.2821944079137221,0.36089870993251094,0.37790492656933355
29,Harry Dean,Carlton,0.30044620541978867,0.2598421332742034,0.2971990585009006,0.21792956423891816,0.2234284877418037,0.2725790204941157,0.23343021349067727,0.2481434338187909,0.2080624125623756,0.23234550141898055,0.22933813107320308,0.23237385433915705,0.20752628895633668,0.22764116623028197,0.25116774848721335,0.28492426211668215,0.20864462597230407,0.22819691720475674,0.26135008240000257,0.22444398558564982,0.18146805726860807,0.25182997995248624,0.2580675160885324,0.20721175194347802,0.14805927389612492,0.16700912942588686,0.264550989190384,0.21324933437578025,0.20984876562049137,0.22330823689382093,0.1986562882889237,0.2406594445823615,0.2113133779652525,0.2138562310350048,0.2821279303598807,0.23083379905964857,0.24597553530936284,0.20056084275631947,0.20590582833342566,0.16373808559502329,0.3105582763871516,0.24144461526511204,0.2126811664440407,0.22861094953201883,0.2671044623065633,0.20537145085854147,0.22885519390089065,0.23537995865151512,0.1871730338110891,0.258783002591594,0.23086411202030907,0.034249246250597436,0.22873307171645474,0.1699732096336447,0.20579414344117486,0.26201907191919227,0.2946827252421358
36,Jacob Weitering,Carlton,0.1639903392847023,0.23089270011803056,0.1763546626088376,0.17949862686579116,0.22505131374463233,0.25457941658290606,0.21273055179192374,0.2557150063920058,0.24087960392899938,0.20983914700318074,0.22353007599478805,0.22295936586975093,0.16940636556868496,0.187998581127686,0.19543506448973083,0.2571655123716123,0.21723840579388387,0.25512413319302546,0.22549725034011617,0.20852176300729816,0.20265715424664504,0.20813059800932535,0.21051142279940144,0.26357474292231386,0.2567458950423272,0.20869609202667233,0.24696807299981471,0.20245847938452366,0.1906417689545708,0.20849048729756706,0.19912111694526136,0.23826534049543846,0.2184676407684867,0.13673936966997302,0.19918970825350776,0.20536767881013612,0.24063915974676414,0.32980279420822867,0.12159004124244291,0.25886180245411006,0.18997211948760792,0.22256014621703352,0.2600789107401436,0.1767492962523025,0.2480382386013616,0.22527377198279275,0.16591313739529784,0.19871722901459987,0.19668622765555901,0.19345046439537755,0.2147353358819435,0.035939174730293386,0.2101752849012911,0.16438451289737438,0.18622209068694998,0.254693262354421,0.25982940354150674
35,Elijah Hollands,Carlton,0.16734524861913966,0.16553301094989287,0.22384240483389428,0.231876026520692,0.2024151097721793,0.19103184429968356,0.23278948324382903,0.2380698322982947,0.15522722844206174,0.21319341981186615,0.12848611382110767,0.15253036634979528,0.27204490465484193,0.17916367420359658,0.18243873609066147,0.22085256666693326,0.22006471327830604,0.1988270166917708,0.25241095517198875,0.15318290982003321,0.2150745236385449,0.25533033712309167,0.2565090046555255,0.16993803211082484,0.3010507223855646,0.18664472503032103,0.22826255495378792,0.19420018533059044,0.14415889124085698,0.2184166016039138,0.14061073125657644,0.18764368749992183,0.24373783725321732,0.21361158732631474,0.20026942790412197,0.2138458278082883,0.2296309938080903,0.20946007360788188,0.20038153195226024,0.19356866609571888,0.17503800381123719,0.1899230074848435,0.1856918558727248,0.2092857225657148,0.19395775340926014,0.20475800899872293,0.17524167152105313,0.189369417762411,0.15735194229928773,0.19610146289318542,0.20120780709488845,0.035083620011858684,0.1995482222979464,0.14587504363818934,0.1669664909462671,0.23206693897582764,0.25626737781137654
487,Wade Derksen,Carlton,0.21806572308734895,0.18885116846157335,0.2033530867343634,0.17779627335276757,0.20415261133667473,0.2475361183998863,0.18536346005415336,0.19381996935674492,0.1780443332529989,0.18561111961476034,0.13767829739855658,0.19301950379479788,0.2053650547618147,0.16761947384467918,0.18036484035972877,0.19855129947511285,0.1730687800275357,0.19293532847701883,0.19112358577713667,0.20995540817102853,0.23494807061068654,0.13164464887823907,0.22804608881743071,0.22474249800987545,0.25338516007219397,0.18108880318131348,0.1841320972976428,0.20069143882091947,0.20490459537780167,0.25907460416691575,0.22130003965316447,0.22621547487136756,0.13397125910844693,0.1660046223819193,0.214682912691926,0.13737626127314848,0.1770038706014422,0.22114186418152249,0.17403788786617594,0.21128855231093108,0.22378964978578034,0.19853084104757776,0.1707406862359593,0.2033103462124653,0.22691360599915636,0.2070247293703869,0.1183440662013822,0.22466050873302426,0.15902949145965836,0.18891192575886484,0.19478424073432002,0.031065255678713544,0.19617540520216134,0.13466928455221075,0.17008835284618176,0.22467764449188615,0.24495556860310028
551,Matthew Cottrell,Carlton,0.20902953449678355,0.13801767383930186,0.19118660529408704,0.16993852936068318,0.1561677987020992,0.22033763210236346,0.1459361039437084,0.242354806946665,0.1655021405179471,0.19235679440082337,0.19395518820209812,0.18897495381868204,0.18104895335880178,0.1881354775354737,0.21989797458844093,0.15299690677908914,0.20826501189513605,0.14290282807502985,0.26511582777847303,0.21586196621611883,0.19380296930721147,0.26408163291115916,0.2090464164862397,0.30525875105799843,0.20137373216831977,0.15653411161508302,0.18599982935369117,0.203854208966788,0.1817576523471676,0.18124011600722473,0.22958949420641672,0.1875371887551469,0.24756119200120907,0.15182754388641537,0.18693122699587333,0.2786488612610835,0.17883241155254292,0.17524884031363322,0.18734610232697516,0.26505532589949776,0.20961124904793538,0.19309036288325962,0.1289461554029626,0.15950000058056163,0.2354878934632272,0.16477747837009313,0.22729809156727,0.2296382177105616,0.20356641991225943,0.19337267912442743,0.19809597726668085,0.03796670308059998,0.19272357864204148,0.14352464962810896,0.1588801297867766,0.23086079994286868,0.2651034248932831
19,Zac Williams,Carlton,0.21819011122285356,0.209530820432871,0.19897726518552006,0.21014071111036833,0.16752783351897355,0.25595446582601505,0.20585462726696352,0.1898297273375496,0.20911214750779872,0.1678769618397605,0.14616020265648794,0.14590548721068544,0.26916469373122365,0.16436167970078697,0.23483552017856513,0.20880972087112584,0.19965092947900298,0.2100170074177824,0.19194583103845156,0.19319038206523875,0.14286986144687067,0.17156429668788925,0.20234543871751143,0.22133884912617885,0.1868970045264512,0.23232897877021402,0.12719832791199914,0.12978554540691897,0.21629393317465254,0.1964177179620322,0.13604834242253483,0.148574374106881,0.17782352880607166,0.23324522770379588,0.14601339881806066,0.14968923567090553,0.20864589704253164,0.12341150546960025,0.28146952113064794,0.16768033851656633,0.20510183888169783,0.1748826364674194,0.16728443111310284,0.1819774647462136,0.22999480602054803,0.13763972314535888,0.1155807645068969,0.21680741377031967,0.16967861706026774,0.21686044363367357,0.18824971176723676,0.038213468584013296,0.19256810655184514,0.12772870749845772,0.14599084529211925,0.21884819744464853,0.2516250819682877
32,Oliver Hollands,Carlton,0.19795344767810052,0.1501661900334099,0.20496788031059593,0.20705502150164706,0.17000389824462317,0.13489373944085756,0.14009897268132063,0.18878518419913093,0.18436496257857257,0.22041467664872538,0.18195787669094504,0.20623712500528552,0.16803704847540943,0.1960970590839747,0.246432261420888,0.15462670507989323,0.21411406591266915,0.21954771888646213,0.17578612313446734,0.15386674263128775,0.1926305813019797,0.1259901832018705,0.18289141905219694,0.20218214297218473,0.13429476212506153,0.19314182218121756,0.24504393953172723,0.2027010860526622,0.18293600006158872,0.19175237641038617,0.2023606735879079,0.1393260850631387,0.15491597324376113,0.18044381265293738,0.1805957958567554,0.18542301554539037,0.2078521839035375,0.19407569183569873,0.18633125210806425,0.23235990789227898,0.21775481348042833,0.19858546802290394,0.1507461653907358,0.12966146147833563,0.1861620591583726,0.1708668564517692,0.12009914316935001,0.1669443074225856,0.2152596460366414,0.16134022495213693,0.18300151099563738,0.030333505406230914,0.1857925373518815,0.13061128811091444,0.15062495054105468,0.209160917243446,0.22991113548735043
43,Lewis Young,Carlton,0.12688206716640227,0.1862209333225226,0.13300555004041878,0.16884320837417874,0.12877045860704162,0.15577330535419476,0.132300856184288,0.09881360189373833,0.17904186752621798,0.13254721274019207,0.14304447216002575,0.14508255037369583,0.11402015027742701,0.14963458666608254,0.15002465806866758,0.1749922493469115,0.12489002804952995,0.14036173567482524,0.11429747109097663,0.11453898944002855,0.13303270472660444,0.14779701033665724,0.14618326342280746,0.12177452010153841,0.14463047293276549,0.09045261283128961,0.16224135003572265,0.10330662953127645,0.151009236146603,0.17703817913307746,0.12377416595154203,0.18273618441576733,0.1275238824204812,0.14612196830986876,0.15024630686967919,0.14598329087731016,0.11804908112076756,0.17549340307484157,0.15269565312310945,0.10370836683153228,0.1457540371462529,0.1618703189198318,0.19646098582425564,0.1390586550924286,0.08750424266231982,0.11104723710048622,0.1165721859646701,0.14824808615968277,0.17523502916300449,0.16087199145833214,0.14119014008083744,0.02556141201615428,0.14485651165323066,0.09973467255943365,0.1144885121050767,0.17012835793747985,0.1819788494534097
581,Jack Ison,Carlton,0.10967212715775236,0.05453546683056222,0.10748282139025422,0.12385872096168231,0.07990608899939522,0.11401215239848597,0.0806849075155043,0.06791371651630349,0.09976010118762893,0.04705642146603934,0.08634735424332646,0.10930713363536505,0.08726938682027476,0.09105009035573461,0.11193299187036576,0.06895441087676271,0.0545479631325531,0.08405331815391791,0.1236151543682377,0.08318222553058513,0.12501278376475058,0.09844827794373445,0.09270720035030412,0.10096667095647112,0.07742659285246502,0.09065323725290676,0.12178767304163587,0.08774170996449585,0.08093570877135055,0.11444055649168912,0.09960264332562238,0.10889485998986806,0.12446097618016835,0.09535770820859629,0.09529305778130842,0.1347556088845796,0.06700109982343888,0.08300686388166076,0.09313897202540666,0.09997668750163231,0.07134370789275496,0.12549246905424027,0.17519376678105086,0.0562697689383654,0.10013480931153869,0.06676239066796442,0.11976498455122149,0.07186250434485032,0.1300420545255732,0.14481413939643242,0.09676864075733616,0.025521955436907714,0.09532538299495236,0.05490093332274462,0.07084434481641258,0.12366605978626762,0.13378933024098327
45,Liam Reidy,Carlton,0.12267932696394826,0.12588945794053663,0.11020258254078714,0.12984520009366876,0.1288643085774483,0.0895115108190169,0.10963219272546254,0.08206686930091192,0.06429166256553973,0.04585741551739808,0.09414189892079217,0.12150235282450907,0.07547169811320757,0.0618056179100703,0.12189616252821679,0.07256235827664398,0.11734914077845209,0.09137055837563457,0.049327354260089704,0.07626015711925553,0.08017820225186925,0.09209942961763258,0.05425833924769343,0.08188977232050854,0.1028338802152062,0.060828980592701996,0.08692989951208804,0.13582039765624737,0.09825477974181797,0.04992435703479578,0.12269666657430246,0.09230035697810146,0.05551272166538166,0.07374332103182432,0.09390076988879387,0.06052827748389793,0.07618484322592663,0.09126708857848381,0.12115976852288543,0.0875863999691084,0.07579158059508082,0.06176470588235297,0.0620376909241808,0.05160050944597752,0.05176157130381345,0.1401155917509524,0.10815047021943575,0.049210544842460985,0.09423972266426882,0.12841845549895428,0.0886303384277667,0.027216729246452073,0.08854895539406266,0.04944973982890445,0.059480026317828026,0.12205984389528467,0.12964411733284356
28,Adam Saad,Carlton,0.014979350738789633,0.029594187488924333,0.028786528826824146,0.04991879200465035,0.029919449052677703,0.027241770715096477,0.042524439012095586,0.017702685717876795,0.017434769888695155,0.04372032721788953,0.03718357676766151,0.0188254518520781,0.01785872546777672,0.021859794407611224,0.03770618606384621,0.01109844232581306,0.03568350012614582,0.024024495213803284,0.017581466860964647,0.03899768401583216,0.021002513389784868,0.024404416037187685,0.02933808678454205,0.018116160722648322,0.03898822008100543,0.025672449937177363,0.04699330824747007,0.02932905296950241,0.033682915415511466,0.014391668126209844,0.037134960540774545,0.018403326223966832,0.018466194077867752,0.034695122726290495,0.020702529448170713,0.03146765466411554,0.049953254363729244,0.06459627329192547,0.04310720009924292,0.02607466076633807,0.021271029883048388,0.018257159687156313,0.020686517095136407,0.04376950152938103,0.027956429877153875,0.021194972429569428,0.013990619101900472,0.03233427166865771,0.03498462708081314,0.02984761029969081,0.02906908660662042,0.011359085939937409,0.028371479351989012,0.0145121430617887,0.018062356754380157,0.0397347758100512,0.04931906783442838
486,Jordan Boyd,Carlton,0.01110425663170882,0.0077120822622107985,0.003891050583657588,0.0037902716361339225,0.007978723404255322,0.011650485436893208,0.007317073170731706,0.0038314176245210743,0.0036036036036036045,0.003901170351105333,0.011936339522546418,0.0,0.0,0.0077720207253886035,0.007838014369693013,0.015533980582524276,0.007672634271099745,0.014971927635683094,0.011849901250822914,0.02796271637816246,0.007741935483870968,0.00762388818297332,0.0038167938931297713,0.0,0.010948905109489052,0.011363636363636366,0.011173184357541898,0.011757021554539518,0.007899934167215277,0.011152416356877326,0.003671970624235005,0.004018754186202278,0.011327879169288863,0.0078740157480315,0.007604562737642587,0.01534526854219949,0.01964636542239686,0.014981273408239704,0.0,0.007299270072992702,0.0,0.003764115432873275,0.015424164524421597,0.0,0.007707129094412332,0.011780104712041887,0.0037243947858473015,0.0037998733375554155,0.0038314176245210717,0.003875968992248062,0.007989438266503307,0.005613830077558036,0.007709605678311565,0.0,0.0037134381360703315,0.011867966849613125,0.015511468290613227
591,Flynn Young,Carlton,0.004608294930875576,0.0,0.004651162790697675,0.013260957229440349,0.00446096654275093,0.004683840749414523,0.013964313421256794,0.0,0.0,0.009118541033434653,0.004548900682335104,0.004514672686230249,0.0,0.0,0.014297061159650524,0.0037712130735386568,0.0,0.0,0.02242787392147279,0.0,0.0,0.009104704097116847,0.0,0.003828972559029994,0.004484304932735427,0.004246284501061571,0.0,0.013636363636363636,0.013554216867469885,0.00970873786407767,0.0,0.00953895071542131,0.0,0.0,0.013432178508514393,0.004728132387706856,0.009273586933161406,0.0,0.0,0.004750593824228031,0.008428278367467668,0.009669621273166807,0.014574898785425101,0.014516560483156948,0.009630818619582666,0.0,0.0,0.013910355486862449,0.009481174273191076,0.0,0.005696130646736752,0.005793959475737099,0.004531786684282677,0.0,0.0,0.013457684525536091,0.01447156312183813
42,Campbell Chesser,Carlton,0.006707657909446618,0.0034985422740524785,0.0,0.003348214285714285,0.0,0.0,0.004301075268817205,0.0,0.0,0.003329633740288568,0.0064516129032258064,0.003194888178913737,0.016769144773616546,0.0,0.00671892497200448,0.0,0.013559322033898303,0.00661521499448732,0.0,0.007627329023705882,0.0069005175388154125,0.010175240248728092,0.0033039647577092495,0.0,0.0033632286995515675,0.003438395415472778,0.0,0.0,0.010175240248728094,0.006764374295377676,0.007071302298173248,0.0,0.0,0.0038022813688212928,0.006908462867012089,0.0,0.0,0.006575342465753424,0.013468013468013464,0.016375545851528377,0.0033094318808604513,0.0,0.0,0.0,0.0,0.0,0.0,0.011791845834013964,0.0,0.0033426183844011133,0.003977747319622631,0.004676281531678488,0.0033195328105745095,0.0,0.0,0.007187511883809566,0.01354060377789191
38,Lachie Fogarty,Carlton,0.0,0.0,0.003327787021630615,0.00669642857142857,0.013143483023001098,0.0,0.0,0.0,0.0,0.003329633740288568,0.0,0.003194888178913737,0.003353828954723309,0.0,0.007556675062972297,0.0033538289547233088,0.0,0.0,0.0,0.0,0.0034502587694077063,0.0033917467495760308,0.0,0.0,0.0033632286995515675,0.0,0.0,0.0,0.003391746749576031,0.0,0.0,0.0033222591362126247,0.010882708585247884,0.0,0.0,0.013022246337493217,0.00333889816360601,0.0,0.0,0.0,0.0,0.0033802816901408457,0.0,0.0032034169781099847,0.0,0.0,0.0,0.0,0.0033688938798427837,0.0,0.0019614447849289236,0.0032784286944300164,0.0,0.0,0.0,0.0033826778875627995,0.010200871713181372
253,Hudson O'Keeffe,Carlton,0.0,0.0,0.0,0.003348214285714285,0.0,0.0,0.0033538289547233075,0.00646551724137931,0.003476245654692932,0.0,0.0032258064516129032,0.006389776357827474,0.0,0.0,0.0,0.0,0.0,0.00330760749724366,0.009814612868047983,0.0,0.0,0.0,0.0,0.003237992444684295,0.0033632286995515675,0.003438395415472778,0.003253796095444686,0.00328048113723346,0.006783493499152062,0.0,0.003535651149086624,0.006644518272425249,0.0,0.0,0.0,0.0,0.0,0.0,0.0,0.0,0.0033094318808604513,0.0,0.0,0.0,0.009928295642581353,0.003378378378378377,0.003514938488576449,0.0,0.0,0.0,0.0018610042082937842,0.0026825441304984634,0.0,0.0,0.0,0.003484332456974587,0.006755003577673065
642,Flynn Riley,Carlton,0.0,0.004796163069544365,0.0,0.0,0.0,0.0,0.0,0.0,0.0,0.0,0.004893964110929854,0.004548900682335104,0.004882017900732305,0.0,0.0,0.0,0.0,0.0,0.0,0.0,0.004562737642585552,0.004622496147919877,0.0,0.0,0.0,0.0,0.010000000000000007,0.0,0.0,0.008968609865470855,0.0,0.0,0.0,0.0,0.0,0.0,0.004901960784313728,0.0,0.01330376940133038,0.004746835443037976,0.004672897196261682,0.0,0.0,0.0,0.0,0.0,0.0,0.0,0.004995836802664448,0.0,0.0015979237809425227,0.003053204903916816,0.0,0.0,0.0,0.004757144916977811,0.00815419138759552
33,Ashton Moir,Carlton,0.0,0.0,0.0,0.0,0.0,0.0,0.0,0.0,0.008374040474528964,0.0,0.0,0.0,0.0,0.0,0.0,0.0,0.0,0.0,0.0,0.0,0.0,0.0,0.0,0.007339449541284402,0.0,0.0,0.0,0.0,0.0,0.0,0.0,0.0,0.0,0.0,0.0,0.0,0.0,0.0,0.0,0.0,0.0,0.0,0.0,0.0,0.004172461752433936,0.0,0.0,0.0,0.0,0.0,0.00039771903536494604,0.001650556424169864,0.0,0.0,0.0,0.0,0.003317107093184957
184,Nick Daicos,Collingwood,31.10855426401283,31.252891644044993,31.475293713991842,31.38617634968398,31.90012277209816,31.70816207359163,31.497575191426197,31.361535140625367,31.976840068636086,31.581827538784115,31.42032917042217,31.215059760248202,31.78981998270394,31.304558359341012,31.426915919361093,32.174024120324894,31.927099768775296,31.968251992276105,31.549527935491394,30.988784545989176,31.657703726903172,31.699186591288225,31.821665254789885,31.691537772017224,31.779222696351976,31.31288686126651,31.568542275841708,31.37013988794115,31.458635552014957,31.671062516006508,30.978484631569355,31.59700465275269,31.249742937804978,31.02775788675621,31.738883732414394,31.62030438875877,32.22428943064795,31.665097273525475,31.38559281764545,31.693105560321865,31.803146172567192,32.13058221148112,31.59269099182001,32.152861793308396,31.91310744741334,31.328666486991906,31.502006498921396,31.905420210853222,31.5522100944284,31.689713322890764,31.595892039782452,0.30298135149771815,31.59484782228635,31.044321144093818,31.311146204364082,31.907026843294286,32.1482944790338
187,Darcy Cameron,Collingwood,7.277707082080411,7.224129105884848,7.048306638323065,6.882378961101166,7.251298697141875,7.181754456110832,7.278301930598932,7.15912045774789,7.089151625695239,7.297536677215275,7.432825687457533,7.134133279177634,7.355096996950139,7.160978189780851,6.835493401763998,7.35462444005162,7.107508832765314,7.725809559071254,7.061369271621437,7.093395299159461,6.886433965895397,7.1296122554014305,6.834216640866063,6.999744259611,7.420967205288324,7.449732884438322,7.179950005098561,7.190302378798627,7.365328582144554,7.465587877046652,7.105476915199848,7.0374336119238095,7.32322896072194,7.106790472113458,7.334942028941098,7.028975145268998,7.086319013344818,7.3938678339894,7.21754187592717,7.337228332216093,7.269412197352408,7.237798960420832,7.414454747315813,7.2615812388451895,7.166548586771877,7.251679636277838,7.235528160424575,7.215701583452841,7.0430765723832405,6.857231606091647,7.195952282465413,0.17986941220157446,7.203001981125734,6.862386813868598,7.04189719364722,7.357235398255772,7.44626690905726
188,Jordan de Goey,Collingwood,6.3749680617589535,6.329161196116877,6.370108239513356,6.1093775258535485,6.141133866500425,6.572595033096313,6.124979380866002,6.329223672350443,6.423924589026152,6.229541625389324,5.959949094512416,6.499009729803232,6.266398941016141,6.226404894789983,6.680643438794657,6.097859509334351,6.153130721548146,6.2154032973502895,6.414611825370497,6.469561570755417,6.464662089519957,6.1781806743962635,6.266644599066612,6.399614406153318,6.245434723512024,6.243519180986054,6.2150381634996155,6.341669900104779,6.393436930699144,6.069688135280186,6.187033382999087,6.449579111022085,6.314127502489844,6.213941814548016,5.890169644374811,6.043653736893576,6.036565262931555,6.277728323195856,6.335775825554598,6.337279988588673,6.102898433010476,5.831198380250014,6.095862960967917,6.108063615937704,5.904056124312221,6.513332260483086,6.33730734135846,6.249621106922695,6.298676823965147,6.341241276955397,6.253479758674513,0.17687388507729462,6.258010023969418,5.9155141832032605,6.0974422307257665,6.416558192974529,6.5103961416937155
185,Josh Daicos,Collingwood,6.085332021227607,6.1145243984323665,5.952859757866842,5.947326951071436,5.807504039911851,5.818879933028713,5.706373489768014,6.086191147594986,5.7292551601700294,6.02326198010184,6.077345882814917,5.967563145811074,6.009566285348838,6.069598026341767,5.7052868326662765,5.975924488977866,5.751058518326156,5.758709076218125,6.1842224991463945,6.073771272187177,5.862522407845615,5.817108594986902,5.903122463446759,5.874562444996667,5.690157206070582,5.771746056683018,6.204499498823702,6.150809539998838,6.106579084779513,6.170275256101519,5.992973536748094,5.965404980696926,6.021066515645546,6.17048488476728,5.859666091815472,5.811956023376286,5.89475261551874,5.922462241673776,6.123421997097678,6.292587354727114,5.8448669496654855,5.901635483120917,6.15731968812391,5.972792594686883,5.946495558245614,6.021675645898109,6.025958361119293,5.592410140479321,6.078944224662078,6.02249261125038,5.960306099201285,0.15735525696687747,5.970177870248978,5.705509597372132,5.800030621417025,6.116383996553417,6.1814062881986755
191,Scott Pendlebury,Collingwood,3.707070063855297,3.7320967550638127,3.781230445957899,3.8507099844929353,3.4791477748965787,3.893608024758083,3.5746150301024495,3.755766032232959,3.7168766178324804,3.750183986695941,3.6957132513086424,3.543617062332232,3.7394705168889004,3.654779296590068,3.6595600486371733,3.741526051078266,3.8753338969550386,3.6973407121342006,3.646960336333036,3.5956382060847907,3.6678967534517706,3.830403771017888,3.567787437702549,3.918480065466189,3.793930922511706,3.7359424569008373,3.8581400544563182,3.844303673731979,3.5820548006276463,3.700066367265687,3.905588856502096,3.7685273374977415,3.681825287277671,3.678823246068726,3.878999116950923,3.54902180819862,3.760493239845656,3.739577911920458,3.9032436733072693,3.7012888737096263,3.6866631634786127,3.7141296273016704,3.606119971702068,3.6574774949660713,3.7778354940143903,3.6799911393782367,3.567215046043623,3.4183989140645683,3.812037437620061,3.8996768239073454,3.7195436972223757,0.11641851733508714,3.7155031225670756,3.5447250352348414,3.5927992743442476,3.8522628691152825,3.902512469180285
223,Daniel McStay,Collingwood,3.627915532909293,3.769621500161471,3.5336812668676894,3.615428013096823,3.607347552583293,3.600941464492516,3.615045767215374,3.3874751476120197,3.7644255761066416,3.706567843408779,3.5820511855668102,3.7938456172593913,3.5149499455646778,3.7892600260780473,3.6895538657876763,3.689752332334604,3.739244195291967,3.6993968666285633,4.030065068304789,3.730899963850306,3.5810803912845826,3.7057023828337674,3.602867486707408,3.5511448266318566,3.6331154567246435,3.7703441590641633,3.7461950728987787,3.6163645161847398,3.709276542726701,3.874867377734863,3.718393523896899,3.783089639380222,3.639417456480314,3.971166649172707,3.7126726186381074,3.6803630641847094,3.6604122333227527,3.5213522114285314,3.6862310245848677,3.6488117099662367,3.8146298591421206,3.896449044167266,3.7834463073397995,3.8102178353860148,3.706598205089279,3.4487772906960017,3.922794060532088,3.638756249082694,3.6936681981501645,3.7519816448268397,3.6953531153875963,0.12406667718867448,3.696532532389364,3.516262410066768,3.5969933961970435,3.790218414634948,3.917393332177299
197,Dan Houston,Collingwood,2.1351609088101635,2.0123314813622524,2.2937101862212974,2.1291818659401667,2.166875804674373,2.2178271712095987,2.089012607972096,2.235060781754671,2.1559286424333384,2.2956890448974696,2.270837199801792,1.969126214421026,2.024210712437927,2.164535320049355,2.0417140840349393,2.185027714502098,2.0759579694824875,2.1306326919924596,2.0389570774287935,2.0958996126245615,2.1165376394021207,2.1040666755469744,2.1319699452147907,1.9802579187026952,2.074106357798138,2.3508867803318654,1.947679325923865,2.0648849000280594,1.9997403410741972,2.0424104444518796,2.1238016536890205,2.184472809610837,2.0928193538707998,2.2089477847460337,2.2142618135969676,1.9645634536319982,1.9796356238561996,2.2823914693033753,2.1137332095599453,2.154812617599524,2.0559426381365093,2.351771663180496,2.1680734645182573,2.389416279665905,2.346116078104781,2.125994176561431,2.246482315416147,2.1447364346143027,2.154270062599056,2.0976284819216398,2.1388017760941738,0.10904860803752994,2.1299072789663134,1.9712806433552366,2.0358750871457025,2.2515724862527464,2.349908786375313
195,Jack Crisp,Collingwood,2.0433468069957375,2.110917444727652,2.058587564349766,2.262112358826159,2.1482552485630437,2.067816409999444,2.280930529251831,2.3394601646605264,2.023694824982155,1.966820844797461,2.1606990295559836,2.2111749148591473,2.3231120178017557,2.196009534567563,1.9213588975501232,1.9503424961384621,2.198987187198409,1.9906880446871524,2.1294213154280257,2.265699048578805,2.1031826640661153,2.047621678050965,1.9589404354835878,2.0944327103337725,2.412039838992716,2.285223909399918,2.2971994939294342,2.127320771705056,2.163597165670083,2.1033986511299103,2.1393183462356475,2.032764786540045,2.167888287219456,2.2419240854171516,1.9547856317451597,2.1380134020525046,2.2471325030287423,2.0956043132850084,2.083908754011448,2.0063528534936323,1.7557689313072369,1.966707172103338,2.138249545266637,1.8610438903515911,2.09314020144523,1.9778199149534712,2.2324896028638874,2.144616729121714,1.9657339485763303,2.1157943847837686,2.112028985721655,0.13172534647370013,2.1133559147557106,1.9273005352607326,1.9667970872043894,2.2502632928904025,2.3177999504079296
229,Tim Membrey,Collingwood,1.8742557372503041,1.9623947951794503,1.9909396675739974,2.0972078242085392,2.0141704040477117,2.061889447264721,1.9063336325650955,2.104308493087733,1.9646358013035263,2.0205333314553617,2.0444740016359626,2.2464921263099162,1.949997969569829,1.7762214423889986,2.2265237637442157,1.9180138600105885,1.858887811181283,1.9383393344077653,2.096415413397238,1.9259016186718823,1.8507942217811397,1.987642076955109,2.046353034480979,2.0424731214049294,2.090613117235402,1.9819126770220385,1.9824154651368222,2.1504654846438434,1.8008276984953944,1.8589866154283223,2.1699259060765543,1.994237690452081,1.98570792912512,2.0011457312424974,1.9261194573567122,1.993692808984932,2.2337919705553584,1.9989146307388495,1.9624471438446711,2.0174543471374693,1.9061074535194078,2.2060039993392233,2.043294582525302,1.9732584831591642,2.0862626443162076,1.8307872760753814,1.9831586036351212,1.9178482983659224,2.026728631384616,1.8860060079396241,1.9982662716722464,0.10906536305110787,1.9892908722645533,1.8348886999450618,1.901906251393233,2.0965810272568,2.222317212041192
208,Beau McCreery,Collingwood,1.7075448475950397,1.6516909379912414,1.7068538187282953,1.7072712228008182,1.6760304699306987,1.4946476411863614,1.673506399170103,1.5881752277112686,1.6772670294040422,1.6997860515866121,1.8045561666340548,1.6523641381317709,1.7860111354559325,1.6508900257062549,1.6260262333795925,1.4820052811633193,1.6767348272593101,1.689243657073477,1.7007209836855284,1.645995803770108,1.6510574695669,1.661972709811628,1.6714495122521529,1.7879598158582917,1.587241752842322,1.63247756606096,1.6140573957384667,1.7408507015792836,1.7074927581501602,1.6277623448669516,1.752213918943928,1.7740836671205615,1.6890734184431162,1.5737846892008869,1.7662431683766624,1.6224869065302334,1.714811528125721,1.6892153938730214,1.6178187689380896,1.7031841743948912,1.636019505288526,1.6940431160503535,1.7257057269134886,1.6870141088278192,1.6243081009482645,1.7632210327045308,1.6787763953417252,1.7645737117156146,1.5098889103066455,1.729197183035486,1.6739061470034102,0.07093382539543396,1.6780217123728836,1.522987544979965,1.6215112657734754,1.7432256140084943,1.7835660044471813
189,Lachie Schultz,Collingwood,1.6315974465389247,1.7308678434833644,1.49654056953379,1.5350937725937115,1.5574704717793277,1.366515487999351,1.5137076538413665,1.4559447522106044,1.4304953228116306,1.5123696133262365,1.5595197990268839,1.487888966151376,1.6242967690785732,1.5457479008292165,1.4797035315689444,1.5986739100094718,1.558706361410805,1.4707321560481168,1.454500597434761,1.399449681655012,1.514503762437241,1.6232636097630786,1.6047549717156209,1.6116648106563998,1.4892032048569137,1.4315998691415954,1.470642665936443,1.625139230840199,1.427526455414142,1.5822572998045472,1.527652042723312,1.5139315292590456,1.3458543526989024,1.4985967205952915,1.6871821461944592,1.4668028132421385,1.557604127435496,1.7531972817350776,1.5856209230480607,1.3262747350982136,1.568071496564313,1.6148945054965318,1.4641088422035677,1.352525099041734,1.3606346105966558,1.5397890246979056,1.657719713650725,1.533189942264507,1.4844332911940368,1.5427396335102102,1.5234240263829566,0.09566415300314712,1.5210779025802765,1.3541875489104929,1.4313690189586328,1.61664364828824,1.6811423475229934
458,Jeremy Howe,Collingwood,0.9814799588649605,0.9167360240098222,1.1214749609430272,0.9963799523031969,0.8582118008379288,0.9626119881308495,0.998134958367615,0.9140099382228797,1.0626274969020495,1.0563825625984669,0.8991100013890094,1.003914617364705,1.0501975736293208,0.9154706585954696,1.0504292378937796,0.9667243239228542,1.0241307372666697,0.9502839290802928,0.9635607258972954,0.9153364348644604,0.8609455369476968,0.910524436703279,1.006736019005838,0.9947811970511597,1.016404398828328,0.8858034172708135,0.9084247747165501,1.0453276919038834,1.1432563615257074,0.9735255115771824,0.8662340331189358,0.8890053836275088,0.995288285115487,0.9799864434373693,1.0767421825582422,1.011649168286641,0.8419840271969811,0.9618051090262488,0.9387299273788703,0.9426509100436942,0.8841189664999645,0.9587633201543981,0.9601610545696485,1.0236321603610734,0.93539092943373,0.8271981859590106,0.9749551695409537,0.9541643037869889,0.8212182472033296,0.8089575739873466,0.9601114521580303,0.07539936426239804,0.9622085485785492,0.8302292834127946,0.8854513670597061,1.0285609007858474,1.0738486719987226
206,Ned Long,Collingwood,0.7313332638965241,0.887534708288318,0.936437329368493,0.9645338474591163,0.839477443449753,0.919416306283556,0.9858975644735807,0.8611042141827933,0.8078536675105974,0.8875171555214937,1.0315766427138293,0.7346800039075684,0.8809728183880494,0.8178963631889907,0.9710450615961126,0.7512511475411638,0.7836666870895461,0.8830278211041853,0.9277417230646073,0.8484060735059622,0.9043531233467429,0.8428907476385081,0.9308474993817434,0.8614186438647241,0.8968851411412913,0.8384298464647691,0.9286842110712271,1.0139359500972551,0.940294163252575,0.9095926608427705,0.90489725951804,0.9218684459079951,1.0080953865183608,0.8689152390445974,0.7359933969145274,0.9218114102592263,0.7234526783283968,0.8556237481093167,0.9336414907416088,0.9244975234805063,0.9594110478079267,0.8128401935169528,1.0723703687268902,0.8911911672307246,0.9625372119382587,0.8491234811013734,0.8080615965213004,0.844792947491394,0.9090143954121275,0.8675070303408413,0.8858869569709243,0.07855565709687037,0.8893629377595214,0.734949249473995,0.8118414667448615,0.9600644161111661,1.0127386345635818
226,Edward Allan,Collingwood,1.0920205178355744,0.8816396940907638,0.9668831715259005,0.9362516940189843,0.963502049212686,0.8478593591703412,0.8814608568658169,0.9946904730575375,0.8469836250139355,0.8677693178465954,0.9070071545196438,0.8891873858603314,0.9196139483996034,0.8711607799303019,0.788970061064953,0.8829581383288322,0.719110219894125,0.9701030100560843,0.8874499075555621,0.7594241514083623,0.9482264512056521,0.8392178488145416,1.0007006433049705,0.8482765400151603,0.8164732826343417,1.0178344577861713,0.944480679285568,0.8419119194255419,0.9746563914500719,0.9676400480730049,0.9031661901401637,0.8756751235061131,0.90336215939015,0.7712663769756333,0.8759281389539495,0.9341219316922447,0.8788387759736077,0.9178414676703475,0.8461637617888016,0.7697197978302158,1.0049663247871021,0.7205551101430183,0.8619999659289539,0.8082879277594341,1.003583262846608,0.9845621470066043,0.7640700486375194,1.0954025263130045,0.9813582108149738,0.8005678741631229,0.8954980179994506,0.08717020604230703,0.8852040229421971,0.7603765603403395,0.8066744365578051,0.9820278334790246,1.015196490521362
222,Steele Sidebottom,Collingwood,0.7842652608860656,0.9114765871259854,0.892405619280049,0.8497643556379509,0.9317040427803909,1.0058850479036605,0.9056940336347403,0.9369364275803869,0.7838864354103481,0.8889296967518889,0.821872077034901,0.9509951405114346,0.7226960326959777,1.0295606236093435,0.9173803568317064,0.7832640159065337,0.8465312969361015,0.9478709267521789,0.9323839041252838,0.9994947602027289,0.9324907204575229,0.717258786155005,0.8795296012680108,0.8124945653594797,0.8679040803896831,0.833078861063639,0.9223075573687243,0.7724543947567987,0.810347262150625,0.7763945734405872,0.8504262771845871,0.9021119281970273,0.8297911254490474,0.9826855918718321,0.818726906009048,0.8854327942140243,0.8391967783374695,0.8503149011754185,0.9015742474099675,0.9372355028197128,0.7630450470467497,0.754905157381806,0.9432327042651469,0.7952510111412596,0.8581976086412507,0.842700006244593,0.9327408113789581,0.7921033026812996,0.9164472391375138,0.892778705557282,0.8691230938030345,0.07423706532315494,0.8737168408288469,0.7565738347631195,0.7841860863616407,0.936998934305406,0.996048880694895
212,Jamie Elliott,Collingwood,0.8117542079876965,0.7996868876893168,0.8835378334771113,0.910206495091163,0.8559203168512821,0.7725214934726421,0.7136860201921563,0.7028180152598613,0.8475879788935532,0.8578362010278427,0.7152374802306756,0.8388719704290901,0.7303604495359155,0.8606513771857565,0.8240673813787294,0.7780839183945918,0.8464771335775367,0.8515782508279812,0.8806752148729684,0.7629878168568688,0.6926777668419893,0.8232619887996718,0.938648951271357,0.8363340981450538,0.8454147974757122,0.8387422422699105,0.9060330328710554,0.8000577436543811,0.708207866427395,0.828965879061111,0.8966239618281194,0.9685777041096174,0.8092604547263654,0.720446348152802,0.9001567253558762,0.8476814156864805,0.8620075486187848,0.8165530845782327,0.7982987006858937,0.7423177133808294,0.924700392702033,0.8537291034130507,0.6973032294749468,0.8180244512014415,0.762514428166382,0.7607274564007603,0.8489899012820556,0.9838908270001063,0.9120864608597801,1.017805184779579,0.8280917180490703,0.07643128208561517,0.8375381702074821,0.7039229347492058,0.7398186452372424,0.9013848736265486,0.9624423097777739
198,Patrick Lipinski,Collingwood,0.8701270742489536,0.7539447626884384,0.8371034499205771,0.9698344738012914,0.7900998375781766,0.8915737268511151,0.7873622266396566,0.8560534001744615,0.7694045313776376,0.8613295596381454,0.8102346718849214,0.7770599209713277,0.8234755929572112,0.7334450567419989,0.7556948746023454,0.7229700089912705,0.7815073188609574,0.8385873099989112,0.8310375670780166,0.9655233897560895,0.795821971518611,0.7462689584020027,0.8153405201304579,0.8456976673818231,0.7540189963919451,0.8929651412568247,0.7226102702980722,0.5899193424343848,0.905665611691681,0.674752696399437,0.7337867465396869,0.8831134688421204,0.8739925985480336,0.9151983041588595,0.8931488097880957,0.7396385013637254,0.6445588126950583,0.7900722859976202,0.6942670225853426,0.793045463390499,0.8876606920329296,0.7506722388938039,0.9494734809495919,0.8866327046031834,0.841228569930517,0.8093566790586839,0.7512266972804101,0.916597741992625,0.8762751041109162,0.6600864109581479,0.8091892452877318,0.084170238405367,0.8097956754718026,0.6630929994736122,0.7337153333719701,0.8918645324619084,0.9427339544634136
190,Brayden Maynard,Collingwood,0.614022457035729,0.713179122633885,0.8404127022205029,0.7163376513513906,0.804783955958374,0.5721966031605024,0.7998284857188569,0.7109616120955743,0.7439271778114315,0.8821405382383536,0.8066918761460404,0.8087778880779635,0.6556094850956338,0.7698938792948962,0.8622205329979371,0.7651161625593594,0.8098659856474132,0.6716784863524385,0.771887175567163,0.8209709410142148,0.9850934882805373,0.8203802569328925,0.7218358593098768,0.7515502385648799,0.6543110255896948,0.8317078385952588,0.7407033446333225,0.8433199471764993,0.7716849400520297,0.6015328982933208,0.8658778685896159,0.8491181891519679,0.6890740706583245,0.862283891152369,0.7278095528975572,0.8965494687828832,0.8113559464440626,0.8591185353436193,0.6868856880622469,0.8657525745106599,0.8215016172174299,0.8619394962890693,0.7768232268689892,0.7466519491850223,0.7430442837347506,0.7476629784870618,0.8054202088340685,0.8099969870029218,0.8189034713126956,0.8328274517884353,0.7788244002543944,0.08171885795020313,0.8023062208386155,0.622281613589292,0.7063871159351891,0.8597081161812183,0.8788066909603622
221,Roan Steele,Collingwood,0.592113343512798,0.5351627939169088,0.4595370249819789,0.4269589218423103,0.4762287287057786,0.4274428291460752,0.484571852831658,0.4194039759413918,0.4867878519787399,0.47941028691364523,0.4659904173973198,0.4577763413647847,0.43763648998100274,0.45567253575109723,0.4066302233690877,0.5236247055762782,0.45581313593503703,0.35598765185802467,0.4614727941541803,0.48280724148643156,0.5234113439474501,0.48985675381739724,0.4737269722220303,0.42777517683237387,0.4483198117053457,0.4146511705313654,0.5650805545379232,0.4714056980271947,0.4965694220985211,0.5123712067445241,0.5338371810938933,0.4330866989793476,0.5104172068048315,0.38094204377488056,0.4480225899426517,0.3982928311746527,0.49255493473373074,0.41404596798300847,0.47562182041631074,0.4843354092844841,0.46008010627592744,0.33974009389161125,0.37233040869774725,0.4958473660292612,0.45326742531260034,0.443722700623679,0.44952399074819577,0.446141701400331,0.4087640400892586,0.46793235608115313,0.46045408260892423,0.04967534038109722,0.45980856562895317,0.37409579388855957,0.4145246831987588,0.49946360910213994,0.5348910432881906
214,Harry Perryman,Collingwood,0.5615336898134535,0.46740999310841447,0.4622545773087375,0.5169040683628837,0.39313872488857127,0.3847340189288912,0.3562830422994655,0.3887107556251952,0.49586227230456137,0.4523265820112922,0.368592850648373,0.51141544898666,0.41671442130658454,0.47684628315675215,0.4488488143436978,0.4683090082393126,0.4032104716850907,0.5812419441085973,0.5182824089616347,0.5299173950094205,0.5325778216667676,0.5951468442673149,0.44219867109282257,0.4827783087610404,0.38537629905282195,0.4481281437133512,0.39782140216144224,0.5373347544678246,0.4444138138596947,0.40777245537024726,0.43840074429865244,0.41690423713766805,0.4566714697361315,0.4337370272624562,0.49249749776784724,0.5308925162283736,0.491585859401078,0.3931639954879135,0.42420922902035846,0.44375057135710355,0.47099204929077176,0.4166312863904804,0.4615708294426254,0.4606014846973325,0.5094907252889191,0.5760555311736429,0.4226677914050695,0.5610450876073855,0.5154568486191009,0.4003846143419349,0.4638558936293153,0.05974611457184169,0.45863647721673195,0.384865686354297,0.39984890299621195,0.5301211953441817,0.573078553694804
193,Isaac Quaynor,Collingwood,0.3767233769664864,0.4067469985823965,0.4515578305403299,0.4931657245867941,0.38676165148675967,0.4426455016548705,0.41703478086744655,0.4502672007318906,0.48984623112397296,0.4281180644051865,0.428058014949949,0.4706136806503997,0.41871728067770647,0.4914891099184019,0.3379385110440188,0.4872124719107299,0.40909539418596186,0.4854173956545636,0.4158919606494087,0.5366730222074705,0.5033667866518818,0.5188228898146301,0.5057655468522678,0.40589174954763163,0.4528392036409561,0.5255434124030945,0.450946831745994,0.47933317192071734,0.3381508218768535,0.3844893077927532,0.37426150002051284,0.4470260832125303,0.4307747197291884,0.39272066417802276,0.49350673695108477,0.4917343288571154,0.4812189397630388,0.47341595845243073,0.4192659905910681,0.507574910285453,0.4849635778649895,0.42060792057169843,0.457065976755004,0.40609277792270027,0.438345511297015,0.5481462044083198,0.3839606963129356,0.40443097187213517,0.4668393758935602,0.34982263691292276,0.44521798813786495,0.0514565881529763,0.44864664197221044,0.3548326038499787,0.3914752305255488,0.49323699617093086,0.5241657052724593
627,Sam Swadling,Collingwood,0.4161790917532121,0.40422490199640754,0.42069400052487776,0.33890838147977786,0.41758512507188433,0.3747296457775175,0.4067847707015967,0.47666718470541686,0.420344253532389,0.4505377197567311,0.3519394507211208,0.41943977452500175,0.4449930530394879,0.44604430290984387,0.46302201221582395,0.37411538998460486,0.44836671329007544,0.46350636329332795,0.39039889683225426,0.465943481651815,0.4571118358108161,0.43156234877656663,0.4277455310263295,0.46566361142775997,0.4273566675365207,0.4048910155547536,0.37073584364746487,0.48705115945896993,0.41170790608682084,0.3822304435310076,0.436403310186084,0.3948823638530239,0.433889732115383,0.4642483867656266,0.4878621663714301,0.48520692365494383,0.3814136362332427,0.5012240589546653,0.4084797427254304,0.36024907432681436,0.4962578116928267,0.38759819987296495,0.4837250065905576,0.4786841022576315,0.4486249985376183,0.42038729656911944,0.37344913664108514,0.39205683375982153,0.41002530156785616,0.44999053162210584,0.42710278981836813,0.04077245206789545,0.4240253340306992,0.36239886203754773,0.3820597308057747,0.4681847355900177,0.4876959099543758
455,Oscar Steene,Collingwood,0.2889778719784469,0.3163765707729743,0.31479231875785807,0.3589860908473618,0.2243511511413458,0.34236942208836285,0.27917371509537103,0.17799307167808273,0.21768388699143254,0.2763693025675042,0.26575294901588425,0.3423781620264007,0.19317249622770055,0.2711119992315442,0.28894607556905955,0.26934185825175866,0.2646391254309538,0.27606154605798394,0.21095990707886234,0.34180642664086386,0.3272640748299806,0.27697661577773375,0.424600330352097,0.2580292900812753,0.23245482870460274,0.3467532273525291,0.2782669732499583,0.2589235640079205,0.3173851170585457,0.279277061010108,0.273187957718173,0.33979412493721556,0.3644499233817011,0.16773358611729627,0.25135330551097324,0.3083690990094965,0.2689178655119413,0.3005007461024036,0.22041993413515765,0.29120325226881916,0.31439430228412496,0.23199781042276948,0.37499487186052904,0.2962855529719166,0.23388156335580876,0.15015697228339653,0.2216404695383008,0.31180457933566325,0.23785129571342736,0.4199306155671356,0.2820008571580151,0.05883582085516454,0.27762179451384605,0.18110485371075438,0.2237846186863094,0.34192409268939117,0.3728331574223693
194,Billy Frampton,Collingwood,0.26211473245960737,0.19267151827765508,0.32631773544223797,0.2670220985103644,0.35062303548308016,0.34919382004828503,0.15739815523442519,0.252101738340447,0.32358159557237826,0.22696402014460787,0.23833083183102108,0.24827937822030186,0.3104297979350478,0.25481212201979675,0.33290602260898494,0.257888789422732,0.36137218899137663,0.23931101483346737,0.252606315314766,0.2434818514366286,0.3780814118522016,0.256500468648665,0.24708901280037956,0.28760874836711764,0.3215541707339594,0.31815998363969633,0.31771175361822096,0.2608597139474576,0.30487534485228784,0.2735363647070685,0.37293540313391593,0.27570569366006137,0.2519587260326846,0.2577146595602012,0.2557605315620735,0.31885971774808075,0.28281865513950405,0.2815859417346628,0.22782264583181114,0.18346282421875582,0.29114056869244864,0.2719320002568053,0.16536777665905,0.16779192965220877,0.33747922803316344,0.26095311853762115,0.24168595046750788,0.23641628763683115,0.31827518365400004,0.29193881124772664,0.2740997877750676,0.05197408139913728,0.2645684154849859,0.1710044630383509,0.23793069209443538,0.32415344880517893,0.3591686125221758
512,Angus Anderson,Collingwood,0.1507495019520922,0.12273731128710978,0.1172922744202069,0.11303867925014582,0.15777744708186564,0.13025063476210647,0.1176696972454473,0.17069804059976446,0.11122814600510769,0.11471716926770052,0.14044005754391423,0.11696796416435357,0.07997529039135344,0.1467590800674347,0.09530114623630138,0.16842153789777653,0.12113956295418174,0.14790853634888565,0.11890028374510035,0.1754977970748991,0.15424492906023202,0.15437051656527964,0.08081320539791535,0.09347355608612253,0.13472067322002565,0.16225745509953698,0.09367121172721188,0.15903933881243787,0.13866837200944587,0.13133303497712964,0.07565899460686921,0.22759331301759142,0.10922008183290441,0.13222134443034733,0.1065084659653411,0.13781003491250532,0.12279372485871526,0.08378541914009155,0.1018894946138057,0.13839098176269585,0.13912503616244215,0.14570541636285253,0.13396226321921692,0.09551114587542414,0.14474361955931128,0.09696348224662164,0.12940466429833966,0.20556051069697295,0.12096996350122213,0.10833276090244899,0.12952426338433612,0.030752471595354776,0.12982764953022308,0.08142250921506147,0.09665994394504136,0.1550825650432461,0.17451384699749647
482,William Hayes,Collingwood,0.12389241239659395,0.12571433651232725,0.12894804846767863,0.08570158564914729,0.15946956044254051,0.12482925122814656,0.07920592532876501,0.12283547754145623,0.11390602752728998,0.09490055466742607,0.09671102605332994,0.1258669789143389,0.10787033455276915,0.09072056547010546,0.10582619325047533,0.12181644398028561,0.10540426102212341,0.10620805392077609,0.11357382934518989,0.14765547056867306,0.09972311543275249,0.08958104236041196,0.07826314010505353,0.12035225048923677,0.10845174731862094,0.11202878693964094,0.08579120791119918,0.1012234714617713,0.1114691244239631,0.06726258309304116,0.10017949505996636,0.13683003483177889,0.1257575699916596,0.12537043152927355,0.08925058376734973,0.140431390546122,0.13413955090645832,0.11984005657351084,0.11356535870116648,0.09169976463665783,0.12701023612052142,0.12079791712938515,0.10047868773072734,0.0845503739339925,0.10426813435957694,0.11231527093596061,0.11306983744982328,0.11858937241106988,0.12019822455361646,0.10525514594548004,0.11077600486978455,0.01863864504179162,0.11217202893780077,0.08030153729283665,0.09048240514017952,0.12578043645649958,0.13969311262468165
576,Charlie West,Collingwood,0.12597477817154193,0.07502341380745672,0.0991005291005291,0.08151734920846702,0.1218709307896418,0.12494795693242738,0.10138186011439182,0.07639833289594845,0.07298147860476131,0.07327248722388219,0.11250136805785517,0.13926781165790314,0.08613811718889111,0.06966371398523653,0.09547094577082355,0.09557537627331966,0.1237695157212935,0.08152826707972192,0.15336663349990423,0.09388927320528642,0.09477562532770631,0.1042192699462107,0.1125687388808147,0.07167395665270018,0.06972657803771581,0.09274477996809359,0.0955824981037289,0.12000308869476069,0.07103834065345471,0.13391460127512939,0.11179214109642228,0.12628400804982506,0.10059988208730916,0.08125974291463613,0.10289291332994481,0.10169411967131686,0.09909954347693616,0.12539044783814257,0.11788123187493797,0.1333316943489291,0.09494304268086318,0.10780835394882438,0.09000557753036552,0.10191473545987581,0.16601181682485458,0.14106490538725436,0.08418462322389356,0.12507387783180915,0.09581325990532627,0.08589428510248391,0.10325655638827096,0.022963342277125594,0.09985020559391913,0.07116864193330004,0.0802437082207304,0.12551257287782303,0.14069650117273735
456,Darcy Moore,Collingwood,0.058027847345678216,0.05133079847908747,0.033737277902363305,0.06971917317721507,0.06599450045829515,0.044847791078946875,0.10317783402886281,0.04972375690607737,0.07098787893489884,0.04444218098313296,0.05662282579440133,0.07008086253369275,0.06382032538060654,0.09282527793294995,0.04274608371870807,0.11296383129425042,0.07129140947622238,0.07483029942922993,0.07507171551896911,0.03197158081705153,0.05877676625208361,0.08442776735459666,0.05391829556499721,0.08839779005524863,0.06203007518796994,0.08307996689075972,0.04217756333643193,0.07150516378778271,0.07163312071750094,0.07089506191147121,0.04958574037640015,0.060561557226066626,0.044158233670653184,0.03293687099725527,0.08512052350400046,0.04532577903682721,0.07515771279329635,0.07282913165266107,0.03327609610715495,0.04468484775570918,0.06666080805886104,0.06784720954457107,0.08667259560411641,0.06612983514391968,0.0798708196999958,0.056338028169014114,0.08483928924830911,0.04761536784410267,0.0222841225626741,0.056980056980056995,0.06299858896450257,0.019224403917593724,0.06490741291945085,0.033006412144784704,0.04438283599482469,0.08336165718770164,0.09191764291802115
218,Jack Buller,Collingwood,0.05632814950258519,0.051354339986669065,0.07289139920844713,0.053803006096017944,0.07937360430818048,0.06414726228491577,0.11070937648374259,0.07936037898628105,0.08110871522378922,0.057529217877392284,0.056910003681399486,0.09852711829587897,0.06251692749853774,0.05228980576066031,0.08675167192905701,0.07427524692242532,0.05254391011141042,0.035234212516887645,0.07311153535865297,0.04706316732169265,0.08228044773570359,0.05960552862053177,0.06417013982059423,0.06047577662385522,0.08152358794502128,0.03686757932982766,0.12237509171039142,0.05699326749293509,0.06464987070275241,0.04189713069340651,0.0630020566506811,0.07894518700613588,0.08485099214687732,0.040166645771464185,0.02871841518651007,0.028925619834710745,0.060527128428256805,0.0505124975788519,0.04349963732886284,0.05022724698426903,0.0865922210582667,0.050603904566564877,0.08226385317995098,0.05030021203614682,0.06874111462123396,0.06456672727156432,0.11641312254676663,0.11016512370970215,0.05929978702084017,0.021443992110089467,0.06512865910134776,0.022345446827053115,0.06152202796339727,0.03021888133455701,0.04631838955319122,0.08281769151763889,0.11059780466506429
599,Harvey Harrison,Collingwood,0.07167411113181515,0.03574404411149443,0.04335058099810264,0.03064716092239029,0.03641823185208316,0.03241831551901745,0.04569694745562217,0.02532249182902522,0.06395227469791473,0.03933346409189078,0.01671304643209312,0.038981109788052776,0.02466616773654406,0.04813152236946574,0.012141221860715545,0.012895160719026319,0.04103193523394782,0.056629951997606745,0.047810596837860944,0.04829434446905961,0.0167929957751543,0.028846937508946013,0.027401894841908418,0.048415291098544457,0.04006179643856159,0.043309405276559555,0.04506974955312391,0.03346181303754643,0.030437287418546115,0.04020359070388576,0.04103122442739934,0.039034441838862066,0.04285348256138054,0.05416091483880095,0.03360759483923913,0.03605946945606512,0.025671738692668485,0.04514629206293248,0.031388860345273675,0.05591845598158348,0.02607410274700839,0.031640698343971096,0.07374796050715579,0.05311207750547971,0.03590088798983314,0.04071815905294755,0.02884615384615384,0.03831558937096858,0.05521459405398386,0.04146375629081806,0.039115197929180605,0.013231585047975431,0.039183952965376426,0.01672943604742066,0.027124386294074314,0.049396919457593905,0.062451198544351556
638,Liam Puncher,Collingwood,0.008251434407958648,0.008828286749482401,0.03520768903168126,0.016718651633949526,0.02205404042078033,0.03443818557256847,0.04748878148066797,0.033199310007348895,0.03056013694961713,0.018027162548975826,0.025847586849044073,0.03475491980510565,0.03387030763527033,0.043336667785602086,0.02521227452315233,0.02115243630187563,0.06397349128773183,0.020880524555745694,0.03403526124529056,0.029409170904509126,0.03782835688726678,0.03937989881585259,0.030016939016193286,0.004702194357366773,0.033993248972558565,0.029775839911345522,0.02606733855383865,0.012159381402669032,0.03354271361598066,0.037527020217689916,0.03826763725576225,0.05547315591594949,0.02121834589316999,0.04524733571089776,0.025106928999144573,0.033112260384987664,0.035047145991240966,0.03484186464590713,0.043738632730073335,0.025574388511263715,0.02283368436419463,0.02543415876941222,0.01652691984466713,0.029656720935022394,0.025194450530533045,0.020754309895700457,0.03471616671133968,0.04352493461955095,0.025492106185083057,0.03370408616424088,0.030154089710105216,0.011412131555053526,0.030288537982905206,0.00951116115338566,0.02085414569179624,0.03850009992182113,0.04702928509786507
211,Wil Parker,Collingwood,0.023027967158856653,0.004291845493562233,0.008298755186721995,0.004246284501061571,0.015364916773367484,0.004477611940298509,0.0045941807044410435,0.019811265007463594,0.01704587586353009,0.020445972313330153,0.01581540860593344,0.01731658338392566,0.008655046176886599,0.004385964912280704,0.019889528193723836,0.008633093525179858,0.02121666239261444,0.007900207900207902,0.0,0.012288296230989643,0.03704858529409414,0.003243243243243243,0.012958963282937367,0.018044847083012083,0.004376367614879651,0.01741654571843252,0.016766289279617173,0.008577555396711942,0.026527124188237376,0.004255319148936171,0.0,0.013158859649909552,0.008797653958944282,0.0043227665706051886,0.008589835361488909,0.029888380369665193,0.009493670886075955,0.004166666666666668,0.0042704626334519585,0.01764705882352941,0.025616902531393267,0.012587412587412595,0.0,0.022073732718894012,0.004307250538406318,0.0,0.02114309187073185,0.021854954456740905,0.008541656534215264,0.007551732293236692,0.012218647899316901,0.008632209225923962,0.00914566242251012,0.0,0.004267297645188159,0.02115846810980531,0.02634052874858433
481,Lachlan Sullivan,Collingwood,0.007499540354530114,0.0,0.007697241821680567,0.0037128712871287136,0.010902483343428224,0.0,0.0,0.0,0.0,0.0,0.0,0.0035971223021582727,0.0,0.010982306284319706,0.007594936708860763,0.0,0.0,0.0,0.0,0.01076555023923445,0.0038684719535783374,0.0037082818294190364,0.003623188405797101,0.0,0.003836317135549873,0.01173402868318123,0.0036452004860267314,0.0,0.003671970624235007,0.01155327342747112,0.0,0.0037290242386575525,0.0,0.003548196333530454,0.0,0.0,0.0,0.0036674816625916875,0.0037807183364839325,0.018529956763434215,0.0,0.003978779840848807,0.0035294117647058833,0.007250755287009065,0.007497367497367499,0.011063306699446834,0.0,0.0037617554858934183,0.0075566750629722955,0.003586371787208607,0.0037974517129349904,0.004356369005928475,0.003610155353977687,0.0,0.0,0.007616318477440102,0.011452830248226138
662,Noah Howes,Collingwood,0.0,0.0,0.011428571428571429,0.0,0.01214479941234841,0.014333492594362167,0.014044943820224712,0.0,0.0,0.006456125525306049,0.0,0.0,0.008670520231213872,0.0,0.0,0.005439709882139619,0.0,0.005703422053231939,0.005657708628005657,0.002945508100147275,0.0,0.0037082818294190364,0.005763688760806914,0.008806262230919765,0.0,0.005644402634054563,0.006394971338455695,0.005517241379310343,0.019354838709677417,0.0,0.0,0.002938295788442703,0.0,0.005711565920990003,0.0057333970377448605,0.0,0.0,0.0,0.0,0.0,0.005415162454873648,0.0028625954198473282,0.0,0.0,0.014326647564469917,0.0,0.0,0.0037617554858934183,0.0,0.0,0.003655278164609135,0.004877699005604696,0.0,0.0,0.0,0.006918934018840775,0.014268898296899648
612,Mitch Podhajski,Collingwood,0.0,0.0,0.004901960784313728,0.0,0.0,0.0,0.0,0.0,0.0,0.0,0.0,0.0,0.0,0.0064034151547492,0.0,0.0,0.00523560209424084,0.0,0.0,0.0,0.0,0.0,0.0,0.005352363960749333,0.0,0.0,0.0,0.002999999999999999,0.0,0.0,0.0,0.0,0.008282301587984953,0.006166495375128468,0.0,0.005208333333333335,0.0,0.0,0.0,0.0,0.0,0.0,0.0,0.0,0.0,0.004954582989265072,0.0,0.0,0.003248511099079587,0.0,0.0010550713275768904,0.0022282194639379016,0.0,0.0,0.0,0.003594082083293516,0.005999598435180741
256,Zach Merrett,Essendon,6.707995652711488,6.7598324451786835,6.760133700424484,6.82687521818761,6.821203720347012,6.467610499823917,6.66045634714925,6.695769416951565,6.628397541087819,6.9840301685596815,6.9185875017543035,6.908266304261044,6.555192538965152,6.937472448962398,6.84716298178274,6.618984988865676,6.330912318776701,6.6792246442906364,7.031000265959847,6.927841541148784,6.940502402578438,6.579830693141374,6.8469862249550975,6.791781952947287,6.801552611196542,6.620668229253047,6.710660460262068,6.707621251755191,6.371243998174975,6.855395654744582,6.714352394616607,7.0764053818139,6.85490941934408,6.867888033691491,6.708527032426103,6.749113818113332,7.010094876043632,7.124963931546366,6.694570130969875,6.541479695209809,6.789131067563196,7.001409564335004,6.95579698842,6.5706458172157785,6.846913467670076,6.630909791571886,7.124769959318062,6.564128032306096,6.5544797402804,6.596418438366919,6.7654020261004,0.18341015234167285,6.7599830728015835,6.482753684878025,6.577911054072924,6.943698971019324,7.067097333063819
263,Archie Roberts,Essendon,5.724057378021436,5.437179087666164,5.62818630822476,5.398004724672273,5.5169015390432765,5.333545383534375,5.376140093805842,5.443707736417013,5.486623192606865,5.6044702368161134,5.163783260038813,5.368874837858931,5.629030197572627,5.567668351136632,5.82765400109915,5.7609190215459884,5.471162001886167,5.583408043433025,4.99455594529421,5.548840870977664,5.51388261605298,5.455839765051506,5.665002855384988,5.3726731020003085,5.139071670286807,5.673238231690443,5.376317542828848,5.548313954721974,5.761210098190904,5.383123113243977,5.269377297035264,5.604013114199949,5.4496181838505,5.419678216528874,5.785309119337994,5.731218095857679,5.6625306493343786,5.219867601897092,5.360281092651291,5.386458971090634,5.371514090395631,5.404041039763338,5.533949386637426,5.450796187404274,5.524021296172141,5.682882498950679,5.213884929391989,5.40669198302075,5.619299387692419,6.094402023407169,5.49886440651447,0.1970721886776774,5.478892597246516,5.174054102256214,5.3670787451105335,5.675253883547833,5.780368820002841
261,Darcy Parish,Essendon,4.4348939159643015,4.576690487928953,4.148366327627759,4.4630253115661445,4.237498507205248,4.167114767322156,4.099906154520472,4.301995616422872,4.324885601698769,4.181477478700165,4.561908017110254,4.511574279620137,4.567259336869402,4.416195131613237,4.493492141601119,4.3949476138895,4.511773845432907,4.1925776432520445,4.340091390970702,4.47165642132431,4.335126267076958,4.353300816212065,4.322254792063742,4.139515566591381,4.059792281514114,4.2584965231798195,4.243516696028555,4.300433189073459,4.6828113113503065,4.3825305024265635,4.574087255664804,4.449016270035191,4.426710955703778,4.465310790945667,4.230674689232792,4.247305404564396,4.43086403852837,4.309321074117603,4.5456652812491205,4.530707636203461,4.271855036610427,4.381479443419242,4.4015443673060615,4.665830297619099,4.3248049418864145,4.216157957178015,4.587733411338485,4.357743231650676,4.210552325338168,4.417521833585817,4.370399883566701,0.14966146208273087,4.369611337534959,4.141329972603839,4.214986380123487,4.533833784018004,4.585469612039531
260,Sam Durham,Essendon,3.531275283808375,3.6078415450603196,3.4787545208181765,3.632848939638201,3.690352200624578,3.5990759995522033,3.417047777946609,3.3572719559955946,3.5325717480884795,3.3815172384245167,3.452023469043378,3.3812503426420006,3.460587208877285,3.0907949298234723,3.547013757298994,3.2646273350634143,3.4930264535095104,3.573200599343546,3.4268086078751945,3.4453482595144385,3.8173589154417362,3.700183143221843,3.724931231758007,3.3920213593206703,3.625598470915187,3.5417018412235866,3.315367633334241,3.435100619894134,3.380009303509821,3.623767101062988,3.51751246617327,3.506872254742329,3.449474032032467,3.3509295997741724,3.5456562556380513,3.7668160949838736,3.422388530251868,3.5420309062930744,3.6972356438505765,3.5750998709921955,3.781739473282526,3.59174277246223,3.532187629395919,3.643635236726746,3.5499294961248427,3.477152084593236,3.436582858113987,3.703564687381406,3.4820853015604385,3.5322502276957337,3.5204832642939885,0.13949662399693127,3.531731456602147,3.3226578364544266,3.3898259980533743,3.6533990821813926,3.758229698022571
582,Will Setterfield,Essendon,2.095941760713115,2.356409413370975,1.9816387187903497,2.1627116451596904,2.29332240583807,2.216789090448465,2.2259610071491074,2.2464127298257637,2.1729309088270132,2.2923562183939556,2.277070153215656,2.3435180764111205,2.1640094191365353,2.1750459756758462,2.305676065577967,2.3321422547443786,2.141275201088395,2.1070019781903615,1.979938275506496,2.3762337048744433,2.260257591608064,2.077204874875884,2.171096988346008,2.3029204837316675,2.3795258207612315,2.37336743157653,2.4048841912641405,2.2451865090890184,2.2268470815787147,2.1088902790552737,2.0371543277475457,2.2180460538179423,2.302018658555497,2.247484120218858,2.3585569942511126,2.2637109729922216,2.36524788571115,2.41609692991339,2.2613121451143865,2.1911582350374648,2.1192229080797835,2.2708521553552625,2.173509392976884,2.154313329966117,2.238518400032479,2.243750662147322,2.1266981165789947,2.0554269824907787,2.212189235824782,2.2645537768197963,2.22632775076912,0.10688445490794864,2.2411345310899007,2.0409002219699084,2.117063388613661,2.34621236583573,2.3788509370044397
273,Peter Wright,Essendon,2.0173615950764967,1.9112917747323974,2.0301960472767977,1.8416857260297037,1.8460298340807424,1.8882623416027586,1.8334849447375037,1.7784404530097262,1.9732044271564113,1.8948360737202772,1.9497905923644487,1.9284972320322997,1.7689763639182738,2.0052725373679303,2.0707287129890277,1.8215637450832602,1.8133596696833438,2.047766752301956,2.0555318072580393,1.8276844088336002,2.1296050012076617,1.8846294235797008,1.9185652436212193,1.8060950717217135,1.9069075984317927,1.9576279490606545,2.0775452419126874,2.083886639617362,1.8633819804369371,1.770771077223451,1.880312854593123,2.026773714306628,1.8226776145926866,1.82289591098402,1.9931276795159036,1.9610638412226578,1.8715186695011834,1.79360383488848,2.1075323439080416,1.7475877998199132,1.9087800053909776,1.7894750874796312,1.9010005540069987,1.8621255224331923,1.9264038510519992,2.0500104318762054,2.0605273550160095,1.9773847139805645,1.8553373977909775,1.9950780296927029,1.9211239495624013,0.10231810539917433,1.907843801911385,1.7723432992596375,1.8198490933246778,2.048235681332974,2.0825866530879034
567,Nick Bryan,Essendon,1.2861246214807693,1.212133405109147,1.2243274214819164,1.289583263432086,1.2149433639957865,1.195777966865581,1.2122402750030692,1.3418386520353254,1.2500454404429364,1.2787247654138296,1.296918754178147,1.2252577253138899,1.268260424337788,1.2589101383298926,1.1919152307775882,1.2428419511488908,1.1741716725512419,1.1059593254470999,1.3618063930702022,1.152828325843248,1.1715745789264649,1.3270914556657236,1.2791627584324285,1.2377260588913588,1.2929399020345704,1.3523750384293352,1.3231818075719406,1.21819974472048,1.2318823812770348,1.3384097823971761,1.3961113031352825,1.2968001508153315,1.2430517854701957,1.3008285876877894,1.3220973796726028,1.219758504004492,1.2503234235524454,1.3164767079986601,1.249104343966521,1.309954389494345,1.2741131016295129,1.289649273082307,1.2927851867551112,1.259374984855444,1.190647914212785,1.1289053607738182,1.210484124824511,1.1423794772311187,1.204568063990765,1.2656534322768582,1.2544044024006968,0.06257744568152158,1.254616780941169,1.144521491196605,1.1949706550231904,1.3176514283785141,1.350215079218563
275,Nate Caddy,Essendon,0.9105611552315652,1.0883300846830353,1.0267746301926393,0.9661232055558326,0.9283873099178619,0.9538649468596154,0.8457950405266278,0.9671155802582656,0.9146402553922355,1.0304958060059988,1.0619197174166568,0.921539472610301,0.955869756554797,0.9795582533778433,1.0667552426655569,0.9792451286418298,1.1512654502239115,0.948942024629065,0.9829909955091304,0.999813088123942,1.0817416440891239,1.051853677793689,1.0406812368664156,1.0830742309515649,0.9831455777733056,1.00413004808405,0.9659259984579427,0.9250154115057623,1.147236603090176,1.0034950855385198,1.0447566731674074,0.9746012393763706,0.8860563532356094,1.0487673684195937,0.9727203931952813,0.9743311870496438,0.9399342485187141,1.066805063216509,1.0248168675724638,1.025762133105078,0.9750403284888536,1.0213011246115906,1.0725449501661637,1.0739929791347387,1.0636357114134056,1.0274051044858292,0.9685595340089131,1.0016114086153447,1.0789480021455773,1.0243806118271876,1.0046451588056309,0.06386204280000617,1.0025532470769323,0.9113973707645027,0.9470593994220017,1.0680046995889867,1.0872526346680838
447,Isaac Kako,Essendon,0.7463595575340456,0.8015489041549337,0.8495424287362925,0.7412797885449106,0.8531980402476429,0.7742879550461287,0.8440838275281668,0.7358531704582205,0.857593138236868,0.782543150366393,0.7486032016266965,0.7863907903065787,0.7941975064491621,0.7804552982033115,0.663633965492747,0.7586105798724001,0.6132793771504401,0.7880895000437643,0.7799015476625231,0.6751312127950774,0.7992755530692325,0.822448212447014,0.703450357095791,0.8831841690063211,0.8276619729632341,0.7127555991482706,0.7531736786604646,0.8810852848357228,0.8207187794975196,0.7605733576542568,0.6838472654857107,0.8173315725634897,0.8011905903973157,0.8004894237664871,0.7185655444697551,0.7281984955462422,0.7560999393198892,0.7511651310361663,0.7656154502840121,0.9297845088154985,0.7258836031723178,0.7350629088488239,0.8519013705834488,0.7757187206253403,0.7764306923622881,0.7309645630281446,0.7415707116910238,0.7401058789818344,0.7762478971069409,0.7315252714735855,0.7735321888878489,0.05990498667849841,0.7750033378357345,0.6769180035966572,0.727714683040092,0.8310941405673049,0.8762693947829574
278,Zach Reid,Essendon,0.7333770385648332,0.6124213230170801,0.7221279331089238,0.7311329182551698,0.5677903085748811,0.6967598493144448,0.5932782937242714,0.5826279162624809,0.6320881603686819,0.5957073719993015,0.6121789001982884,0.6367082067493545,0.6309435045050223,0.6701694916874894,0.5861336358098379,0.7115565314669154,0.6336367762810972,0.6418045613488303,0.65215228716827,0.6711132227212002,0.7159433956987761,0.5770891076152151,0.700648768650974,0.7173192179627588,0.6995997258224609,0.6385214063895193,0.6246516221158702,0.6035410395700229,0.6654546928136947,0.6357258379919775,0.6462517163459196,0.5360622559193747,0.5413216999624433,0.5134717849703189,0.5144794198680286,0.5728433695872794,0.5716268672490032,0.6969168908094835,0.6200934781874835,0.58376535639545,0.7363205363326444,0.6433066170383275,0.751388070876953,0.6307601634836356,0.6316732014738786,0.7203606304093672,0.524827249470712,0.621581155953412,0.6556349154462631,0.5825947806494849,0.6357496641237422,0.06218254406462246,0.6328624683248896,0.5271304257926879,0.5762017483673766,0.7124733860913743,0.7329169939013521
473,Jacob Farrow,Essendon,0.6427858310803961,0.5608026381215243,0.6205249513140647,0.6364906786393082,0.5903666072724238,0.5904591646125664,0.5418184324065902,0.6963082287015975,0.7008229446348341,0.5702772296717374,0.6499302039216915,0.5646704075603004,0.5319246959654063,0.6573343443681433,0.41109579506030247,0.6801561998547463,0.5003452885828644,0.6858156994367055,0.5321703132017545,0.6127184179480677,0.5156978656605777,0.6213916937177091,0.6495553732694979,0.6348241959583331,0.7198873575192328,0.6553075603820895,0.6585712623456192,0.6854748795786798,0.6605311653350668,0.5229815344578937,0.5746755943994311,0.6093307789711139,0.6470936827994878,0.6029057786467087,0.5886263318110769,0.7079170497434266,0.662925698642742,0.5148610762524786,0.663170478291026,0.5194691039073015,0.7451431693057012,0.5443733265483514,0.5644347211347591,0.553242095920891,0.6947632289974863,0.549228395736779,0.555069669137767,0.5530102434661379,0.6923305989857941,0.689439914639361,0.6106610379583509,0.07063745860986977,0.6166216846310661,0.5150326180811389,0.5398019754927795,0.6865731604140605,0.7064627581961651
514,Elijah Tsatas,Essendon,0.49693652767859775,0.6503518846101235,0.6820509304778222,0.5919412156017456,0.5728743653912428,0.5854219589238125,0.6166803026003705,0.5947022731116891,0.6115954417549182,0.5494047791500142,0.6163315679987412,0.6151842772044864,0.647700794252672,0.5807296255979547,0.6138042768279054,0.6549942453322647,0.5699679696996764,0.5866056363780445,0.6649127499919893,0.5965687451982985,0.6313000216423319,0.6381036438050378,0.6168324612643853,0.5491657318887493,0.534137367465291,0.6018077096355604,0.46431018584765893,0.7773641484059304,0.6020859276237891,0.6673165644533613,0.6318709623738262,0.6854055758023023,0.7179594313784489,0.6441533887647621,0.5804660534356467,0.6656515856268211,0.5271407863948883,0.6405821492213957,0.6508781827770304,0.6214317124852636,0.6581526951414071,0.48571559924368757,0.5304405826275241,0.7091503355398989,0.6140576221725297,0.6505228400821403,0.5246445602599273,0.5729240362448621,0.7715434958157816,0.6270692327566185,0.6138188831591845,0.06411922812878013,0.6157579226016139,0.5026166743577704,0.5493548182724098,0.6650671666396691,0.7161535667315461
516,Sullivan Robey,Essendon,0.48930635601969236,0.5181120472833176,0.5788842888089354,0.4692299128172968,0.4771746881222513,0.574113317128378,0.6199103003374181,0.4728938970469538,0.4411360487609532,0.4819380936024471,0.48917940507115026,0.5260435033225292,0.6007803358102352,0.4934933539548717,0.5784567565304822,0.5953994475749688,0.5835730616983501,0.4704202572090511,0.5976183531929606,0.48994112153731806,0.47336161238014673,0.5105292768234659,0.40310892628241085,0.5822915257314204,0.4395533453263393,0.4487869689484774,0.5569867607832379,0.44506320151598044,0.5631340732987635,0.4994581580770238,0.41358333898965627,0.44312144710225104,0.5028857562123835,0.5337646520397211,0.5427164432940981,0.45333711912696845,0.49401882195341085,0.6333900838374147,0.46768839139097346,0.5266991981636763,0.4284308517848493,0.4669452625973533,0.4821937023246751,0.5426480426765913,0.5704812545936044,0.5048743655569595,0.45814219879028406,0.517040358775637,0.5735179915500598,0.5874907002744185,0.5122569675206363,0.05823088198229143,0.5011719571447036,0.43071096296085476,0.4523861377396638,0.5795964013257348,0.6001321293736939
267,Jye Caldwell,Essendon,0.44688899855508946,0.42885180970733555,0.46325545507898913,0.5014972452566745,0.5202802004875535,0.5036308566695709,0.4704684854151311,0.4498689073103996,0.44220501824550973,0.4998099466865538,0.43202061028986494,0.501161003038764,0.45732541081759703,0.34600156927677006,0.38276509068430764,0.3980878727533715,0.5563594443002909,0.4251341761393215,0.5047577139353081,0.4390592425588679,0.5425909817103917,0.5013764686730414,0.46050350559320785,0.3993972216594223,0.5731386722881818,0.4928341428045341,0.50657840206476,0.4426311983617153,0.4082960714929489,0.5895250408745584,0.47747260040302586,0.4119008912581165,0.402534733595869,0.3267221403484668,0.4443007712050166,0.3756145480477862,0.5123749516098088,0.4778188403477329,0.4783901131628962,0.41516446488381015,0.4451662150434845,0.4656634205547259,0.5263520636006837,0.39849001985479476,0.5154140012282906,0.5520860592434238,0.4804517036421987,0.445382331076184,0.4196081853904374,0.4313876852439222,0.46177193004941425,0.056446985738403024,0.45891445820540244,0.37708040928827313,0.40709195187245917,0.5130101129800715,0.5554834003636332
265,Dyson Sharp,Essendon,0.46649415874453887,0.37704608693066716,0.5336022883406798,0.40294738744344133,0.5166404876429316,0.41226891556025347,0.3317792226857455,0.46298075219606655,0.41148390806594537,0.48730934564683054,0.5428350643199484,0.45610517822792496,0.43872917006382917,0.4395580874397979,0.5486032465558158,0.3926995506292401,0.4080687026827944,0.45015619044711,0.3640294001916209,0.5232130558870661,0.43519921995273,0.49759966697748803,0.40714747596112283,0.5475965441906951,0.3484258389690663,0.33989849142791695,0.46676998261484337,0.5068281231317835,0.4486322305056952,0.5169853776661429,0.4643788514540712,0.4034959433878753,0.45677899504764885,0.32496037874898065,0.5009171796168901,0.3660685051362815,0.46299172323887133,0.3712265236544661,0.45947282672802975,0.48189369539146243,0.4198376828334276,0.47914461408960896,0.4442872392790826,0.35524841406162566,0.33103342205695335,0.47436732954954514,0.44419132544598755,0.4422686117326886,0.49533204779397166,0.5165092004944293,0.4435207532168326,0.061200988822873524,0.4493942104764026,0.33344367277789067,0.37014849778416553,0.5088514683005764,0.5409423452441983
259,Mason Redman,Essendon,0.4653738025286859,0.45451745110704533,0.28230586730841517,0.3181096280006682,0.28982486128707025,0.3833605886492104,0.4169936410119926,0.4123280094191447,0.3727225414665548,0.41131354266793413,0.38789326958557524,0.3322156316838433,0.32877886182180105,0.3470896849162321,0.5240833340219989,0.4779961352564714,0.45749484764642756,0.3244861316582446,0.3599530203998573,0.35742810894072097,0.46491686520926945,0.4153895392680396,0.3733117408311616,0.35733570553723404,0.3850706176738612,0.39756148889933846,0.34921726450665297,0.47511128556355486,0.40339098665335044,0.3550227805758367,0.39799368491074505,0.2857620587109822,0.3037754399598097,0.37201416358341094,0.40187113098740607,0.2715404207200408,0.30944571452422515,0.36447825038331566,0.32340100457608123,0.405826367615266,0.35283572947746594,0.40070882055629303,0.38749637596895986,0.3859997810372895,0.34893921452009413,0.4541646103429345,0.36018873882280955,0.3087575819578561,0.34520822608716906,0.35048760064939666,0.376229842989755,0.05637217355730908,0.3723683525249829,0.28659493323908025,0.3222951068718199,0.4247623736021593,0.4731151015414067
269,Xavier Duursma,Essendon,0.33415258756252475,0.4240217620128711,0.330865864155797,0.26632280997192626,0.29621176643003105,0.37891263428097033,0.3695298551513381,0.35738581245083517,0.459256562207723,0.3457921042034047,0.36486092486270616,0.29863065791058074,0.32847457648207035,0.43244901161424826,0.3755714088120158,0.3397231807663673,0.4082417691062477,0.40125979823130864,0.32138606960625454,0.34201044790384705,0.3231993469724745,0.33411616198534655,0.3057905644253302,0.44020043647098744,0.47650493311950903,0.35205971980650475,0.35959651582308066,0.3129735677993786,0.30409959597643743,0.3104861067736398,0.37898071538765277,0.34351017095144776,0.4021298990567788,0.3966597589202078,0.38010316339226724,0.33476009786060296,0.37452668554113555,0.4029503772854595,0.3204154565136668,0.30833387827139774,0.2816052135503427,0.5407097169219999,0.3545693729477632,0.3875828534737026,0.3674103830358787,0.38384350084407026,0.28165187338861736,0.307087035143649,0.3767730967017826,0.36000478170223055,0.3595538916753282,0.05322814880051103,0.3559775926992992,0.28463665146210715,0.30807328805769824,0.4023013790065731,0.4553500564316921
264,Andrew McGrath,Essendon,0.2924051612739816,0.31738513454205175,0.32669585932112644,0.38016492258409623,0.339077321973182,0.31099728278701233,0.3585746005863094,0.3739969813849126,0.3595117187261849,0.24733877190143602,0.3908891804094338,0.2961249562764177,0.2823213336227563,0.39030295832964024,0.31482290293521503,0.2840541170017373,0.29363287207478195,0.347902125787324,0.3309679927868297,0.3266338157088815,0.25326567090564894,0.3850837753020039,0.2783499533086228,0.30624051551125686,0.2721659607763236,0.3467934933689197,0.2942008269720275,0.34109509145976413,0.4016278575338766,0.3419865372054955,0.27481951282051326,0.36877778967288033,0.3273029901281168,0.36617323504773125,0.32448012711805463,0.3879474813147636,0.34459871264424374,0.2878737289428685,0.2843032865069445,0.2830639440150704,0.32773394561161934,0.31098383747105407,0.3442542785394327,0.2854665644926974,0.34628008436828206,0.3703291579973661,0.3196117700883536,0.2888433194175082,0.3050110909262227,0.40148216614197274,0.3266789343124589,0.04019900164634861,0.32666483751500397,0.2727099389453825,0.2842512100803562,0.3710957330853633,0.39076900488307614
280,Archer May,Essendon,0.2724978962641416,0.2387495294797929,0.22139601921704843,0.286817935069118,0.2217296583066311,0.28055301703558794,0.2937721053050556,0.27176880997366026,0.20771849254760238,0.25122276067171606,0.24343049400718653,0.24130646246752135,0.24245415650633756,0.23225421831780377,0.3030393241763647,0.3565854480846847,0.31018881094774325,0.1956225143932971,0.33830010625264473,0.2484880108640991,0.13842811741546382,0.24436065140952135,0.29603975277794276,0.2064128506887031,0.25292897497649425,0.2688487560574571,0.30377098043116396,0.34436926124941114,0.29487410611713327,0.16264200870039305,0.2977223781436369,0.29648843819521276,0.1955308885895794,0.23155189265886525,0.1610248092219955,0.2824567065669357,0.28752328152144563,0.21316765170252638,0.25156044793326016,0.24952322580749525,0.2961622961323647,0.2117073112165552,0.22128280173282058,0.23694167261000346,0.3031968429408805,0.2974600815376024,0.20376671711452615,0.3010159111114534,0.2329918784144296,0.2328582890134277,0.2554900950375348,0.04717333980048875,0.25037299323960566,0.16938422907767625,0.21087364811474407,0.29841072653391054,0.33253729071513977
279,Kyle Langford,Essendon,0.1607383493335889,0.11521309887007664,0.14993590031989554,0.1758248401628547,0.13419805557739348,0.17652199577289163,0.18311577788670783,0.16985153582418328,0.10320605661678894,0.14625055485908617,0.20576586989197312,0.13548354951881564,0.16285371231154377,0.17257762914154218,0.14136570514746838,0.11714059045062811,0.20837727629003797,0.12442591733966529,0.06305818126595103,0.11813183937710364,0.13539357119485693,0.13862453217676315,0.22847946596836485,0.19898242832670004,0.13304674204666544,0.18174128182297322,0.1537317393537857,0.09918194057662433,0.10158535870667454,0.11004167408317228,0.06744979702441377,0.12254772623368176,0.09001237633795849,0.14370590958226725,0.12765568917785483,0.1494507065182623,0.2203650165012522,0.15225757574340726,0.12022757676962183,0.06014817101724879,0.11605560719153982,0.15309109942821952,0.2361802400323377,0.11896068591910178,0.1327734791936662,0.14094785910673893,0.13891051311746047,0.13886416298459786,0.1832919530972635,0.09732562858488153,0.14310133887553106,0.04001592387209535,0.13888733805102915,0.07207512578369044,0.10861303003269816,0.18202855150029376,0.21790752975795322
271,Jaxon Prior,Essendon,0.12756938735982748,0.1262530340891038,0.16877527174342122,0.13265968940985007,0.1257894235814108,0.16027600666619501,0.12157020980873973,0.1347819482351273,0.1384666581002364,0.11234614609038612,0.16895353885908312,0.12407947920920295,0.14671993539358927,0.1635594390661579,0.14620634970958513,0.10357104004149888,0.11976508712809303,0.12875751315315478,0.1316541692716759,0.16027265779888264,0.08857908142443549,0.16337500304327324,0.15598844345290258,0.153955577253592,0.12296984986301882,0.15364465017352472,0.16713779133889825,0.16830141278509841,0.08903667792398925,0.08908514021953187,0.11259292349264233,0.13332176168880353,0.11557296615526437,0.09449905828569487,0.08708109565759492,0.15682605361358198,0.1298207948225445,0.1668120244035177,0.1524790276332852,0.14264757816038584,0.15681253999423173,0.137569832181847,0.12478917891102384,0.09233272681004191,0.10850967621320487,0.09385818762789574,0.16927446872116583,0.15231012933674987,0.15681077345090075,0.13178217291682098,0.1341960716454137,0.02515636781567974,0.13299072554932678,0.08904661269457549,0.10747750125331831,0.16092369690900435,0.16867813065696505
467,Archer Day-Wicks,Essendon,0.11391322724093597,0.09824228755025302,0.10917361637604245,0.09994694259043739,0.10258493282607248,0.09988097508519017,0.10507055893746542,0.0923883387413394,0.09177022251227002,0.12603757862528503,0.13162320663380964,0.05927444659792882,0.07417042814426283,0.09853288320505174,0.08255822460601756,0.12199512127378725,0.0876298935671179,0.14238159048202675,0.13683821727793688,0.11375425347358983,0.11437107151883168,0.05489092188599579,0.10673135493507056,0.10037735895312774,0.11313323373624883,0.11647635508529322,0.12895550775301526,0.09482185097575402,0.08892442078787872,0.1320405358649071,0.10007814053800172,0.11929822475532591,0.10666666666666667,0.09504567101581368,0.07286598065050319,0.1612018033841395,0.10685752263163666,0.10148461224924449,0.11366879488016801,0.09329780146888719,0.1597793630580575,0.12214341738882384,0.06032146661995297,0.08991267291953017,0.06479481641468683,0.13660473534561973,0.12147200997972869,0.10924490562896791,0.11182968684266337,0.08282312996957644,0.10535761959301877,0.023274518220549968,0.10586861280206605,0.06123850332787341,0.08662527997523173,0.12664742581298064,0.1412451989751883
268,Ben McKay,Essendon,0.06924264739515797,0.06179344623170192,0.11098440298124782,0.08606911713967351,0.13015739947455507,0.10291926098764093,0.0818225392495588,0.14426421572776624,0.09695822234489203,0.10041535758001054,0.18507068543471292,0.09485981030943963,0.09613185399720454,0.1267595123896913,0.07053607592858159,0.16120857827581855,0.07369899325540635,0.11658265651628918,0.1350919830441374,0.11111344173508078,0.13177349219684412,0.13557043626381624,0.09822223562113305,0.07721963091997734,0.07140145213168687,0.12156207587755546,0.09835894206340569,0.08050017096116233,0.14621048514299625,0.09492017954213891,0.07566472996777254,0.08842690224478109,0.10408905309932928,0.0771537458902307,0.0818629562393067,0.10847501207626825,0.11945768396986466,0.15123870060938308,0.1525020936047545,0.11059164455210196,0.08370793957070716,0.1313349557738572,0.09776989164312837,0.10923374272672992,0.13394345923697135,0.12964689392552234,0.06955510201040557,0.10767876964235647,0.1323053749639776,0.07858412452896921,0.10709284153991402,0.02798391811459882,0.1035041570434851,0.06975620166363165,0.0772058609487603,0.13418350071266905,0.15224309804070335
505,Thomas Edwards,Essendon,0.08744939271255062,0.10701514701514701,0.07995265795371559,0.10591350397175643,0.12059164216341443,0.13894392281850287,0.08128729589193547,0.13378636228922444,0.07161125319693096,0.08666100254885303,0.11515866756017859,0.10933446628038185,0.09858802548097588,0.07820328163492649,0.10968921389396709,0.08993539650367939,0.12686558064673462,0.07637231503579953,0.11587234218272655,0.10487881361958816,0.09322080097532451,0.10181055841433204,0.03116883116883118,0.09792958717033143,0.1565819774397396,0.06101694915254238,0.13279431755905569,0.06490704743055066,0.13837842087796748,0.15429021993185213,0.16573907110482966,0.08082086689681628,0.08566139035453117,0.15264885941843465,0.03294226995997193,0.04407445221079087,0.0621713225358675,0.06456953642384107,0.08660715737443703,0.06839238762989859,0.10543933054393308,0.1088185490272168,0.1354723403674763,0.11069622172625182,0.06174883027727129,0.051243900364238176,0.08979214271629568,0.11708629351810346,0.10647737355811893,0.11967361740707162,0.09840569813873824,0.031628909145370115,0.10019929194765395,0.04554418908224757,0.06483650763014835,0.13300165490766094,0.15395374102660153
660,Vigo Visentini,Essendon,0.06910770833618932,0.02941176470588236,0.08620431694176592,0.08503794541890738,0.076440242529948,0.06518414359502978,0.09661371160141298,0.05839416058394162,0.045245807565019155,0.08585055643879175,0.08353833086916862,0.08058316661678301,0.07455084104616387,0.052789078892519235,0.08957000446362151,0.0959871364653244,0.07523608768971335,0.1257589434764867,0.11294040057762308,0.08139564315821991,0.09441384736428013,0.1271020625160692,0.07998347241960024,0.10986730798808712,0.07208161064757829,0.08647568287808129,0.09594006004920758,0.060762666354549605,0.0852705735822619,0.09994506757521612,0.09141870701161868,0.06250514506132915,0.07064318257018506,0.08325667968876818,0.0638820638820639,0.08101015315780417,0.08619313647246611,0.07113742890821273,0.061368025471058005,0.05029337803855827,0.10871072897444467,0.049339303714573735,0.06517771573815576,0.11003297818366314,0.10546875842131023,0.07799834574028125,0.1282115718303118,0.06483045984007682,0.019934434915063422,0.05357200725905765,0.07973333094452893,0.023168963313936017,0.08079665988729359,0.04608497427567784,0.06026764864849254,0.10109951896204977,0.12313114218221959
262,Lachlan Blakiston,Essendon,0.05032265071979129,0.0692431677734277,0.06005462896557808,0.047094920492301004,0.11073638008060571,0.033222045172876045,0.05851389904283981,0.08069950403921294,0.07611231800761245,0.05495586015934821,0.06764993691357525,0.06613135797564273,0.08682844670576118,0.0737090123796543,0.07467316985829361,0.07480521965710381,0.07245333568977737,0.0805801191346074,0.0782226060911043,0.1059084166589526,0.05028348359512965,0.0740474768920174,0.046124613619601976,0.04407349742688818,0.07733763171584998,0.06830581727740205,0.11100409816930723,0.08938878079451502,0.0828492825963708,0.0684499169412848,0.06998466380412789,0.05506896470354216,0.07130517961912439,0.02073736155454644,0.0693523589602203,0.05037319140970696,0.027154952348536418,0.07316455474388012,0.05014007795245958,0.04752871014329113,0.055334148958000956,0.06075637564245698,0.09356947195080233,0.11835653519096222,0.08378252580226844,0.04441701524711908,0.12065444789889287,0.05742590080854598,0.0965900336198516,0.06395590314536032,0.06926867936100259,0.021928215535779314,0.069297763366824,0.03544659288494854,0.04959430208034338,0.08736355653031072,0.11094921596112342
272,Archie Perkins,Essendon,0.08725396795425207,0.03475598773795859,0.09887936659434636,0.12088981288929763,0.025221552122296563,0.04017508358619086,0.08128437458045921,0.027977416088259675,0.0425875023509286,0.06355112629267502,0.03797295542345286,0.04006064323752671,0.05376831376839263,0.09486216387479193,0.0748121296236677,0.037892875179176055,0.07610386259637009,0.0750813662414319,0.020411432891942968,0.11556981809811591,0.03270469363097712,0.05333908541062041,0.09323643678475663,0.10658190629548814,0.0500501923261732,0.04279970101432967,0.037125768697392994,0.08213377697702381,0.07997710132356435,0.04569286026978474,0.04884073271564328,0.05176109986442322,0.12009674910890739,0.06257773813994169,0.04075222464239793,0.05640469548052328,0.06432210455257645,0.05084324082792292,0.07282820705176296,0.06826981034606079,0.04416287461727239,0.09952578824412897,0.03657032796617745,0.06821919729197111,0.11030211360414796,0.10463276289363133,0.06920862001624513,0.04844526612491701,0.08491945576808373,0.06646032442098365,0.06483793215078726,0.026821857198468652,0.06306443221630836,0.028946507984516753,0.03795621865239901,0.0957017592431788,0.11448993867685245
515,Jordan Ridley,Essendon,0.06394846825345457,0.034832401200044445,0.02504080095539834,0.10236335950714727,0.04577171353108881,0.06321779786999562,0.051274284216351634,0.05782835059846494,0.06387457265041835,0.05899105645251747,0.046657636046216366,0.05168199998620982,0.07878029239485415,0.044644238334052885,0.05457753755663301,0.008982035928143714,0.07802896135014066,0.03713090261228352,0.044571730186658734,0.031043485446412035,0.071491842591416,0.04592748910812909,0.025383979029412654,0.053921568627451,0.0898813050347014,0.03332652644476211,0.020583190394511147,0.030494207563734027,0.03066200645201124,0.06871964579714213,0.04971002485501243,0.05817739703735868,0.030769230769230778,0.04465617103910219,0.04996004751631914,0.05010879896019471,0.0387497975708502,0.08831758600885375,0.09505866346229719,0.050460380972979654,0.05952520656456126,0.031391038997989944,0.03456172519111844,0.06613915264589929,0.05848206236743799,0.030847965509597244,0.08811367659627364,0.014306559733178275,0.09321273631752387,0.0703959725105901,0.05233155161492251,0.021841161269919203,0.05028458996658718,0.02149700055949302,0.030831509948860653,0.07285810041198942,0.09252979290454524
270,Hussien El Achkar,Essendon,0.020996081188848978,0.02815700929629821,0.027701965115879863,0.03753628510286095,0.05943821272222113,0.027718292866837593,0.028722649568242203,0.035889491713002056,0.019109560729346442,0.039446081074023975,0.047464554232834834,0.03670180463062209,0.03403580610075448,0.03110138815500324,0.019350087214936373,0.049424654533073265,0.02722573847716047,0.014224202028346625,0.029210731783296636,0.060231309291726695,0.07326266915975524,0.041674510766879766,0.03378974038098076,0.03389118979442228,0.033546902495149584,0.06085170248034039,0.027493324726387144,0.03294298438629073,0.05239322691199547,0.05668367215940339,0.028078239183389406,0.046306228712367385,0.005212858384013901,0.04277710098165722,0.04946875164156684,0.032181958548966896,0.022356693489392836,0.038287344994721015,0.038656834552063944,0.029083286233840367,0.010830324909747295,0.06242479245367568,0.03362626646711767,0.04079765593709818,0.04361330074266931,0.02415046982786883,0.04924410520398806,0.023685562586593552,0.028142297224316958,0.07033228848150871,0.0367894437928697,0.014749365264501619,0.03384046508770152,0.015225700562051588,0.0240533042144423,0.050079966973086414,0.06210230900914194
645,Angus Clarke,Essendon,0.04017728303442591,0.018489984591679515,0.050037907505686124,0.016955601936647222,0.022140221402214028,0.020799914539781222,0.05421383763667684,0.01720430107526882,0.04597701149425289,0.013657056145675268,0.0310192023633678,0.03520967017575911,0.013469249275183523,0.008908685968819602,0.01393188854489164,0.030054836495470114,0.045785498489425994,0.03906970621934282,0.036881854831611,0.033503010856310696,0.00925925925925926,0.03581826122177445,0.03556505743765914,0.025759757228701143,0.018018018018018025,0.031626506024096404,0.012838801711840228,0.034783881711378695,0.01705254318618043,0.030251192694437993,0.029997986296489455,0.03847199553281596,0.012574525745257456,0.02981798131039688,0.024912838535129565,0.03141361256544503,0.022653094910591476,0.021221682157983007,0.03381879900306826,0.03633610900832704,0.02323780015491868,0.043782040984138876,0.034765676974006926,0.03875121262897964,0.02924670281696614,0.028712386079375065,0.021102419919081274,0.05238792339134879,0.022304832713754656,0.016877637130801693,0.028616945178694238,0.011436449445657406,0.029907983803443165,0.012628702318406924,0.01693930729222551,0.03881777778936554,0.04920542382334229
469,Jade Gresham,Essendon,0.004204625087596357,0.014910692330047175,0.019957493175882902,0.01242236024844721,0.016282225237449124,0.010627530364372473,0.016417101842898837,0.0200133422281521,0.004054054054054053,0.0,0.00846859562455893,0.0186919105764387,0.01900168893600123,0.024047416013036033,0.038549135185585406,0.013358731062966197,0.0,0.0,0.013289036544850507,0.014493921470665663,0.00420757363253857,0.019505827505827508,0.0,0.006787330316742084,0.006718924972004482,0.010526170800895164,0.005145797598627787,0.016293279022403257,0.02150056314436712,0.003942181340341657,0.008304498269896194,0.0,0.01850669417755046,0.014689500076157828,0.016382252559726966,0.01967833519678336,0.0,0.048311030493856745,0.004016064257028112,0.012269938650306754,0.0,0.02196735372679673,0.016194331983805675,0.0,0.026838138802444615,0.019659239842726085,0.034614645396886426,0.022983188692670742,0.006629834254143648,0.04029550033579585,0.013895161100666535,0.011078692272173509,0.01392632626681593,0.0,0.003118265440210252,0.021598122376094906,0.037742564778902095
276,Zak Johnson,Essendon,0.010016694490818032,0.0,0.029129793097213447,0.01724939162415115,0.013647571472969626,0.013587533711372727,0.0,0.00955414012738854,0.017029772423747796,0.014669926650366748,0.007941760423560557,0.0,0.025761442339258783,0.008069939475453935,0.0,0.025745936767203048,0.004862236628849272,0.018599995049681947,0.018619084561675717,0.04924478680692613,0.013648958368966582,0.010025062656641603,0.008142926592124455,0.03689235896513148,0.019138755980861247,0.008927118293664583,0.014007782101167316,0.01752504261554079,0.027689499699285865,0.007746933505487413,0.009118541033434653,0.008993165934345178,0.030412809235436246,0.003888528839922231,0.009367681498829043,0.004705882352941176,0.008776379870129872,0.004175365344467641,0.0,0.004089979550102252,0.00810263335584065,0.0,0.009516256938937357,0.0,0.004026845637583894,0.0,0.012905554908949731,0.017697654284026643,0.004709576138147567,0.004995836802664449,0.01185914272310535,0.010392850910640974,0.009243111266131847,0.0,0.003075826312378486,0.01872769588828549,0.030149790927100566
274,Max Kondogiannis,Essendon,0.0,0.009677419354838712,0.0038119440914866584,0.003921568627450981,0.005033557046979866,0.0050083472454090176,0.007712082262210797,0.0,0.009527857271035806,0.0038338658146964857,0.0,0.004702194357366773,0.0049423393739703465,0.0,0.0046439628482972135,0.008982035928143714,0.008032128514056226,0.0085170811944638,0.0,0.008163901194302417,0.01716791157439087,0.02124143659062564,0.021636960539363086,0.0,0.011728576815591956,0.0120274590225734,0.0042796005706134095,0.0,0.017551322732088332,0.0,0.0,0.007697241821680567,0.014453342147568327,0.003939592908732764,0.008830454000166795,0.0,0.0,0.0,0.0,0.017013718106745953,0.009496634575382197,0.012192859199397594,0.008179959100204503,0.01611162744419646,0.004319654427645789,0.0038071065989847726,0.004807692307692309,0.0,0.0,0.004219409282700423,0.006344256897821079,0.006047684069050017,0.004754943332529541,0.0,0.0,0.012062027659529656,0.01747272344476035
610,Harrison Jones,Essendon,0.004477611940298509,0.013235294117647062,0.0,0.0,0.0,0.012481111704580217,0.004654771140418931,0.0,0.004930156121610518,0.004559270516717327,0.0,0.0048426150121065395,0.003846153846153848,0.004622496147919878,0.0,0.009259259259259262,0.0,0.005000000000000003,0.0,0.0,0.0,0.004552352048558424,0.0,0.0,0.0,0.009693053311793218,0.004643962848297214,0.0,0.0,0.0,0.004811547714514836,0.0,0.00900900900900901,0.00994200497100249,0.009646401985111666,0.0,0.004728132387706858,0.0044742729306487695,0.004780876494023906,0.004750593824228031,0.0,0.0,0.004858299595141701,0.007843137254901962,0.0,0.0,0.0,0.009273570324574968,0.014586709886547814,0.004629629629629631,0.0036826458804480517,0.004129507493244619,0.004475942435473639,0.0,0.0,0.009061311311311313,0.01196059482419677
558,Nik Cox,Essendon,0.008670520231213877,0.0,0.0,0.0,0.004288777698355969,0.0,0.004528301886792454,0.00425531914893617,0.004335260115606937,0.008510638297872342,0.0,0.004580152671755728,0.008875739644970418,0.004382761139517895,0.003592814371257485,0.003573555687909469,0.012012898537560181,0.0,0.010870369699651519,0.0,0.004424778761061949,0.009104704097116847,0.0,0.01744186046511628,0.004240282685512368,0.0,0.004264392324093817,0.004979253112033196,0.008771929824561403,0.008626887131560028,0.01825095057034221,0.0,0.0,0.0168421052631579,0.0,0.0,0.0,0.004246284501061573,0.0,0.012239677383104134,0.0,0.0,0.008676789587852497,0.0,0.00438917337234821,0.0,0.007872396600221371,0.0,0.004862236628849271,0.02435862301578937,0.004921388689103657,0.005708301195787987,0.004259855736514994,0.0,0.0,0.008923593215469022,0.017318910648714807
650,Jaxon Artemis,Essendon,0.0,0.00422237860661506,0.0,0.0,0.01053555750658473,0.009740259740259747,0.0,0.0,0.0,0.009230769230769233,0.0,0.0,0.0,0.0,0.0049099836333878905,0.00950118764845606,0.003965631196298744,0.007017543859649123,0.0044809559372666185,0.0,0.0,0.0,0.00447761194029851,0.0,0.0044543429844098,0.0,0.008670520231213874,0.0,0.0,0.013264554163596167,0.02083935259848394,0.0,0.013333333333333334,0.0,0.004460966542750931,0.022808269624943627,0.008778346744696417,0.0,0.0,0.0,0.0,0.0,0.0,0.0,0.0,0.0,0.0,0.0,0.004731861198738173,0.0,0.0033884685344350396,0.0054900504595356515,0.0,0.0,0.0,0.008872903044285634,0.013319233603537215
266,Brayden Fiorini,Essendon,0.004146510020732551,0.0,0.011928429423459251,0.0,0.0,0.007853403141361258,0.004207573632538571,0.0,0.0,0.008444757213230122,0.00890509073809607,0.00432588320115357,0.004135079255685735,0.004034969737726967,0.0,0.0,0.008450704225352112,0.0048348106365834025,0.0,0.004181184668989547,0.004043126684636118,0.0,0.0,0.0038834951456310674,0.0,0.0,0.012286689419795223,0.0,0.0043956043956043965,0.0,0.0,0.0,0.0,0.0,0.0038935756002595728,0.004158004158004159,0.0,0.0,0.0,0.0,0.004051316677920325,0.0,0.007756948933419522,0.004005340453938584,0.008124576844955992,0.0,0.0,0.012244897959183671,0.004160887656033288,0.0,0.0029690571964858213,0.00370637124131799,0.0,0.0,0.0,0.0077771078628793445,0.011308644992959783
277,Jayden Nguyen,Essendon,0.0,0.0,0.0,0.0,0.01115793433339603,0.0,0.004709576138147569,0.0,0.0,0.0,0.0,0.0,0.0,0.0,0.0,0.0,0.0,0.009669621273166805,0.004654771140418929,0.006521739130434787,0.0,0.0,0.0,0.0,0.0,0.00964630225080386,0.0,0.004587155963302753,0.0,0.004538577912254161,0.0,0.0,0.0,0.0,0.006607929515418504,0.00814624932541824,0.0,0.0,0.0,0.004665629860031106,0.0045906656465187455,0.004672897196261684,0.02114723764208301,0.0,0.006315789473684212,0.0,0.004807692307692309,0.0,0.006382978723404258,0.00650054171180932,0.0025864657908849257,0.0042197188776226585,0.0,0.0,0.0,0.006407549387980915,0.009664840873582402
468,Saad El-Hawli,Essendon,0.0,0.008316008316008316,0.00468384074941452,0.0,0.0,0.0,0.0,0.0,0.0,0.0,0.0,0.005016722408026757,0.010443864229765017,0.004807692307692309,0.003592814371257485,0.003573555687909469,0.0,0.005046257359125316,0.0,0.0,0.0,0.0,0.0,0.0,0.0,0.00939702427564605,0.0,0.0,0.008064516129032261,0.0,0.003579952267303103,0.0,0.0,0.0,0.0,0.0,0.0,0.0,0.0,0.0,0.0,0.0,0.011655884853112801,0.0,0.0100418410041841,0.0,0.008264462809917357,0.0,0.0046439628482972135,0.0037523452157598516,0.0020976148966490383,0.0034593752560829563,0.0,0.0,0.0,0.005022895212806355,0.009909653574833796
656,Rhys Unwin,Essendon,0.0,0.0,0.01169590643274854,0.0,0.003853564547206167,0.0,0.0,0.0,0.0,0.0,0.0081799591002045,0.0,0.0,0.0,0.0,0.0,0.0,0.0,0.0,0.0,0.0,0.005046257359125318,0.003968253968253969,0.0,0.0,0.0,0.0,0.0,0.007677543186180427,0.0,0.0,0.0,0.0,0.0,0.0,0.0,0.0,0.0,0.030690537084398985,0.0,0.0,0.004780876494023906,0.0,0.0,0.0,0.0,0.0,0.004979253112033196,0.0,0.004796163069544368,0.0017133662870743873,0.004916637989334197,0.0,0.0,0.0,0.004138092076139883,0.008076963837829562
470,Matt Guelfi,Essendon,0.0,0.0,0.0,0.0,0.0,0.0,0.0,0.0,0.0,0.0,0.0,0.0,0.0,0.0,0.0,0.0,0.0,0.0,0.0,0.0,0.0,0.0,0.0,0.0,0.0,0.0039973351099267165,0.0,0.0051679586563307504,0.0,0.0,0.0,0.0,0.0,0.0,0.0,0.0,0.0,0.0,0.0,0.0,0.0,0.0,0.0,0.0,0.0,0.0,0.0,0.0,0.0,0.0,0.00018330587532514934,0.0009148037869039973,0.0,0.0,0.0,0.0,0.0
283,Luke Jackson,Fremantle,14.759422240345751,14.567043917007355,14.454840756717926,14.597590856434564,14.735259278427641,15.395037341651683,14.48586338933105,15.012833473066205,14.557360635962914,14.779233565491207,14.892584729630622,14.558829343958768,14.65566142460405,14.61278773004051,14.567628004943824,14.726263151283614,14.63763795602466,14.50559222765633,14.893225979042795,14.936526833305857,14.972868597958959,14.777656586690572,14.514759369301292,14.500467334163382,14.405172126576069,14.152157403564217,15.413123655902924,14.648278334509264,14.829159970509828,14.930668994753072,14.516455669426072,14.733218506555707,14.733529802834806,14.828949608411861,14.9837099470596,14.780738700665228,13.99560480746143,15.553709791692262,14.74867838499505,14.302439490306595,14.850681780101548,14.761635073381033,15.020856816660038,14.601296905512294,14.75568725235899,14.692297214859646,14.113500687636312,15.036055874407905,14.947253651327314,14.85767726582331,14.72579024880668,0.2950611042439305,14.734394540631223,14.182965231346405,14.504521124916304,14.952607175173327,15.321446140866707
284,Caleb Serong,Fremantle,11.56130243804459,11.713277522900057,12.088593423378748,11.884642289232792,11.356812632857798,11.715476450040768,12.048814933893063,11.91343532695142,11.707765899628447,11.779464005983481,11.430238487007866,12.184764304941929,12.163559827821897,11.620898786965654,11.796618054596996,12.104867983268166,11.497139999584327,11.719097679775423,11.413188278383231,11.481710002018614,11.638255583592576,11.87245481585016,11.933081003427311,11.237142012743577,11.96624894875263,11.511437444685436,11.395444895406799,12.006730481008029,11.538852148071102,11.954158125070824,11.562351098348431,11.829688406359693,11.764328849945649,11.460603264793297,11.901163457784808,11.515875891324868,11.907991264108338,11.521688656239926,11.803130202546427,11.697568532256852,12.141755419177667,11.759348492026536,11.648141785975525,11.896423023358697,11.660108395816925,11.414727387977537,11.999492987303043,11.282427317132905,11.417096066747781,12.133126459949645,11.731050214901165,0.25231061377801134,11.717287064908096,11.364732246680344,11.454257026236142,12.001005623487385,12.139986482535923
300,Andrew Brayshaw,Fremantle,11.33905283472695,10.803914630582401,11.27036665404861,10.98575502346448,11.211648255209887,11.021550584122485,11.383546671598594,10.927306646329203,11.463330356480101,11.381103781548662,10.968971552564419,10.973312001326669,10.99678727787954,11.431061928380212,10.982763316124572,10.944926901649202,11.286346173236122,10.953046749834986,10.973860386333124,10.780572485932725,11.218440616041484,10.987877822291066,11.47882471058333,10.882097073579532,11.098594939431138,11.29318539783389,11.500241777839422,11.044988331555018,11.50467801645264,10.751166613613483,11.395246099350135,11.38785425859739,10.89366341228053,11.698558524938399,11.21154941042635,10.644194286943115,11.05978651017506,11.262298454516115,11.037932434376158,11.317430371654027,11.269493991314658,11.406248791419243,11.365292415330934,11.08978513455408,10.952221290045864,11.121882082106229,11.42149525904756,11.127619734249814,10.782331059203022,10.14308629480405,11.128545786518535,0.2770593015262697,11.110238510768683,10.757194817438927,10.920275210413031,11.397545661992579,11.495851279051923
291,Shai Bolton,Fremantle,10.731671965428433,10.433932843667483,10.777036051890128,10.75215505587567,10.599425336283842,10.611898026211117,10.510684694802462,10.93774247228897,10.569110050390952,10.353768127336872,10.336722248175196,10.82340524029758,10.770554870390512,10.355769312095013,10.333966365799194,10.572175012163221,10.8270624716192,10.523053861767197,10.559432397980972,10.48460757172885,10.696030757199443,10.122290561028388,10.757034106400699,10.905794863984582,10.469446442130536,10.535540937894197,10.27547039111519,10.981927167792206,10.683518201105286,10.43296153358814,10.297249605144392,10.445668299337985,10.636621337829988,10.625972079502688,10.179985122872802,10.98485251323613,10.61652488403292,10.456331026855823,10.622232773558641,10.139363468396162,10.471097622402223,10.299557192760776,10.26183320639252,10.806986369367527,10.658713382067683,10.684994675465285,10.690147218163158,10.695012614892624,10.510408893393105,11.044480559741507,10.577044435676907,0.22336724420949394,10.585800174223532,10.196763979994344,10.336146268758611,10.783295668242905,10.972869305214042
297,Jye Amiss,Fremantle,8.020841622068199,8.177309482835112,7.939805413141265,8.15300405291958,7.89515582732975,8.1654002755247,7.842588287485328,8.012891423650245,7.745051879701781,7.92733914268877,8.112894897652177,7.831988084440995,7.886547577176919,8.197611950499493,8.277487980312905,7.785062402295046,8.40896946945168,8.421343057470363,8.046398983501485,8.195944440613369,7.952835662376664,8.287023686381357,7.986512538788434,7.96153824160117,8.388921172439508,7.783404994438579,8.080509668167778,8.10015650940306,8.151135585357975,8.13079319694847,8.162256729724495,7.8381681191713275,8.251560065978838,7.890939153327664,7.950419427338093,8.622524248634544,7.929939855760747,8.177080584832353,7.975219906731817,7.894372032174683,7.970436328251836,8.232484771973738,8.555268566014071,8.185932217687737,8.127815564211524,8.023180073746676,8.028432011612004,8.044472302663445,8.125473052601329,7.959278981055403,8.076234430003089,0.1940349514547414,8.045435643082465,7.794682167134965,7.893654560495656,8.236471508420804,8.418806471926533
302,Murphy Reid,Fremantle,7.529793500278361,7.803083141991111,7.789837993047095,7.647717113169705,7.853465082683556,7.30572035641334,7.607383195363356,7.725126528980243,7.901893937486121,7.955185821307386,7.656372422801554,7.862411011017925,7.700119206569492,7.4059242772464495,7.805822276660829,7.88116109756361,7.610460337615582,7.772079683945877,7.7546609408786775,7.5316823550364775,7.588112860180777,7.836114658058808,7.508251773664826,8.07573554056213,7.803896017546653,7.7523993396447315,7.54530341675244,7.610930809386012,7.889240453555818,7.556566519058885,7.739915510479063,7.659060638006144,7.685357980547455,7.958818275524289,8.051272401589703,7.668157768293565,7.47436996168617,7.707885313536929,7.557956243094728,7.785082866004265,7.854513309521409,7.890010600582749,7.401959895977587,8.000108927326297,7.651250567306786,7.8767690090299585,7.959062402000275,7.567870006246018,8.014603382823985,7.685335620736151,7.729116246975626,0.17761012358233608,7.732521019729653,7.419955642556593,7.554212530676838,7.892494217995554,8.011632019446958
286,Josh Treacy,Fremantle,7.263333224994404,7.297864408388902,7.3697247089232425,7.04902117889978,7.8137172505930295,7.364736537851787,7.060136653038068,6.938992690025698,7.251047351672252,7.493395229078696,7.220706504120559,7.397612214801159,7.56586797792662,7.185556118803694,7.584182025199017,7.162559040058249,7.409215002813431,6.977101586475967,7.343220754450737,7.344538157855231,7.230258063004153,7.198155754039042,7.227173624293648,7.0905542311559975,7.248663400980298,7.420161978138898,7.3802158270045135,7.21602472582306,7.146050693051036,7.455378581714531,7.289289127615886,7.361393839920691,7.297368213525424,7.08721948810957,7.287737439840498,7.459859672391059,7.313336712917253,7.244163336093314,7.308252347632296,7.084549587651354,7.218198181761124,7.179375695018106,7.599264575105295,7.076090590223435,7.119143872221786,7.318956646818145,7.087385368760712,7.147882954214345,7.107411197503274,7.113048434477275,7.268101855539531,0.17114433375964613,7.249855376326275,7.051299851098129,7.0898919389153825,7.411502920656454,7.580427645508176
293,Jordan Clark,Fremantle,3.042961147480576,3.0346942737202838,3.2312060560069953,3.3400410269081164,3.3719990390045034,3.2953247742093796,3.150262487076849,3.2754520194697894,2.947066869040529,3.052000957329473,3.33976313000289,3.273910402736159,2.900694824329605,3.366363290705116,3.2097923685726153,3.2485370006564276,3.020421356813999,3.1859401881118408,3.360242631215035,3.0603019046719715,3.1988327173196125,3.3585208337674466,2.9697283274889203,3.226608201445629,3.200720681129069,3.3827162936376265,3.17767891843429,3.3291247391642367,3.172190088510393,3.164656809366678,3.061943286681754,2.9913571326218675,3.2870966228830767,3.192785454998995,2.8231320631652443,3.1942770845805137,3.48563716534771,3.2585879912984685,3.244939079040673,3.2240113916905644,3.2384469499757995,3.2273145214800567,2.9690260996802924,3.1025535758073755,3.1262761008210904,3.3822437800459966,3.3475502831735673,3.1394597013156194,3.279092819400132,3.3765129749649625,3.196799948745996,0.14463480578500515,3.21690188013159,2.9515685113216805,3.0412333708646746,3.349843128247688,3.3810689650043844
304,Karl Worner,Fremantle,2.9421045830316146,3.2131981969802696,3.043396699121652,3.034023014355177,2.81134381685003,3.2299997815950636,2.979375617986138,2.991398015114091,3.0416035181795444,3.149817970877368,2.7995972423660347,3.0170015857068226,3.038218978396519,2.913132707586705,2.8519193420762816,3.1393035671167584,3.0038369071064155,2.88317781607073,3.3136871012715354,2.903572774796635,2.955890683327728,2.8679258019321603,3.0160395651788736,2.85809243761137,3.0569446383861822,2.958268553199022,3.2219031966291856,2.950373900640442,2.9415659087715107,3.2520570160797586,2.742559252053618,2.9378387617711184,3.1218674877721244,2.85521269159938,3.0330663215507854,3.2418389338520153,3.231859915562137,2.845820973555379,3.1395760444987757,2.990371407092046,3.20756414079318,2.858427840702353,2.8559116821361505,3.2327385430973448,2.9706417919067785,2.967007093992756,2.881773851785132,2.8654895733282695,3.034307140131937,3.0791222661755397,3.0094353330339687,0.14129737460438077,2.9908847111030683,2.818411633974627,2.8583577414563375,3.208741658536282,3.239973353747308
308,Patrick Voss,Fremantle,2.8256892860308387,2.9701960463443053,2.9122421476512335,2.894658779129098,2.928593642301432,2.9679153066628645,2.971545236170427,2.952849839106192,2.914500734756424,2.748470372213664,2.756638524429335,2.910650299524692,3.025536859312449,2.9957336677820803,2.9342423291000914,2.909492800371362,2.9830934716575266,3.138069489373542,3.106704287593382,2.8319425192330776,2.9978566236227944,3.017769386249962,2.8108259119116816,2.8364098046187363,2.890114392322856,2.940764584832775,2.8373209091863165,2.8255804312835946,2.843669680531946,2.975590446769889,2.9181472017854224,2.9026551331581674,2.987576907793346,2.9590434939992,2.7746448995214323,3.043147738152741,2.9111295409216624,2.89733285566662,3.079001467373694,3.029855155377416,2.772040801916982,3.067144723650836,2.7993733703340125,2.7859033941374625,2.953417360608261,2.9164840918713475,2.745297351188199,2.8179186991139673,3.046699518431258,2.8462599538858653,2.918154829379249,0.097562160589954,2.9154924133138858,2.7597959913143026,2.8164363065886895,3.019392788120022,3.076570834910508
289,Matthew Johnson,Fremantle,2.363255992913408,2.4430486484125487,2.4711944033083064,2.2170027831799457,2.237054031853912,2.4167170161940623,2.454841097738332,2.3662720359318272,2.4193413142347873,2.4877068796583406,2.4189330717823783,2.2146232791880744,2.3438614668327933,2.3809408743257947,2.21778170413076,2.3108161167296513,2.1546860942827544,2.306682998260612,2.4721648417082056,2.2174348000438995,2.2064090610823444,2.194706852588177,2.2863965458518396,2.2701358829248033,2.5307996779599358,2.4857597794693187,2.236129215343072,2.1741939588374297,2.341876561000852,2.4407475360345483,2.3802977955153826,2.4323733098181477,2.2550979747237907,2.3949771175156687,2.6395140487969417,2.2907632283826285,2.3455307449125415,2.1501661336664064,2.1169459006791063,2.352141295285665,2.2705751147522557,2.195016772833454,2.241699275619152,2.0980079455775287,2.3288799435754406,2.229394510368791,2.303039999261752,2.404369167758145,2.1918665386593608,2.179964570751133,2.31764271820512,0.1191056819888704,2.3087495574951316,2.1510927255927577,2.194951999502191,2.44122846852155,2.487307724119591
442,Luke Ryan,Fremantle,2.0377088577087092,1.9764600949965285,1.6737489953871778,1.9577823905113287,1.8305689963989507,1.8248260980096904,1.8914633580034865,1.990533113913379,1.9913664062425365,2.075592601843838,1.808577119616602,1.8730409122061793,1.9335777159275536,1.6999288280188927,1.8830428021025394,2.0009859380574926,1.6903896727550487,1.9005880826499901,2.0321044746154446,1.883387173062154,1.8054794443930806,1.890033712949353,1.912117888516451,1.9320463037205473,1.9573721428274922,2.0076777944505775,1.8751424277218842,1.9013034894039758,1.7367953811460028,1.875109375181079,1.8096205899981146,1.9356425310249772,2.022253009681204,1.7344525368939794,2.054060951140536,1.9881711229732884,1.9654623378235583,1.857720517902984,1.7726779443088332,2.08835931403807,1.9214590142066676,2.0730461616103435,1.853998050386412,1.876164169888494,1.9625733753857868,1.724073194620035,2.033498927695005,1.9075153334269093,1.7713495402922392,1.8104921363765043,1.9002268470402381,0.10729278546753576,1.900945786026983,1.7048784231721268,1.798623930875473,2.0107240144337784,2.069154193464033
537,Michael Frederick,Fremantle,1.551436607668598,1.6990376152855988,1.7796265778089246,1.5205758300643928,1.7211367842453433,1.7879062353405368,1.8058687583233017,1.7309848789652007,1.7284698677968233,1.699821949459229,1.7938993935140681,1.775365738257618,1.7167542419883735,1.6773127166062853,1.9221590523198753,1.6326752280760775,1.6791314588035684,1.6729414959589217,1.6413207042273752,1.6245619378464589,1.909738324758769,1.7046438630256262,1.6947191890344868,1.6063367699261049,1.7926057553048276,1.5747389227946715,1.5507327731516487,1.5891718846947525,1.6706168099744596,1.8388433740567585,1.836558748659644,1.4518528929776044,1.6645657318883451,1.4852615742649167,1.7446606963926377,1.6465075112194216,1.6264988647907068,1.6876471152823733,1.8916812517736845,1.575116405109782,1.6399088110399103,1.674594343711746,1.6820996231087944,1.6563969150787679,1.824785315155601,1.6562531955616402,1.812650113355984,1.6289912026474938,1.8168287848971665,1.8169301013539996,1.698258478750978,0.10616032489766111,1.684873369195584,1.5267580033972803,1.6027493089127522,1.813523455708091,1.8808494868417145
288,Hayden Young,Fremantle,1.6008648483477055,1.4542151179903935,1.4738289246277887,1.4401817422771535,1.5041838290884944,1.4938536275320973,1.5757901616465713,1.4484981345441192,1.6716149746432194,1.5580446646000505,1.5867236905868898,1.5268021590194227,1.3877286220615939,1.7192641705331009,1.5437968280035128,1.4352765017760063,1.5848717876425038,1.4085498935673861,1.3798351352548281,1.576460575741769,1.3923572122199195,1.4121973319480654,1.4319705584504119,1.5248187226772565,1.519210123714681,1.5079206746096812,1.5172085304372933,1.422136789005782,1.482618519811285,1.373573206606602,1.5482421147757723,1.415003782691631,1.6211269465779865,1.5869549948981714,1.536827643796266,1.4266241760707323,1.5131515241487539,1.467031158436554,1.4088715689177158,1.4697154815486946,1.5135022037450068,1.513880637614078,1.6005580102792065,1.3541244519140407,1.6086745801277513,1.523836450260676,1.4445877682870418,1.391012576657728,1.3963155107974483,1.695302969024704,1.4997948321907109,0.08728262907153977,1.5060522518490878,1.3814533000502152,1.4088043387694968,1.5867720331879476,1.6612649288898464
307,Neil Erasmus,Fremantle,1.1765639155174858,1.1225022352206373,1.1390028624170847,1.2425740296265375,1.216776566942376,1.0886866437849436,1.295739400454598,1.166935245303084,1.1679129652517413,1.1456305514903264,1.2114431688302774,1.1101390350937983,1.0341645664575632,1.2990710081540462,1.2568273933298382,1.1463264965680204,1.2705392781772131,1.322855281420482,1.0857315936726701,1.090023228173176,1.2327668807414345,1.1157932965625093,1.1718425001576256,1.2305519320954093,1.314503700791294,0.97623341575805,1.0710900285564868,1.2929061604585077,1.3192680582193426,1.2062897393403111,1.3051219752068162,1.1101949247521818,1.2444558354834523,1.1674565060066389,1.167065580116185,1.1597170100419192,0.9665090978428527,1.1904715254363791,1.140015867437181,1.174964558464868,1.2325998969988523,1.1167548705429502,1.1350369294040041,1.245170053197282,1.20123584405964,1.0533484528670094,1.2447015885890687,1.1916359890585744,1.256118741545924,1.252447401194556,1.181514276536264,0.08556914157491022,1.175764236991177,1.0380972631714998,1.1059348314473882,1.2596931772629394,1.3125804470464761
299,Oscar McDonald,Fremantle,0.8077333129490719,0.8532398843631298,0.7726507785472779,0.7881513751473522,0.7507480684678567,0.7698464537361965,0.9365338181193675,0.6706405778596257,0.7001886075927183,0.8072969226449618,0.856583026758447,0.7910283091677657,0.695691298407963,0.780870781392521,0.7996436649679082,0.7366563149182541,0.6696195781388832,0.870692419738971,0.7521146015715238,0.7824876756053754,0.788628611040325,0.7726184563645537,0.7589471780635122,0.8030558589007888,0.6906571985497912,0.7431950234854493,0.8096783683455318,0.8686440481984324,0.7576173448841214,0.729596183132296,0.769201300033996,0.880425553782533,0.7148364215471834,0.7641787704833933,0.6948506813116592,0.7169489236713459,0.7715009911450441,0.7728445448577999,0.7731460719917498,0.8154160504156749,0.7307721876043431,0.8529693828829743,0.5863609232014377,0.8218651154422857,0.8824446725862524,0.7973988831868513,0.9281279756281141,0.776879501524819,0.7847663584736885,0.7827346445429089,0.7786544939074805,0.06648578106312224,0.7750127867582843,0.6747439851011097,0.7165074107273959,0.8530259176923268,0.8820307532314898
298,Alex Pearce,Fremantle,0.715069285915063,0.7007281859506396,0.9628097504216557,0.8430003170460703,0.6994512955128442,0.7482338426850657,0.6795773708767395,0.7778710788559926,0.7643470472288679,0.566012424166261,0.5917373716200329,0.6668805546783009,0.6968320359510057,0.7367747471832014,0.7711915960172883,0.8380988163338646,0.6904093059005085,0.79484899774063,0.8875131742145466,0.74220517302201,0.7838435166604772,0.7173817453151353,0.7257087123111974,0.7664056864413528,0.6879555821389172,0.7904745793844102,0.6186782621012624,0.6657748474958036,0.7428224489516126,0.7680959722792,0.7895194982105997,0.8525903793284633,0.8593152182705049,0.8380485342709912,0.7455435697924501,0.7199245975917186,0.8584505050370372,0.7601990039502015,0.7428118835312872,0.7378843553847482,0.749174541952265,0.6365762619132983,0.701769315765298,0.7350773028236555,0.7595979273469411,0.7455790663194054,0.6924222484116844,0.7985858898171618,0.7827617409278029,0.7458061393835865,0.7478474340885812,0.07392092940100313,0.7455613180559277,0.6223473520627297,0.6898964776343359,0.8068335825080121,0.8591379520576441
294,Nathan O'Driscoll,Fremantle,0.6168753355936529,0.6611388426700592,0.6030319504518785,0.7571393507745824,0.6333178401424556,0.6502266885668995,0.7742072585883671,0.6028821222540421,0.6351405935258145,0.7052974173188338,0.7158192200324837,0.7392030853628917,0.5852695802506459,0.6625019789926386,0.6591432357985909,0.6783640996921776,0.6305913331962719,0.7635146916184761,0.6104841489911812,0.7320961511341373,0.6599671973347054,0.7978439047948346,0.745139277491496,0.7420750830628842,0.5990038633802338,0.7181571017431422,0.6789504491108104,0.6344827120890554,0.6384663037545637,0.6465596942076748,0.6575853846318452,0.7889382771540924,0.7726738568353066,0.6923818297004454,0.5808935003907023,0.737968392401889,0.7900156996788675,0.7166804241536316,0.7528018080697891,0.6543410626159797,0.6947708423415547,0.6755363369280553,0.5881520757320742,0.6572869939749664,0.7033928135135223,0.7000474769576791,0.7171914205748317,0.6727975979975421,0.7777541639269394,0.5966479470189807,0.6840949683304837,0.0613590296202764,0.6769502183101164,0.58989372934589,0.6155395775937363,0.7537083544950909,0.786645533942526
290,Heath Chapman,Fremantle,0.7136765900365132,0.6252576435279709,0.6128291523682268,0.5656682498108515,0.6574134337283359,0.6680907147148799,0.5602036300675166,0.6969686007355381,0.67060313864933,0.8090867065724752,0.6911144325753931,0.6379187543942041,0.6366352497842053,0.740388322869625,0.5226204434552835,0.7572574815606004,0.5980660914221347,0.664625404404934,0.6193069165898891,0.7515651910077241,0.7896239332205144,0.6320824424580814,0.622596611821393,0.7081941934534295,0.6626188505919623,0.6259222568281635,0.5525606643860667,0.5359177606760962,0.6705275893148699,0.7498694196032727,0.6395443169743285,0.718836392348436,0.6022149171000817,0.6161603662475407,0.6469692722991891,0.5666885437305901,0.6617920145764928,0.6311280362086372,0.6413310249455257,0.7121874879885498,0.601230059745503,0.5775803434129575,0.6634918751997919,0.7417076558803891,0.7325474406956334,0.7089515303517767,0.7372594012671277,0.708058530752225,0.7486358007284835,0.6395945424035261,0.6609023884697254,0.06704753361933326,0.6596027241524144,0.5541274723507639,0.600568790365919,0.7379133458820496,0.7560905619972607
295,Judd McVee,Fremantle,0.6120738128687779,0.46105695710261774,0.54987834241721,0.4489170773450565,0.48017620650582277,0.4400374987648557,0.47440416640927485,0.44022500304560713,0.41914863327787655,0.5200849128486665,0.5633643772802905,0.6236725676915879,0.5175547161580406,0.5683879651943835,0.4950931572547188,0.48693758558105055,0.4168514446670214,0.5630188309912115,0.571467094806582,0.5101283860707108,0.6174548312046593,0.4392470253584945,0.42004182669196277,0.6376438796311104,0.5587367248364581,0.5062718191873697,0.5407896797334595,0.44215373846129064,0.43376999429894175,0.5369889946885579,0.6062599664328318,0.5754486877657936,0.42056000701683843,0.4703765082249435,0.49954834954108934,0.4739221680141999,0.5585236977409572,0.5417393229613606,0.5395212002384981,0.5169401845821382,0.613303643964544,0.5499965289984469,0.5098303162726572,0.5403890867371965,0.5293185177192476,0.5549368607420003,0.5152686196772124,0.6032864234183384,0.5721769519873783,0.47443397374807744,0.5192271653231483,0.061126727424005836,0.5188198145033536,0.4201480536585623,0.4417506327594128,0.5728607447650671,0.6166038378204356
303,Sam Switkowski,Fremantle,0.513195340168709,0.5941525652396817,0.4000289799743123,0.5366778374228145,0.394311554378954,0.5585726103190121,0.5878035906231968,0.4911466185274999,0.5416249850311765,0.5267949595149203,0.6331662468347631,0.43481487381733913,0.5983222508826916,0.5418994185014663,0.47945710477521736,0.5061743551328362,0.4949599962889678,0.5559426091202494,0.4781141600489431,0.52059933052801,0.4590513440157767,0.5818674139044526,0.5125872347924806,0.5558349566792866,0.5962624936876385,0.4725319591380928,0.41643213844125315,0.6003157481665957,0.4789325296169098,0.5117052848643232,0.5147127699844004,0.5447911991335412,0.4359183291835763,0.48083407501981135,0.48696819807136277,0.4872747592903102,0.571833744173802,0.5805755588783551,0.5281617858147147,0.5099589943371386,0.46580644868020005,0.5195190559222438,0.5749250273637941,0.5964488294217142,0.4455521840883522,0.45970517562998225,0.3763439762726751,0.485647941941423,0.4143406697411031,0.501434968558583,0.5110806836388931,0.06057037818408176,0.5121462598284019,0.4029628763765044,0.45623001959094495,0.5808455565788094,0.5979381994831913
292,Isaiah Dudley,Fremantle,0.5564370002821727,0.48689391676230404,0.5329579413405077,0.45944410101204436,0.48580670327747777,0.5442888624903712,0.5330791104913291,0.4642199025548852,0.49630119218699786,0.47812509247216467,0.547023999593526,0.4993502632415452,0.5520006222467103,0.45503818878161495,0.552847691001215,0.537111774803161,0.576147856989169,0.5604234372784588,0.43276050115438985,0.44863598849414427,0.5319697866974117,0.4148432813502606,0.4339626634786823,0.3986945894338612,0.5253682350282184,0.4523533020747495,0.4242820411635686,0.5504960327910947,0.49271647419007375,0.4339694773182959,0.3670674344746131,0.42869563676007433,0.46474177199576505,0.5013864619921548,0.5128877261461655,0.5811636663154697,0.4211114542455041,0.5392715918392472,0.6149066794617309,0.6109720713271367,0.4344757324048211,0.46435697162841943,0.48128591816072086,0.5606142852700288,0.5731724425225452,0.5273829332439531,0.46760085188473655,0.5231653715422747,0.44623273281945625,0.4927313738417856,0.49741546275714016,0.05736876636298234,0.49451628301439177,0.4161282567937855,0.43396805322581666,0.5535978566409352,0.580135425403578
306,Corey Wagner,Fremantle,0.4542073773321259,0.5072563971438496,0.5359365671246922,0.4327322696129862,0.45468224305142696,0.4848044448363652,0.5222698514457533,0.43424263099881233,0.4764362114534297,0.4431902234780387,0.5492451913003825,0.4918866863518546,0.4210641969311788,0.34805951293732323,0.48263016820532734,0.38399486410847966,0.4766936178588714,0.4680791193344007,0.41597177922836387,0.5027157375470517,0.4831813632443906,0.5077023025733053,0.5417423673543361,0.5491387852791154,0.38026511102441635,0.4195600780640584,0.5688591291806324,0.4492268739248219,0.5642969781368935,0.5270850133607043,0.4131913849101529,0.581807065659056,0.5273921542362006,0.4427184976473192,0.4834663639049807,0.4485659658309704,0.5007522388890441,0.4780400312419368,0.38862638256831933,0.5359178922773417,0.5144793425056685,0.4560388054255594,0.4691235207432786,0.4928258318231435,0.4960346111217016,0.5214414199576809,0.5691858176347495,0.4832135205570046,0.5200661749459724,0.418057473176497,0.48036203174959935,0.05391312725774715,0.4831974419006976,0.3849443253927468,0.42074983608795063,0.5359217953204379,0.567923888216666
463,Brennan Cox,Fremantle,0.350914705337485,0.3006047254715129,0.28360418257448805,0.2856546610289384,0.3447997954427986,0.4173230093671075,0.4250182869106314,0.2912793739939936,0.3740113157483978,0.22437915436427083,0.48309014549729173,0.3716965736599028,0.3542830244004198,0.4250477680603029,0.4717024153900018,0.2737536549028296,0.3269100237270406,0.30267377430560866,0.4179987248562179,0.3687939759013712,0.27066103083458787,0.39755533984875274,0.4078603629830886,0.347598514733449,0.4248267821240561,0.3490082906957431,0.32394479800511033,0.40684065452125495,0.33384866052601797,0.37058874997769203,0.41172417345621115,0.3463775563225148,0.39346701407018847,0.3862474456049886,0.3545136048473034,0.39313626831314274,0.28643760640652577,0.341338768960672,0.3099618736247885,0.3198904247102516,0.27276461791222123,0.3482416374905063,0.31303662862903836,0.3726903453699288,0.2837151814625743,0.38585795209530654,0.27331758218989094,0.33608893503906323,0.45454107176315384,0.2951887696233242,0.35209619866163905,0.0578780708195621,0.3486249640931247,0.2728779755891435,0.28627397082261,0.41289433016158844,0.44849494450406924
536,Mason Cox,Fremantle,0.2836705250840546,0.26748670117409185,0.2939629002880217,0.23053837754772452,0.2879894961201269,0.2929270306182964,0.22730252026623068,0.2315431258861529,0.308011682292614,0.2436293164544929,0.3679238784863973,0.2674854006274405,0.2906563981149196,0.2463791181043638,0.2940658732626873,0.26339176435168493,0.25719199791882386,0.23729237209664364,0.309002597877892,0.3853453356563391,0.2781614542529482,0.25503566948092476,0.23009815956322474,0.33450071744745924,0.23094667265472596,0.2312316898417597,0.2735526107924467,0.225673448687756,0.29746630926937706,0.27174402914826484,0.27438004951725303,0.3162002713289101,0.3138568972145124,0.2566704041406019,0.2921301854770208,0.2580042291045634,0.29290317345302547,0.25046571961881625,0.2605416300419817,0.2784033831027749,0.24945738018693941,0.3389875117216598,0.2802826600065323,0.2565132981973629,0.2497119352609372,0.34946643340480615,0.277844797999255,0.2579288308888037,0.26009689640816036,0.2717689879504876,0.2759964369678458,0.036237706675933734,0.2717565085493762,0.2301884042500472,0.2423048950837024,0.3082187836499371,0.3473182544597611
462,Jaeger OMeara,Fremantle,0.04983297750609772,0.11440116675529731,0.047082261438290945,0.08294351658240552,0.09940032581541108,0.07736627108534748,0.06946639147479369,0.10350514674900166,0.04672405174723855,0.04674923694486792,0.05238724291744275,0.11043836662585305,0.10158236020548211,0.08537490579859683,0.050983065845919266,0.1122243470151801,0.06340810600458252,0.07170233101388859,0.06601944873409245,0.060566655136195455,0.08606153956417684,0.09587488626298145,0.09233071904978281,0.1132137304773722,0.06547081593695504,0.07852285716869298,0.13058380738111774,0.07645095270702604,0.09352143307075277,0.1257084700363069,0.09302502689203783,0.057428650356324946,0.11337111252560737,0.10694237530540493,0.046310441793414536,0.06715931951732704,0.08712741051940298,0.05579963805461234,0.08319021614505488,0.08725572197370336,0.03250008385412908,0.04494370844710001,0.042576365387693514,0.055735556381512556,0.09973463648156906,0.07843838709847469,0.06255149391552861,0.09728430877307674,0.07936330865485579,0.0801227808095293,0.07881515859875018,0.02430457735622471,0.07894308291177438,0.04522388878309449,0.050742697382896565,0.10422352751728993,0.11419000563821087
305,Sean Darcy,Fremantle,0.06732301007918065,0.07666318903477584,0.051292625684606505,0.055932783231679314,0.043709986139528756,0.06333407182203919,0.07668076643277688,0.09338437628805987,0.048322147651006724,0.062091665970242856,0.04796592478681582,0.09085600691375936,0.04777533758764516,0.08929858561923011,0.05982994726922409,0.10378298445864792,0.08384351264897459,0.06822954062072423,0.08057738585508237,0.06967910582535167,0.07229557684951325,0.0704685722910075,0.0606293981954624,0.043135287211486364,0.05744193386232567,0.041710776819798616,0.06505890636311025,0.07205755767958166,0.08133852677374406,0.06390598368440911,0.0860112372026916,0.05287141487565861,0.04372229518646427,0.09203670218694573,0.061915517403559384,0.10095646257649687,0.05553352348747992,0.08261518882859312,0.05237826285045205,0.09704991526492977,0.04399371135591682,0.0727639567761421,0.11286653804151747,0.0879905375830903,0.05935727746523481,0.04630915096281357,0.02948345133737919,0.0447588564119427,0.06691402906280801,0.08199186685596219,0.06760270738731737,0.018946315121139867,0.06598646771295913,0.04325310049173506,0.04746890458305536,0.08826391962264352,0.1001556203776256
443,Christopher Scerri,Fremantle,0.03387937906072618,0.042592627599523314,0.03764711088506719,0.0517103589545903,0.05836058885493157,0.048601825784992655,0.023598786914594584,0.055755828797053215,0.054589982702550166,0.036535949614833564,0.049606494490191395,0.05478218296753809,0.05302906256039619,0.0738995939965607,0.09234795230327972,0.05345284544810559,0.05041817649442733,0.08064427501823723,0.04950325286378816,0.10579230062187081,0.10333633056062956,0.04525613282254805,0.029278309415350624,0.03167395597650758,0.08898698511050088,0.08529799554053898,0.054054989277808635,0.06797564976748642,0.024971391209974637,0.03981266558915186,0.04063568078181556,0.06240611227314794,0.03755958000241033,0.045201466653861266,0.07132696304627358,0.07989543777160597,0.03791837244077449,0.07510918936587496,0.06523141036836469,0.07759793180242039,0.03586149825279733,0.046178521650413584,0.05984879042162004,0.09438385446534012,0.056553571894827626,0.04881648954905564,0.0823636291284496,0.05340606287705278,0.03344304637595934,0.045351183994543645,0.056529635486407284,0.02044930780738056,0.053217562718724486,0.0297694169603878,0.03734564125140679,0.0800519447561519,0.09396649452211772
550,Jeremy Sharp,Fremantle,0.03846153846153847,0.02610587382160986,0.0,0.0,0.021929824561403514,0.00423728813559322,0.004143646408839781,0.0,0.033496161898115856,0.008765522279035794,0.0,0.008438818565400845,0.004398826979472141,0.01297764960346071,0.012720848056537103,0.01284796573875803,0.013119533527696793,0.0,0.04456448345712356,0.009022556390977444,0.008589835361488909,0.026181818181818185,0.0,0.020761245674740487,0.0,0.0,0.008961911874533237,0.0089086859688196,0.0,0.0,0.012552301255230127,0.01683029453015428,0.03366058906030856,0.02164502164502165,0.0,0.008468595624558928,0.016506189821182946,0.013564431047475515,0.004246284501061573,0.01973684210526316,0.0,0.004360465116279071,0.0,0.017830609212481432,0.0,0.008695652173913047,0.004140786749482402,0.012729844413012736,0.017179670722977818,0.0,0.010815632258507336,0.011127418880595348,0.00873058722647442,0.0,0.0,0.020945954852529248,0.03362688149205906
301,Brandon Walker,Fremantle,0.0,0.0,0.0,0.0,0.0,0.0,0.0,0.0,0.0,0.0,0.0,0.0,0.0,0.0,0.0,0.0,0.0,0.0,0.008468595624558931,0.0,0.0,0.0,0.0,0.0,0.0,0.0,0.0,0.00871459694989107,0.0,0.0,0.008,0.0,0.008247422680412375,0.0,0.0,0.0,0.0,0.0,0.0,0.0,0.0,0.0,0.0,0.0,0.0,0.0,0.0,0.0,0.0,0.0,0.0006686123050972476,0.002291640406998201,0.0,0.0,0.0,0.0,0.008196701030927837
667,Tobyn Murray,Fremantle,0.0,0.0,0.0,0.0,0.0,0.0,0.0,0.0,0.0,0.0,0.0,0.0028476506881822488,0.0,0.0,0.0,0.0,0.0,0.0,0.0,0.008624820316243415,0.0,0.0,0.0,0.0,0.0,0.0,0.0,0.0,0.0,0.0,0.0,0.0,0.0,0.0,0.0,0.0,0.0,0.0,0.0,0.0,0.0,0.0,0.0,0.0,0.0,0.0,0.0,0.0,0.0,0.0,0.0002294494200885133,0.0012766688806520473,0.0,0.0,0.0,0.0,0.0
666,Bailey Banfield,Fremantle,0.0,0.0,0.0,0.0,0.0,0.0,0.0,0.0,0.0,0.0,0.0,0.0,0.0,0.0,0.0,0.005845104724792985,0.0,0.0,0.0,0.0,0.0,0.0,0.0,0.0,0.0,0.0,0.0,0.0,0.0,0.0,0.0,0.0,0.0,0.0,0.0,0.0,0.0,0.0,0.0,0.0,0.0,0.0,0.0,0.0,0.0,0.0,0.0,0.0,0.0,0.0028818443804034585,0.00017453898210392885,0.0009141415451396665,0.0,0.0,0.0,0.0,0.0
67,Bailey Smith,Geelong,25.994706399601398,25.498799992196645,26.222730081966244,25.809292191364943,26.061669073567227,26.251719721415803,26.252011528771995,26.055763810764365,26.09781665852539,26.43523561190237,25.66386946855974,25.756578612637394,25.906711438048664,26.272901458641698,25.901732288288326,26.02077323246504,26.156524871226686,26.376645484871055,25.756448228455135,26.275240334998283,26.179917837555784,26.489613930510792,25.840702455313856,26.255359862285353,25.85550129296509,25.854500391968138,25.878565985470747,26.07367556007209,25.795428704359047,26.0365537948896,26.456703263715717,25.879408975318498,26.137314998477756,26.288000164531578,25.693165278442255,26.250407789081436,26.02958115251804,26.369659414104813,26.100393062632318,26.874379147520155,25.923944243386654,26.14869409321979,26.003885176061672,26.128673700187303,25.473370710076573,25.487523702888087,26.16897237419321,26.054649523034684,25.8413207999483,25.802365040233884,26.042788058264634,0.2743304518209104,26.055206666899522,25.53263923485108,25.800915346036042,26.273390283800225,26.45230239509398
55,Max Holmes,Geelong,11.652028816406158,12.287928916298586,11.914785162202024,12.220547141059917,11.879438975834983,12.120753757415404,12.014960151466136,12.169904627990556,12.0062943208295,11.922680286710145,11.718814494780098,11.792020082941184,12.124150085395279,11.937329557931719,11.76084520903548,11.838252683311335,12.007316250098286,12.13174449710508,12.132787950157148,11.829445506547152,11.806672760480996,11.902627491211964,11.984494506460445,12.090337665009885,12.201306437694754,12.130807600818516,11.886082148909813,11.899227836306451,11.949270965478412,12.007506345891946,11.842227035460002,12.152482410670137,11.989591365237583,11.689877986194356,11.830829128112407,12.351337460035234,11.819924628562655,11.994009238949758,12.156468730784992,12.076306501281165,12.209113501187803,12.376379297327107,12.268240020218949,11.829971658704357,11.888317885962755,11.999331570358818,12.51278893257432,12.158133662755448,12.086920345452754,12.12515392998482,12.013555350431893,0.18691309887526028,12.002812945594158,11.727430791202451,11.829861692903501,12.176467606218733,12.338338708569221
77,Shaun Mannagh,Geelong,8.137431558897338,8.12959652925847,7.748505658335965,8.060679580516801,7.8932347989516,7.978974969716246,7.835702592140918,8.044249757983884,8.083234715468041,7.870859608419517,8.010422707723775,8.059763964542928,8.035974428100452,8.064494076787447,7.803245969610009,8.000883320855888,8.081015702134193,7.929383234649708,8.10187078039613,8.124935826186313,7.853664845048587,8.489035720300425,8.379729022951697,7.940400862834826,8.041671846850475,8.29580099335653,7.826960268744379,8.261817920013662,8.06476984635848,8.355721223872969,8.12020951583835,7.890021326853716,8.401733444284979,8.098206705849401,8.010409830847193,8.265621342139083,8.17419790033587,7.983434086892224,7.969280820205373,7.9588408576578775,8.323573275140761,7.9124473453382365,8.11696876835182,8.15399301331728,8.040174001134861,7.935185660654338,8.1680619692292,8.289322838664155,7.968990783887211,7.884744733136003,8.06338901101531,0.16669266968223492,8.052006861263406,7.82875244504067,7.8925631832831415,8.262612835237876,8.374807424140558
54,Oliver Dempsey,Geelong,5.668925429742032,5.600952868304158,5.754432417128686,5.599330272319011,5.614235433399944,5.759415682723786,5.478770405186782,5.515657977679875,5.803407772560425,5.577066491734825,5.784413301107035,5.575038208853417,5.360397367259876,5.29161225774252,5.650271309971483,5.61180387486932,5.575678362621334,5.517673427489215,5.862702803610382,5.314231776699947,5.6603256947036105,5.523008347212171,5.6574876500769635,5.601086081057297,5.560692351291935,5.704201195155129,5.585882854898426,5.687199149714709,5.540203209950419,5.628461426117466,5.442827476480284,5.381988042041843,5.568319875586754,5.510849005430154,5.6586388217403325,5.233306168155847,5.7450816267749065,5.343733958958843,5.501400964043253,5.308108686936026,5.647529450189065,5.670671621788702,5.564850634030634,5.608390395068906,5.674105383540295,5.875987899694727,5.725992715596414,5.237887074451913,5.649561880477034,5.525467833056505,5.578785298304492,0.15163781136518048,5.600141570311584,5.294994025727189,5.43011203468265,5.708755622927358,5.79951390591248
285,Jeremy Cameron,Geelong,3.9951092483931503,3.918044540696315,3.8823589528774383,4.074123622452492,3.950277631766983,4.018270153753149,3.9280704071226515,3.8313536195542106,3.9262024905563546,3.742048107566884,3.923429598429038,3.8530982954643194,3.882401116811574,4.151239688585077,3.895988378122448,4.042918493812457,3.738511661982961,3.7469383063451893,3.7661983809208555,3.8199848240937504,3.824949854266396,3.795510004054728,3.8255911579083226,3.822898781419784,3.9161578036630504,3.9016433422444847,3.9899452047733757,3.93675451597738,3.942364962746483,3.94231623980793,3.9598442572459454,3.896504204711385,3.6730747131395733,3.9507045189791326,3.917610103053426,3.616535201444681,4.114124000653062,4.055976797470911,3.946142205602921,4.006449762839661,3.838915689871864,3.9550925099965215,3.703705172489318,3.7588492483006175,3.9101309715031225,3.7210315892249817,3.8915713094227184,3.8683700480099934,3.898150487615889,3.8104197635751076,3.8895580388264013,0.1117916005675084,3.8998969149301868,3.707257087920129,3.7646624122032257,3.9910244898899085,4.070403523331268
57,Tanner Bruhn,Geelong,3.623898272664903,3.604592444508208,3.62006264008634,3.7070078558159585,3.715487390547311,3.6591925216100085,3.5655221675784188,3.3948154088313944,3.706904386318564,3.625373337814879,3.60880909750288,3.532562904845947,3.6373237515033123,3.2440370213005676,3.6025060813453766,3.6211358645975764,3.5108731296620834,3.6170222925671256,3.564444450161847,3.4553836145070838,3.6854822495091972,3.206064209023714,3.535025123610888,3.8678704420711276,3.3912140323648012,3.5367672733928885,3.5984474305123637,3.7807361418490775,3.4291113782136855,3.3810935249996152,3.486599341780745,3.481474086121511,3.5920583325697035,3.6096949170427135,3.557012596663987,3.560528698656646,3.7944491623083323,3.708154663070789,3.7241236425782347,3.5488205601449456,3.4483697027119535,3.377451713772592,3.552204805072873,3.532047352938679,3.7564199065711104,3.6667303203557213,3.6105512362204646,3.5624081423267135,3.457837692315291,3.5568107123405155,3.572250280497613,0.13058227050518287,3.578790250074061,3.3781982850741317,3.4539177069419016,3.7069260114435196,3.775751313617094
87,Shannon Neale,Geelong,3.0823339711838305,3.178094855551888,3.161280082004991,3.160609542770564,3.237744672798401,3.3431603511019232,3.262413052116733,3.3894338163395945,3.313904747431059,3.1579755070665096,3.284561156530595,3.1264325420223553,3.265493788365448,3.5002376430137696,3.255505739256123,3.2585422166090074,3.24770655406726,3.211898634829658,3.189861727238069,3.1684870490440726,3.225803973876798,3.2622572295327554,3.341272701967488,3.272913636561477,3.189956494950243,3.4536626763815037,3.160804576517246,3.3363324110852965,3.33733885139414,3.0193069952718368,3.4269565661876795,3.166152741356939,3.238740087276273,3.41161587309204,3.203057419754468,3.226758885069338,3.3601352899081554,3.2071641717786807,3.473288942743151,3.394472808448076,3.145759560052708,3.2469317969257374,3.2133752091276375,3.18393503826607,3.255918844065713,3.181431798892427,3.16734687463498,3.137308497927212,3.3043959548271435,3.2454013483571083,3.251709498111444,0.1018110183478251,3.2420707178166905,3.128662112982851,3.1611807013580524,3.3467081133124257,3.4481879237917696
56,Tom Atkins,Geelong,2.9678797603099647,2.786559103104393,2.788189697369625,2.9283135516104135,2.7760629132493615,2.7668491905923966,2.5411701623960194,3.010690379557898,2.8046007755897784,2.8800410692664613,2.9707666165015407,2.7234440038904846,3.063139575522581,2.630107437819901,2.9298381564234424,2.8562931014350013,2.9618168867430468,2.836331021767468,2.741709576997737,2.9600399274986806,2.8638971147819476,2.845919462474297,2.9223945115402077,2.8307616556298867,2.8314409299396956,2.969806449219458,2.9783468878702135,2.9843768845721543,3.0372832303456105,2.8590588141650084,2.9073179092167583,2.869586367028764,2.849655452762349,2.836112127637231,3.097741831574224,2.9157802616122424,2.896631837214411,2.606744022867496,2.986984352427702,3.0449366176978203,2.8773469585556595,2.9222143670385274,2.9519181030691968,2.8936280177911002,2.933021595663147,2.7849772033163624,2.811200993666363,3.1294727198089514,2.6885181501995903,2.900316646044661,2.879024687667545,0.11995678178124662,2.8868345435287806,2.642081633857737,2.783114116692359,2.979607157180919,3.059407969168505
296,Patrick Dangerfield,Geelong,2.4074801146768987,2.6025779131471216,2.6703488089753757,2.6141082814383476,2.421846194308597,2.683780731029452,2.3842128756465177,2.476301196496531,2.5220838417421474,2.5834160746578188,2.521855843184666,2.7396314573714853,2.7326221483665756,2.7005399451424363,2.853703268333837,2.5601978639758443,2.6501872867051848,2.5523668817171647,2.607587376837121,2.412203058403523,2.581595421064999,2.568609863353312,2.7121362334431085,2.6933893199778423,2.6460220342502714,2.609892859804809,2.6508853009286026,2.435557144523342,2.5389881474290097,2.543624896989634,2.7229738531110796,2.3002486402905413,2.464249748471696,2.505990695429644,2.8422004407714403,2.4861212088452374,2.382623488138844,2.5102068752317193,2.4591383932225868,2.405468617918383,2.44997795146917,2.5507700418208303,2.3373494788393794,2.680438117173136,2.7130403995966645,2.559368920471207,2.3785134608111655,2.3457745424835936,2.6100665849589886,2.6572134429694825,2.5607897457189273,0.13107024272517534,2.5597833922235256,2.352486020740746,2.411215963164658,2.694883800637242,2.738194549025479
81,Lawson Humphries,Geelong,2.3266307387134124,2.4755861876328806,2.469307543714453,2.556691021067274,2.411167090738621,2.4300463439459095,2.3503002695618203,2.545174431772565,2.5983128670867703,2.478616730926529,2.53109992137165,2.481630360076257,2.4610954655480697,2.476123958995394,2.505303379051461,2.5032902966527844,2.501867769186185,2.5439854076205033,2.5240162092461,2.5941915667405153,2.4488538197999485,2.392823244009359,2.3607713829233883,2.607120288860453,2.4699369980789916,2.4292909785476224,2.473203510212932,2.4460882437069955,2.4750248262789114,2.4291821375379534,2.508108412913868,2.4762786683475717,2.4276319144279297,2.4967512179710916,2.743850714940646,2.67549729633282,2.5341637460511954,2.310532101161599,2.433012555276348,2.4197792412285413,2.6129346768677038,2.5399639474706897,2.722947486966648,2.7211831128241837,2.508360240460025,2.517970508512041,2.4676941611827155,2.3585828250900396,2.413805482060852,2.4666465465931386,2.493048556925707,0.0949518734697861,2.476201313671483,2.3519981934451053,2.418530725562494,2.5645286351129815,2.711817520443454
76,Tom Stewart,Geelong,2.359320244300082,2.4211043576842677,2.3393859590090855,2.364002779689751,2.425722071801129,2.140747462723351,2.411780210988528,2.2018462593858814,2.2143761223490017,2.488489051633164,2.5834038356298588,2.6000142805173634,2.3715754536228055,2.217204371286953,2.2685438139674834,2.4213348183966397,2.575647371381657,2.496704024523878,2.487945767488678,2.360108735114528,2.4368178124497017,2.5430929286639037,2.610210140724945,2.330465186341577,2.422106512769494,2.2734081604986907,2.319847922884778,2.473222759094931,2.544164095952194,2.284309916748736,2.3652678766705586,2.494818085323338,2.376139100912204,2.4422116221725894,2.328820609398914,2.473285713370069,2.543871618946808,2.516100831692425,2.321653761768619,2.2752669601007764,2.4265341133282132,2.338269576755698,2.2849086774780347,2.1572918900755744,2.4974248277512574,2.4506588846182717,2.3232008221379052,2.377674983537447,2.549597858844553,2.433143409531727,2.3992608730407605,0.11627899277931704,2.416442284336398,2.204414881293321,2.2824199388093125,2.521742179959464,2.5818137604589775
85,Oliver Henry,Geelong,1.6737200987961762,1.857479775692586,1.5050297226677332,1.6182490776117273,1.6198741418552194,1.6895641063632945,1.6653958441353347,1.6870003918381353,1.8253218269127538,1.8221482524696884,1.7723612293572808,1.8123191807454806,1.9190799905705436,1.6553068759934209,1.673533900794762,1.6388125182754198,1.6850931422514033,1.6912568201171523,1.7759818003876149,1.7284433952727813,1.6573433830009061,1.8247868969651762,1.7323840861902402,1.6629554373304258,1.8443435839252433,1.9462359185523384,1.7414336314976322,1.7086537292031614,1.7758905969748284,1.8495193068284754,1.8344569557334052,1.8904095744468892,1.6073860374757585,1.852273122058637,1.8268460892653722,1.6192808120887288,1.6328091819162136,1.7692609277671445,1.6641999059373014,1.8735082930987748,1.7794283539085258,1.6430091040078905,1.6819316081216473,2.0136754896122335,1.7820696358447514,1.7613127588595978,1.6832285207341953,1.643307368021655,1.8958439993472407,1.676959066570778,1.7438143093478735,0.1043576221624663,1.7304137407315108,1.6184605831795127,1.6432450308427782,1.8500948542115792,1.9143166123697664
51,Gryan Miers,Geelong,1.6797120071503555,1.7130960657069683,1.532012295760575,1.7183239773534356,1.5801803493795652,1.606096752145291,1.637845903146722,1.5531822228632923,1.7217209722489897,1.4555139043618457,1.586085138643401,1.6742616782573176,1.5944899295318904,1.647995663987877,1.6614971523605777,1.6398142158351972,1.4530572340468375,1.533473181064166,1.563018442254843,1.5749409180619887,1.567617867734751,1.5441303472904357,1.427872381301299,1.3225168664099403,1.6688214829892403,1.445387639859532,1.698179652937325,1.6516571554605135,1.5232067318289462,1.5770235480723214,1.439959488221934,1.640456590212078,1.6690220776240465,1.5430664745639597,1.5529070320223162,1.5727788463879426,1.496981121685045,1.4941888101756855,1.5976147112875985,1.6052713278807444,1.6038118364629275,1.5820657538648975,1.587878263092194,1.649943120438057,1.653281230276176,1.619461004227006,1.4608917760630362,1.5133715906388217,1.44178389725486,1.5494579482158473,1.5765384915728122,0.08692921442985709,1.5811230516222312,1.4403334920736839,1.487229730046142,1.663027937461968,1.7100382010891912
78,Connor O'Sullivan,Geelong,1.407633946054756,1.6213891965454217,1.5225432182676772,1.4328173814814467,1.4944315131672141,1.552375055721163,1.5019204677656077,1.459642730433449,1.378876167718674,1.375450525625982,1.352263981120094,1.4229477052156994,1.471980759921456,1.718853472931326,1.3223577005716411,1.4324531648844383,1.4405345845909285,1.4496135797100314,1.5977910716837327,1.4890017771092339,1.5685157401423178,1.7613144792256978,1.4778961338838306,1.4336962198243992,1.5055020805989139,1.318547253432904,1.3364026842716958,1.2517390689329606,1.613424969382351,1.4344484661163484,1.462025812786643,1.5765514552449797,1.538447104001741,1.4078142845008235,1.539114505584517,1.4296582421892643,1.409960553578592,1.613196850306831,1.3907551333935562,1.4394640615548713,1.4935636395794325,1.4061092097016028,1.6599307973436537,1.3022727274757366,1.485112694564103,1.400743668461718,1.3683881124138912,1.5724282888875711,1.3905752559567786,1.3932170055612296,1.4685138899883785,0.10573716760259622,1.44507408215048,1.319328395096345,1.3781602085213014,1.5732900306562696,1.6520297691800159
58,James Worpel,Geelong,1.3039447232962502,1.313277814962086,1.4072629898943692,1.1642809543651766,1.3764888440557466,1.2737878615741867,1.5011554385934016,1.2830454449716069,1.306704389597703,1.3873539206229284,1.4053975926192082,1.532252036883085,1.3519630811438976,1.2012707465094477,1.2921150895182527,1.2377323340423247,1.520075431050993,1.376483670646404,1.3138451837963214,1.3700059050570295,1.3895172275476433,1.378296490594446,1.2634917330843103,1.246949474538532,1.4264633273289045,1.3461043359551599,1.4842243421954369,1.4417015005076035,1.1851833326856136,1.5159528145091765,1.2987688464305809,1.2979331635022329,1.1504572608966193,1.295709501388891,1.4257081607904392,1.2396457129479963,1.38097041474859,1.290170924510594,1.251759482358732,1.4022132440485562,1.3409235911055848,1.3990503350301082,1.174121322875964,1.4248700000456802,1.3027656925238227,1.4037324725155615,1.5274469263516788,1.4213477862365542,1.3942404100491455,1.2992821730431643,1.346348909070955,0.0967870512998423,1.3490337085495288,1.1763890348869421,1.25075419072431,1.4258659905969784,1.5192302946599205
70,Mark Blicavs,Geelong,1.18342337757031,1.346956730288326,1.2452175861867105,1.2088598697018798,1.2259810981722636,1.4203867817430575,1.3050133425614925,1.1269875223666528,1.3236128925297428,1.1656214600041934,1.2749541896980787,1.3810693377449828,1.2955585220777364,1.3666413072665082,1.3890655986185647,1.443319779267954,1.355520420043709,1.2286392357107152,1.1810069629811002,1.2815931800836013,1.1177039671361786,1.3508221797055504,0.983873041193368,1.216429117089893,1.4458020259274447,1.279537426162206,1.3598341135257601,1.2687137134616748,1.1433438108093543,1.2680536774575462,1.1540310930662114,1.3490353093964849,1.2814835599651189,1.3055200960241913,1.4127958158956653,1.186098849842709,1.1880698077005152,1.3756708386535066,1.378771678261974,1.2994964586779392,1.2900662091030872,1.3151605921938623,1.4067512199351495,1.2370700172904106,1.4055360154320065,1.2824097862110366,1.3694479111843965,1.3118962462640558,1.2861609851103668,1.500842225587256,1.2903971396576501,0.1005335589006074,1.2928123655904118,1.1303405614974067,1.1855396761377777,1.3827405562675614,1.43861851477535
90,Oisin Mullin,Geelong,1.296688461668627,1.179328628573098,1.0436703134198864,1.2099096303325065,1.1775840443413113,1.3196343904061403,1.1368105644792135,1.0162109948698477,1.1034420334508124,1.1451494557134614,1.222233571567709,1.2264413032797243,1.172594076890679,1.1285499463475412,1.051450770126101,1.174453579257864,1.0819634656484447,1.1214427011054227,1.1872880228842566,1.3921193422976867,1.2976624997547206,1.3095096586134,1.120599369852978,1.1858589713812997,1.1450724666782401,1.1143068301153094,1.0961301008042346,1.0078915095704535,1.2798128681143583,1.217818541625256,1.1001525011045545,1.1662596302899426,1.3870143956172816,1.127366252647432,1.1602215222982595,1.3606119345160854,0.9815665602349469,1.366136913251337,1.2601775368823127,1.1988786363695902,1.2512244120161982,1.1071739367698958,1.2773048369607993,1.100809889947077,1.169981043971637,1.1396807675089864,1.1193277304561482,1.421396055254023,1.0591466496199489,1.1615469823168314,1.1815521260240773,0.10380988060209938,1.1681203371307898,1.0218401551726055,1.0993118194417877,1.2968920356286204,1.382734511732263
88,Sam De Koning,Geelong,0.947671081274257,1.0197690486005304,0.9128653394637214,1.007718726098265,0.8857049882058411,1.1267857306172215,0.9992331313275686,1.0014458982945151,0.7781883450956121,0.9879300642422612,0.7818989803589681,1.0037807895527586,0.9712352998458487,0.9497833345420306,0.9228921767903687,0.9527807711781232,1.0339101587725479,0.8718065570041981,0.8941764474628509,0.8790369902791466,0.9544729117390526,0.9238443379090154,0.9004283894814609,0.8794183393941919,0.8815810006396267,0.9613890386771224,0.8840774052369721,0.9259939859006887,0.9886397394943373,1.1341195047598611,0.9090463376049954,0.9890591339257188,0.9992767113107438,0.8397144640121779,0.7980675737948922,0.8236667279797844,0.7969719291007571,0.7230222538129157,0.9882858449797828,0.8609977850313946,0.9450176886288862,0.9198671267035059,0.7970830656485918,0.9634657130966405,0.8848454291885821,0.9869936870204168,0.9448029151580007,0.9005188782158106,0.9054712654647608,0.9586049247135656,0.9259471593526178,0.08265951742993763,0.924919161904852,0.7849889348510348,0.8565495709383782,0.9992422395440522,1.0310112311872843
287,Mitchell Edwards,Geelong,0.6758781426107952,0.6056490567428859,0.5761181796218949,0.5744288882191269,0.5465066307152652,0.49861931491849176,0.6183687923960037,0.5415722761965893,0.5245474736718195,0.46876518541784085,0.49412533430960714,0.42652546460468765,0.5844642072334842,0.644042938377813,0.6180845187675436,0.5726642294013131,0.5416609204292171,0.5182159923568231,0.49968716596576046,0.5936841818144527,0.523418000844414,0.5969869704056137,0.5956649707364075,0.5329818478948969,0.5579468300522594,0.4724024499284759,0.4852792242579076,0.6093946331649776,0.5317863014620204,0.5878567231452149,0.5499254219801821,0.5679107407504534,0.588981779921739,0.4171411254079136,0.5355668039807688,0.552697718777047,0.5896706743725058,0.5563006221289768,0.6207822474650663,0.5796047541413725,0.6682994668973559,0.49530015032276264,0.5271331776513747,0.5175377551177965,0.4863174961496936,0.5576331887930077,0.6123448220471865,0.6187000581254476,0.6107230069563345,0.4486527626490817,0.5543710123859934,0.05825413215480721,0.5569669054609923,0.4527758093166773,0.4950546137760131,0.6110619663103226,0.6392744967406998
82,Zach Guthrie,Geelong,0.5867499740906027,0.5823372009456476,0.555827516214669,0.48177067363187764,0.548389196908002,0.5895023735821368,0.6593238126445303,0.6192698649337179,0.5986520740960555,0.5439984158681155,0.5766384881411426,0.4569952364504091,0.4696810541999749,0.4966158895999895,0.5288334184003751,0.5364406663520065,0.5773812132611058,0.5640639682709867,0.5229006523109835,0.5492946253846417,0.6076181772828647,0.5163839179759331,0.5202158863325717,0.5612058624118748,0.526800952233143,0.5823208661108077,0.5796119972539905,0.5161553688225875,0.5638298315928278,0.5243746399632357,0.4346274312048696,0.6380397159351512,0.5781942767424066,0.4321168215925021,0.5040715644015111,0.5252829186504836,0.6254298341831164,0.5171609321393744,0.4787870762077438,0.5025796744369926,0.4101183203174494,0.5334714217513218,0.5890431663098334,0.5511150062617705,0.563123763959017,0.4940919653455409,0.542481377001855,0.650257361620961,0.5524595819882585,0.56101504005863,0.5445330213075119,0.054334229390264256,0.5488419111463219,0.43921283128020516,0.49608838943080974,0.5891391406297448,0.635454690175984
86,Jack Martin,Geelong,0.22442079649632982,0.2904628557030432,0.3625965534633531,0.30601891686420135,0.3671300490588329,0.3195180034267419,0.28015276718650445,0.3787560209010098,0.35569515377460514,0.2783892204513501,0.3984510490088269,0.34381443347877705,0.40131608962495796,0.3702863839019318,0.2614041457560464,0.22514743169237572,0.27992446443408314,0.3468176298085317,0.509885555555036,0.34794515370102863,0.35134942887770926,0.3552739135409175,0.34983228196411326,0.4371858917863051,0.29495445272683624,0.3074269937698019,0.2698781055271924,0.3285625664179593,0.3722285684920432,0.1872834181289126,0.3017242910302244,0.3113021790518031,0.4333601816558553,0.3515285799373546,0.30994601049955445,0.2899549576607068,0.4346750554668542,0.4272983379034441,0.3221690023672063,0.25791187577337554,0.35014454921059873,0.3012136308629109,0.38686492129513733,0.2849073755845901,0.3850142376504043,0.3500392057503258,0.28464031246290533,0.3676117737719269,0.28093070874287307,0.2751973578092122,0.3321708568001324,0.06158142505076592,0.3361884999483682,0.23186414272898068,0.2796035984416919,0.3854010305321535,0.43440550633559943
83,Mark OConnor,Geelong,0.2755293291058588,0.39107661091092616,0.34644473208984167,0.34401935502261194,0.3269519460304968,0.35565059182321845,0.2948198905878729,0.287140209366105,0.3038319309616756,0.32478292914329154,0.3482924792184686,0.36447474073796543,0.26857390469793896,0.35712078176454953,0.28059877454947674,0.3735004717663001,0.42714117036980903,0.29118771309013464,0.2638389818676981,0.30248177570559504,0.30910491552282465,0.2703652653562686,0.27138963280454365,0.31309745183172377,0.26662799338114057,0.33103879682755255,0.3286968561430445,0.368912966963623,0.2780042537256568,0.30007926215341507,0.3305864315887816,0.31315657949198356,0.312086920188702,0.30054200097150136,0.24023071993449313,0.33738414104117725,0.30054420516693925,0.31333500564274536,0.31346939460031503,0.293171438205783,0.28277132737574723,0.31848703786682003,0.3705051327568853,0.29410023479585806,0.4236444534454775,0.253812196315097,0.2957755118804329,0.27779029883223555,0.34755674055224267,0.3548615167355016,0.316771740018167,0.04120804045681769,0.3125921860102129,0.26441072922795383,0.27731775615942283,0.35595786152095665,0.3874735023862777
507,Jack Bowes,Geelong,0.41224572967333173,0.24484094016155397,0.21705375403775107,0.1270473279767582,0.3812893103191439,0.2721184594100987,0.2133263095404337,0.21038548268307763,0.3442360700033775,0.2244314101847593,0.22801231730147165,0.27543215210864264,0.20668372432648074,0.2024575896267678,0.28418804768040407,0.2781223840235803,0.19600930654902618,0.3799296776096325,0.29973473104693515,0.3002531399002856,0.22604619841980061,0.2463586522460365,0.27120941659510867,0.24250182215859348,0.23445267708106482,0.25013432111325434,0.27045141849428456,0.33816685211137987,0.2975309175364102,0.2725193592658347,0.2794074814631885,0.2739582280460297,0.2473058039893704,0.33091016703340415,0.2696237444423627,0.25791478136888707,0.3067400863295383,0.28086217592923296,0.24797605199907147,0.27113180241762674,0.22426687378574442,0.2679630526316681,0.35325275186164795,0.25993782812418353,0.30645731287728284,0.41520973557269353,0.2772878543163249,0.32601436646634885,0.20482329590639733,0.33515408230397964,0.27366733952100525,0.057167799501935644,0.27117060950636773,0.20294255941409187,0.2227593317584138,0.3317971453249544,0.38101058561369405
80,Jhye Clark,Geelong,0.27962812775790785,0.2660567969286972,0.2670451247574201,0.20988763859279017,0.22073595437220317,0.2119149694104969,0.23806698259987233,0.1888657511361569,0.15501017657138022,0.1414518041426137,0.2674559252983073,0.15954898967987952,0.214659983199745,0.29381162720292653,0.264445349207999,0.26495895085498666,0.2129114869093772,0.27267965546194306,0.19627121461844335,0.23388276874194994,0.18212492514097833,0.20437802872235067,0.25543719449410457,0.22728918396805403,0.23853359886335315,0.16615966518455783,0.1940271712398591,0.31354838740639457,0.29554496412187115,0.2251651650186431,0.2993564927013831,0.16220146283052383,0.14751471238202538,0.23002173506851192,0.28459546189445367,0.28923394386466694,0.2269006414552035,0.22141713298145888,0.20054568681723928,0.16567841678165968,0.23308349829092045,0.2171132699181893,0.1555277890575097,0.20153702271660645,0.13668118462393752,0.2720149701642192,0.17920053305462438,0.22249322728890458,0.16506546458038157,0.23742930266542817,0.2221821902148622,0.046623587246938554,0.22195518013518173,0.14905128254084313,0.16555030977159255,0.27215388939144347,0.2951896300534875
84,Jack Henry,Geelong,0.17909327162327351,0.2062742010407096,0.13582415173011833,0.22798597432721474,0.1865287191868363,0.13230585965412206,0.20020963916067533,0.19438241141521542,0.20941785168506222,0.1798552210037916,0.1803165881704348,0.18148352395896483,0.22139381961143945,0.17523500340379078,0.20444829251631189,0.17792027601465632,0.1601071006926049,0.1705471315265979,0.14772128309175958,0.2222929404646858,0.1845326885667899,0.18875185365535177,0.1529319161739808,0.2877908251082992,0.17852097397722033,0.19864211870559037,0.13160512857370193,0.17996646842055433,0.17234915223916153,0.16531293634999733,0.13744328175975162,0.181662580642092,0.17371912994502287,0.1872905604583999,0.20729154018414822,0.21530995301535977,0.2554974681428792,0.17899540808369988,0.20013691340158224,0.11077159667276869,0.18758746189193864,0.11829693752305293,0.17604014091477646,0.2549265977295847,0.21501724661970734,0.17832080503836534,0.18210870917717242,0.13378817115826824,0.21064251858995348,0.19914580180975539,0.18475480289614385,0.03430057076162102,0.18157305230052842,0.13174877844518806,0.15184289385979657,0.21155683674817202,0.2494037699320987
452,Oliver Wiltshire,Geelong,0.17503408960290287,0.1411607704151119,0.15397879859038457,0.20099613111810807,0.12397123599165023,0.1523120200098734,0.16711510063916415,0.18564588571257729,0.10362347976280709,0.14311175746772606,0.1285986508068438,0.16369370981355683,0.18043127398838774,0.19431200223297768,0.15443263807978974,0.19830935031867467,0.18781294291513473,0.10827751223543317,0.12323556527774604,0.14044021942920254,0.1741178094031064,0.1571944274100593,0.18196010652680186,0.11320002246034074,0.18557790170007624,0.1612075829079598,0.1672511248074145,0.15656677374681094,0.16048077346947284,0.11101168221434965,0.1451399173943028,0.18870099551604894,0.16036615734666723,0.17080205532813952,0.18477166945740658,0.2133701196294948,0.10581539461942471,0.1442420666665749,0.12613442054377583,0.1763423774345098,0.17137415660504302,0.19776798242658392,0.17293666805547422,0.14621107827874014,0.25487984803279573,0.11101053850272069,0.19318320199103592,0.16159781171717616,0.09169712577522082,0.16094716642290588,0.15944704181596975,0.032386184321643995,0.16107737466543284,0.10632012873070644,0.12381748081244426,0.1879985459087258,0.2004453410542242
570,Rhys Stanley,Geelong,0.20032573289902286,0.27184466019417486,0.16865417376490635,0.11414392059553354,0.1755852842809366,0.21920135938827529,0.14082145850796318,0.09484193011647261,0.1666666666666667,0.16323165704863976,0.0900750625521268,0.14708368554522402,0.1235584843492587,0.11896551724137934,0.12050209205020919,0.21324717285945077,0.15371477369769432,0.16608996539792398,0.14356435643564364,0.12000000000000002,0.12615643397813284,0.12371134020618557,0.07506255212677232,0.19480519480519481,0.13798977853492334,0.10852713178294573,0.1522842639593909,0.1519650655021835,0.12541806020066895,0.12839506172839513,0.1531914893617022,0.09099018733273864,0.14011676396997505,0.16582914572864332,0.14910025706940883,0.18227848101265828,0.1324278438030561,0.15258408531583273,0.14609571788413106,0.12223206377325067,0.15993121238177138,0.12339331619537278,0.1212121212121212,0.1584327086882454,0.15570934256055372,0.17500000000000002,0.13321947053800176,0.17157275021026075,0.18652849740932645,0.16908625106746378,0.14850729083861616,0.035540131085172524,0.14809197130731644,0.0917797946034041,0.12039715481171548,0.17512232441471576,0.21059827766756298
89,Brad Close,Geelong,0.11947706353981796,0.1212210525312273,0.11990631757456627,0.15658535830836626,0.1112178000671629,0.16611768848074077,0.14004174989156465,0.15168493667815758,0.11935558152664819,0.13467414554290752,0.16075475691464858,0.11131552987388262,0.16589681904876005,0.09241049233464114,0.16333287815803813,0.13092001108112145,0.15087928807732084,0.12360635677583846,0.11746648318491285,0.14066633508690338,0.16879056239981524,0.13808375854493174,0.1255013927543781,0.17926750695539237,0.13744832569213972,0.12345464528550605,0.10264622795968696,0.1339203440475928,0.13443788105732674,0.14067236722992438,0.1566741943084263,0.17313770161173425,0.12889691167354234,0.14407080008246606,0.08177717527178145,0.11699671398475771,0.09413317433132949,0.17529379055017938,0.13456519310555595,0.1419350159610781,0.16541219882051086,0.16553428054916805,0.13964581526341283,0.13325508279471637,0.15001494052973996,0.13786501742890922,0.13799338421291973,0.1883752015607576,0.16602876935090558,0.12071214387594273,0.1386814232374351,0.023546244485325538,0.13792920082091448,0.09587835032514277,0.1189607599732255,0.16561005109558277,0.17485179231779813
646,Jay Polkinghorne,Geelong,0.08382450879398916,0.11833565562571463,0.09743710227662561,0.14274556461823423,0.15477525641457704,0.11145100118063135,0.11428090720327319,0.1269271655995576,0.15342340678129518,0.11302147935256349,0.1269901232763688,0.13847212726703922,0.16056386955464422,0.13581162864256605,0.0915639012470153,0.10753250151022142,0.11598654811837696,0.13727589582796337,0.1019711190274002,0.11434955091674844,0.09600006458835267,0.08693581022479925,0.14447366194527497,0.14305687428218095,0.12501699465877417,0.07307201161440091,0.15960639494115758,0.1527554340795258,0.1398228110654251,0.10590760000944134,0.1197543585751631,0.0978241229229116,0.10105548596198095,0.09882241313996579,0.14183083320779596,0.12185339988567682,0.06632429727016503,0.14025841219328597,0.11531419960596237,0.10198318881103638,0.0864776238491868,0.12318050495639747,0.13571557255605954,0.11354048888570697,0.12845384483078556,0.17418757011051642,0.12974838129909733,0.12247675600359145,0.1795426798499789,0.17336058978572982,0.12290183388690265,0.025938969955166216,0.12216507794463413,0.08436839738030467,0.09774323560783782,0.14620455232133336,0.17073726213835722
521,Jake Kolodjashnij,Geelong,0.04748469699207339,0.060957440935233836,0.06357394083256912,0.07180738111220425,0.08661268157835504,0.029355589892488106,0.09672137040609845,0.06022849792624734,0.08616235093175192,0.054561070421044404,0.05062109097400001,0.11198332136557917,0.0513202112788888,0.0640129259562932,0.04711199930101527,0.0730665022226063,0.036862446651772254,0.023285923289004033,0.07577232694339837,0.05092473299446984,0.09973854257687442,0.06726042030209059,0.07454458354166499,0.054069201782426954,0.030571474432526554,0.10932988018706845,0.06565386623903796,0.05628577808479078,0.08614006573116202,0.05719612928180434,0.06510306355780804,0.05038477985170914,0.05649847307277148,0.07340059319114052,0.06770426804644672,0.04137391948141443,0.08384557099367383,0.08040123635942822,0.052833131262281244,0.0500844283526197,0.11137502721602374,0.11729723986103269,0.055460897680036814,0.05468835766184696,0.07118283867625898,0.06266846378907777,0.08753050950392688,0.103986149020264,0.09230739944625942,0.053541615794684944,0.06749768813966492,0.022264370157875957,0.06379343339443116,0.03186112373747192,0.05032200638839945,0.08852887950187437,0.1109557720750879
614,George Stevens,Geelong,0.021680216802168025,0.032549728752260414,0.03027307076234491,0.03603044995106792,0.06766917293233088,0.02685765443151298,0.005272407732864676,0.015397775876817796,0.027598896044158244,0.036018564273458016,0.02183803457688809,0.03565687928676258,0.010657193605683842,0.014730513361284657,0.021466905187835433,0.04233831990794017,0.025679404005696866,0.019853316303455066,0.03262154122009863,0.031578947368421054,0.0053811659192825115,0.029534032687953328,0.011310084825636198,0.03667362976226002,0.0535714285714286,0.00549954170485793,0.04289544235924933,0.035982272484144574,0.03158052896496369,0.035644682954384985,0.005267778753292364,0.03435114503816794,0.032906764168190134,0.008391608391608393,0.02590733590733591,0.02051612710488842,0.044609665427509305,0.015438130642591613,0.027297543221110106,0.021257750221434907,0.04524033930254478,0.060384263494967984,0.015625,0.033088235294117654,0.02582342418183732,0.025432689632144248,0.021145374449339217,0.056115949040477356,0.0054794520547945215,0.025243659829145566,0.027867280775454185,0.014393069073095644,0.02707759882631154,0.005401314577062473,0.01401564379733413,0.037857550002707144,0.05559432234432235
73,Mitch Knevitt,Geelong,0.0037151702786377707,0.0,0.0,0.0,0.0,0.0,0.0,0.0,0.0,0.0,0.0,0.0,0.0,0.0,0.0,0.0,0.0,0.0,0.0,0.0,0.0,0.0,0.0,0.0,0.0,0.0,0.0,0.0,0.0,0.0,0.0,0.0,0.0,0.0,0.011582628666875455,0.0,0.007736943907156674,0.0,0.0,0.0,0.0,0.004237288135593221,0.0,0.0,0.0,0.0,0.0,0.0,0.0,0.0,0.0005454406197652624,0.0020746251951442116,0.0,0.0,0.0,0.0,0.004130253974917351
503,Matt Rowell,Gold Coast,9.930768781955333,9.82824813697994,10.015824722092487,10.0396513160572,9.7188780740887,9.89896808545536,9.98093254526001,9.574963144610606,10.091686634561825,10.029394159159612,10.222521698633514,9.717547848002202,9.64681427758438,9.592830286238037,9.601514545824694,9.68636531908109,9.826412491798818,9.844414563950329,9.896062925853508,10.012015796276794,9.67705363970435,9.800892979673385,9.75967374021099,10.061046867485073,9.796751154621766,9.30299318672354,9.955901942079063,9.934962320217181,9.919378294869057,9.626751136274226,9.72659472797176,9.69084420427405,10.039717082578207,9.746433052812984,9.998464450400615,9.990227240017834,9.54597029251466,9.584231072296715,9.618471143477475,9.777604731656524,9.779984483030347,9.790086157453908,9.403335871887602,9.68265019897713,9.911027428052256,10.223536013508726,9.415386428678362,9.831777969813052,9.983677965517813,10.14938324931539,9.81761248759117,0.20648884798443362,9.813652735736103,9.442156120764803,9.614927214568043,10.018660734439516,10.137555443290909
46,Christian Petracca,Gold Coast,9.142866198128047,9.194608213314396,9.795566343660115,9.404901820648071,9.618541566172954,9.450952181632346,9.161169022364337,9.57912207403059,9.420426067782193,9.058558118753007,9.64253461600318,9.541421141191817,9.170361316051752,9.31582652545336,9.195019858241197,9.453793761022306,9.479424498480581,9.989008916994292,9.29598769900125,9.135236025728654,9.901762568628278,9.37071441454013,9.527956379666376,9.446665683095585,9.490474655975621,9.302967457528608,9.467856210520885,9.180264805392921,9.202753096998203,9.853017739963901,9.427142213234559,8.875785812014014,9.445281756765771,9.528811446245307,9.21918977009715,9.048736339469169,9.450800798023561,9.509430661787302,9.485564804090812,9.574295432569,9.24742375997191,9.682517620737952,9.308545892759955,9.589108640992583,9.409955103935136,8.928802380434643,9.32074875610966,9.363182404949532,9.217968401007635,9.137666706341689,9.391214353570046,0.23484169820126294,9.415190585858664,9.050749804222356,9.168440126671083,9.581209266525645,9.841240203721625
48,Noah Anderson,Gold Coast,9.361612133751926,9.118124409746864,9.128913808428354,8.932244343891176,9.360754929616803,8.662039374305376,9.269406127186038,9.14388923684832,9.089315434213704,9.356434129787942,8.885554570242215,8.952319216685481,8.85971732319153,9.001432910407026,9.061181266305104,9.61026079966718,9.215538430136805,8.984803229711506,8.965386941743615,9.032298600877404,9.01406849165663,9.150614787678395,9.25031414361177,9.133648815465717,8.95367070640355,9.11630422568859,8.963692937471217,9.060549431577277,9.202063721271724,8.738390963436672,9.444511655086302,9.291405867646631,9.153603305037677,9.096928026916322,8.968637387122712,9.003831411491387,9.275790275715915,9.535135332030471,9.130319203622296,9.041305686390995,8.931640160684491,9.309171351236742,9.298090502570085,8.97458299881753,9.29907574674356,8.8644006647586,8.94814314823248,9.22999087860126,8.972878102124612,9.108602525765527,9.109051793432032,0.19170438313579785,9.102765276340925,8.86067740821278,8.951446418378804,9.298296418602341,9.427517253212754
49,Touk Miller,Gold Coast,7.6451790459897255,7.669573071508717,7.247248978086387,7.362106442730573,7.077958839911378,7.506788676194389,7.648514025737173,7.4411157092719264,7.7139364811207285,7.496947420695374,7.590790225509022,7.5727437950263194,7.871836120609574,7.683480217525585,7.689937312100222,7.430220082717966,7.5890032719278135,7.830279625544798,7.45603887747696,7.6491974972833905,7.651000952452716,7.5673594283990795,7.542306055301227,7.862287959611396,7.484433464790775,7.812188836850587,7.754367408556526,7.5308304242951944,7.157538138732788,7.528066929478532,7.561238462779478,7.840642005425611,7.741804406777558,7.43228282154866,7.635146309943194,7.74574953097138,7.487744627917495,7.4273363425104755,7.524461053660181,7.4577186354907425,7.426073925357199,7.420214021647542,7.447358362401567,7.447945151397048,7.211833216076481,7.775336699597522,7.804536760565578,7.627564177127464,7.348777320037013,7.650499548009872,7.561550773893579,0.18082549273102547,7.564298945589279,7.219093447288511,7.42707249732544,7.747550667386675,7.838517717550045
50,John Noble,Gold Coast,7.527470042090804,7.926257646494003,7.690536233630896,7.601568179266978,7.642722722767661,7.7121112391603415,7.439205297957229,7.383574289653019,7.558672389499126,7.276695958071664,7.6893946531329105,7.870198565049498,7.534001385188201,7.186414560938685,7.7642735032319035,7.403433927651455,7.0583328444699935,7.326167186200225,7.780819384786147,7.5012498581701665,7.505828377630507,7.220996910767399,7.252484263624352,7.3545322167260965,7.486192425234024,7.372357119194938,7.274155300181753,7.6695714646848065,7.292486466565207,7.28651197299273,7.515684858088286,7.3564833494151625,7.481702219254539,7.818805111623972,7.45003347371406,7.396927091793235,7.508563815759884,7.432841728603625,7.704634066335976,7.438223640026687,7.537500587541482,7.182481195626736,7.423372226763373,7.366649091369444,7.593382344538729,7.64257151394717,7.384007248101588,7.576332541375406,7.4172135311727825,7.872910271967183,7.49377072584064,0.1953693273852209,7.483947322244282,7.193503942653571,7.291237797408559,7.693482680666258,7.859662907097265
66,Bodhi Uwland,Gold Coast,4.502935866879919,4.392977672631889,4.331589710409661,4.483961971396758,4.177973418656108,4.326704225977156,4.243768414862334,4.4186284765919535,4.5156029900676655,4.336097033096343,4.263940411861681,4.393259587277369,4.17517376587393,4.6468129879534965,4.572770038262123,4.129773239342768,4.288711079265635,4.094939380711871,4.372876959641794,4.2457199354527,4.115783138937381,4.442887992049011,4.31571656661451,4.283916878298592,4.557642799194973,4.427989221415111,4.255740145925717,4.4871041949431945,3.863672754475712,4.649238141970111,3.9773911061955074,4.535909072231202,4.3213263972470255,4.298174459365326,4.400375949381505,4.516885543649934,4.288771222516681,4.372352832475902,4.439044205745733,4.6120308839502595,4.2406694710039465,4.26953854216779,4.30906942767269,4.379503869741398,4.461421393832392,4.387726129023191,4.441193385857401,4.110751935006509,4.15842460929385,4.090054120648791,4.33849047114089,0.16792017122975525,4.333843371753002,4.091055598961722,4.171673192148693,4.505583295626158,4.603982410584191
60,Ben King,Gold Coast,2.099632827364022,2.2684027331602707,2.203073233619121,2.2045173059521184,2.1520418418725162,2.163122467202623,2.3101302455529207,2.148255538484609,2.250500066756718,2.280426825983802,2.1538196511312995,2.20779812457911,2.178837804231178,2.1888032746029484,2.2173007697926472,2.1972098869346763,2.29632821962637,2.307842020533438,2.1179546804278333,2.10244722974972,2.1989060603540937,2.2575151008830505,2.026301077060643,2.2469608902003144,2.144592486082427,2.207134333483825,2.04786329366356,2.167442081906057,2.366917180913055,2.2798930960302903,2.1685045490330905,2.0991263777614617,2.1247017747696515,2.157009207450653,2.0784165214104617,2.143482284524204,2.343760743018503,2.1488787684868917,2.1208531614878794,2.2812044431701772,2.1590209607683266,2.222738732888682,2.085925165794268,2.2216982633656115,2.193061339075707,2.1459211898621575,2.352645487975176,2.2896709441803895,2.351210403047601,2.220663166462716,2.1980092766533774,0.08152168711120483,2.195135613005192,2.079955793509142,2.12024737894633,2.2829739418813118,2.349683222741636
52,Jarrod Witts,Gold Coast,1.7303465773704456,1.7909748844947135,1.742080625067673,1.7593501881080962,1.7040630983275817,1.9645333902212274,1.8660641962834208,1.8547530122448095,1.7132714560530369,1.7367478210268996,1.7529120475183066,1.759430538218121,1.7788658288342976,1.7642299564740076,1.9271286911236358,1.6693515125451097,1.6485131732955312,1.7614591588199604,1.833130273940437,1.828172385385739,1.5789409958901595,1.6476898508596252,1.8686261000355613,1.7388114014904281,1.8998822878963715,1.8753956884739535,1.8016304839953883,1.6988453982493257,1.9394340793842582,1.6997527951060214,1.9187572250650393,1.6261843082257754,1.7201107211249766,1.631934372756183,1.8582147453244413,1.70734224954762,1.7394588152873893,1.9401572488465568,1.7152277543210763,1.844870955356689,1.730247922303874,1.8157077436605105,1.8776536651841509,1.9165202085145032,1.7333063466748615,2.015518581248952,1.722633108516981,1.867958347741348,1.8825725658176624,1.768398670736577,1.7873432690597864,0.09852019324256839,1.762844557646984,1.6351642457673887,1.7031622449542756,1.8861902977321126,1.9400089991067857
61,Mac Andrew,Gold Coast,1.7285834570605936,1.6057675079909601,1.441665947492305,1.809118981768429,1.6959172054618241,1.6906049175418512,1.7149562614012979,1.7862883092649402,1.583693198165838,1.5918029266082616,1.6582506672245358,1.7667748249727804,1.7171943516508716,1.7661375394051797,1.5830672477294732,1.7019441513818394,1.8150692685785428,1.6289690453172474,1.7922214578164162,1.6618983004791932,1.739294294127962,1.8304272395526051,1.418370733913456,1.5713457703581868,1.7659817605072288,1.6063022086302365,1.528971367685059,1.5187021169224315,1.6022374652596332,1.8181928250495558,1.5776416683341086,1.6234428108917094,1.656976698702704,1.6580100793064008,1.594701681416227,1.597998526799211,1.7918802681703798,1.5861560348225585,1.6538698875365472,1.704196094456508,1.7549448394562595,1.7487051784663352,1.7476947662894167,1.5198152762483335,1.6343722603927666,1.5603246738305192,1.8540323272503016,1.6396707873037373,1.6744778208889075,1.725637924235609,1.6688860190823456,0.10112102437310523,1.6600744838518646,1.5189303145842414,1.581933301635842,1.7708531431898418,1.817552495972998
561,Ned Moyle,Gold Coast,1.6457826012605183,1.5808883652133061,1.764272819727329,1.6756157908732816,1.7445408155011393,1.7491738551071658,1.6090450041015432,1.6546373065630136,1.7089583600785283,1.614097756277148,1.5167519128063731,1.5027312099845194,1.6551243660534891,1.641882165198526,1.617485602471035,1.5303212883484039,1.6135604586327825,1.589368088019323,1.6739038825380896,1.8669390455302484,1.5375433511180991,1.5356534982866417,1.571063010358499,1.7566965583992942,1.4881458229479845,1.6323130046081114,1.5403600616531663,1.80380910190821,1.8396392989874106,1.68749271539569,1.726703091194777,1.74553712004955,1.5198660646501831,1.5048554245797139,1.7618013546750833,1.5702609947616808,1.5239230580821357,1.6228532481653501,1.6410811924683755,1.64685510709838,1.6814912558048984,1.6437215035342545,1.6486273612324247,1.576906003664686,1.8489461823982432,1.6408140864920187,1.6027897947200445,1.5746324289075926,1.746719097037302,1.6312706469474154,1.6441490426882595,0.0952684053297093,1.640947639480197,1.507294204666179,1.5371483718763246,1.7472321414739036,1.8322941085861744
47,Bailey Humphrey,Gold Coast,1.5394109000156067,1.5775923873985958,1.6012310730567898,1.5183546794253902,1.6765279209458392,1.4562179623861018,1.6816772844593026,1.5830631763731313,1.6561424774064708,1.659578550716143,1.449505642575553,1.6237308006817763,1.5347964480502287,1.3284802723410811,1.6153623669416002,1.5301266535268867,1.48561039238083,1.5230155834922694,1.546281912916884,1.692972784475265,1.5635877707579193,1.5753058468077847,1.5779242646053246,1.6930888172767247,1.5229794165237938,1.551949986683749,1.6559076697634545,1.562225214667635,1.567600346606605,1.5044232054085862,1.6746087027233751,1.5907395509080349,1.6982195613029543,1.5411448870999351,1.5871831198023019,1.5822044794614232,1.526467988074496,1.7304820832355938,1.6257556102404602,1.5726013491911779,1.5932149419021704,1.58185432277576,1.5446545721281686,1.5852289168436469,1.5615129036051039,1.5941814276408095,1.4705733782816184,1.5445197422162682,1.5783901112462062,1.6032167681612473,1.5768285245101614,0.07335483103379448,1.5777583260019603,1.4591608226446826,1.523008024595858,1.6568606167281923,1.6930650305524255
59,Daniel Rioli,Gold Coast,1.0851170876083864,1.1755947941605018,1.13605879640124,1.1510028234453828,1.2188091579409328,1.3050982275844385,1.2947522711723454,1.3437572666791022,1.113926352640964,1.3251517103269317,1.1296056705273338,1.1316671401440717,1.2257317613061591,1.2143383281914597,1.1220959263248187,1.210263898409853,1.1816722449128025,1.1030375682992697,1.1151373311232826,1.117343026165708,1.1593800277932402,1.0538433990346794,1.0032824038635364,1.2987234333994024,1.1039251840325743,1.2261577540672248,1.1374775494770129,1.2363101330898798,1.241054499743155,1.076599426274501,1.3044261812546454,1.1728350279506834,1.1679950652905555,1.0874188046458564,1.2285473164743903,1.1800556081623053,1.184599948974123,1.2003064570227608,1.2078077125648943,1.2166667709215941,1.1285830392050409,1.2793444623196937,1.2643095511790943,1.068670676208092,1.0673265847948532,1.0121185593562243,1.1282338612206275,1.2052344805394875,1.2594414162972338,1.121502105160657,1.1744467764736601,0.0812382704594971,1.1742149110555926,1.056607452115515,1.0997732466957064,1.2604588564875427,1.3049604580868308
68,Joel Jeffrey,Gold Coast,0.8782740823397084,0.9448089944055418,1.069914548310971,1.0406131022637248,0.9369828666056527,0.9561946194311304,0.7740931766618214,1.0345739330955024,0.8649474317024803,0.9887176485874465,1.0021211579990759,0.9310537220515687,0.9226499935515019,1.042362868988973,0.9050394804822611,1.0333487894543585,0.9912327198554599,1.1216189964791765,0.9542212203319954,0.9895562572696603,1.0629514871336778,0.8757269757443281,1.0428563476287085,1.0201091235918618,1.0447495814297398,1.096827892047025,1.0334214807494373,1.052383238022156,0.9600120184208576,0.8210023939446635,0.9733749428100987,0.9081425534612573,0.9162778412205779,1.009823287262483,1.1097542802930072,1.04628324544767,1.0444623232392913,1.0176894790041655,0.9888330104872209,0.9574329028032261,0.9900147919303872,0.9531807246262414,0.9716583661563595,1.0426458201212048,0.8959047026307853,0.9404357751198797,1.1532688828678668,0.9224252658294251,1.0518047431791044,0.9692846185676441,0.9851012741127673,0.07655238423918932,0.9891946338784406,0.8671572382310592,0.9145775660788799,1.0474372384735398,1.1071043707025807
62,Sam Collins,Gold Coast,0.8909911740128504,0.9288500573897126,0.9245791755803283,0.9332392702577739,0.8819077149028293,0.9319571130678563,0.9077288061895119,0.9173134134770128,0.882809577669581,0.8730968806397303,0.9041707776593999,0.9438054346845951,0.9697387363248393,0.9410404178359669,0.9587071016381719,0.9034711206702956,0.8682457076718912,0.9245770851136155,0.8578389542915983,0.9675106830519533,0.9804855429883551,0.975227585352757,0.9997065449602469,0.866838169979797,0.860801033210752,1.0144717966979513,0.8882036583629442,0.8968322257683592,0.9881435992242998,0.8467568128083168,1.0843900774529722,0.9467249567147161,1.024739117950648,0.8869020057871917,0.8962376374724152,0.817582125343515,0.8051839355200832,0.8877790012983532,1.0028649381815138,0.8257361947046772,0.9327324450316763,0.9323760926640099,1.0578194503927911,0.9359707389050316,0.8539882330605257,0.7836231430127099,0.9997470229456128,1.0662400502282012,1.0806926480782348,0.8934922812903755,0.926877365350371,0.06938621311943939,0.9245781303469719,0.8192537095625533,0.8655764083950666,0.9997150048591884,1.064513827261942
64,Ben Long,Gold Coast,0.7363727384610635,0.8822698212462206,0.8103941677313513,0.7561494279812394,0.8703829354516994,0.8382806600607731,0.9049652240861663,0.6590693336781959,0.8115874482328755,0.7404682819626383,0.796589670788471,0.8831016490229422,0.8720904660717664,0.8685372671078035,0.9565577149224527,0.7978126014477487,0.8164085728254131,0.7013606874772524,0.840297644939012,0.6777839776897754,0.8252233711660448,0.7884296618011015,0.8967358097382194,0.7968775074256275,0.7695971082289148,0.7620396101733634,0.7250723991200855,0.8606698457641553,0.856602903898267,0.7507037695518995,0.8407941141708908,0.801259384824985,1.0636461214622746,0.8311425833292565,0.7901823026016754,0.7533801261473968,0.8046018448078107,0.8453155247113123,0.6907731420835097,0.7077837918249588,0.7489333119595166,0.8172215516073725,0.8769172325070438,0.856350469680103,0.8095496097380065,0.7945727980533962,0.9452800160339052,0.7341872161070643,0.7804508154364058,0.8274586453122659,0.8114446576090338,0.07535060565316236,0.809971888734679,0.6929435888892269,0.7396123133708091,0.8730992602567393,0.9370154836846185
91,Zeke Uwland,Gold Coast,0.7498516249267674,0.8270695763219313,0.6674554465135376,0.81010296030773,0.8265248081306777,0.7336199106938849,0.6906526526899083,0.7506717474001401,0.7569806631321941,0.856940929702693,0.839987583212069,0.6650776370611914,0.8688571811738223,0.8065103267931727,0.7179715377250372,0.7563313887367561,0.7025334154808364,0.7854139564612317,0.7494801403679658,0.6751712487719846,0.9341437941284062,0.79427591251364,0.7893269847070368,0.7209420857656137,0.7285876546507314,0.7084817098383619,0.8350705441386155,0.7927864794182677,0.6450397270050016,0.6795883297179575,0.6746101123740644,0.7771714953407114,0.6951286839587121,0.7366110447048275,0.7653063874506499,0.7541325078449427,0.7699752050670805,0.7307181474111212,0.8345061548775131,0.7567258499493215,0.830992370348052,0.8134947389581585,0.8241617976846342,0.8056845701458306,0.841493807342728,0.7584682530815618,0.7922618053915206,0.8189532454793117,0.734630023120851,0.8142869776634654,0.7678952227136443,0.06163396183468268,0.7618873202661058,0.6689221530149456,0.7009858265927124,0.8278894402733905,0.8537742696189001
69,Wil Powell,Gold Coast,0.6203461190724474,0.5954656504602289,0.6799961592268017,0.5381397791370415,0.5610872191901846,0.5812746738133773,0.4623076993949508,0.5709435035749975,0.6031224111065788,0.516036449438662,0.5645251077395071,0.505965092062292,0.6432229126666738,0.6432007661408251,0.48544653758304585,0.5727877781868166,0.690319370080484,0.6614195355757836,0.5100747939108404,0.5091292538060693,0.6502928669616939,0.5684990218925675,0.648971332510819,0.499057888787438,0.5180226633383355,0.6829389015766323,0.6122824426912269,0.5545764793757628,0.6074922556510846,0.6349439702792742,0.547316792612745,0.5729671390738824,0.5496053415394282,0.6720518508009913,0.5349237567883937,0.5390673618833579,0.5936015560636638,0.4973330126435024,0.5461500103381423,0.5848043863177067,0.5887521010380402,0.5092396372234244,0.4887184529820955,0.570079283971672,0.6083304394188971,0.6034501475153311,0.5058936615052929,0.57249358404594,0.5206314830105746,0.6449009362673972,0.5748439914054585,0.058809436478948915,0.5717185438104687,0.4904844377126839,0.5092165670891972,0.643573619599225,0.6783675759995105
53,Alex Davies,Gold Coast,0.571611388775431,0.5534591605983671,0.4057497146669472,0.5222376046497875,0.5369875072225702,0.60334721975708,0.5103899885922427,0.5059680495560122,0.5454323454570454,0.5708334875180096,0.5855126584422925,0.546480887063846,0.5566188849313443,0.5726020169139086,0.5772697622624012,0.4800313037971032,0.5634791009250886,0.4292330449647715,0.5821263407510956,0.4840240747661605,0.5411888180614954,0.4565798005026015,0.6603549641458091,0.5641104380862021,0.48017601320094405,0.5456602552001695,0.5356630401765166,0.5396459880713735,0.5349042034687903,0.5992628811565144,0.5410777932816062,0.6234778964521122,0.6732891803793705,0.6059428610703098,0.5753103849299858,0.5866860492885826,0.4932425357397362,0.5027320426896444,0.4562265298649286,0.4701183149836588,0.5933198600778615,0.48927055736879277,0.5790703499876332,0.5436241189538765,0.4180998352272396,0.4855940427923162,0.4333007633061325,0.529594809106764,0.5059971084327625,0.4765187706652218,0.5348686949656092,0.058908934627302345,0.5411333056715508,0.4300669272247505,0.47929718437254,0.5857578971291671,0.6198832141988426
75,Ethan Read,Gold Coast,0.371937805253172,0.3746728890047852,0.4155681403710721,0.48057272975218557,0.4495867670134098,0.4084454623044472,0.3774914641068256,0.4594255507307394,0.40104286094672675,0.4038263997871471,0.37882350455395636,0.41615666433418413,0.4125265320421165,0.39711105549560116,0.34585458726435325,0.43184780180056864,0.36939909635409274,0.37355386407361374,0.4125383016730947,0.3958795628793373,0.44009580618466576,0.40426165012202525,0.4030432717532458,0.3687119448197175,0.4159270701483835,0.4556592188381645,0.37430787485743505,0.45650856183700317,0.42019154642625767,0.38592079384533035,0.26598255908799406,0.3981079504929924,0.4441792349972705,0.4700128379487616,0.4362528539707764,0.45940495328372044,0.35699582417402015,0.4311532673896502,0.43417682535542845,0.4005032596054297,0.3904865168696088,0.43814209846000024,0.3951956577221475,0.35714824644467613,0.4539349288755817,0.39672804633780445,0.3715939342364282,0.455175256507891,0.46617106508314243,0.45805767219631643,0.40960583535226597,0.04009259511657503,0.4063535562132362,0.3570270707395046,0.3732161077801414,0.45527640463491814,0.46478823464089974
63,Leonardo Lombard,Gold Coast,0.2872393121953707,0.3213513276060327,0.40888230074779974,0.32816152136435045,0.31690998104448775,0.3689992011751355,0.3284762430527937,0.3591837023550219,0.3727204489546031,0.4291454610570261,0.39459570011902184,0.32371209167417875,0.40383161045435156,0.29292162743931227,0.3062481173398177,0.3689468385801088,0.3703294264554942,0.377123528658747,0.32644047775723334,0.36396024012543227,0.34298011913166926,0.4549641333742629,0.28757702518373107,0.4031559637086924,0.3288543063995508,0.3547897182804164,0.39984098851839844,0.4083356310126554,0.3690852976429694,0.35470076035962633,0.3365014746780044,0.34956393811622916,0.35212776495506215,0.3190022803836098,0.3184704891917688,0.4234050866291506,0.2876639634497776,0.36510193106513267,0.33055274908634225,0.3088788465446479,0.4286460191387071,0.34594795248912136,0.38196130996125777,0.34052110481602194,0.2965029574750051,0.3588251156537392,0.4005947439385243,0.43296915677873016,0.39223584150294233,0.36069056650200093,0.3576725278824813,0.042231673164802135,0.3568074169670778,0.2887417845676322,0.31814434298898703,0.40329717387853514,0.4290430754637707
72,Lachie Weller,Gold Coast,0.3463048353350244,0.3211926589699579,0.2909816807073019,0.3373422796253038,0.3867727693792474,0.28831291704354867,0.27811657856459027,0.2824341206829181,0.2675780003740043,0.4043334585709698,0.2538088556583895,0.33620847024542844,0.3397794312707821,0.3264335105081987,0.2993016480270496,0.3843392037307074,0.3507236197110665,0.3085983379463516,0.3141974506634219,0.28314713518445145,0.28617128310563206,0.3203596397490731,0.3532542410934307,0.3046107977996116,0.3965254690762025,0.3132841109947965,0.32124358354096977,0.3093964497894303,0.3591364884029087,0.32745609959036703,0.3205996065929051,0.270328551608688,0.32557583521548983,0.38066515824122726,0.3927762301873093,0.279007547349001,0.32822918378276195,0.249326082001365,0.26007603510959615,0.31937498064062775,0.3780160118038207,0.37480374328144705,0.2760032072636441,0.3584097915716457,0.27966246460563016,0.31317390031950404,0.25994189600686846,0.34806468463092394,0.3256146120690986,0.2599473453313754,0.3198188398590813,0.04135925665606441,0.3204796231709891,0.2599430131183924,0.2776748839626925,0.36241094467252316,0.39154552072165655
502,Jed Walter,Gold Coast,0.2406302979106251,0.2199804770146352,0.25085272573727246,0.22017609976383803,0.1705934081101617,0.2055858986634837,0.27612831993339615,0.23089714880272952,0.19891983287310444,0.1675633458495381,0.201705457826988,0.215894056809935,0.19525213957981305,0.18353290337132414,0.2490428255320026,0.2001861160030537,0.22385007699583437,0.25202083724616353,0.22996777791683776,0.23103870162155457,0.23338150332872684,0.22566309135323223,0.20010773169964224,0.28849809267406135,0.22024098838527983,0.2042124545469643,0.24167320519074545,0.28463436843810735,0.23948458981778706,0.15246159693024888,0.28097253614241,0.23289375724619638,0.23234715942419357,0.1709229842003827,0.24387932925068104,0.2668828544412893,0.2517079140061753,0.17308606888806258,0.2309450877881556,0.2171859894065352,0.2177481110423827,0.21026238000879582,0.17502959787323769,0.1979002841952041,0.21431080949918735,0.275390743481882,0.21756271327980053,0.18178339493611514,0.2471594399922222,0.23878792282693445,0.22261870295713862,0.032226790055479924,0.2220455326905571,0.170660971208657,0.19280281921223888,0.25103146008547317,0.2799794718195622
65,Sam Clohesy,Gold Coast,0.19221449995589515,0.19416392944241354,0.27505304853076784,0.20840371814454822,0.23713491234106013,0.196040088770228,0.22368042329100332,0.24332336401546234,0.2158189177434279,0.20740730602832608,0.21327036221997292,0.17621274020606234,0.2546040662236297,0.1813363894174474,0.16639830358805538,0.2200020158815155,0.17466598334265968,0.21235357406937247,0.1985397865952524,0.22219376885331066,0.20077247698959558,0.2000256005673508,0.24806678564361087,0.24065873409651617,0.23481679015066875,0.20581395599666494,0.20900242852013806,0.2390084433635764,0.28862156071563644,0.18466888038555254,0.21538320887385343,0.21606119340597738,0.17090353033217992,0.10839586575188413,0.2751521463062512,0.32151912565960317,0.2685445521992783,0.2221715809725062,0.22057840576201623,0.13318434973251395,0.27256088474422324,0.18356025350532612,0.18336748935697833,0.26020516348834377,0.2409605943273876,0.21975083666570436,0.17929624425813243,0.20708403824827873,0.21272803602484336,0.2888836995441567,0.21729128108498322,0.03965380669593479,0.21432678554691317,0.16732187507060092,0.18294298946961637,0.2557746955519549,0.2858603307617124
71,Will Graham,Gold Coast,0.12361719043396956,0.146436038597809,0.13896568277881613,0.1598556324384691,0.14258642114214998,0.13757291398755203,0.07209257734642999,0.08414782022255611,0.08303914107305366,0.12510808295631018,0.11482355858742722,0.1297400744206294,0.18086316593864177,0.1465254519823996,0.1380369366708297,0.08854881899559397,0.09577878038128648,0.14455241269397942,0.15097395476552372,0.10641811535075317,0.15276756720279444,0.15936301482793058,0.12706150163765922,0.14437953667759001,0.10185998900145629,0.128951288371973,0.17451812729391267,0.13105416722174218,0.08399938326581677,0.15791798749699712,0.13929718795655632,0.09065651567922203,0.1253202077145856,0.10379216757723156,0.13168566518417785,0.06589667751239811,0.13720069987398073,0.11276075227406976,0.0895770095866918,0.15068768437150049,0.11829768266908029,0.131022566233897,0.13090283549552906,0.14527704149695408,0.11166127557181102,0.1025787033059351,0.10645029315827317,0.07145349465430198,0.12100545519428825,0.11062009918292304,0.1233539869691092,0.027202883662812545,0.12800639500481611,0.07433662291038784,0.09043089890588321,0.14739535855172167,0.1597546458283087
499,Lachlan Gulbin,Gold Coast,0.14636358632682622,0.09614366820575516,0.08840343754697107,0.1098447848902341,0.10261834152411917,0.05159027203043663,0.12879993847814294,0.11861744552745764,0.09247435130512989,0.07247949397840017,0.16075106319842977,0.10164820527438082,0.09391064201366167,0.0565214963900498,0.1158085413671447,0.13683648229832757,0.1215038423458688,0.06986301369863016,0.1363660199454267,0.07798344109318034,0.08462457023266276,0.11865934536297744,0.1085786601516112,0.12878483401804072,0.0914565348783628,0.17857866315042187,0.13009172787922932,0.07882635812041781,0.11322730949152315,0.10854733788942202,0.08920827168603405,0.09610539034742252,0.10328237448597424,0.11088629944741583,0.12033990439190136,0.12226021951954184,0.13794834010393475,0.09054510689443644,0.09622341356257053,0.09933871405234615,0.13281165327999464,0.08981533896810676,0.13238183599884054,0.10760020011077272,0.12638996909772207,0.09016844582184169,0.06145259601153233,0.08529501818428867,0.1317142909588273,0.10217784127579521,0.10691697265625084,0.02579058807099899,0.10544128729837349,0.06317673163738738,0.08515489456239886,0.13185380787219006,0.14463846085113344
549,Jamarra Ugle-Hagan,Gold Coast,0.15238902250008785,0.12431969669173853,0.14300175497949005,0.0562903920723826,0.07032827069114682,0.06585969500510862,0.13684972024089187,0.07099445676572855,0.11750939882040494,0.0535603635778711,0.12963535269490348,0.08827754457217354,0.09839556567483684,0.14094664484451727,0.09984152139461175,0.08001292078655288,0.16160590821753923,0.08982087125593695,0.10817359964961315,0.07338955496850236,0.08339768339768341,0.14379398633280663,0.09740259740259744,0.09281692111582318,0.07663844256283754,0.09903324999755211,0.12425272683611178,0.10349786530975563,0.1006773819458745,0.10557668936653702,0.09873048170920516,0.09559939301972688,0.13495731445330747,0.17162531363256206,0.08127738288725259,0.13894592573510844,0.1546231599523324,0.05486438286885462,0.0986685587879294,0.08798641583501314,0.10247781745885647,0.1156485927027109,0.14021544465531532,0.14225743463135454,0.12514198709427946,0.14603603668847753,0.08602931660727998,0.11381762895322552,0.11029368373428806,0.08601587512471641,0.10747003892406827,0.02952460860338292,0.10157759970236549,0.058252099173591435,0.07930765483779638,0.14122059990996624,0.15416516177462225
435,Charlie Ballard,Gold Coast,0.07105351593251805,0.04536082474226805,0.03224775715865799,0.08662979513100386,0.05820877960522799,0.03547963206307491,0.0855029270769251,0.03178564945673313,0.09069535161050143,0.04447870275208405,0.04198753208654199,0.0718046231738281,0.0325242938701688,0.11090811385991876,0.04078423679290431,0.06597997087813552,0.08752070469390695,0.07398642038235735,0.06452353562734729,0.040540690557638676,0.04526160129277157,0.05711947913446474,0.054226455466822365,0.0923300540464272,0.02946842347209823,0.052481678453531466,0.07657522952460388,0.09025413274117938,0.06047336229057709,0.09204671791113032,0.05605778681324344,0.080073881063205,0.07269545762199187,0.060169559722228816,0.07400093878741518,0.0935554350515681,0.03406663728723127,0.07357788410419991,0.08138547520622634,0.0318936877076412,0.0735539031160623,0.07098353658216267,0.027237354085603103,0.053612538733171435,0.07252917357187987,0.09497070540436216,0.053674121405750806,0.06445384599605009,0.07622989596799686,0.05172415891536983,0.06317372337857417,0.021102218507048024,0.0644886908116987,0.03180779729816929,0.03948292933227485,0.0868159952296506,0.09330423194551421
625,Beau Addinsall,Gold Coast,0.055688595710263994,0.0467275194086427,0.036638612615067144,0.09827809671933942,0.04943815130864483,0.04713622062502822,0.0551873589609439,0.04920558635188419,0.06948366297087913,0.04635202661560338,0.03391601229088427,0.07169547427611947,0.0804869054439374,0.10982385885810758,0.08817506535245838,0.0631181557497347,0.031050644897499084,0.05705835763639219,0.04218165520044684,0.08768487457874875,0.0667261069551628,0.06908773719357286,0.07901169691685132,0.07912515744875762,0.06358647913791116,0.05724746829563918,0.07410470505531647,0.04221021661402236,0.08691886283828947,0.055036249993389186,0.07666510430263193,0.06288419495243344,0.05566697770556528,0.07893299641664665,0.07465032383804913,0.05270460125079191,0.07114758493595426,0.06067302819372194,0.05514174383076864,0.09913360799984011,0.0447340250329381,0.11329420768324688,0.051902540023705646,0.05559432664874074,0.03763879542395694,0.08622479772608714,0.08486996316014289,0.08319398977781278,0.11251870773807195,0.10299545209872495,0.06705896969518738,0.021054407505935097,0.06335231744382293,0.03684365009088955,0.04664904141489748,0.08707895929204545,0.10842403547243411
410,Jake Rogers,Gold Coast,0.045082624175722244,0.032648125755743655,0.03814673712670518,0.017234818830000824,0.04169850737954229,0.07937374808783688,0.07364155894730487,0.038207379814886894,0.0407779215782294,0.0639228686002159,0.03284554076822596,0.04172408398927738,0.04248528019099437,0.07720376886945463,0.04686494351336594,0.07424292802657227,0.05548882939099328,0.019816453481446186,0.025683524693133685,0.05341997264021887,0.03733555475908491,0.04499586822538795,0.051185735138745095,0.08152345471432469,0.018894206864616823,0.06328523945726791,0.055599769406221015,0.054322501532801964,0.06647464449039928,0.03941221201998222,0.04449205029508233,0.06843205814750199,0.0656986313301941,0.055784113479235405,0.0791725174735215,0.04760639119819515,0.056319032929329924,0.09229859094247159,0.08019139455035125,0.018416206261510127,0.06063578456700812,0.031097583336389314,0.046052248064168896,0.04552532332471398,0.040441031571623244,0.07692258741926249,0.055875541224846635,0.0669783711850302,0.03330251246230742,0.06250658767181953,0.05162574719806532,0.018461269974590338,0.049396063168470124,0.019083267421066842,0.0332070053782444,0.07376724508487176,0.0800237770255358
577,Nick Holman,Gold Coast,0.02347127850047807,0.038387218137564114,0.018865547662598736,0.030773483566905274,0.05444596438462505,0.0251743592946516,0.11166022486777208,0.03356804497813938,0.08193758234519107,0.042978653643063296,0.03859419175489443,0.08257824644921423,0.045302013422818796,0.09937473704482853,0.037177989550472454,0.059988289235619385,0.02577319587628867,0.06364089485532953,0.06115098135718823,0.019789934868073625,0.048562189781136356,0.09778333687154372,0.057208900667450206,0.053689414442755476,0.04582413968669211,0.030819046393686954,0.06351013499428085,0.018962523798719558,0.029702970297029712,0.043336308958998926,0.03443870882991231,0.07131038265148659,0.07326278144707701,0.03896789744385829,0.08294141119427284,0.02535925612848691,0.04037645874769359,0.06307240027992538,0.04873989278582913,0.06918835596134465,0.034311825178038144,0.0391254043588109,0.044935669915491444,0.050863884669928104,0.047278449423247555,0.03383344837435357,0.05675738752717355,0.05555112235211108,0.03960389528399167,0.03900359961253949,0.04945908059707166,0.021501849532969207,0.04511884166915512,0.020544610312716538,0.03054974629350128,0.06963185953958431,0.09474074210770311
79,Oscar Adams,Gold Coast,0.017584692637575308,0.05309938288661693,0.049444876606363986,0.03601177653310356,0.02141156071464005,0.003325942350332594,0.013658511300020743,0.02902231628977758,0.01063675213675214,0.029010123869011528,0.021512208831357776,0.017035961848943265,0.015560252024578461,0.036901675115715245,0.025629979494964542,0.054598549780157234,0.04127060118623014,0.008219178082191782,0.037670509406548314,0.027799227799227805,0.041133225397448736,0.04183446999985711,0.013924360158669782,0.008230452674897122,0.021486350703524906,0.03924970860857422,0.03852327447833066,0.01904646064703729,0.035576353024222976,0.009716599190283405,0.033657676054709054,0.02709076457179644,0.02833041026910124,0.03466134472153675,0.021931087627368347,0.028658460210337234,0.022845271717254256,0.007811481257843665,0.02731980669555427,0.02531902642103679,0.03891179175796252,0.06789928997090021,0.020764306569027623,0.01628369431040287,0.05113184775249479,0.02776004665708422,0.04688787927545872,0.0,0.02751073537000371,0.0346317128371321,0.0281506393564792,0.014338986579311094,0.027635391013543967,0.00789505910683503,0.013868797747212133,0.04116193693730405,0.052696038184121885
569,Ben Jepson,Gold Coast,0.0,0.004140786749482402,0.014988639727507237,0.0,0.017266569539207834,0.007518294204871765,0.011417735878989064,0.004132231404958679,0.00850460666194189,0.01225323349217155,0.01657831242573304,0.0,0.0,0.0032733224222585926,0.00814663951120163,0.011542567180804158,0.00476568705321684,0.0,0.008689820473753138,0.014163338733376028,0.008075370121130554,0.0,0.008963213823815683,0.004065040650406505,0.0035335689045936365,0.0033185840707964593,0.0,0.012137714923832175,0.004013377926421405,0.00771704180064309,0.009023351585121183,0.0,0.0,0.011429345931921155,0.014936129606267026,0.004132231404958679,0.0,0.012402664804831365,0.0,0.008255563202147825,0.005097706032285474,0.012113055181695831,0.01218686526743399,0.0076569012382965845,0.0,0.0,0.00813749006484743,0.003863490019317451,0.012517385257301818,0.011458191860201911,0.006648321382754823,0.005291653874385179,0.007587597721584175,0.0,0.0,0.01220073622640414,0.014977875152652993
605,Jai Murray,Gold Coast,0.019586507072905338,0.0,0.0063091482649842295,0.004434589800443461,0.0,0.008253094910591471,0.02276407802723594,0.01124176618335131,0.0043668122270742364,0.0,0.009701606254664237,0.015205489725513732,0.013201320132013207,0.006535947712418302,0.004073319755600815,0.011422459893048133,0.013057671381936892,0.012282497441146373,0.0063965884861407266,0.006204756980351606,0.013057671381936892,0.019672131147540982,0.011783988957902003,0.017001125281320334,0.00444115470022206,0.027873802533812872,0.006012024048096194,0.0052677787532923615,0.02513089005235603,0.011495723108186992,0.010825982357658383,0.0,0.0,0.006888633754305397,0.05551354667503677,0.0,0.0,0.008779301761634103,0.0043604651162790714,0.0,0.0,0.008075370121130554,0.0,0.006302521008403365,0.02114726554596716,0.006543075245365322,0.0,0.0,0.0,0.01780403970184993,0.009260282910034334,0.009940125005458583,0.006539511478891811,0.0,0.0,0.017168934395211017,0.024645693587206398
637,Dylan Patterson,Gold Coast,0.008553100498930865,0.004140786749482402,0.0,0.0,0.0,0.0,0.0,0.0,0.0,0.004084411164057183,0.00413793103448276,0.0,0.0027675276752767526,0.0,0.004073319755600815,0.004444444444444446,0.004132231404958679,0.00404585300067431,0.0,0.004294917680744453,0.004037685060565277,0.0,0.011992005329780148,0.0,0.004189944134078214,0.003994673768308922,0.0,0.0,0.0,0.0,0.0,0.0,0.004029550033579584,0.003949967083607638,0.00407055630936228,0.004132231404958679,0.00833912439193885,0.004237288135593221,0.004112405757368061,0.00391389432485323,0.011857707509881427,0.0,0.008124576844955994,0.0,0.0,0.0,0.0,0.0,0.0041724617524339395,0.00810810810810811,0.002758734067160524,0.0032200582030005413,0.003340711000064991,0.0,0.0,0.004249332710529828,0.0085092353969975
74,Jy Farrar,Gold Coast,0.0037151702786377707,0.0,0.004051316677920325,0.0,0.0,0.0038046924540266324,0.0037831021437578828,0.0,0.0,0.0,0.0,0.0,0.0,0.0035949670461354094,0.0,0.007782101167315178,0.0,0.0,0.0,0.0,0.0,0.0037712130735386563,0.0037854889589905368,0.007545956129301446,0.0,0.007697241821680565,0.0,0.0,0.0,0.0,0.007682458386683739,0.00376647834274953,0.0,0.003831417624521073,0.003640776699029125,0.0,0.0,0.0,0.0,0.0,0.0,0.003929273084479372,0.0037313432835820895,0.0,0.0,0.0,0.003680981595092025,0.0037105751391465673,0.0037688442211055283,0.0,0.0017454679625538692,0.0024616319532033254,0.0,0.0,0.0,0.0037895024894530806,0.007654475423920368
651,Caleb Lewis,Gold Coast,0.0,0.004135079255685735,0.0,0.0,0.0,0.0,0.0,0.0,0.0,0.004332129963898918,0.0,0.004424778761061949,0.0,0.0,0.0,0.0,0.0,0.0,0.0,0.0,0.0,0.0,0.0,0.0,0.0,0.0,0.0,0.0,0.0,0.0,0.0,0.0,0.0,0.0,0.004341534008683068,0.0,0.0,0.0,0.0,0.0,0.0,0.0,0.0,0.0,0.0,0.0,0.0,0.0,0.0,0.0,0.00034467043978659336,0.0011810919325592937,0.0,0.0,0.0,0.0,0.004291734568715214
93,Clayton Oliver,Greater Western Sydney,12.796969965615977,13.26093538476659,13.375315041707774,13.144547837610459,12.97301994294331,12.726431249691661,13.178967099982897,13.43200601433109,13.425315693428798,12.935870593590439,13.432267389964517,13.386725829566114,12.929313828461227,13.20332222271383,13.146962115486216,12.831372500862539,13.404772873505461,12.988130925059355,12.946065753250602,12.985743793241257,12.957307560223848,13.10242435557746,12.800045099704699,13.310186894726856,13.085274687734039,12.741857772002936,12.929539225803294,13.279403076851374,12.801709537294217,13.040226186895113,13.30062085505894,13.499741787968388,12.883604619390658,13.243531064287758,13.469566403973321,12.929346991391636,12.786546313914918,13.02127113111447,12.83498837918855,12.996133278040594,12.756610555418389,13.20759129082432,12.9241091428449,12.956625782933173,13.070070092127754,12.988460725200945,13.493264430915122,13.43281973190436,12.99726973422823,12.618474706366747,13.079253549393743,0.23842361624935135,13.00927043267135,12.744882092603104,12.82517294147676,13.390497661749437,13.462033336199184
94,Finn Callaghan,Greater Western Sydney,8.56132711496507,8.613805948369748,8.306353033061095,8.78121712069263,8.306005402656078,8.109349894307636,8.502603689929204,8.255404232495007,8.175474777081227,8.25614234067438,8.440039864868801,8.293039662293838,8.647637284927265,8.096682873304117,8.112296030204774,8.295099661797419,8.252738184596534,8.22716032690298,8.202178024291984,8.255597411021288,8.410678404982136,8.65132487666358,8.558626824186229,8.365182970564053,8.283086341119674,8.46202639911657,8.515403538348957,7.891351512462579,8.46110298656053,8.27173619613373,8.461054928842099,8.581942577639255,8.587776536735232,8.037403751314356,8.46677364850205,8.54276711922941,8.439559156812724,8.346840584522907,8.215314932543738,8.418457350460065,8.51010898465263,8.367035340871833,7.819140732313802,8.28499703321091,8.501606069383412,8.538923982507887,8.156034901177529,8.715983332943605,8.333146230629179,8.417227607296384,8.366055354603363,0.2000001055540539,8.366109155717943,8.049555971322256,8.196597045624936,8.559191184959007,8.650568920357635
98,Toby Greene,Greater Western Sydney,7.925775167011666,8.02616956419194,7.701314216129088,7.605888038101849,7.917106226637993,7.698685388735241,8.111017466543768,7.556878216906317,7.774595976485269,7.889155147514044,7.853615329027333,7.626270569490839,7.687391469690554,7.489459369745854,7.512575178453084,7.731949234046196,7.424013030981855,7.7589505156689675,7.678305346038624,7.750925621117856,7.662074505795134,7.57254704494858,7.772967487104235,7.647239158532647,7.885854327368497,7.629527646054951,7.18382034391904,7.98272433450705,7.900630513717614,7.834841334701872,7.945458289308621,7.987881209895163,7.796646014825907,7.7742135664784,7.663978138467025,7.673929336336504,7.966483458625281,7.790261314926617,7.630668450874596,8.171440923903305,7.896795658291242,7.3958800379605405,7.578326221171442,7.788790001663374,7.797079048189796,7.950118905530355,7.825309170798861,7.760483397752132,7.423857466267432,7.741526127257768,7.747027890153846,0.19088557021734318,7.75971695671055,7.423889357033889,7.577118373340864,7.929888939571729,8.0183204515611
104,Lachie Ash,Greater Western Sydney,7.01441081353302,7.112526865474852,6.851175504649327,7.407368158078075,7.064476920453916,7.2710798270890145,7.098425968616436,7.43439821046247,7.235348099148631,6.936355813071084,7.1101350860142745,6.99754310026774,7.199921735610318,7.1827616397351814,7.315340272150078,7.189738824348468,7.157822925788525,6.940408405675991,7.24258831901857,7.268362797706314,7.3096280201647925,6.984913658778925,7.495640221939071,7.39142960599852,7.171665831269979,6.88109229913003,7.091382820288831,7.239485996889385,7.272527185985116,7.233625164492391,7.115627946969733,7.4057723348464455,7.310957880451043,7.034268156531001,7.109900436991758,7.0570426360673615,7.17481532428429,7.4257727478643405,7.426913101190174,7.114616584866206,7.13719382968627,7.08457659795218,7.445739495102217,7.791759688422228,7.031575050616759,7.243489125254854,7.0757191877969685,7.003829071282676,7.037772459755379,7.2393204213052,7.187364843381328,0.1789596979593315,7.173240577777134,6.93718659455509,7.027987725066257,7.394427236327736,7.443414531751069
95,Lachie Whitfield,Greater Western Sydney,6.092016441177271,5.529211098115193,5.953049186822313,5.931243722239561,5.912995825986562,5.8855140503825885,5.961610963609404,6.030901184834668,5.798070706885822,5.681202783745063,6.1546349669854585,5.95206458977647,5.637871872318461,6.083182665308077,6.057253980627263,5.925230786460186,6.0222994878831475,5.898652873276254,6.067392575035683,5.917864142283821,5.914029984600395,6.070103138405883,5.676436402731998,5.959663752114543,5.890034871958786,6.34947013325306,5.925052662275363,5.868205772078997,5.813828484949747,5.6630420945976105,5.890163921221931,5.963593599182291,5.900347256598406,5.936021885787616,5.8587141592350775,6.295827980601165,6.156733753736462,5.746090280142101,6.07815440024779,5.976610336265852,6.470518294578781,6.117727244229391,5.977187667335339,5.656632202136175,6.030254322660669,6.031889172470175,5.876059994186259,6.017497022820189,5.895330792973625,6.219850885550267,5.954346727453584,0.1794951297272944,5.944043237782044,5.657946230090769,5.810535109334387,6.085028924464739,6.2802526761157305
92,Jake Stringer,Greater Western Sydney,4.357428272833004,4.240056804669323,4.410564159537904,4.5445353628632255,4.560855218913549,4.499310205774241,4.425644813674335,4.377575962764893,4.4045268496993755,4.500951102070477,4.4071040533235735,4.563878467646209,4.515016258708788,4.678662038152533,4.350020513529668,4.3921847950825175,4.740776687790167,4.434665014093588,4.316215178097362,4.564949691439295,4.327972984609074,4.366511947343523,4.430034589695324,4.5545919443966545,4.189042893535723,4.524731640154796,4.528852692456595,4.271873397286151,4.3805894115598,4.344334737214398,4.392106619845666,4.263363529432154,4.527980710494754,4.558129062240153,4.2624233581162665,4.312766363636234,4.485770182474215,4.080354801063898,4.348147406820345,4.265972725733622,4.578783662156787,4.623574150583565,4.467338709651636,4.417790352202619,4.383367549586033,4.287232091150224,4.551067211273021,4.385972053287676,4.399903004126018,4.561209223185076,4.4271342091195205,0.12966971427651974,4.408834106430739,4.244641948125946,4.307429700686658,4.558698828984893,4.614392100456075
96,Stephen Coniglio,Greater Western Sydney,2.271506143088276,2.2696248643119286,2.166455924051966,2.2376982460382937,2.0960185836461434,2.0370821514150177,2.169532814775509,1.9712491711697335,2.2468495183998454,2.1305998877927803,2.3048327119037957,2.145100637431327,2.1764639878857066,2.269300884644932,2.2307183833254993,2.261854974984642,2.0373699582838802,2.3890001341826155,2.1435141163270064,2.3124422049662625,2.2907469446360347,2.5366044157210026,2.1515220294055646,2.199732395431893,2.24533580020297,2.2958701375376287,2.1098774297429173,2.344189627868236,2.1541958074340535,2.2621820902327836,2.124161778093416,1.9727640556948103,2.2132278812619726,2.072973797597267,2.2610364649714443,2.104388502931666,2.30390211482936,2.2106112541374063,2.1587063093317296,2.1829733219471152,2.2454489936159714,2.2445244856216657,2.29896522256813,2.011676319514326,2.25068465565225,2.1481443928817696,2.2262417219939508,2.2446904410085278,2.1527024736409297,2.1898991728601476,2.201503906739842,0.10509658335525378,2.2119195676996894,2.016884515053968,2.1087302440393656,2.2918176919524678,2.3376814061733313
102,Kieren Briggs,Greater Western Sydney,1.814137471347526,1.8116088122715492,1.7529415722453714,2.0058952511542314,1.9784919734071305,2.0214267566777537,1.9448275611625112,2.0177869198608405,1.8363097640598118,1.9185843059360266,2.0485967851706284,1.9574077767973015,2.1196285088855604,1.8708161221585835,1.7905308110406333,2.15435165333479,1.9414139896826734,2.1530649975430562,2.0558269522988297,2.0082190505893265,1.948676736333028,1.9342125822261782,2.111747512771621,2.041267324359446,2.1403185723724723,2.094043554753403,2.1448097282301735,1.9796483188324452,2.156627526742739,2.1205570847174964,1.8221315725336462,1.7525568893767718,1.97261252928185,1.9316880019500366,1.917536032329438,1.7716811428851058,1.8490532814820462,2.009480650736688,2.0341356322455195,1.910513381460262,2.005725320774475,1.853751637275672,1.8330981603335639,2.1012931506816446,1.8535635782644158,1.9098805643910863,2.0152490887101986,1.9175196098121459,2.115481006958577,2.1258260810979306,1.9715310657908842,0.11831423974160636,1.97555225134449,1.775545324856989,1.835638538881026,2.1163478348613167,2.151372667333915
525,Brent Daniels,Greater Western Sydney,1.6065454667882682,1.7029616866123405,1.8831424943429815,1.6235221889332814,1.5578917613524839,1.6938545810892618,1.691994543148465,1.886122811838919,1.8785021375186735,1.7822610423767993,1.776527833583516,1.6890256041654814,1.6940627465893328,1.5910068337608247,1.7157115068591606,1.731152290390316,1.516690825554267,1.5836983315384083,1.7554575629733837,1.7914819962372408,1.5823106113678556,1.766133188924116,1.7314106515114402,1.7133770661177754,1.7755180072419041,1.6418084577563175,1.6667422524846314,1.5486339649045506,1.662152090408442,1.5738930671306346,1.7037539467442506,1.6282173746951165,1.486021965709378,1.7929721531841685,1.6793981118348262,1.654219177100357,1.6903007954669151,1.598600967727375,1.6254609819543797,1.8069329613194132,1.6548386203342735,1.8087899537411818,1.7551997953534744,1.8093243298291946,1.7816213433537156,1.7739331993840302,1.9099674506622064,1.7302003212607895,1.7420141256599344,1.61299061443015,1.7011670358649238,0.09835037470325761,1.6985122166008366,1.550531813176377,1.597013793728366,1.7917934390391488,1.8821912211939984
132,Connor Idun,Greater Western Sydney,1.3083805969554523,1.408984426324018,1.40359108210725,1.334337067192341,1.3392384336494754,1.3172037147912465,1.289509109370757,1.2038688932965251,1.3098037007117367,1.337166847375463,1.4748651767450975,1.3333125389340128,1.1983866031436743,1.4260780444972891,1.4966485179484457,1.5182236768894533,1.2606675457860057,1.471976342701917,1.3810852466843386,1.4015571822159694,1.3720857966248443,1.1856956199773292,1.209651459994714,1.147515907126146,1.388629073829292,1.3847943037151804,1.3955974797145643,1.3133715035884401,1.370985963835702,1.3418502914268182,1.2736881243988227,1.318867550720848,1.1651274968258396,1.393685850628286,1.273163615279616,1.3147658949071284,1.3548197710698315,1.3588061068549728,1.3569449467672208,1.3306218152393785,1.1888616071259883,1.2945476995243896,1.2401575852602058,1.3026560205800632,1.4477282397963211,1.4199932653158835,1.3001063989003878,1.285951704297634,1.3691937133879293,1.3735599237469132,1.333766189555623,0.08508604222083883,1.335751957283902,1.1863446473428043,1.2563809640361134,1.4047182910485545,1.4742729657662454
128,Phoenix Gothard,Greater Western Sydney,1.21082265395902,1.3893158993381176,1.2294369264419405,1.24021669034637,1.3366570926940535,1.3054490970139876,1.1960449327485612,1.1290391291757835,1.11264807665427,1.2876944968403994,1.1166916466796142,1.125865084018786,1.2148416487275642,1.1915442354738612,1.3915144961903925,1.3964506030807688,1.245659311841643,1.2854215737766141,1.2123583505389297,1.175974028309558,1.1994860093304955,1.1941307062793085,1.1765963901675653,1.3176942429190888,1.2161916893025373,1.3482870436485943,1.3284150184222587,1.2389743339319628,1.2655715914094752,1.332938169462887,1.1781153026743074,1.2773347655138152,1.1138574283981153,1.2987110516756775,1.1990667078280186,1.195461159417007,1.2732247475687555,1.2289711728144654,1.4461232335714238,1.0896125078185415,1.2507147951130575,1.3824951294655705,1.2894314976154724,1.367329291462336,1.1897707662764359,1.2171527017841064,1.1279039158228594,1.206147924386477,1.1867057319140324,1.1708207602073384,1.2420176352010446,0.08526744609782615,1.223061937299286,1.1144384431458225,1.1748969952761943,1.3337154244182008,1.391063783835676
103,Harvey Thomas,Greater Western Sydney,1.1466454068369578,1.0356690720566524,1.3276286156062287,1.1298779260093192,1.2900469071921135,1.2495210394168794,1.145635417760176,1.1736588154984184,0.9945068121027237,1.3074411759663669,1.203418312271854,1.0916881495445534,1.1093375541294792,1.1519708930132355,1.3246816972452498,1.5077537760331656,1.1751524692667235,1.243105953795231,1.264604530489808,1.2983943321571167,1.1387667028273054,1.203487968061057,1.2109777436027307,1.1176179526436218,1.0248997778212636,1.2323208017912481,1.206184819554651,1.3855287354899306,1.0729262265466994,1.147837524812572,1.2974739070896355,1.0863279953780496,1.2189746118663243,1.1920037985326881,1.2036959730179517,1.1023204029931628,1.2158429882770827,1.2424648349781284,1.189797404753177,1.0236550994318165,1.0771150546538912,1.0401088493506625,1.093458150819953,1.2105503136489442,1.189532085980094,1.196084418118493,1.1703843817758977,1.1414703508706934,1.281701688808679,0.9738545769136961,1.1811620799360472,0.10359708716753563,1.1896647453666356,1.0239102585016533,1.0844024907667005,1.2834458394508168,1.327024497342228
523,Nicholas Madden,Greater Western Sydney,0.8408929746208557,0.8406854844371296,0.8479579641812626,0.8688742548205738,0.8809859423473961,0.8837718524388678,0.9140020956765553,0.9624089542826394,0.9048182716206271,0.8781760178742141,0.8537729307399645,0.8826294659939047,0.8109736215392128,0.9080561806275531,0.8350389113130606,0.8456487708668629,0.9003530574996482,0.8208427583551244,0.9058941871188029,0.8461157081071948,0.8844578093362765,0.8864101903654265,0.7434409139707103,0.7679843528354682,0.8024662251598046,0.8582015396430461,0.9055860834225962,0.8567928277726673,0.8470959979724721,0.8768361505222556,0.8340925747139284,0.8670576221609733,0.8993319388645025,0.9575454351889623,0.8222736381298441,0.9529518101042371,0.9566902691111818,0.9020024300784256,0.9088101892206294,0.860462641819192,0.8403474046201984,0.8367783407223098,0.8890285839886063,0.7597857573691236,0.9148742619484094,0.8344911517671411,0.8239450049275194,0.8134276229418127,0.8620895036218623,0.9255360780586862,0.8664538750963944,0.048437844250499615,0.8645735628914177,0.7750531366619572,0.8235956892668053,0.9082137684235061,0.9559238850147581
524,Aaron Cadman,Greater Western Sydney,0.9555837872982355,0.791514020971137,0.8499803615310441,0.8261068144453596,0.7500545800846803,0.8409289905533114,0.9050455007143432,0.8447152846590287,0.9026500973859586,0.8970218830644986,0.8087963755004319,0.835186395386859,0.8134698163891555,0.8607358005352373,0.9541708656956686,0.7927707183301173,0.8979056963577824,0.778380791581828,0.835359272026466,0.7903300070606778,0.852472991817137,0.9619345631474508,0.640366945925889,0.9241597936806573,0.9106345165709127,0.7318532441226636,0.8855885930949206,0.8689556062995918,0.8935873803414406,0.8411346629851049,0.8864106583661059,0.8497530115633636,0.7677854076279587,0.7551988043189928,0.7669021781608211,0.7914643597484486,0.8715973289678688,0.7966401043013548,0.7753526881896249,0.9457809271991611,0.7952658799545694,0.8148795069321971,0.8192417767165662,0.7635043053675225,0.6438726577145956,0.9025876147399277,0.7975448398170829,0.8340670538295551,0.9517879849197447,0.7840345625177219,0.8351013401702155,0.07216182164616268,0.8352728337066625,0.735584517994877,0.7737711265522367,0.903150736681591,0.9536823751366041
526,Toby Bedford,Greater Western Sydney,0.6623042677293036,0.7051285720531878,0.64869487764078,0.5898082940203918,0.6416256716119174,0.6848798437486205,0.6806690171502678,0.5592361754770204,0.6257906067711627,0.6370671935952499,0.6594512695260262,0.7124393542548323,0.7982315302262251,0.7116769566329662,0.6670644002312591,0.5555085632945013,0.711999685209805,0.7164966832159438,0.7290249952643417,0.6816372166945869,0.6659559300741795,0.6348120363400398,0.5940070194075995,0.6621577069678818,0.7411846222464369,0.6763563831844969,0.8226795377305125,0.726560862326145,0.6648688398981336,0.6824114097148463,0.6180283613167443,0.634292091911315,0.8050418610083233,0.6678060730507068,0.7637196045801947,0.7227244660617411,0.6283151076937522,0.8014560787211382,0.6205857536355591,0.70908278907713,0.6272660620236366,0.635317843298856,0.580266903356056,0.5856920980145603,0.6540894129802441,0.732019385118098,0.7343403983112411,0.7198411780359831,0.7000806658736598,0.6467017166870095,0.6767279474598922,0.06212801063921402,0.667435236640983,0.5813790682610495,0.6247027924658216,0.7296508227437768,0.800795046279681
111,Callum Brown,Greater Western Sydney,0.7222612644886426,0.5359527299291409,0.5690245467258189,0.6017281224050715,0.6712381319584052,0.6805223079147664,0.5950445573907431,0.6700281211944011,0.6859803406927912,0.7722459753434638,0.5944858617556138,0.5820226860280309,0.6894520152874022,0.6535864180973305,0.7327157981489476,0.6042287177759451,0.5157138969923124,0.5915055780644984,0.7044166942166201,0.657515137084351,0.7529503593235567,0.5394038345552442,0.4921044845665401,0.5950433145992556,0.6522775521122183,0.6598000869156189,0.7226744239007661,0.6975356494718311,0.6671735152801697,0.5584334751040932,0.612509065545241,0.6542040960067181,0.663633251601263,0.6375020565393958,0.635484301049768,0.5494811830002282,0.5213012931098726,0.5567072475945047,0.7522799190140739,0.5863956190492178,0.6401729419418061,0.7127706712377686,0.6445356394367607,0.7041316381721102,0.5497585585763491,0.6651301563212378,0.6422828074239302,0.6432397265040155,0.5798410838017907,0.6128487957740449,0.6346255129804738,0.06725814643051395,0.6427612669639728,0.5243048376578227,0.5580726935545892,0.7041912148854128,0.7482692742367228
97,Jake Riccardi,Greater Western Sydney,0.5712598147286478,0.5960297225366986,0.5006065097326755,0.5645377057557486,0.5734589180506267,0.6294695683480045,0.5422124511559483,0.5325459188078819,0.5321896255239346,0.5010896560839757,0.539592528239094,0.5136706141274852,0.562037965538512,0.5848787925336963,0.5709799033618308,0.5987510360086203,0.519585712981152,0.5633373778176222,0.5197288015883698,0.6051781259349014,0.6007721627213674,0.48842364829991514,0.6002020590894306,0.5787388117667527,0.47933622875570614,0.5289363072876148,0.4864072324298104,0.5067615320015428,0.47712943890706727,0.5311994310454348,0.5284080786107134,0.5942844853483595,0.42958293503152456,0.6288751272174528,0.519600647977784,0.5003284611399008,0.5147643166625103,0.6053479605256168,0.5596748981734156,0.6345633426820416,0.525165031748365,0.5703092036490578,0.6074043426971794,0.5261019811675861,0.5685606386604387,0.5317788592839803,0.5382662998234736,0.5539841135783943,0.5738295499993668,0.5420002677720398,0.5490375628581854,0.044484199880505025,0.5421063594639941,0.48078578450889753,0.5055761099347713,0.5990542998325097,0.6244736163907966
99,Joe Fonti,Greater Western Sydney,0.46108755743101804,0.5308542213263545,0.4324906552076314,0.3860786159792871,0.4438114961416419,0.4854895770225493,0.5592623842299178,0.5245371736548616,0.5221717304902433,0.5073126179034353,0.39182244338234185,0.44500795844527435,0.46723193082912085,0.47352575483357084,0.5856911156674518,0.4834012890032988,0.6103381817779938,0.5121271108825193,0.48493521503570547,0.47656192186610535,0.44193915803728484,0.4330286177236218,0.3856795412637356,0.4165556248083204,0.523202214021474,0.44377965669019065,0.5019797293256594,0.4864077640864622,0.4839272287428484,0.46125114605518863,0.4494289352088153,0.4856276169920063,0.41721467150515623,0.46027080779199425,0.5003300717887558,0.44865067781348145,0.610295603762235,0.4116557665315256,0.47654208072354914,0.41298997327026254,0.4020203575901463,0.48029884727180466,0.3835654475690105,0.4370088781390158,0.5234396349364376,0.5045763713836767,0.48878159793449266,0.47119384608860937,0.5478861023663906,0.4894771507431746,0.475254881425513,0.05374397819406212,0.4765520012948272,0.38725610059691334,0.41707693074551755,0.5232518349927014,0.5802732257227572
122,Ryan Angwin,Greater Western Sydney,0.34111692330403803,0.376030451623826,0.42669148888300357,0.5064725171965639,0.4141743034739336,0.35291302066079777,0.36569615078060347,0.3345649720687651,0.342996628047455,0.37609536891642775,0.38392207600367867,0.32868333371803454,0.4381836805545612,0.3839004515868965,0.3707854310841923,0.5198070591056362,0.4069916842768828,0.44224219467594433,0.4414025900468606,0.43411616782172685,0.33530758367185,0.32062351301554753,0.46664231115994964,0.33635225846518074,0.34862380799946635,0.33388510780025515,0.4197768104117085,0.4074962252608888,0.47789916910718805,0.38717027571893287,0.44161965102842504,0.46870183649725333,0.35481583683122603,0.3319566282670076,0.4238482104312095,0.3972817736128487,0.4232075662755157,0.4708488559884932,0.3746397284966821,0.3166955067231037,0.430195336861809,0.46885052848172615,0.3512864481312217,0.42530311991369074,0.4091662161692806,0.4058716130363111,0.4137314793406719,0.4440522706961161,0.47874640584791744,0.37669886502818717,0.4005616286819899,0.05188667851812245,0.406431648656597,0.32935435910057403,0.34012110835271686,0.4487735891530572,0.4785727223160679
117,Max Gruzewski,Greater Western Sydney,0.36063046500516527,0.37647809892122863,0.3629878445364769,0.42529617050157054,0.3361862688830559,0.35089579747793775,0.3272425203015957,0.3006775874031232,0.37778226977540674,0.3763642179643015,0.3302402943220537,0.40981482462540886,0.3958675587595413,0.3391786184266963,0.37117756127376916,0.47499315080502424,0.45063522898314917,0.4044233856513868,0.39052890562273,0.32702316482157273,0.39420977024532433,0.3891056298117353,0.31676694241810144,0.35650389752988865,0.34743751643375304,0.4407629090496815,0.4367809919731185,0.3142103761904929,0.36741409599464003,0.35135030505898607,0.3572013756646706,0.3265069028094096,0.3877025654721088,0.32150898648824083,0.3507054917059958,0.47111752406304824,0.44133793138504135,0.4522275358150195,0.47297278742739857,0.44391206940295747,0.3848259062743569,0.37139263100241315,0.40265638080377997,0.35296905633824616,0.28875573680430633,0.36598742403832546,0.38661032625754443,0.4389247698661366,0.3442446794353239,0.44477010808328454,0.38018593115809046,0.047846984667937485,0.3738784244833573,0.3147344722671527,0.32961375955177796,0.4408830887177717,0.46724507647220226
600,Sam Taylor,Greater Western Sydney,0.28747989526493783,0.34979285505758373,0.33627378183608625,0.36162259859602824,0.35739713344167773,0.33683674055328544,0.32293979693216185,0.30089678479679216,0.33373936746196614,0.37206326383914573,0.2830629910766361,0.259363710203366,0.3570303547012885,0.3339447690430003,0.36859955881271084,0.35575880877163624,0.4198304521150494,0.3804906288076887,0.4333390165106145,0.40870715379509015,0.4246624276205623,0.3905188164900309,0.43329476336628947,0.3960241865329288,0.3065361234034017,0.3375327306624662,0.318711282207026,0.3893535032604159,0.3831588758335213,0.33606651859161973,0.39103047027143595,0.35250659989126304,0.389996117740497,0.29428710865775576,0.3662808854052792,0.4852650054826994,0.36805349413045396,0.38537351684805016,0.4303084634920811,0.44555657472586313,0.28605299117615646,0.38016745657162065,0.35475332067303705,0.37734978936668784,0.41854914567872104,0.3111439302301158,0.36891468946705464,0.3498811698128089,0.4342917518510576,0.34428526321659203,0.3641815326854847,0.047724585559833506,0.3639517420006537,0.28634550651435664,0.31712970564385173,0.4188169387239137,0.4340964411062668
114,Harry Himmelberg,Greater Western Sydney,0.3370253055774282,0.38843721905064044,0.4689000732723818,0.394064244004463,0.32790372331276246,0.4073276989922117,0.354340600249425,0.3867886748208503,0.38378303845518624,0.3229367674548433,0.3049265453158131,0.36306749583252734,0.28991823535830546,0.3824150250404358,0.369339539906588,0.34847869896091266,0.3253207257858845,0.36983640452390915,0.341492126891129,0.35137633972338067,0.3886928601020246,0.3147543681835734,0.28586682131545565,0.37367237449084106,0.33286622347254685,0.30797364992030724,0.4152588331530553,0.38678481412583793,0.24350307141295324,0.36606064173056974,0.3082665219949287,0.307150862120296,0.39246153613298285,0.36453870707195285,0.42762276687047845,0.33304336386399097,0.3958636563123891,0.3253319004356461,0.3060302810936535,0.3768789301843721,0.36274449065774445,0.34530365061859364,0.4392552456375082,0.3837273527013939,0.3148019344308181,0.37947288183550065,0.3429699541678796,0.35266627560264074,0.3835844065152295,0.4715401532520012,0.35892734023872486,0.04526244589417542,0.3629059932451359,0.29299493889959455,0.31339840833014665,0.39279650207812217,0.436870587490267
118,Jayden Laverde,Greater Western Sydney,0.2855585827007039,0.34004690044320995,0.36914161400690026,0.3336506628784319,0.3821826068851346,0.38751476347875174,0.2692065044333702,0.17097974144984096,0.36564994559045544,0.4014077383526336,0.30360657697587395,0.48589891300576843,0.24334783105573018,0.32576568794191807,0.28573291692437053,0.3534567939582456,0.2914574708657109,0.29917690869062297,0.31176374481058405,0.33142858071774656,0.3371552595741601,0.35809979475073395,0.4235285992827201,0.31409024198744406,0.3631813255276323,0.34130135917060533,0.41813859706244394,0.2858500528936211,0.42797075223311015,0.3224172610998216,0.23127191930703386,0.30960605893242976,0.4190450167884599,0.35573232735001475,0.4100187786486351,0.24860031225218693,0.31773681577635854,0.3421173588648173,0.25608801762814537,0.37085361732757277,0.3449954506211764,0.34142470961449384,0.3835299326074616,0.33622964588796506,0.2709271838957156,0.2800349371257099,0.45896407039983034,0.33757104294054857,0.3380225094411711,0.29371564874015244,0.33550386165796353,0.06031725539691296,0.33736315125735433,0.2444245897010038,0.28440414077553017,0.390418395227393,0.42706011087828016
124,Xavier O'Halloran,Greater Western Sydney,0.328022589210514,0.27352585847827265,0.25076379523222897,0.2936267895225933,0.2545552421737119,0.25200005668641573,0.3145914628625377,0.25278913752514187,0.32404909950847005,0.25100866249074943,0.30917268526267233,0.3235274930482775,0.3072809799625029,0.3239059811151048,0.22340018846362308,0.3060265390648821,0.34959765222290956,0.26682944493780814,0.3403930582078621,0.2409086394056954,0.2659437027816057,0.32067405016303174,0.26001132013675105,0.26856930907060866,0.2189337649574465,0.24837932258389633,0.31480612603034497,0.3171543656206137,0.237420567032584,0.31265474067171545,0.31940953853011034,0.2632319706687503,0.2362675709947044,0.26553646979127776,0.33154950223624685,0.2752148806314672,0.298654695464695,0.29490058378825557,0.2621671381222837,0.272946805019451,0.31400516222346947,0.2831994665781186,0.3132995733535089,0.24413269130532775,0.30039208384149924,0.2740738057940861,0.323833676349381,0.2260326949559379,0.24975700151097743,0.27721513870023345,0.2835268614858071,0.03450309627469644,0.27621500966585033,0.22813084454388502,0.24946906661521748,0.3212704197260481,0.3308264850659716
120,Jesse Hogan,Greater Western Sydney,0.07145811016747813,0.12099318557222792,0.16357022442337532,0.2139037744879856,0.17749025711713906,0.16308939846746412,0.1626075622625968,0.2065388447391883,0.16423640933638764,0.1760400199628692,0.21699575573861057,0.20051313453052422,0.15925609645388342,0.14421076696042456,0.28687554320979936,0.13686967028511757,0.20168650459595702,0.2333530829693525,0.16283248245803206,0.15545888665801655,0.20620604772511908,0.1998041620798976,0.15376925329682337,0.18168182645223294,0.1795084822028421,0.19287040978526804,0.15129346862119905,0.1871303562579032,0.19411839367929842,0.1261259636124862,0.2228016446074803,0.17300054343588,0.21043174651483496,0.14818214259632503,0.17322773478732875,0.17138049778590836,0.16205511138437967,0.17232464472697792,0.16190304703134653,0.2083818879811697,0.13010990065297495,0.11850066723941508,0.12504186817968357,0.2385715521745455,0.18982916678464387,0.12759457016383421,0.246916484146475,0.16074741915175772,0.21001426996235179,0.14513313933899757,0.17573272225511619,0.03839338442518813,0.17266259408142898,0.12182316550675633,0.1426764777552854,0.21010152256182077,0.2375017659874809
134,Josaia Delana,Greater Western Sydney,0.12168056238914153,0.13551769777580633,0.13536357547278416,0.14502550934769876,0.13780583284400083,0.1278481327899715,0.16593077446962123,0.17100617629962042,0.12735853207134332,0.10261219914809384,0.19506242878066546,0.09482608998898774,0.13702735298489177,0.14166325814781178,0.17115037422416945,0.159534678766304,0.1103635174282778,0.1763324045939828,0.14648423744648267,0.08986828525628018,0.14133598007780665,0.12021775476083678,0.20885304986296382,0.13925524762509778,0.12945927614984187,0.11895836912521392,0.09256586274726109,0.12247486980743613,0.21045889994715192,0.12058644788817995,0.12082303815012473,0.1222255228943393,0.10218598519381182,0.13242184674483526,0.10392093870161741,0.1667669229193169,0.13817209337935638,0.15668657897728389,0.11321246915973038,0.10706642530822297,0.11817799510720214,0.09325507175244449,0.11247505354980414,0.11314448531865776,0.12085722160135444,0.1336041174015858,0.14763968645254796,0.17513977956861523,0.14673517287838375,0.17377746609529468,0.13589830498744512,0.028919915924529024,0.13301298207321052,0.09357713049093586,0.10967442517518634,0.16765292687580033,0.19122277382239541
109,Harry Rowston,Greater Western Sydney,0.0571249503471421,0.09144858550920595,0.08816523618583788,0.0744355226298026,0.10033013870946587,0.07228766393606104,0.07695427598312014,0.10759835628987162,0.05143005626582218,0.07081362165708398,0.10495776920215008,0.09050733607737978,0.06840581419256658,0.0779169263152111,0.06584959488761537,0.04304020031597768,0.12641822495972369,0.10379172292372475,0.07331885689066671,0.07553581909810364,0.10414823616281445,0.06737431505899114,0.07317090353598918,0.07498646726355361,0.09823619706820474,0.0902388710576205,0.07363727269839149,0.11593339215747585,0.10400813618705051,0.09633485781039533,0.04458162963189839,0.11494542123419015,0.10968887794379156,0.0796160978771317,0.10156980162840593,0.049252861809872664,0.0750334945139352,0.09370448404671594,0.06012063674728545,0.11368653327265855,0.1252860784497858,0.05395745459104137,0.12023914010642818,0.07795754377038941,0.1205188766177803,0.06107916819809442,0.09857477973668506,0.12041934406546675,0.11727460521538725,0.08781376555213523,0.08687439832772198,0.022801437968681306,0.08798950086898655,0.04969918667334231,0.06485257570950549,0.11394964085661866,0.12049847244455603
529,Leek Aleer,Greater Western Sydney,0.10291544042003006,0.08181439529302703,0.08389881621168827,0.038418541550466825,0.053194492857494544,0.10228221631259171,0.05519762401989407,0.09191446027116634,0.05542355535233624,0.06489231774867146,0.08232553823211793,0.0950154758585812,0.05844351974816378,0.0753420456012002,0.033134613479588425,0.06801448606143136,0.05211539328079284,0.09031344696468424,0.09240901295243606,0.09161008042995966,0.050107228894808016,0.07380773954721227,0.08457508278188458,0.05060232520731816,0.06972836180545017,0.10116896047861865,0.06627030008117898,0.04614343235122273,0.0628698536750906,0.06272732087522126,0.08030343786466644,0.07514769846907168,0.01761641137564378,0.09481322816443542,0.06804999280780326,0.10594162496141059,0.016419375648613024,0.04366038500451934,0.09559203384090563,0.05777943820300217,0.07715693724972485,0.07149613746857782,0.06742942486711412,0.06531889716355112,0.0764852305544039,0.05004518083443819,0.11858358280076414,0.06777535237952918,0.04324085689212398,0.07164091988218403,0.07002344449553621,0.022177845797783625,0.06888917730662672,0.0342178187341185,0.050094260850190725,0.09291149393174392,0.1027856294780052
592,Conor Stone,Greater Western Sydney,0.06329296600582825,0.06596441784584181,0.04686049613358488,0.06358509335070582,0.06677464933529764,0.05470048046393184,0.04123925304863116,0.05529664685395144,0.04377263773500865,0.06345600050071837,0.034767492033386596,0.036669869352795544,0.05782211654610321,0.04348961289018442,0.03386997044887931,0.03923065872789371,0.03226086014516305,0.050358589579830304,0.02496092359204988,0.05624074356551651,0.04570781742229414,0.05258470074284988,0.06922595936144156,0.03309173021882672,0.03699314242481354,0.041112010910562366,0.019881737299916595,0.05415459287642542,0.037542629517879705,0.08259882503990339,0.06333687886450212,0.054446081042505715,0.03943042300352728,0.05823564717739814,0.06704142293121412,0.05261776536179303,0.05392515204572337,0.05527194807047711,0.09284154041321199,0.056099123487352534,0.0825465113045132,0.035356304877111694,0.062255038444998974,0.047397309363554976,0.0725724797393788,0.0899178822594293,0.05771231861621535,0.020956369397136385,0.06399212184934563,0.07237692743700004,0.0529167173931321,0.01659440345485183,0.05430033695946557,0.02645741058543808,0.03639533437737762,0.06683040501684419,0.08258810072414839
635,Jack Ough,Greater Western Sydney,0.04757756056989281,0.04061056794603062,0.07774839580855614,0.033032663252170774,0.013284132841328416,0.06750481146379492,0.05601797043377957,0.06451612903225809,0.02758620689655173,0.0591805766312595,0.0841949778434269,0.03583082003548765,0.048115477145148376,0.03563474387527841,0.05515138794143884,0.06060903090697701,0.018126888217522664,0.0530582166543847,0.04496810218447015,0.051373545019291686,0.08796296296296298,0.016886545102545607,0.0414428242517268,0.01819560272934042,0.035706896875999185,0.05236635163408125,0.050264950707595665,0.027185185838989566,0.02701105568790948,0.0776601594700209,0.049558240874975554,0.017977528089887642,0.05304689304689305,0.013382899628252785,0.05124275378944311,0.017745632060014834,0.043266546112115736,0.05525709900230239,0.044876589379207195,0.05478723359014226,0.05546155513474735,0.07923869932931693,0.044440197724196835,0.0518503634780548,0.08225891903976601,0.06913316608960669,0.04078915273692518,0.06236080178173722,0.07040287023428723,0.04989521334562832,0.04831554188855445,0.01939679963602482,0.05008008202661199,0.0170626579288268,0.027148792637413828,0.06784513758058958,0.08163977399912394
112,Jack Buckley,Greater Western Sydney,0.02835139524582903,0.024612386681352197,0.0843926152300046,0.045396919783552356,0.03733856449618991,0.04725340931756323,0.04855862138092554,0.04277116333331826,0.0427879174139564,0.08161406513847118,0.04290618258751071,0.030980422384219906,0.055579929183651886,0.043743683563061,0.05359081462960076,0.02955235413618123,0.04882774580204237,0.03644393596632405,0.025228261965397986,0.0314728970106632,0.08146195486774341,0.024687417288234117,0.04852425063993198,0.02747772040203922,0.06519598273061232,0.03176259425805044,0.04106783322483802,0.037159424820072645,0.0471628626312065,0.036039596286214386,0.041679967827110156,0.020336872978946756,0.032673775177575005,0.05468475339482964,0.02072359971184656,0.047329111046267636,0.02324777711595268,0.04479391061959338,0.048397466881223,0.05413057239161882,0.036491319562685545,0.05567626215108611,0.05633103617426124,0.04120560888809922,0.028749694582038958,0.04424910510907102,0.06627697283922163,0.04138898116818869,0.04453401512812294,0.027706471950328222,0.04305100394193651,0.014958203127363788,0.042779540373637334,0.02352752207685958,0.02821660627706936,0.05487184513469348,0.07834903355189636
457,James Leake,Greater Western Sydney,0.079753076285545,0.05122732123799361,0.06891007970862428,0.026402640264026413,0.03647679041608529,0.021960761429589165,0.04142260445419788,0.018887890831682443,0.009036144578313253,0.03167870150905476,0.05061340044039008,0.019977802441731415,0.06968657466454711,0.058997420985429413,0.02332325606285006,0.05430955224602059,0.020000000000000004,0.07605809945267067,0.035206251854782884,0.03191140278917146,0.06376273182243332,0.05834223744100153,0.013904982618771732,0.012931034482758626,0.018770702981229306,0.05492972462579137,0.04441759901159999,0.03935721617939422,0.03078958858300449,0.025369978858350965,0.062108348333041324,0.031663812189314515,0.04083070800862213,0.04661487236403995,0.07407631708028162,0.011453805404564588,0.03415824131851158,0.01978021978021978,0.012725344644750797,0.03841896190046302,0.043919030588297533,0.03898320169956545,0.01820940819423369,0.03980039755147198,0.0,0.03140432683022089,0.009978563345383148,0.018051000517835872,0.10113303505327201,0.0288839550806977,0.03781218236283657,0.021577021808524464,0.03468224658664723,0.010280987967515344,0.018176300989866546,0.05964760480108029,0.0756518340663309
459,Oliver Hannaford,Greater Western Sydney,0.01476923076923077,0.022113022113022112,0.025177922552624223,0.022473185403779582,0.04708783553360246,0.01410934744268078,0.017823559189433798,0.018856065367693277,0.01410934744268078,0.010297482837528604,0.02636210062404571,0.026936026936026942,0.02562764702716558,0.02256155757194866,0.052651489098287374,0.031133370346380442,0.03020986954055587,0.02906046109373949,0.027522935779816515,0.021129164571700762,0.022511631331655166,0.011288645413274496,0.035354858173291204,0.031332302321308264,0.010528658142093618,0.01425178147268409,0.008188180669830323,0.010856453558504217,0.025210260546635412,0.014192785334121825,0.029241762883694736,0.025838198589849322,0.06067101993716633,0.02782608695652174,0.04026629612692159,0.028950542822677935,0.007151370679380215,0.013769363166953525,0.01423487544483986,0.021114369501466272,0.03699136868064118,0.026256901347043102,0.03830090417025332,0.037061842536308384,0.025715596495331304,0.014845497322086319,0.035992230172098676,0.0238907805389358,0.018590100160497725,0.03343367994269475,0.024877399313614088,0.011269806460099403,0.025194091549629816,0.010344873774964432,0.01410934744268078,0.03548806892104196,0.045689419955232846
636,Riley Hamilton,Greater Western Sydney,0.02207276156884839,0.003282275711159737,0.016586974590509795,0.014868187229009445,0.030431327504911017,0.04149089277269925,0.024890898231724475,0.006462035541195475,0.021408347154959154,0.04209297361207425,0.016818404530486206,0.028957671168835183,0.027956102650241257,0.0210850790837072,0.04062505773785656,0.01925065259179447,0.04269035795900497,0.017884404072961692,0.012508684786328331,0.00434467776973208,0.023232129045014066,0.03202333563464232,0.0,0.03279374186016957,0.02739164317513449,0.050156494859797986,0.013208007065567323,0.028412256267409473,0.021589221807660094,0.027598463685087893,0.006857142857142856,0.02105910865064573,0.019358694057489245,0.01954365164505035,0.052605943714510064,0.003316749585406302,0.020632894076877482,0.011854600139231614,0.00343839541547278,0.019751385930685907,0.011567975255897228,0.011817194655587556,0.014594937454724434,0.022950969240938434,0.03459090974076082,0.021846576094414715,0.0,0.012518642262121536,0.026452415672502012,0.02069510097135112,0.02135132694178665,0.012377614258102014,0.020877104810998425,0.003289342855380283,0.010583411284557566,0.03218435053577751,0.04256789416788417
530,Toby McMullin,Greater Western Sydney,0.015830046642878393,0.005519779208831648,0.026568029827780087,0.019172456470985345,0.028359800559126156,0.004018754186202279,0.01631543167912985,0.02047889585327447,0.013799518160470862,0.03012216228932467,0.024268682171363805,0.009881739550099987,0.005529953917050693,0.021804910178672397,0.0441946881091618,0.020967964650648995,0.013367999133355006,0.029484526925951538,0.037073978773745714,0.011976058514182035,0.020636285468615657,0.01749905159103156,0.02594318078012241,0.02534593419161632,0.01338317379298362,0.017153855322848674,0.02599439500570027,0.043703218362972085,0.017691120982881364,0.016512499911398415,0.033340749805317614,0.004051316677920325,0.0332871012482663,0.007726980038634904,0.009228174792896324,0.03730242395542768,0.029716652133080664,0.008224811514736124,0.039650341604909725,0.023906448426696772,0.019897011725233033,0.016249153689911987,0.03378795127773007,0.036819873782084254,0.02289874271575517,0.02785770750988143,0.01738220307401673,0.005371530886302597,0.03027813869750094,0.025303457260331348,0.021697577260580806,0.010570605671128077,0.020802125059632325,0.005401921792421052,0.009745144515844422,0.03329831379669003,0.03916901848676589
585,Harrison Oliver,Greater Western Sydney,0.0,0.003976143141153082,0.0,0.003994673768308922,0.024115472628058444,0.0,0.009925558312655089,0.004332129963898918,0.0,0.004016064257028114,0.010230179028132998,0.009868421052631584,0.0,0.0,0.0038986354775828462,0.003921568627450981,0.019704433497536953,0.0,0.0,0.0,0.014330366183294158,0.0,0.0,0.0,0.0,0.0,0.0,0.0,0.0,0.0,0.009844134536505336,0.004051316677920325,0.0,0.0040431266846361206,0.008590030295989003,0.0,0.0,0.02721971047983798,0.009925558312655092,0.003548196333530454,0.0,0.004062288422477997,0.0,0.0,0.0,0.009950248756218909,0.010041841004184105,0.0,0.003868471953578338,0.0,0.004149171387905315,0.006387147882692055,0.0,0.0,0.0,0.009925558312655089,0.018602749698117153
664,Cody Angove,Greater Western Sydney,0.0,0.0,0.0,0.0,0.0,0.0,0.0,0.0,0.0,0.0,0.0,0.0,0.0,0.005489478499542544,0.0,0.0,0.0,0.0,0.0,0.0,0.0,0.0,0.016853932584269662,0.0,0.0,0.01602849510240428,0.0,0.0,0.0,0.0,0.0,0.0,0.0,0.0,0.0,0.0,0.0,0.0,0.0,0.0,0.0,0.016289592760180997,0.005123825789923142,0.0,0.0053003533568904615,0.0,0.0,0.005371530886302597,0.0,0.0,0.0014091441795902736,0.004091726894163473,0.0,0.0,0.0,0.0,0.013867996698817567
101,Jai Newcombe,Hawthorn,15.664299732792932,15.699480258370146,15.82978064808967,15.832781154351638,15.583935482447998,15.439527780198409,15.807879637756932,15.351739587957177,15.610887625990642,15.567941285118192,15.34302599859453,16.129486681674155,15.677310768289324,15.729549775115391,15.67158353970486,15.86856924006461,15.710217439374091,15.452170952791763,15.88126185606449,16.07746221295284,15.765398053981146,15.57913250251125,15.705268186986082,15.801271609979098,15.69741541722434,15.869989714699841,15.760860324416248,15.559387950006409,15.429547802441629,15.746788220028868,15.99217117443029,15.692634054633881,15.40313440105873,15.443103476633478,15.4863017328095,15.875388526708614,15.596165593580569,15.336335308762354,15.514979849832208,15.645280306707411,15.830013205789362,15.329475249478817,15.299302828115353,15.11639779480388,15.88251360327904,16.04623947220009,15.464399201468927,15.958270119747564,15.59762779737938,15.841155576965807,15.663896814287197,0.2214893611793622,15.684972411461603,15.330881561631942,15.437441964847242,15.871118066409675,16.035155471157278
108,Jack Gunston,Hawthorn,6.793887650174666,6.446849878156426,6.901473056137401,6.877612393529044,6.6586442472904075,6.88372980942918,6.632038787753739,6.787461712617466,6.849002388374611,6.617256857268964,6.59728980238851,6.825170075513461,6.758667370220504,6.740553666427477,6.724774710997767,7.026164967989873,6.57647337401237,6.593682550511181,6.496380105848312,6.738847366483145,6.591218547638094,6.756872958339189,7.024590772281634,6.616845100371014,6.899667240773267,6.837768831404366,6.738841495910503,6.7693208221418,6.688014268617172,6.766194352580442,6.980731561335096,6.834465524293227,6.679750757635368,6.846952538644488,7.20456033609701,6.542876365340042,6.547939606480339,6.926990561678779,6.897463614073762,6.924769577340726,6.9330166953206795,6.713463443726513,6.692850271155475,6.884563065860983,6.81900249106002,6.986874872116573,6.484227160659515,6.711080578641647,6.6130072132536295,6.946701812276381,6.767731664163445,0.16034343185665106,6.762430861400473,6.505911839044116,6.596535886746149,6.925233763067379,7.016859012747797
115,Jarman Impey,Hawthorn,6.446537211433156,6.670955819741091,6.890146368992016,6.616945546452365,6.906840386684819,6.68746242276972,6.708526068229478,6.707521419669253,6.949349421832862,6.837087604163465,6.664737742432641,6.603209883698814,6.832490556915958,6.859201570432953,6.35675130755199,6.8209879890492715,6.7347376286003335,6.601935769010124,6.484961969157593,6.563912667692403,7.057705844030628,7.07198807474159,6.842495073871596,6.400911164874249,6.410456373743807,6.705142939412119,6.67580894814439,6.655716643553432,6.950617284660604,6.783567979832623,6.757404141121933,6.577688908083311,6.323489075435039,6.8141372347494045,6.571776111533843,6.753222400765604,6.827545695254112,6.692172020086779,6.772553121268573,6.576659656269781,6.533076545399475,6.719356597674114,6.7544353435128235,6.618862980105717,6.630397009597518,6.719995599984872,6.437577634854659,6.578721910910001,6.571660596531935,6.5421638934839335,6.685432123159976,0.16978481425843492,6.68981722142825,6.402867932692509,6.540264637734282,6.838217765332465,6.950357372780917
105,Connor Macdonald,Hawthorn,6.535503541782318,6.542551193930651,6.74069395485847,6.457425661713403,6.667738621790271,6.328163895741779,6.782248586627756,6.735756858282755,7.052650335191693,6.610831197172827,6.706947355871011,6.504718581977764,6.451421392898485,6.780811568745625,6.66419758886884,6.317572005090926,6.911169153903433,6.5519549439697995,6.778350618872282,6.580643580910256,6.527198470490225,6.699253874886384,6.902034648270965,6.931354838666323,6.724067907690798,6.6253706970498225,6.720064323669709,6.462866577650243,6.647093794091969,6.610655430385561,6.586754041515122,6.694265571619571,6.448358982123068,6.579021396114328,6.642206684318191,6.694272774145125,6.683952813067066,6.762913730292331,6.737470591508925,6.781476994281151,6.983012329094762,6.755225530599199,6.702026469072868,6.496361698756342,7.018734563114931,6.789641850378842,6.667173914620572,6.391595903351124,6.940208222257269,6.880597973728045,6.6757316647002245,0.17074033607299216,6.689109192343318,6.403232334499373,6.502971993384487,6.808651680158825,6.974237487193076
107,Nick Watson,Hawthorn,6.185043289265929,5.9710707073453655,6.208270871810882,5.953548235167125,6.143786232623902,6.396223539771817,5.89918539431479,5.869993359576389,6.036662299466621,6.126754898229766,5.579332352775633,6.16359379373823,6.17302538509302,5.890317952360169,6.339644280111081,5.776453023221336,6.063851708670482,6.111258628832967,6.101928194227525,5.911630455730369,6.157624559402123,6.016701580614134,6.122907747052292,6.116327612740536,5.8753217680011804,5.992588865999932,5.885830089427303,5.80393321540019,5.862131623492528,6.06683079913503,6.026177543654821,5.971792583161027,6.144250089953336,5.935219894414117,6.248542805891506,6.19723356062753,6.082526025584993,6.131449517622375,5.965567135650451,5.740884759978669,6.161315404475638,5.972142074141175,6.371519122196771,6.147754887302356,5.667488190950852,6.114998583870775,6.223171946930295,5.9966152534098605,6.058350214382134,6.037059787137513,6.039916636898697,0.16889178043443487,6.061100961526308,5.748176253943416,5.883633850249244,6.175537127065158,6.320968477896067
126,Josh Ward,Hawthorn,4.510433347073209,4.16575700668054,4.212249083853919,4.229167570366258,4.3378194736957365,4.539604468646146,4.274462111715821,4.331730012124757,4.287509251632531,4.292334833708826,4.471217673526341,4.27026239756109,4.342379807036296,4.233102895028187,4.413565732523836,4.590053040655917,4.318836721548458,4.233852416099847,4.2770434159006765,4.387199877535947,4.036099754139047,4.009676490490041,4.438419338946465,4.3760348003224685,4.374775168705674,4.484244033649177,4.44581035269764,4.275082626974896,4.388375025858967,4.428537134777506,4.270636635119701,4.38803856262286,4.277485839166741,4.1447365126681,4.374149412398171,4.55830460670199,4.1020328694191335,4.270319356240051,4.514685116483292,4.292456039395054,4.213564372365766,4.27820322043278,4.402503230726325,4.214076284448167,4.395961459506741,4.295308500041695,4.477389024702503,4.479448672070896,4.347655487941056,4.26667729273598,4.330785367173264,0.12722410907093495,4.325283366836608,4.110787116285172,4.226013491609376,4.472507485922159,4.53449600145276
100,James Sicily,Hawthorn,3.9923355513283814,3.9165395149435,3.816411370874302,3.750062735811887,3.9829586417886342,3.799065117123654,3.932965897559605,4.021443932567787,3.74435756328627,3.861789648293785,3.902830070750952,4.133616026804998,4.321727405813457,4.178561209327572,3.8647972218281357,3.867002327321758,3.9160355647604437,4.132220538736455,4.044997700881512,3.804618312354649,3.899802475497262,3.6406698449693593,3.765876486923784,3.8494651220423672,3.9923386345855816,3.7613370343056918,3.7927524137251662,3.743980155615471,3.78098910477214,3.843493637513318,3.7178985561397466,3.684812351730116,3.9270400618209327,3.5896101406461303,3.718913490422712,3.817888169330428,4.058213777432126,3.909916753515524,3.845391665598999,4.020185524969848,3.8400318493593124,3.944650770457182,3.843901239955557,3.983460318962125,3.8636506917336066,3.874961483747192,3.877023462653279,3.7645928500373707,3.8149011988094967,3.7814866438790586,3.8786714452661726,0.13967617838196356,3.862720170013696,3.69159502363409,3.7589807059204867,3.9981586346758933,4.133329951750947
106,Jack Ginnivan,Hawthorn,3.7813017522690084,3.855184094227561,3.840119396958054,3.8166151253891263,3.6077590159103994,3.7950071219915253,4.01874996079014,3.933178304808421,3.951441485856519,3.777419999128573,3.711992535850787,3.722061967555475,3.6851708702087502,3.510950803475811,3.9098942199850266,3.6430502791061934,3.6733778383236926,3.707567318611998,3.6290505250567016,3.732776229750145,3.7522597231537236,3.6599957205844804,3.8410023488458305,3.7112824890086955,3.530410598488535,3.776091374935048,3.9189063840146305,3.8299903196720524,3.9384613113275417,3.6041779153898816,3.9450203857616137,3.920465234446844,3.754991724800059,3.8060228627040127,3.6302969693728424,3.909872534682932,3.9833084429409475,3.6690470307611256,3.767200829507049,3.9448751172144676,3.7507092791119514,3.8184648810404163,3.9326563039051243,4.048552472129659,3.6165690630233054,3.6695446120019417,3.7789643095277823,3.851983880304946,3.7854409154865394,3.80935907146587,3.7851718590172756,0.12702813640737215,3.780133030898395,3.6049120409965876,3.6564541233155183,3.932765402093913,3.9767757167386395
258,Cam Mackenzie,Hawthorn,3.4482315843524707,3.2466342219320246,3.0740549448831196,3.3945478022757234,3.3048641879374445,3.505471155449228,3.3270476405057696,3.5040349812397724,3.4364743872147296,3.5628405367901927,3.415483983016651,3.408292400666647,3.3626787673307548,3.6079859666061167,3.3735733138922654,3.631714854664766,3.175422585303423,3.2442174751976602,3.392983477199468,3.6075003745629552,3.389154236445304,3.380412244450172,3.3506826680652253,3.673969152812336,3.342183303692394,3.3720645384130843,3.831005750857437,3.3954787304434535,3.6017475717585294,3.660879656652319,3.28622517082799,3.498748265812382,3.3689440437460667,3.4675350136471206,3.6916924805215983,3.38536803546534,3.331553209370382,3.3200665998139387,3.3305175702655525,3.4125132514383854,3.5994667619084946,3.492614611018204,3.4072440842240987,3.34313314130702,3.5018967966361227,3.535047811780058,3.4269069331067126,3.2921952529551923,3.607664971153852,3.6440577031254464,3.4393004840547077,0.14552961991301638,3.407768242445373,3.244712908278205,3.3255886030011768,3.6075347752504525,3.6712858060995326
125,Blake Hardwick,Hawthorn,3.119036458498817,3.1570257238057433,3.093622065516824,3.0644700431284373,3.026881555255203,3.210457426296539,3.0707276566917576,3.1836853887566487,3.1225846237521755,3.095576085545995,2.9991461036865736,3.149444508449301,3.135613525251041,3.1529793470263607,3.2617099125692364,3.2671307631268065,3.156119094575057,3.1542912609127276,2.9545025265357507,3.2653916707460846,3.221661457997586,2.9283416063070367,3.136484994213148,3.280387023387925,3.3927078092659415,3.1920737114092668,3.071011007161256,3.1921024515663556,3.008348243523015,3.243105019179444,3.3401995192663096,3.2557752078767437,3.205430961771718,3.1021498648260075,3.2308973401356216,3.129950916820637,2.9422814581151115,3.274790898999077,3.055315293584118,3.1633073083808343,3.321054480517667,3.2308737294321648,3.152780507661578,3.038395696468914,3.1429686789379097,3.100366311133145,3.1761505267306855,3.1367304140496945,2.897353447273041,2.961621914320773,3.1433002708087963,0.10948183292030578,3.1511125080554394,2.9447867771413425,3.0359892409552485,3.2570155611574747,3.3127176518060697
135,Mitch Lewis,Hawthorn,3.0393314087035357,2.8731801861644306,3.1399356152786964,2.9282733342689733,2.885576180892468,3.0555172871605536,2.97127983881842,2.914759200215639,3.158084380982704,3.066440774706233,3.31142291473002,3.005620539186093,2.916890443370487,2.88438393403619,2.950940355115807,3.0127688816429377,3.1254577823278313,3.051360306985917,2.944150495172176,3.1388003267685356,2.9920011216436833,3.114478404789219,2.8542613981760474,2.9881748354422366,2.881968630929964,3.121492860825389,2.7969889840967457,3.0639121563943696,3.044287664149371,3.1639262741017333,3.1541648434451317,3.034395747323131,2.9363611078926857,2.922022365945642,3.155031410522522,2.940987553037336,3.1290654855941975,2.9865801257117264,2.9895094156903346,2.9564043108830766,2.8668004590511806,3.120048920470427,2.8708538370279055,2.9131438079623,3.030866363894774,2.961268030432008,3.0397207997213687,3.1096054078166286,3.010264507930466,2.8733084628936765,3.0079213896064583,0.1069910952931483,2.998810830414888,2.8676314015364093,2.885327001299506,3.1262117923105017,3.157458522038367
131,Dylan Moore,Hawthorn,2.967262713464051,3.093034290358903,2.9359988251739306,2.9924889805994,3.011114107135311,3.1078412415065566,2.9621373768130455,3.124743786933915,2.763297814820539,2.879920914545038,2.953001030086121,2.903995974013,2.890919191136481,2.9597383723118735,2.938826088176997,2.786057786023112,2.8930463396327664,2.9667544156494468,2.837436135086859,2.7867865049308747,2.850641541427164,2.8351634722224563,2.8893897855944877,2.93369209452205,2.886968572409885,2.764644870303383,3.0951626320116463,2.909689444139168,2.8856670801561624,2.7966713207127616,2.7669409277571164,2.844361241310943,3.014507511937491,3.230226396411377,3.1769812000276083,2.960281684833464,2.937514449662666,3.051681617976064,2.7850655862111338,3.0085530819692745,2.953948191568471,2.9166841770145857,3.029911876016253,2.7850547741736453,2.8375062759302976,3.0179179075435028,2.8960156636818266,3.0322160948929926,2.813384272805761,3.0132475811458668,2.933481864295355,0.11101311570271509,2.93484545984799,2.770654266272505,2.809891265818324,3.0303934577614915,3.1212787651213065
595,Will Day,Hawthorn,2.9732125178204543,2.912650607969361,3.0702146986599046,2.96057349345827,3.2490320892076108,2.958352277708716,3.046258424072134,3.2311395271076724,2.77418516374035,2.772804606640278,3.1545382900979138,2.8915954542397806,2.64687248731555,2.8588240628578383,2.8960896331729273,3.0239494852331354,3.0254828437413916,3.1056387908544023,2.83710563330008,2.5179748213562316,2.7431680453560343,2.9061997564376814,2.9296281416514045,2.905137266787439,3.166064555645519,2.9504460169333004,3.1431083291273625,2.9187625465171827,2.8160558178041724,3.037761932696007,2.933343766818195,2.775238524591992,2.845627769928603,2.9593900900427395,2.9821973992476916,2.9150979693132584,2.9733216478606184,2.7507008536102893,2.9630759395774566,2.9438360666214383,2.808985214856956,2.967069093124318,2.9200993765822334,2.982448766921175,2.844198930720666,2.5766248462012724,2.854194960815237,2.946758008744144,2.8118360589939324,2.9959435342118654,2.9234563227258836,0.14637593419345135,2.9314859542348,2.666613076713849,2.8019321565915787,3.0395376993936174,3.1637016712082597
121,Lloyd Meek,Hawthorn,2.6210296535912527,2.804760305428129,2.652381306269721,2.9141480406328135,2.8620932722254158,2.7814618785806338,2.701169069129431,2.5758568708794125,2.775390854921455,2.9235592459870303,2.7427655806117324,2.6774814463347236,2.8304431454406505,2.627058178808361,2.8050722016272687,2.7062406597351165,2.754375382072713,2.944034675202588,2.5607862631313325,2.5968447199308455,2.7566478720034184,2.7301040329237396,2.4792263776603285,2.745775162423489,2.7430403009202684,2.669067311021705,2.7466255329726685,3.0212664010445454,2.812142175208354,2.7721231920185665,2.6970128557688744,2.84055352585193,2.683209512454426,2.741324920858587,2.6717888168644808,2.699786677326805,2.8280042277291577,2.8138861649564575,2.8134943680784823,2.6911067270159883,2.6313703573993927,2.6013021870692583,2.7101271835152487,2.8183165901136733,2.548852766643867,2.6399479842889533,2.8435782840155603,2.7137773881121654,2.6986663663645967,2.7176384280249035,2.7347343288238104,0.10682748157949798,2.735714476891163,2.563875737719689,2.6304691120738672,2.82851396153086,2.9216299488894157
137,Karl Amon,Hawthorn,1.8388973324069693,2.111945528375663,2.104583842909045,2.0853330744487737,2.179771107293242,1.9997617128184557,2.0634400371950905,1.8891679094884584,1.9577870052520048,1.9804019735241976,1.9173487811748944,1.950302568589633,2.094098848937697,1.9918990312561913,1.9919482371483712,1.9548988412621195,2.0190353645863164,2.0537484055923523,2.1646991579687285,2.1168419562858474,1.8856110836366995,1.9286357988555896,1.8406637872844267,1.9901289077793791,1.8599949012982602,1.9384665380283226,2.0722399259158553,2.1131957033684445,2.1473638656507377,2.0089621953276877,2.04774684050935,1.926163201253675,2.0376709702138758,2.0040752491476463,1.8666893814851573,1.951205990173029,2.0147119285275608,2.0878073807565807,2.099701267553875,2.09493421073951,2.058681296075338,2.117606555041625,2.080936285904252,1.9613128366447423,2.035936048952225,2.1096321543995837,1.9278615663737966,2.0285726958037724,1.9323129757837747,2.1154054417368933,2.0150027540147146,0.08878135890678023,2.0168736465569386,1.8613672697365742,1.9275066080636911,2.1101156495605844,2.1412636169758694
113,Josh Battle,Hawthorn,1.6736158088021476,1.8499254860917216,1.7528800069903696,1.9686571812234013,1.793486484016833,1.6991475723432226,1.8231751488382473,1.7894591421161041,1.7575838347887427,1.840190393418843,1.8294296522969131,1.7656404831777914,1.8476661811394226,1.7688464043803045,1.6698899093190984,1.7693298863209639,1.6500533831672797,1.7665822354382454,1.633809806871546,1.7033824650722955,1.8633334645376718,2.002076012205334,1.6707650579564086,1.6236929728820078,1.7737220895914234,1.7312157093359806,1.9974221845315483,1.6675548947260186,1.7710723459645976,1.7250573734700856,1.668588875667463,1.848700732288076,1.8455211558748637,1.7003973209750638,1.8643189462787904,1.7926926437290527,1.9178020017317412,1.658893161069559,1.7592158578588353,1.953383345636193,1.7582538235649876,1.6401489593964658,1.6616265309128129,2.0164973525259833,1.8250307399992638,1.815024932255222,1.7308975954086243,1.9397606193017958,1.7630525706349232,1.5888603450877534,1.778546621624241,0.10540043337560845,1.7677143199092749,1.6351093331391546,1.668372773650701,1.8635394302215655,1.991525358853378
130,Massimo DAmbrosio,Hawthorn,1.8033206053475188,1.570156054712089,1.6997094369638814,1.795002999478671,1.7613694167447531,1.4903702341643403,1.6136522719553161,1.7237899825092955,1.520428721446734,1.7695047207987422,1.6307673356250896,1.8221308025990015,1.6306333641229456,1.5525691187744266,1.6766412977260132,1.5304349600588107,1.6389076272182053,1.807446026826981,1.7057948579035584,1.650705085050619,1.7754183600915703,1.6384270776398262,1.6083637180798613,1.6400128810559058,1.7230996934641454,1.7535020543456625,1.6394866977787135,1.6192549497517579,1.5091788446773358,1.7788308793536025,1.497232437685355,1.7699291154062964,1.720393036927146,1.8735575569953067,1.5560782368911596,1.7180051315123401,1.732377132681739,1.8050103812062894,1.6735876013168283,1.5529047716569022,1.6556454419635473,1.479612362469865,1.612206626873914,1.666458142360196,1.4627844868653668,1.8118231329387082,1.68619122224991,1.7632430030464197,1.515477553033743,1.5791233817121362,1.664211016641171,0.10587717708030787,1.6610517921618717,1.4917769858861483,1.5479430796028628,1.776131576617335,1.810925826185804
123,Conor Nash,Hawthorn,1.3850452294966766,1.190143925601102,1.216759806412614,1.3485448626141763,1.2049079495299158,1.2403754416380322,1.3334343458478721,1.1355995222030035,1.183406089876452,1.2124276789211463,1.2837619456870482,1.1484772808431118,1.2502807379797893,1.4547722501461113,1.2491795607893317,1.1869516117803867,1.3002648953281217,1.2834466512319145,1.1981955455601982,1.2209018404203411,1.3012289560270385,1.4091297234515274,1.2835615128842919,1.104242467363754,1.4184033154176396,1.0735361957303486,1.2526984088794282,1.2791423430530304,1.2931652025261398,1.0709322910975656,1.2642062947765715,1.2479759254490645,1.2871171022656203,1.2877550261861543,1.176821429016099,1.2545286214156153,1.2256940920596244,1.2858676028349407,1.337413134267616,1.261634193318596,1.1923163919102335,1.173098556699525,1.2451866170335397,1.2452183985183445,1.3296114409080848,1.1188354725269256,1.226580067393664,1.3218775175576924,1.2578230799345838,1.3252608143549005,1.2515547873353101,0.08231058213061075,1.2514895734296088,1.1072340334222042,1.1820298957566382,1.326170095304516,1.4041924021907828
110,Mabior Chol,Hawthorn,0.9419307048840241,1.256214179881477,0.9910581293524927,1.1162489378874514,1.205902691379754,1.1269741212856008,1.0452034251811533,0.9988618731115378,1.1142870932067408,0.9111569230631015,1.1407686537447572,1.1144303009987013,1.0862334606088195,1.2224398201547109,1.2650708109518278,1.1034067726691448,1.1012379222767592,1.2844712161119058,1.0632867291629113,0.9951540672456225,1.099419708813559,1.1173759633485763,1.0987485464084874,1.202606666648943,1.0298690681458713,1.0653924424006342,1.0515141898987814,1.196009981339536,1.1256220753092143,1.0393738605798024,1.0431952725081777,1.100424954676756,1.1116878025708223,0.9943601999628854,1.0323330944548703,1.0091121465810935,1.051071028349079,1.0335111139158628,0.9552913956932826,1.0990852040398962,1.2493005853541164,1.1256899735375825,1.078801397249169,1.082569481217212,1.3443301180528653,1.035097643794886,1.1579377482597253,1.0247351512234593,1.1082281111867225,1.3502895087923052,1.1019464453494534,0.09692942634683147,1.0992524564267276,0.9626235760934206,1.0214699432532048,1.2032955358176824,1.2804941330540898
257,Ned Reeves,Hawthorn,0.9556147999050841,0.8694923593297627,0.8101405367945592,0.8345369425692339,0.8103419418211258,0.9063890195618666,0.9100678614915616,0.8517229997368725,0.7139715989581887,0.767847776242261,1.0082408315933795,0.6775926123025321,0.7967967663876995,0.8103921536618371,0.8585571893277608,0.7480974402270754,0.8427541709048347,0.9026729840938164,0.8915009486016192,0.7980931410676192,0.8585998831708056,0.9325961953345644,0.9177480518026445,0.8530701929963362,0.9117657228916434,0.9349767876820831,0.8376935179797965,0.784899662665274,0.7399630328915349,0.8109358977679757,0.9068750640394201,0.8297947343971844,0.8834152355383679,0.9615428439146209,0.8138188005387387,0.7857390505340631,0.9603416918955996,0.8729474613780486,0.8049880588728533,0.9156740429946948,1.0212499806855289,0.7651073552391277,0.9019934145202311,0.9969063221648439,0.9805608767426555,0.8068596386665535,0.8082388395024702,0.8965981297034238,0.9492553684925591,0.7117183725548301,0.8584139660427432,0.08019794808344555,0.8558136911620485,0.7192998429145246,0.7855636184694862,0.9379610110714726,0.9935555058532951
119,Harry Morrison,Hawthorn,0.7775272209741149,0.7102703884047852,0.6277024386052275,0.6977855776578835,0.6563312439992496,0.666785172539524,0.8516305822580991,0.7847911054397956,0.6364249480345668,0.7629519661581394,0.7156971303019772,0.7364412352127163,0.8175735705623726,0.722872234840905,0.6587374056430868,0.751212979610819,0.6104383636434335,0.7018282650524303,0.831474978058992,0.7538089537213544,0.6321776242905173,0.8754988511417805,0.6568737539326308,0.8230384980285238,0.7059856253285304,0.6945057491525332,0.7156606664912882,0.5715205577233943,0.8075749686728165,0.7157954513107616,0.7305447523744083,0.6739486301624681,0.6939295748545771,0.7918885329763068,0.6360138265298407,0.6527162593275362,0.6296819742575891,0.7497171382018748,0.7662569932427771,0.5882469158009747,0.8029029999822423,0.6909282085412848,0.7233169603426521,0.7285290604084513,0.7009570825002858,0.6881769811758981,0.7276419764180806,0.7083457162358737,0.6526189162745388,0.7183427543482173,0.7145124552149626,0.06818428261407657,0.7129655274480367,0.6139774990106013,0.6492343769123847,0.7862744677949264,0.8297454996527459
133,Josh Weddle,Hawthorn,0.8323391033706625,0.741927756814854,0.6362335261121914,0.6235875820645528,0.6284578060879823,0.6554062947569077,0.6330277216115346,0.5494951074145787,0.5833897383342559,0.6607375913852906,0.6553864976333128,0.6192912489229515,0.6529822208110145,0.5905651542472842,0.6274412311475888,0.5898387303226875,0.7397180610272072,0.7329399937175141,0.6277474277163415,0.7487134531555831,0.5935685118344354,0.6962208216695301,0.6984445571839046,0.5982375987685713,0.7149240067321285,0.7154939113272286,0.6842999647175568,0.5766640731502285,0.7403628969004928,0.6945295799698774,0.703374012862492,0.7305454988458455,0.6112462027065921,0.6874672593436679,0.7142649874030225,0.742755710672708,0.7597669492737713,0.6594859656906453,0.7231671988817234,0.6140624403829855,0.6886285805276848,0.7568439055725352,0.6643437075706166,0.6787181417387105,0.5159964359068592,0.6833858943240064,0.7847287673305918,0.6172224715068817,0.7117864272979159,0.6112069410108977,0.6700193933551682,0.06525671580516126,0.6715309246546635,0.5780428345129541,0.6084963484822514,0.7398528317247238,0.7591677253150179
129,Tom Barrass,Hawthorn,0.4750369285634626,0.481105503313668,0.5028463330135111,0.49225535001607496,0.5093030990832594,0.5541116526273951,0.5148977022790809,0.5223703834062864,0.4945725618295437,0.42321256903413745,0.39179156561924405,0.4774349237648884,0.5473505125286243,0.5657882178472696,0.4410887636409251,0.3796469887842941,0.5030639373936591,0.481958442930913,0.6986387358530309,0.4775021991472879,0.552538800772285,0.524406992846826,0.446864050718707,0.5879605586027643,0.49690555861712665,0.4655424516522416,0.44916741275872085,0.39380962445149703,0.5107121406894423,0.44109769041803615,0.6121866254105574,0.4255037967827312,0.5597735183685548,0.4169568149357946,0.4287723714688006,0.5068906791447241,0.4126264187680859,0.47659847150436624,0.4635562553181373,0.47857474563087665,0.5047469486239105,0.4302504061846241,0.4766965602643537,0.449611321986724,0.5996835535252725,0.4914161268496894,0.5256312899073379,0.37503988620104317,0.49345516451351507,0.44232435194159225,0.4874655391906979,0.06288494965055355,0.4815319731222905,0.3922052676798559,0.42808923935941207,0.5484348647715493,0.5972803395661582
136,Finn Maginness,Hawthorn,0.31609206344302987,0.2616055041521874,0.2980560384099524,0.2977911828762079,0.30229413941545624,0.21691568728859772,0.2368477535748471,0.2572913175195542,0.30980458402032207,0.27326732673267334,0.33761633207150527,0.2790466490992383,0.3365021664639059,0.3011167257004808,0.23317374330863222,0.26280354825230334,0.2536473268746225,0.28415185821836664,0.22778052656776365,0.25768293394848135,0.20721312373919998,0.268213398861334,0.2577795718481651,0.2987168419117679,0.3620488637586854,0.2881227126655775,0.23504043351588713,0.2745519172247546,0.2925641792805012,0.3023263890094702,0.29648703327941084,0.3227498109556146,0.32207672576724866,0.28988200164154815,0.321589016387572,0.28962571213916644,0.3369708468352322,0.20953611484934948,0.3184087025303194,0.295096387200433,0.28581545587649615,0.2454994198004866,0.2935367151981312,0.295859214774255,0.2501744706687588,0.2610624250494227,0.27159709682461836,0.3296542177911912,0.26050407587915947,0.24168231566454762,0.28135745197732864,0.03561273735239928,0.28696908427103685,0.21914297934082674,0.24470164503607536,0.31907338812648517,0.3368747673591103
116,Jack Scrimshaw,Hawthorn,0.33607986805243995,0.28891499140119437,0.31267946433696325,0.33990965092892406,0.28860954902394786,0.25637522004245816,0.25346337779465233,0.29385774667146514,0.3550801436588093,0.3180854648996213,0.2821527762557008,0.25614912963882486,0.29871528351670185,0.263165540054855,0.2641243968922862,0.2557751543330629,0.22330965703362549,0.2762448533400205,0.2857637403672133,0.2909909652485056,0.26695330138184536,0.24913135518145013,0.22431327922028496,0.27161236571325875,0.29429014141161625,0.312935408452532,0.2261367237791005,0.24827757555239538,0.3236893703746392,0.4033444185409702,0.2724956235178006,0.3146456300161056,0.28448446562774565,0.28253657964011347,0.23501900265977044,0.29866656844092604,0.35124342303198597,0.27321707260719796,0.24268452215741143,0.3185119488743592,0.263878968653328,0.3577883554312807,0.28730381843985914,0.2417052478207422,0.2538893832369421,0.30037070829356194,0.26563082695403206,0.3515656116117498,0.23973268322130603,0.2734767670085798,0.2853795624068832,0.03903526918671117,0.28234467794790713,0.22795759094963783,0.2489529152389777,0.3195940299679177,0.35435966458916207
633,Noah Mraz,Hawthorn,0.16301302871450246,0.18391750022598682,0.1576613029239882,0.07684856432204651,0.1489162446516162,0.1357002522072589,0.1945072445125936,0.16967803542427362,0.16301755588845362,0.15254466451101284,0.17637044503500693,0.10474354715827769,0.11269076429149823,0.22669170777006004,0.10251712812227129,0.14351107610198374,0.18179028267488065,0.13988199258219383,0.13006854624038214,0.1534906535020143,0.1306447700215077,0.14589380138531605,0.15826476600147066,0.15180568521389717,0.14723192157715118,0.16023750482993027,0.18246812164306445,0.15415606750535873,0.20539432204852642,0.14141230680641897,0.11260615409678762,0.14584184551995005,0.16465696807110733,0.2242851092939488,0.16859993592764527,0.2012377665327485,0.19564001587505495,0.16963182562988366,0.13317283200919186,0.14585821629293302,0.12211661678566252,0.13718571936270185,0.19607058096278732,0.1522871338536531,0.1583647425166288,0.1373665894397488,0.14574020784333847,0.16648781515555866,0.16506449757172295,0.14359525979748713,0.15561759272862966,0.029717241342749705,0.15301765900651357,0.10635538158067223,0.13264446705376587,0.1827710417668952,0.20454222816779194
127,Sam Butler,Hawthorn,0.11250551162611751,0.11716799764841905,0.08377040161379057,0.15430723049227532,0.11401864421042643,0.1312814357926725,0.14428447512845316,0.14083218114297708,0.0662846041179152,0.10774056617138049,0.09588800132870415,0.16820470891833328,0.07035430971087622,0.130263069371502,0.06476728681929073,0.12112254132037989,0.12731851332180794,0.07082936109847612,0.09062862321999432,0.11098716207870597,0.11303659402365936,0.1251029834022849,0.13424583045939434,0.07171857721140235,0.12023379824014248,0.05760709010339734,0.13478150658601507,0.08756598748826272,0.04969416307782814,0.09862573084476016,0.07687148864468715,0.08304788590469964,0.1071770166312257,0.08155538559578579,0.10080353510558838,0.11773084945729285,0.14136078366964,0.09297987251511548,0.15473769150165412,0.15405899967522427,0.06119160595346988,0.15496770662598133,0.15503847644050528,0.1296570866827338,0.1218884799977536,0.06868859078469201,0.11688005782951365,0.1388158831140981,0.13677297253957751,0.1107737792023955,0.11040334068882558,0.030455320262937725,0.1135276191170429,0.061924620530963155,0.07153273104380077,0.14094265907104964,0.15492055352549425
665,Max Beattie,Hawthorn,0.08378088077336197,0.05023547880690738,0.05837173579109063,0.08731808731808731,0.07615663503343878,0.07114624505928853,0.06828763579927574,0.06484817292846114,0.10554371002132196,0.09422492401215807,0.08158995815899582,0.11064278187565856,0.09771986970684042,0.09412955465587043,0.06839378238341966,0.112177867609904,0.0584315735520246,0.0802469135802469,0.10569948186528497,0.09260244811069715,0.10816224336504753,0.08796764408493427,0.124095139607032,0.09489795918367347,0.08055440659257283,0.07041052696986903,0.06641024830600985,0.08606557377049182,0.05310582646036066,0.0626304801670146,0.08261091279959204,0.05434203516249333,0.0724064769764025,0.059623430962343106,0.05127819624958345,0.07886754297269967,0.07547169811320753,0.07734258800198315,0.09409304756926289,0.09089122355631789,0.08433107756376888,0.09345365036972073,0.1146694214876033,0.09394572025052192,0.0907258064516129,0.12213740458015268,0.06572750815269518,0.06662966655008669,0.10005211047420529,0.10753821823932525,0.08343971044065837,0.019035390206066347,0.08319589678647701,0.05335924924429786,0.0643846751413188,0.10557626633671023,0.11415865294267492
531,Calsher Dear,Hawthorn,0.06743077089493042,0.08388673568378976,0.07610547142099962,0.07640067911714772,0.0871794871794872,0.08636748518204912,0.07381370826010547,0.07479964381121997,0.05492898143426037,0.06112054329371818,0.040990606319385156,0.1070549902041413,0.06593406593406594,0.10485609137427974,0.09447264130458469,0.10677145423222617,0.09811578742953825,0.11085452636426639,0.04587728552181494,0.08141045145527456,0.137704965274776,0.06823828345567479,0.07298001737619467,0.0659394382609606,0.06644835084829964,0.10101193220494423,0.0905059069510897,0.06599450045829514,0.0906666666666667,0.07071946973677375,0.07664720439254506,0.08492282249173098,0.04741000877963127,0.07664794987993578,0.06830122591943957,0.0639735235547382,0.05875634056890303,0.03766816143497759,0.045387773635461426,0.09563445614947763,0.06021342326590173,0.04941323280158927,0.0795053003533569,0.13506493506493508,0.05662282579440132,0.05699481865284975,0.06613235793506174,0.11899519472136558,0.0970549424135222,0.046201085838701486,0.07700257042598972,0.023014116488217353,0.07430667603566271,0.0454881235721639,0.05626881232313186,0.09872108168759809,0.1173263577081602
509,Jack Dalton,Hawthorn,0.0607699132807879,0.10892493380164159,0.07733753760504351,0.06483075623700625,0.01889168765743074,0.10176113365391116,0.04597701149425287,0.041264214180186595,0.08242567213669152,0.05727907615049152,0.07323213326865659,0.046597166436175536,0.07097533177160055,0.07021930138004881,0.04056663530696615,0.09644449066316339,0.06217350666783774,0.06881975498107068,0.07756948933419525,0.09132846067385716,0.04641305392432084,0.09977750348871306,0.09489586474001745,0.07404697728147863,0.07274130345456553,0.07417810704212165,0.09369169965560675,0.05405173260037302,0.07248936878729538,0.06498444231535486,0.07235228780899854,0.03471333357353819,0.09084305787092166,0.09714467730823761,0.06177724859592952,0.10253892522569061,0.05580923089055815,0.06470940683043738,0.05911466895331994,0.056619249667909065,0.05620210224393339,0.0608254669612372,0.06998441945535838,0.01564537157757497,0.06991814288888439,0.1066830165542612,0.06061095660336994,0.033354835736994895,0.03834747508031963,0.11443572189178694,0.06852575711380249,0.022866187050288284,0.06936894893497753,0.03363332779348627,0.046321921056436635,0.09521952755795494,0.10583347783190421
587,Bailey Macdonald,Hawthorn,0.050496385554014776,0.08562901378091227,0.08890378098211521,0.0612038199061226,0.06263958317638392,0.06444048103553252,0.08301537703066794,0.07937638111624926,0.043083296268096934,0.05728421530770951,0.09928337691429881,0.10463876885049381,0.08538523558582625,0.04321197981906842,0.11927100358886346,0.09935802717604274,0.08262073311493531,0.06524187857210142,0.07178580684164607,0.06917415270579344,0.1299903273473618,0.1112734303460971,0.054768279089988145,0.06637495238644874,0.06083536824537458,0.11205405936427008,0.0970972008463786,0.054394645553645565,0.05634266323919244,0.10596438788110828,0.044322871051802715,0.07505344325431573,0.0952273966476794,0.08117273988329085,0.053363507453276615,0.061805179675844,0.06763259159439654,0.06828931985464251,0.05524490967154762,0.08406831680860155,0.03391652782420372,0.07964686583711306,0.059152375015184104,0.08694534204380684,0.043162542263734734,0.030325774134178078,0.0999119462590794,0.0690464969618375,0.09600510458705505,0.040784850999884464,0.07380433426896428,0.023318069292041627,0.06911032483381546,0.04125603227986802,0.05276427897633089,0.09929897881900329,0.11189403041554462
641,Oliver Greeves,Hawthorn,0.030986683840687996,0.040581197548173846,0.039819705815466754,0.024580285367935793,0.03432267529630613,0.04612229349354458,0.07007547905728162,0.029074994426562424,0.041308980332995904,0.04384509376340698,0.019590938819192584,0.011592057104594242,0.03245478569229095,0.04526003069152091,0.05492871278273574,0.03778092145452207,0.0606089997093312,0.0273259596616786,0.018622561857950946,0.041186024276153047,0.05630467786299386,0.046784777557268654,0.03226887927407593,0.03368976708811192,0.05594246901214473,0.034501694832885836,0.030546654082973333,0.04108706247213781,0.015465697517938788,0.037651327115739784,0.011629530305932619,0.05640068185428682,0.051358542741935964,0.014799524983510871,0.03920203518826454,0.03771894187105611,0.022706343359414696,0.018698861034866433,0.03784493048651151,0.033812475711130704,0.0572388908884915,0.03790040768782761,0.07271305486201836,0.018603147748881575,0.03142563221326369,0.036530937111994476,0.03943508644046276,0.04110075225092912,0.05782070054137785,0.011175497646228763,0.03724854725473978,0.01479733868834851,0.03774993166278909,0.012279379214836161,0.019404494562268417,0.05514058783468222,0.06003739837990075
508,Flynn Perez,Hawthorn,0.018468780821944114,0.03125827102843126,0.040890189328385854,0.03228703916602279,0.02377110319396441,0.0062467464862051006,0.029471693243867322,0.017955141812138625,0.007681196349403901,0.03501048957097007,0.02822338034874155,0.0070150090776878995,0.03346721305884805,0.01436824823102182,0.026960945160445275,0.02615180027099954,0.024940976585773822,0.03335108635295366,0.023474101936352982,0.03922510669426309,0.025570795078767146,0.012125206620216355,0.007679353814066778,0.014774210070608897,0.030556745022365044,0.013302789243817666,0.0199950148828532,0.06026353173460108,0.009389671361502344,0.011771553194763147,0.021029136114308105,0.02170542635658914,0.038963605850781555,0.017304381940069533,0.008925911079576514,0.02002748358038947,0.02267751782154622,0.006949853254224978,0.009473684210526311,0.021245754321694933,0.01044449728527248,0.01896356071226875,0.026533250938619524,0.034589009476893175,0.030922555395578352,0.02414295863225412,0.024717230449646507,0.03134735796530737,0.03589060166986264,0.0315915162339018,0.023261853660625883,0.011078788913059499,0.023622602565158697,0.00715119974864557,0.01024159735265053,0.03337535683448559,0.03917149902134937
588,Cameron Nairn,Hawthorn,0.013057671381936893,0.023460410557184754,0.029024471847815706,0.020328919899607313,0.003828972559029994,0.018887722980062957,0.022040279532736805,0.012671594508975717,0.01662689210841215,0.03781385653080257,0.03602979078902932,0.035572328526430844,0.02127955914857541,0.03267973856209151,0.010363876216127084,0.05432885007392865,0.016826515603042422,0.020615830774479704,0.04477611940298508,0.020131521682710936,0.019586507072905334,0.017038887518896956,0.05079365079365081,0.012500000000000002,0.0035992801439712063,0.04188853113378916,0.02789671710322506,0.0038314176245210748,0.028986931183461427,0.019586507072905338,0.016809508949468387,0.05098168459111419,0.03424349906604825,0.006888633754305397,0.02521008403361346,0.039604358489807416,0.03007986174023331,0.0,0.03285870755750273,0.03382187147688841,0.037305699481865295,0.043478260869565216,0.007384615384615385,0.016290545702310415,0.02141101981677545,0.02111827900478687,0.01657067321310547,0.0,0.02283392237570847,0.02614508941589818,0.02398179334513809,0.013417003003134453,0.02134528948267543,0.003646367089058258,0.012053550129170563,0.03741190430509318,0.0495600568585643
532,William McCabe,Hawthorn,0.022727272727272735,0.0,0.020674055776237897,0.004618937644341804,0.014018691588785055,0.01579986833443055,0.014162077104642016,0.016774818663650506,0.011734028683181227,0.004746835443037975,0.00902619551588853,0.021525887864470843,0.0,0.0183156791920603,0.014251781472684091,0.0048820179007323045,0.02543326152027607,0.01393715333915046,0.01614364549872334,0.016303696303696314,0.01993749741196416,0.013174265380319126,0.0,0.014251781472684086,0.0047468354430379766,0.016270657265440656,0.005000000000000004,0.004930156121610518,0.004672897196261683,0.004089979550102252,0.0,0.014251781472684095,0.009411764705882357,0.005159071367153912,0.009139375476009145,0.018571802781558185,0.004901960784313728,0.009926620464737058,0.008869179600886921,0.009493670886075951,0.0,0.008572233088028252,0.0,0.026137842995993376,0.003942181340341657,0.019464720194647213,0.0037854889589905368,0.026574026252448382,0.004995836802664448,0.003724394785847301,0.010781438527458902,0.007578524553251404,0.009452717795979153,0.0,0.003909432632639273,0.018758422520893787,0.024878533817710373
580,Henry Hustwaite,Hawthorn,0.0,0.0,0.011124845488257104,0.0,0.032085561497326213,0.007792207792207793,0.007707129094412332,0.007614213197969544,0.0076045627376425855,0.0036968576709796664,0.007523510971786836,0.007623888182973318,0.01946787800129786,0.0195822454308094,0.01404330017554125,0.021871202916160386,0.0,0.019367333763718526,0.0037926675094816682,0.0,0.003722084367245657,0.027149321266968326,0.01073345259391771,0.007623888182973318,0.018427518427518424,0.022291021671826627,0.0076093849080532665,0.0038461538461538477,0.011826544021024971,0.023270846800258566,0.015544041450777207,0.011443102352193263,0.003826530612244899,0.011605415860735008,0.019907100199071007,0.018337408312958433,0.01536491677336748,0.015894039735099338,0.047244094488189,0.0,0.011545862732520847,0.0,0.0037243947858473,0.0038935756002595723,0.011385199240986717,0.011349306431273645,0.0,0.003787878787878788,0.0037151702786377694,0.007662835249042146,0.01087256986815175,0.009510512704265827,0.007749668443310063,0.0,0.0029242144177449173,0.01949178079406577,0.026354234001292803
653,Aidan Schubert,Hawthorn,0.01493775933609959,0.0,0.013953488372093021,0.004796163069544365,0.004735595895816891,0.0,0.004669260700389104,0.0,0.004796163069544365,0.00490998363338789,0.009577015163607346,0.0,0.0,0.01877934272300471,0.004796163069544365,0.004901960784313727,0.0,0.0,0.015025041736227047,0.009909165978530145,0.0,0.00970088924818109,0.0,0.009764035801464607,0.004983388704318937,0.004901960784313728,0.004754358161648179,0.004672897196261683,0.023492560689115115,0.0,0.01472995090016367,0.0,0.0,0.0,0.0,0.005136986301369864,0.00480769230769231,0.004807692307692309,0.009600000000000003,0.0,0.0,0.024509803921568634,0.0,0.0,0.004842615012106538,0.0,0.0,0.0,0.014457831325301205,0.004979253112033196,0.0053185803861066725,0.006400846639463863,0.004775260615596272,0.0,0.0,0.01075442935878477,0.018009711020715267
634,Matt Hill,Hawthorn,0.0,0.00959232613908873,0.00922367409684858,0.0,0.0,0.0,0.004720692368214006,0.02329192546583851,0.0,0.0,0.009787928221859707,0.009097801364670208,0.004882017900732305,0.004555808656036448,0.009501187648456061,0.0,0.0,0.0,0.004447739065974798,0.0,0.0,0.009244992295839754,0.004862236628849271,0.0,0.009493670886075953,0.0,0.0,0.004930156121610518,0.014018691588785048,0.0,0.0,0.014251781472684095,0.018823529411764715,0.0,0.013709063214013717,0.023183925811437398,0.0,0.0,0.008869179600886921,0.004746835443037976,0.004672897196261682,0.0046118370484242895,0.00959232613908873,0.0,0.0,0.0,0.004922067268252666,0.01913875598086125,0.004995836802664448,0.009419152276295134,0.005451760722291058,0.0064404230932350055,0.004642367122342986,0.0,0.0,0.009633206974387864,0.019074134534196457
562,Bodie Ryan,Hawthorn,0.0077972709551656924,0.008379888268156428,0.0,0.0045351473922902496,0.0,0.0,0.0,0.009237875288683608,0.008614501076812636,0.0,0.0,0.0,0.0036877688998156128,0.0,0.0,0.008746355685131199,0.012875536480686699,0.0,0.0,0.0,0.0,0.0,0.0,0.008961911874533235,0.004243281471004244,0.0,0.0,0.0,0.008908685968819602,0.0,0.0,0.0,0.0,0.0,0.0,0.0,0.0,0.0,0.0,0.0,0.0,0.0,0.0,0.0,0.0,0.0,0.0,0.003787878787878788,0.0,0.0037783375314861477,0.001871088793609283,0.0034942357590939032,0.0,0.0,0.0,0.005216931216931204,0.00895100056386194
563,Max Ramsden,Hawthorn,0.0,0.0,0.0,0.0,0.0,0.0,0.0,0.0,0.0,0.0,0.0,0.0,0.0,0.0,0.0,0.00424028268551237,0.0,0.0,0.0,0.0,0.0,0.0,0.0,0.0,0.004160887656033288,0.0,0.0,0.0,0.007884362680683314,0.0,0.0,0.0,0.0,0.0043604651162790714,0.0,0.0,0.0,0.0,0.0,0.0,0.0,0.0,0.0,0.0,0.0,0.0,0.0,0.003787878787878788,0.0,0.0,0.0004886775385277366,0.0015575854752882046,0.0,0.0,0.0,0.0,0.004224006704469157
384,Max Gawn,Melbourne,15.769391890813747,15.950886643692856,15.683774739098645,15.718012347091767,15.623641211314668,15.409481752533084,16.054533375252042,15.7259551511414,15.959172088180722,15.738421841806682,16.11372106358729,15.483444297986171,16.133293251278815,16.2792368582277,15.474453399992024,16.040065431014433,16.00379418241133,15.45474356087,15.79661377867787,16.21878006780144,15.774025317686919,16.458018570151076,16.002229363748288,16.14813296900919,15.529465050484848,15.557248437893405,15.684165214036572,15.943564607113696,15.648850580136019,15.934336632029646,15.45782090313808,16.22249665591106,15.722020712436445,15.736502570851595,15.972976141648035,15.9513196504742,15.586601852425252,15.743812163773821,15.411011450843436,16.00975687241782,16.19900063188798,15.855647129550489,15.849354891629721,16.232659900310928,15.326262181284582,15.825148882517809,15.60518017961303,15.846978359652743,15.973547099785218,16.073984859460538,15.838270735293504,0.2642076849243963,15.836063621085277,15.41997653339888,15.551441709925017,16.11781165081482,16.230576435208956
385,Kysaiah Pickett,Melbourne,13.914234388481233,13.74384265155684,13.97959829165588,13.53885060033576,14.037024511717794,13.762028690102861,14.349606251235986,13.816526900156159,13.869649758423078,13.817234907534875,13.862385165287455,13.978169928425913,13.88282922908891,13.657898595893174,13.74275100008351,13.897686907972448,13.746516422741072,13.854048385661077,14.130596959413962,13.81917444775578,13.751202219495022,13.95130369951935,13.744733072248456,14.005881868800856,13.807891591076562,13.784516085122085,13.501565898991151,13.522988974407822,13.8882371995489,13.458401669173403,13.723578965271061,13.99757971168203,13.923715368907496,13.845804560296436,13.987349945325857,13.754028817141313,13.93920224998722,13.812758335937254,13.63886720879295,13.694826240160959,13.91445310366557,13.770624743970464,13.899330007269771,13.97955363227955,13.712557436247094,13.790328261306954,13.8113650610989,13.764622660222928,13.72603924399589,13.793065392747945,13.825940544364299,0.15825161069200588,13.814642618046706,13.526240607723048,13.721275465705052,13.978459122531323,14.030640269919822
405,Tom Sparrow,Melbourne,10.004249571457397,9.966497639411847,10.347880889089618,9.902272352530813,10.240660966252026,10.121720732821132,9.69535367088847,10.296475133243646,9.873387151820658,9.766467355358113,10.169079435608218,10.024796756324365,10.293815190000728,10.088142580033171,9.909541408440118,9.942944296884875,10.046815717340595,10.128543493814243,10.125365829151177,9.549450147471987,9.743851185693147,10.232642848495642,10.099601555591745,9.834596861446943,10.252236261003967,10.224985632560363,10.431329801880004,10.121488063738585,9.936240654122402,10.03085328895294,10.259618758249301,10.035633268565954,9.809884329840857,10.471400032755565,10.105089281210105,9.8108369076653,9.562555513505032,9.906506677157049,10.033062173525895,10.173251173086133,9.869146288355841,9.711219098495379,10.012952975724534,9.99911845875544,10.060667154988803,9.919073594125416,10.068351242413907,9.867092726614151,10.07688785741979,9.812132035331384,10.019315320384296,0.2053286963277164,10.031957731239418,9.698606083547887,9.811861353649173,10.234318635106726,10.337342709141193
383,Jacob van Rooyen,Melbourne,7.1723481340332205,7.267652793563847,7.010398252444981,7.165064841562745,7.114427200061676,7.052124820503305,7.014124302474203,6.896606435180503,7.1890370267787,7.193900839579595,6.956116014057846,7.37125154537429,6.962464088662327,6.7976886427162455,7.01102209347156,6.963624177144146,7.071732189935596,7.000568911318505,7.241508239989766,6.952433183983252,7.320194435298279,7.197115983818313,7.088732434464503,7.249162949138918,7.3307000860032545,7.258673249072904,7.1817920716569645,6.821938862897982,7.1723001448440336,6.91804358295493,7.127411314399286,6.990437311024987,7.084470147030562,7.078061738732761,6.984031473013503,6.906760077988357,6.862923776266311,7.177529002746096,7.310554309074693,7.306671194804445,7.24062352482775,7.132302936775354,7.136014304798579,7.118496478513333,7.138502746475275,7.119730548766145,6.8982245180191155,7.237474298558681,7.2708172175402845,7.022018399633528,7.101716057039508,0.14362674466756964,7.119113513639739,6.869828721343721,6.955346302572256,7.25115060182512,7.318218209422444
386,Jack Steele,Melbourne,6.7591419028863085,6.993347574470098,7.0876658285707155,6.412154566131386,6.887665273199102,7.039974375438224,6.684012368610747,6.99570895730199,6.957778133943027,6.673067022507506,6.934916415278903,7.146406668464961,6.953175310905599,7.1244282937774654,7.009453837739425,6.987344622410382,6.975949700694801,7.326600357408715,6.8484394152831145,7.15023908892637,6.828308157181337,6.884675384660957,6.7299114841903105,6.831743517832503,7.010180077609332,6.778585735954475,6.681701530625621,6.712712921070421,7.1385614181065105,7.215169057917792,7.136744514448905,6.972164682928814,6.715366134360429,6.888894938769603,6.6951705930865915,6.667506251343112,7.070546894457914,6.803879272800646,6.956336993335578,6.474050069171842,6.575977610184497,6.710686147403112,6.815113602693134,6.859805973576973,6.969548214343869,6.98532647158787,7.188560679582902,7.127217241810201,7.17728681448293,6.790937680817216,6.906802795605684,0.19806691406271168,6.944045863092251,6.594740981622013,6.707443396550959,7.1292084417916906,7.186249537237408
401,Kade Chandler,Melbourne,4.428938393674004,4.574807783127348,4.657165940103027,4.6219123655691705,4.32477102317729,4.696664144170401,4.628631694526897,4.626101064581262,4.621068810289888,4.810360719808845,4.411985767386873,4.431828982468493,4.428736257572593,4.7390160955360425,4.5280804602083045,4.37834223510357,4.494483693280267,4.521422422060747,4.578015193462404,4.612113266483126,4.426011931425436,4.6516026977782525,4.56105429595958,4.592989240175236,4.497181588367804,4.369193564096308,4.516348407316303,4.679867035939217,4.628053711015635,4.565438607868942,4.6338991036799335,4.552774353744143,4.629238793812902,4.579184770275098,4.615620087576659,4.6728593026319585,4.527646614343795,4.704157177728386,4.607533837130521,4.438404652736338,4.503338869062956,4.451037365540676,4.682344646027395,4.4295186647468885,4.4666906616573625,4.591148450955483,4.571052983255679,4.508449952115214,4.5698646814735,4.68945596996037,4.56052816661977,0.10508480860802731,4.572930383191514,4.385239159221648,4.431346126064677,4.6604458528715735,4.7026211058489995
571,Jake Bowey,Melbourne,3.0624571511094287,2.8770482399848736,3.0066066461645646,3.228023663288988,3.0338714209764395,3.3111642824779306,3.437444956345775,3.48700207544269,3.1262534036130036,3.2685278110340223,3.0314530600280727,2.9736197212809956,3.2459148706507537,2.985651351805784,3.3198257551065318,2.9961357999067304,3.220962249481117,2.966576592949717,3.134394493086777,3.2025088269534865,3.1401446880770676,2.9462511176562765,3.0945437446382353,3.506415532775151,2.915695827529839,3.2210541178436785,3.065938161290296,3.1818277273465965,3.0632800228766275,3.229369540790472,2.949836478277423,3.214186364559595,3.073699767341243,3.35794612555955,3.2587059067554813,3.159554606810819,3.2378540144615857,3.163622249819454,3.4365990661590455,3.131876941141639,3.1225429969371286,3.0815162255763586,3.0469565822486944,3.208927983678495,2.9693267979014215,3.2791559340522607,3.207684781944289,3.2091527303371885,3.317102622179734,3.3764787228298623,3.161653795021664,0.15198385202527182,3.1615884283151363,2.9469861165836115,2.9939445502536324,3.3124053954756074,3.4372715488574954
390,Bayley Fritsch,Melbourne,2.494031850567124,2.3417200891771612,2.460325510398378,2.697898268226731,2.7927952918752035,2.487600550468626,2.6275390120474325,2.7078571015728605,2.399648709416677,2.6231016781575685,2.595347316611745,2.431083181919588,2.5718149607303404,2.5120073603167095,2.462238642286569,2.5936639408735993,2.454139933538513,2.6377171948748597,2.4230079521546646,2.576669239027657,2.6645014475374644,2.5300929874102724,2.4868135194442935,2.4038525138158042,2.5028105287861453,2.8301067999835783,2.4872094218509937,2.5697199939761726,2.534736808048247,2.6708683712888344,2.492552768959617,2.476775483166568,2.5020137351557805,2.6353412908609695,2.712919553296553,2.539975270588454,2.7299183368588897,2.6422317403955375,2.578895936410688,2.7948498971725693,2.4981310941406454,2.6478531968322576,2.660180690863244,2.4540415698796276,2.8774416828907823,2.609122069071584,2.6091522612077735,2.650003385884498,2.764533777472596,2.602733502835231,2.580991748406554,0.11981965527331753,2.5777825877191725,2.407779378675271,2.461838797721937,2.699979664396072,2.7944287030866093
399,Ed Langdon,Melbourne,2.509991792276148,2.48086803622891,2.3234629950999715,2.3802753357348014,2.359456850646677,2.4553197321818225,2.350845621566632,2.2211616452084457,2.401568294586412,2.446750122038415,2.341221374963785,2.198226896751335,2.220094856173608,2.1859721010653432,2.4610568757581706,2.3381569259786374,2.2089226707749154,2.1787284928630086,2.3302950623760155,2.1650797753981132,2.208915068553356,2.2246515852390765,2.2003687550959072,2.468621185809438,2.3559445379881048,2.3766643072337588,2.3591403461594176,2.3512462970935855,2.4032415958162345,2.351073800742674,2.3481338317749576,2.237269686265323,2.350155236970582,2.367384343678664,2.3809730298336915,2.420074192367554,2.4799410147994325,2.3196573613187126,2.277267347746262,2.180840691482866,2.5638689225247693,2.522090058251434,2.283441965843405,2.4353506760284267,2.1928882006644836,2.2566790833769774,2.4350997222451776,2.352841646991408,2.1837855513820092,2.382176542693287,2.3365448408728433,0.10507480980624252,2.350959711154653,2.1814443877621903,2.2071288890407494,2.448541170558387,2.5040214222864643
395,Harry Petty,Melbourne,2.4377634899069243,2.3499520714146107,2.207437390740101,2.2421329910161942,2.4491151672745612,2.1254250453369052,2.2340861271448604,2.2463094102901793,2.250758857453456,2.205347046575363,2.1807768865482107,2.278483480611612,2.274400990243126,2.3705751600423555,2.364593243900707,2.1821477155073072,2.2998725753253546,2.4357431069303095,2.3273826456782016,2.2525584563443917,2.2108563225019333,2.2997149068088723,2.2839008931634712,2.224667250238254,2.2222643612506396,2.188863211051825,2.3063300245091876,2.3191992622241773,2.3551283310514752,2.311888898906858,2.1698041014880807,2.3914459912595496,2.4139346621011604,2.339910415094903,2.2437792440342657,2.232832890653006,2.4783164215872655,2.2447417120387723,2.1503836765445694,2.380722041560755,2.2220855859344724,2.217856434451339,2.2841806040332657,2.2151011908808464,2.1740580777856917,2.429672837621055,2.391714779042763,2.1856080409234715,2.2423642120299494,2.3586936991171292,2.284097638763475,0.08809343886470285,2.263479723293759,2.170676166629091,2.2019019249509433,2.382963347047803,2.4373493113967184
615,Joel Fitzgerald,Melbourne,2.153201018985843,2.09831728054907,2.1099626331350416,2.326209485350501,2.2656459174508177,2.009524594008742,2.218205433231826,2.1519459867710027,2.2713968633901027,2.240782924042575,2.103294656419376,2.1252020189682916,2.248425928952741,2.144076118495852,2.370367732624569,2.3061162809140394,2.247576277983039,2.2036869724972563,2.1948116705232055,2.295896583941192,2.3750537402287994,2.109793649816713,2.071538855161082,2.1245137539600196,2.149518406993073,2.1897926331216526,2.1838553784216606,2.4379083859480146,2.2981870294424036,2.2353051797680425,2.3007849712817237,2.3247703398232766,2.1679392767069063,2.2504783052416264,2.015407218550253,2.293971854035067,2.0922320307299476,2.1628883352912656,2.1604842455092133,2.113461148867382,2.1912909110074827,2.1944318072141815,2.3119904761339187,2.295202882460941,2.1805925778930026,2.2299973214561986,2.18799214561624,2.129565893322388,2.150457719166464,2.175172762355988,2.2037845122752002,0.09201163316748175,2.1905417720645675,2.075780956152699,2.112729959079323,2.2987299992868215,2.361315291933385
398,Harvey Langford,Melbourne,1.9246657682693196,1.8266544565180294,1.8755155932346683,1.8690089635139135,1.9760035055601004,2.0916658262110603,1.8859983551826223,1.9291270780813614,1.8985896062139602,1.9974151020937352,1.9850145599419236,1.9888972993340275,1.9370641894739964,1.8786320178187992,1.979301800627091,1.9046720768031817,2.0060283597438007,1.9220366490768883,1.9315763402412678,1.866765961283949,1.884539529529108,1.8152186878078316,1.9280004354429094,1.8767529443972741,2.0779879908054792,1.9104340880244794,1.9524285589720438,1.9536809220710194,1.9220715298529123,1.883150811181342,2.027252403797205,1.7758946161981943,2.0258283391543737,1.895771372068378,1.9482588842981796,2.023652100973505,1.9750654297648373,1.8427015258830939,1.8224810028723488,2.0002400988960005,1.8906654742547315,1.8280737978920178,1.912492403335768,1.882997726384991,1.8368743582829579,1.9807735811065825,1.882285409184203,1.9090636680967425,1.8522949476431594,1.9809784128099457,1.9234508912041064,0.06890171990337586,1.9172645262063281,1.8233365608697134,1.8637415194330238,1.9906775201108065,2.0269604705454243
388,Caleb Windsor,Melbourne,1.3717019090281126,1.396479340498879,1.3817592180253542,1.375343107926124,1.3001526374726475,1.327298470421781,1.3252179992896342,1.3684210678575868,1.481830740842326,1.3138214729125197,1.4383566841860318,1.335954753661483,1.448397244490657,1.483342268648525,1.484746409915115,1.4706845210665251,1.3316849379890716,1.2671716100898367,1.476398632295764,1.4203023608516372,1.3247019199565737,1.362572656330641,1.4425120842691406,1.5496498181137113,1.3302766652891465,1.4217133848160621,1.4324694578511494,1.6107005802709458,1.349173630164944,1.4109405938471364,1.4266213052288228,1.350993353590466,1.4468527260287376,1.3586811168210784,1.3333003387468283,1.3538323929065574,1.4190219714669863,1.3737073141921687,1.4458800832661134,1.485178744561573,1.3221116358865352,1.4450804679975164,1.2288713173101917,1.2530563744050505,1.3729434868921733,1.4540976004932675,1.2851100436890872,1.3546192455820762,1.4391207310981513,1.3791013487466188,1.3912391555457813,0.07533709462147181,1.3772222283363713,1.270848988977683,1.3251101387090245,1.4575642668930784,1.485090115959049
397,Trent Rivers,Melbourne,1.1799615733826978,1.0410652710317223,1.1161220515228396,1.0333812034142282,1.0113287190608042,1.1851130525624551,1.1648720697418395,1.0771582779805393,1.1522043964371336,1.1685331889875443,1.0541886355284107,1.1567351586912762,1.0655244786612736,1.3354363765133361,1.1418085931939546,1.0721809120061998,1.0564010943541946,1.2353678476865504,1.1120652520186718,1.0140434336233084,1.129896569479538,1.1766844845905617,1.1894899388189482,1.199687248165335,1.0945025275509332,1.1488921596176056,1.2613252572236506,1.1263983737582741,1.0597292619656637,1.2310578602334863,1.2532645702860692,1.1864606850908774,1.0757610255965058,1.210087356876396,1.0043492022057214,1.0542591575803117,1.1605808610621877,1.022041660427231,1.277633436602403,1.096002385106243,0.8726791088549702,1.033606307103857,1.089924712332362,1.1440998854959483,1.1134696890938405,1.0610851317126824,1.2644397737929969,1.0085715492036944,1.1673263755361856,1.221851774173919,1.1261729983187476,0.08844324689730185,1.128147471618906,1.009136769024402,1.0395063475707984,1.2125461200915781,1.263801297896281
402,Daniel Turner,Melbourne,1.1184684068209132,1.0549665798561907,1.0001162556197056,1.2934781451809771,1.0947737175722847,1.0552751633347792,0.9463898745193945,1.2296256526765754,1.1363387449632654,1.042790878334041,1.0213681336072848,1.228329855659027,1.085086843479522,1.1060518895475262,1.0337352932659798,1.1868944582042156,1.0618194642136711,1.1251600023254242,1.2228362851860433,1.0776610023482653,1.0987310474313932,1.1133005542127532,1.0390909246694071,1.0943991626579073,1.0776874318780094,1.1697305400351061,1.06702451913924,1.054899004276619,1.0573933494134173,1.2218403327312344,1.1082276514808815,1.0436661845082296,1.0785626936507375,1.0660857460407909,0.9797508130346056,1.1687443023251518,1.0439867956373672,1.1522517595781645,1.0691895835845564,0.9715315752808197,1.0854285055459991,1.2465926935208718,1.014505153493841,0.9355378816768121,1.2013296697733842,0.8878176766845916,1.0396746817537275,1.2938092649704902,1.0816024952691978,1.0931923368530772,1.0935350195564693,0.08766751132991552,1.0800825944599677,0.9515439231754866,1.0311505568973125,1.1899114174221717,1.2431144501477909
403,Koltyn Tholstrup,Melbourne,1.0120845266049012,1.0316215274919023,0.8438431936525076,0.8856942485066618,0.9374203859624735,0.9074467452237954,0.9977004286331616,0.8627652164548753,0.8975063718379634,0.9728971965919025,0.92001933973256,1.0032059726767957,0.859704083171129,0.9678178932563404,0.9248409892093673,1.0044742775765578,0.9046084231951325,0.8851252899546506,0.9127025837182888,0.9910794970666719,1.0396506498412712,0.8642810322156713,0.9273573917660863,0.9698408718115324,0.9485583663147221,0.8686676887733275,0.9749801986984363,0.9283459123373757,0.9074629022382498,0.7784203333058439,0.8799503366219814,0.8777746276993736,0.953592484749015,0.8610733387337025,0.9019858993369665,1.0374705569219769,0.9565962983694283,1.0113432929692086,0.9245179340609166,0.874349626925806,0.8291657879036538,0.9584341388509287,1.0139526592815913,0.9140954657666118,0.8841798023473153,0.9844003220669908,0.831286349821007,0.9487439711971952,1.0514475083622907,0.9418064421483058,0.9313258076390885,0.0626323105118809,0.9260991904877268,0.8338605028064646,0.8677508775527774,1.003471048400846,1.0362715058888115
404,Jake Lever,Melbourne,0.8699807171279781,0.911809638912558,0.9599063266135746,0.7790562522230581,0.8541554722089356,0.812496637574373,0.7854988346640642,0.9233768338856534,0.8406956851669916,0.8273174588365667,0.9668445838515873,0.8277340836505944,0.8354132012255228,0.9565210446353469,0.8072410047200774,0.8532792524453516,0.9516662431716062,0.802495079812815,0.86817552129249,0.8553159155675839,0.8865612463272708,0.7467053774364514,0.9080432274288323,0.9057377129153972,0.8069396559540843,0.843152222823038,0.853518865921788,0.8649402047766652,0.9012242667089532,0.8212482413759151,0.9419803912924046,0.8520327371497588,0.9323603910128742,0.8883495024291304,0.7470802598048741,0.8305966465014162,0.8745665375231791,0.8684758134695864,0.8517698059839756,0.7838409702036342,0.9760691643890933,0.8752021960633649,0.9449958821673432,0.8815941303316616,0.8720098932033298,0.9104061047187072,0.9597509837194759,0.9754398332331123,0.7849934934371212,0.9129172562323403,0.8698296560424302,0.06018172648489676,0.8683256673810382,0.7800371194090762,0.8071780228279849,0.9426106288852668,0.9654222411177947
393,Harry Sharp,Melbourne,0.685145747436043,0.6504511809066089,0.5893835476684486,0.6313166177755274,0.7740743084818287,0.5262410603586786,0.6445632194858113,0.5960966909133805,0.7189499299374419,0.4790780481683201,0.5682483183072106,0.5587347944661403,0.5571139630683899,0.5760178983721631,0.4929574269873749,0.6259514946724903,0.6476385737088597,0.640972186025952,0.5991228537552087,0.6368280531503112,0.5799142602645299,0.5975158759252579,0.7467336879333926,0.47497568924467326,0.6107925260964173,0.6296052949132451,0.666520254482771,0.6444983643480151,0.644007394908156,0.5715235677324565,0.5044725274364221,0.6475226121800317,0.5527879879931793,0.5884512892008812,0.6137281451341191,0.5833323676605265,0.5162236251884195,0.6747726550651252,0.7061662059830575,0.6242892367070402,0.5922728612337198,0.6347054138778838,0.6984045807376571,0.6226351887769705,0.6857749407177003,0.598402902557998,0.6109658578403441,0.6412898283833479,0.6315793990380191,0.6737259443298425,0.6153295279907478,0.06415757302772337,0.6234622127420053,0.4953180225794296,0.5583960407040105,0.6739447068735165,0.716329266526793
391,Changkuoth Jiath,Melbourne,0.637404736376605,0.45799490222442213,0.5323404828055205,0.44615099814764714,0.5850126046068146,0.598663840284271,0.5547026088866538,0.5950282451835238,0.5049988623230771,0.668367554193236,0.5728019521299295,0.5671041086148817,0.5090984115151862,0.49893781435785056,0.5314571626544512,0.5388968056195781,0.5432763487924612,0.5275603973608762,0.5501978899051356,0.45013440929142073,0.5038105112210614,0.50877176622658,0.6126691645521051,0.5410784184884899,0.5812647999480731,0.6792195349475284,0.5939735245640826,0.5082566213006511,0.5877070155545553,0.5786781610662879,0.5865780875251819,0.5775832584027387,0.5379467733941528,0.4573539389010043,0.47660519508156945,0.487137863950927,0.541748096932648,0.5282434120655449,0.5994759492369404,0.5089203998134806,0.49822688005948196,0.5511846402617196,0.5655347372039633,0.5849771518796871,0.5566963283321918,0.47243727452793827,0.5373790211029835,0.4825174005501231,0.40404113733983715,0.5334550683455799,0.541072045361013,0.05601638209955381,0.539987612054034,0.4516144128613854,0.48617218710015897,0.5890167159375465,0.6323339441525824
539,Matthew Jefferson,Melbourne,0.506334171961465,0.4524292304583119,0.6088643587854861,0.532979624533483,0.5917882286628909,0.4765165694350003,0.5537437800208542,0.5856441757619881,0.5590816858329487,0.5444998067053145,0.45939127201615104,0.44824629973760793,0.5440329487567714,0.508796547054944,0.4704129011858076,0.5060947401218576,0.49457676297397496,0.5128087209953024,0.47765881452052095,0.554535052612487,0.39935435807167574,0.5877943963065074,0.632857045402933,0.46148829516874706,0.4330651812465942,0.5793264546786407,0.5796393411845902,0.5539768236543927,0.5331291585002644,0.5479615793845883,0.5053035832212068,0.5357082224386162,0.5725577104622676,0.5506124390553734,0.5129574126557193,0.3834537440763619,0.5830516157663802,0.47287671254972674,0.5994943659532316,0.5672863432097078,0.4987449832425601,0.5343291743896798,0.529675460174351,0.5504997944981943,0.5139985506555312,0.5491768063796183,0.5464316472062889,0.5251153765771771,0.470461811594466,0.5496871952695614,0.5249690255021624,0.05313730289248551,0.5337291664449721,0.436177310537252,0.4704515893190564,0.5793918479583842,0.5979146078087118
501,Bailey Laurie,Melbourne,0.448801681640572,0.35914248525459297,0.396462904661937,0.3650113575892315,0.34915091560979716,0.36173252404818224,0.36242353846630937,0.318194280136218,0.3640116312409065,0.27889213353050957,0.34921976389340553,0.33380470876806717,0.4434219347306092,0.3153004123532035,0.3360381722115763,0.35706374488315423,0.24593838159855574,0.33445691401282823,0.38123695904653004,0.40542480836038375,0.30905415011820603,0.3772706421077149,0.2303297439265305,0.35456635579036344,0.4766371914102523,0.33758027626420706,0.331011480371166,0.3284137266639121,0.3182975008988024,0.3369886637369761,0.3372143605386328,0.39153057953298986,0.3342299316133492,0.38667847905391795,0.4243709933869705,0.3441866410212942,0.41017611481596444,0.33172500910405184,0.23119204075673244,0.38724930596711055,0.4350171938317569,0.31495826078303635,0.31695988901122196,0.3307036406307891,0.4197189267311586,0.2781538376099739,0.3559612090326184,0.38709269789985773,0.30115072003780863,0.37372026543700065,0.35195738160241874,0.05188575244183409,0.3491853397516014,0.2525425500808965,0.31522890267503856,0.39833594253491234,0.4416989628463444
389,Christian Salem,Melbourne,0.3886929702320764,0.2928154518977463,0.29808153014312666,0.2913773793131599,0.28485830815599644,0.3242519438062886,0.21112986594837377,0.2048867666415331,0.3017471439473493,0.27905364134851285,0.3075018002435415,0.265910494063227,0.24664808670646568,0.31468116996925394,0.2676903970072371,0.2415000647825165,0.36030398562440347,0.2371261934209755,0.31466713531590457,0.3259797561534006,0.3762787445970065,0.20986983611795199,0.23589957688484722,0.22203721695724837,0.2524638523119844,0.23421469089765584,0.2910827846597704,0.28465103516806184,0.3576925637281832,0.26638417793164776,0.27052333759428576,0.26185640575448366,0.3094204653746298,0.2908741284651782,0.3520681726713203,0.4102828973780348,0.281695136766545,0.2905947758607405,0.2806466659241528,0.2733733933833477,0.3083200009613615,0.32566309401218896,0.25999224513706976,0.24391466078450244,0.3062822744568452,0.2347661692853393,0.29270327941104846,0.2832300937609445,0.26351823076208697,0.29456324812069107,0.28647534479680486,0.04520029359531898,0.28475467166202917,0.21336587290519307,0.24058592566795445,0.32454687419932177,0.3730039190076228
387,Brody Mihocek,Melbourne,0.2144524594141996,0.3166590147814295,0.25022161304122437,0.2766153613548786,0.2220652034657485,0.24400351322689956,0.24701885743760849,0.23162773879152354,0.2682390435975003,0.23499745036522,0.31474236609068307,0.25785922752216495,0.37695757760980897,0.34589331578639015,0.27918240747787904,0.2669493661583299,0.22848758170373482,0.28261886346159154,0.29190895736784844,0.2342247455688368,0.26481734724854306,0.26222459567440964,0.2871053633525582,0.21343675523545422,0.2142345900463435,0.2815305257696071,0.2802684795059924,0.23885810296213542,0.27773345457646986,0.2871262052415026,0.3438588477233313,0.2700270209734494,0.23503051231945304,0.29118064409948363,0.2647686988418339,0.3049742803128935,0.26873119476144,0.2985903199228727,0.2233678558635236,0.2870413773361174,0.2838871731920007,0.30100860034394267,0.3225628917867518,0.26991190587563746,0.3541963075845472,0.36976512388500016,0.2393605984671596,0.261054629308816,0.2577044285358848,0.2565053296693375,0.27391175649279986,0.03949757722564975,0.2693215503185387,0.21601307194476713,0.2348359550627759,0.30701581024045144,0.35249419426592493
392,Blake Howes,Melbourne,0.32514217467178685,0.2814954493521029,0.2918264723263158,0.28671856590086986,0.25673335842730055,0.25202525781927687,0.20461016135416304,0.2671669577639591,0.21001228396502095,0.2793822644168377,0.22997802735886458,0.2556243014850698,0.18908313576513017,0.19806247618556708,0.21916209711713042,0.23896089501844503,0.26155602153228413,0.2529144182815275,0.2312966507699611,0.2245046635141807,0.24622016782097786,0.23222840080774607,0.2828493530793895,0.27949578707433914,0.36928538048737863,0.19345560961914157,0.20255153732387007,0.2687611215015197,0.2726264644296256,0.20964765537965438,0.2833485626172972,0.2206936219856664,0.2413242007479344,0.15042229191686318,0.24120195337447803,0.3343968186935115,0.18017948542020093,0.21152534164294057,0.2833591427535109,0.20345400897906438,0.27338804025223945,0.27053564918968537,0.27506163758220237,0.2717165869474744,0.21027721874841776,0.15886175896797763,0.25234555348204035,0.26505947058372215,0.22567866058432556,0.26404015084571675,0.24660494531729413,0.042690455481822834,0.2521854056506586,0.18200473374091142,0.20436852550776743,0.2817784152311058,0.3183124556909651
540,Max Heath,Melbourne,0.11689411767563347,0.1829229913691125,0.0874667089497826,0.08947050156524954,0.15680765850593792,0.17558463261010157,0.145608703268521,0.16808120327736792,0.1404273744906612,0.14545106403783714,0.12216664348745399,0.14061418512950785,0.14651354926428256,0.1686446659433002,0.09631180132784055,0.1300265994112402,0.12487110137243133,0.1275000637029175,0.14520578453436422,0.11948160767802679,0.14578650344207297,0.10872856577947622,0.13278984946124295,0.15381225368957563,0.2252232982674493,0.11025180615739008,0.10775915257635453,0.1129327330504956,0.16941113399295024,0.13822304379908892,0.14012745384614167,0.15426864049049469,0.11496954811082083,0.13370868183554124,0.14304356547759622,0.07661677546392211,0.14753660778609395,0.12694400757563543,0.10262771201306875,0.13080345980060823,0.15263359545664526,0.17886947995935265,0.15580281260901585,0.12177857604707343,0.11699047591627772,0.16026659671421517,0.0898767246996838,0.15071114212414136,0.13478886371770774,0.15615752378998093,0.13646983082503364,0.027936704675004698,0.13917524882261528,0.08955377730780856,0.10993344891840609,0.15753057659146785,0.17819608625275615
394,Jai Culley,Melbourne,0.13591429624993157,0.13198381090733402,0.1428065497036033,0.13727869875886942,0.1080486318702746,0.09693321307163351,0.13992826588424034,0.0815188137469579,0.07638918045005995,0.0943862251265121,0.1254779018189502,0.09366561040597177,0.13054121127035498,0.08969243855187156,0.12903762020296966,0.192468553878296,0.12535133678419155,0.1663213581965371,0.13806035473626765,0.17230886591837155,0.13125174312803048,0.12080913425551554,0.12172307451898684,0.10148870184007665,0.13810753363233355,0.16025237155674282,0.12343708271367669,0.1465082722682861,0.132511276259482,0.12596256662953378,0.1294862636115481,0.13009079512065042,0.13331007326609773,0.12388767166567113,0.11777672714693044,0.1444273439341093,0.1166877582256678,0.15629294436231744,0.11615279890826904,0.09939973105879489,0.1460318818965282,0.14593174736932898,0.11514765775404691,0.08990204532182573,0.10949749149166892,0.12596986063848234,0.12651344775088558,0.11993955722217037,0.1335527637102038,0.11057185184064457,0.12601470213263408,0.02288477855903555,0.12624165419468397,0.08973540793971217,0.10105210694678876,0.14474176425207022,0.16507721593537925
500,Jake Melksham,Melbourne,0.10822877922435714,0.10838997290559513,0.15590216489675449,0.13333964973014223,0.0874723634126029,0.11631305324052789,0.11331578011283507,0.13852151949073474,0.14458117122679473,0.12620818762932118,0.14385706892240818,0.13232031962988208,0.10879163606514884,0.1298972063112465,0.11746876243980282,0.10744796598899883,0.11086288746141443,0.13287957460408187,0.09617466318475075,0.148847785983363,0.12128710059903332,0.148062495287248,0.15019463234220382,0.11215083703890778,0.1149044935750399,0.11361544888336422,0.14927353631508408,0.10551282513899339,0.10691024258268259,0.14779988503891608,0.08714784053036861,0.11341633360268102,0.11559396168969495,0.10139476471822072,0.1585585771626403,0.09935921335709783,0.12086967752514088,0.07758320788603426,0.18646854423208553,0.15098117746738438,0.09586072881218553,0.1551214493827925,0.12067317176806232,0.11870064857622156,0.1737133163257192,0.08228196335409484,0.10322081932189628,0.1065560352920979,0.09854968188602928,0.07995933533242341,0.12153084914970216,0.024558863957782985,0.11595350746511142,0.08327946817523096,0.0991900212796445,0.14893676780269272,0.1580140126481337
478,Paddy Cross,Melbourne,0.05889073480829091,0.045640390176959394,0.07591993872236653,0.05819652904556835,0.04411083334300383,0.05733117492633987,0.041853404763791895,0.04722287402418304,0.056321174802269475,0.06092927127148144,0.03333122921624772,0.045768746226260995,0.0264131692614703,0.06447765106264342,0.031385232933943796,0.06428549798261898,0.05965000956179283,0.044661217239458664,0.03872336327624559,0.05515360932922676,0.009791794756123738,0.04421632473707308,0.04051751830845077,0.03962298569981383,0.05961512239157643,0.06527068746043731,0.03138938752110985,0.038105272354688566,0.052110890207217916,0.08037706127086311,0.053914790665591336,0.02548814438988171,0.03987239497765259,0.035406144628646025,0.03978743068391868,0.02809245440130005,0.035059008301545846,0.036132353052961225,0.06663800714639004,0.055692431215022625,0.05058993167966615,0.05541550014416837,0.05792751669079821,0.05392444653147898,0.0569501951106827,0.040676686555365826,0.0661117040359355,0.04304254919000246,0.045569846289370594,0.04937492961547717,0.04813899123974749,0.013757210950444331,0.04649581012522202,0.0267574227151354,0.035333593136282086,0.05991737525911774,0.06653011500874685
396,Latrelle Pickett,Melbourne,0.06169251616425832,0.04753528500230349,0.021489863466411796,0.02694053267378392,0.042185964402995366,0.04718213112332996,0.030192477846124055,0.0250848451994092,0.034807674489754165,0.030908913687355856,0.013861463212112565,0.044278973570450346,0.03031849168580959,0.04432449137022424,0.012277093762684346,0.03850140258285911,0.041873877005613125,0.056597882123045735,0.05554886252035765,0.02809295605905776,0.03624432788112661,0.03487211039484792,0.04140294022609534,0.05364472298115526,0.028795523382128492,0.037835687943932106,0.047372664593207735,0.027727283136501715,0.03485318885539928,0.018546821444213324,0.041882692028020446,0.041734560990608835,0.04165359009576599,0.032173290324120446,0.015825871596959605,0.04675528596363529,0.04291690092253888,0.028201474157143087,0.04558795068414541,0.02467672756735576,0.05371460088890012,0.02752478025325991,0.059584403622469855,0.03588432221471383,0.007774335381153845,0.047547016903278685,0.059489815568599766,0.029093210797893995,0.020661201102242774,0.04281078286754309,0.03680967565433796,0.012895730207042364,0.03704000791252936,0.014264166931006208,0.02499954861431003,0.0475377369696073,0.058896969212261174
538,Xavier Taylor,Melbourne,0.047244094488189,0.07172995780590717,0.038488952245188876,0.04680851063829788,0.050384884534639615,0.048672566371681415,0.06512301013024605,0.049552649690295936,0.021474588403722263,0.025245441795231426,0.03519061583577713,0.042164441321152504,0.029473684210526336,0.03760445682451253,0.025263157894736838,0.03668478260869567,0.021052631578947368,0.0297872340425532,0.030412744388124573,0.03840682788051209,0.018045112781954892,0.028157857271969636,0.03354297693920337,0.03480783176214649,0.030150753768844234,0.02972399150743101,0.02898004467074307,0.0431654676258993,0.049758120248790595,0.045961002785515334,0.06287425149700601,0.0406015037593985,0.03423680456490729,0.03879310344827587,0.047895500725689426,0.03865425912670008,0.03746489582183634,0.02186588921282799,0.035928143712574856,0.02489626556016598,0.021881838074398256,0.03280929596719072,0.03650190114068442,0.023310023310023312,0.038297872340425546,0.029914529914529933,0.028826355525051486,0.0304789550072569,0.030257996212223557,0.02120141342756184,0.03619498380800328,0.011586349137392954,0.03499922379896181,0.021257414297674727,0.025172463962102747,0.04738023839182658,0.06031393126972083
477,Tom McDonald,Melbourne,0.015318761555770775,0.05361286213777018,0.024965325936199722,0.043464945912189454,0.01962233293096456,0.019641327814410428,0.028985504570518184,0.011740074655304612,0.037090241866316036,0.03262791310035373,0.044457871858932976,0.004249291784702551,0.01730353280461428,0.03003467443073207,0.012838801711840233,0.023610153588617476,0.030330539189643742,0.04006052279333294,0.01442562680057684,0.037081680741506494,0.021815295246297436,0.02219385428583144,0.04482516537970204,0.03300609965590579,0.035223266882900485,0.033065812355342145,0.02739832100469531,0.05502917953794374,0.05042420558070711,0.041960825309066564,0.026720792033277336,0.018667517036904762,0.024858347910960307,0.04870647344319188,0.00334075723830735,0.0593440823368319,0.03431892522597213,0.011141778625644359,0.027656616774060658,0.016661128980948004,0.019594902526649794,0.05054827417259188,0.011542387228330668,0.01474370278198542,0.03329292559872541,0.019448206733231443,0.043194301553426136,0.010648222725705389,0.02664989158665957,0.02375452858895841,0.028624755490501044,0.01378505716236085,0.027059556518986325,0.010749401685192877,0.014677224901871027,0.04367246743505884,0.05298462160490861
400,Xavier Lindsay,Melbourne,0.008298861943871909,0.012331824115689914,0.021508589199993985,0.008171816831104657,0.024650240695935535,0.016356075420795653,0.02938554398520985,0.025072989535757647,0.012534818941504178,0.008066122691255333,0.019781556448079548,0.011971737043724168,0.020870681097822835,0.007738464498173626,0.058285705530803054,0.016114974717483722,0.012251901040040616,0.004109589041095892,0.02013324875350053,0.012351264598797988,0.016097632250927137,0.012000289163594307,0.016871408289144036,0.020534035457786683,0.01722114898537332,0.021000526881279603,0.02125884480062811,0.016217702034084663,0.02069067787454657,0.02446826709243315,0.007945783568109066,0.0039447731755424065,0.03614483584131328,0.020231562483071813,0.024572034836984377,0.025220630240014346,0.02398144031603896,0.021126760563380285,0.021338215961450833,0.011947628907081398,0.03204131051846626,0.00837404047452896,0.016445149940295577,0.020966741282697442,0.012541545821594897,0.03741033959437504,0.024634433070798427,0.0206057815083834,0.01593789014076444,0.020638815224018753,0.018847925048586966,0.00937565068240814,0.01995740260079004,0.007780964907510391,0.01120074892467794,0.024637736864452083,0.03530361315012962
643,Aidan Johnson,Melbourne,0.018072289156626505,0.003642987249544625,0.00716417910447761,0.003911342894393743,0.011285266457680253,0.0038935756002595723,0.014302741358760423,0.0036968576709796677,0.0,0.026348808030112924,0.0035211267605633786,0.02586206896551724,0.01139240506329114,0.014888337468982634,0.007485963817841548,0.0,0.011235955056179775,0.007215874924834633,0.0036474164133738596,0.02123893805309734,0.015161086544535693,0.01096224116930572,0.0035756853396901062,0.015141955835962145,0.0,0.0,0.0,0.003663003663003662,0.003701418877236274,0.01848428835489833,0.0036900369003690027,0.010695187165775397,0.01832620647525962,0.011627906976744188,0.007215874924834633,0.0074626865671641816,0.007638446849140678,0.0036809815950920245,0.003625377643504531,0.007194244604316546,0.018281535648994516,0.0037290242386575512,0.010948905109489052,0.014660965180207697,0.007421150278293136,0.003708281829419035,0.003634161114476074,0.007722007722007725,0.015151515151515155,0.0,0.008718206196128191,0.006778230299973321,0.007318512601563885,0.0,0.003614991952007316,0.015153515572656448,0.02067423486496653
611,Luker Kentfield,Melbourne,0.0,0.003157894736842104,0.0,0.0,0.0,0.009574468085106376,0.0,0.0,0.009331259720062208,0.0,0.003126628452318915,0.0,0.0031152647975077868,0.0,0.006305832895428266,0.0,0.006507592190889372,0.0,0.0,0.003166226912928759,0.003179650238473768,0.0,0.0031595576619273297,0.0,0.003184713375796177,0.0,0.0,0.0,0.0031380753138075326,0.0,0.0,0.0,0.0032275416890801497,0.0,0.0,0.006116207951070335,0.003050330452465683,0.0032258064516129015,0.003244997295835587,0.0,0.00932159502848265,0.0,0.0,0.0030487804878048764,0.0031413612565445023,0.0032397408207343404,0.0,0.0031249999999999993,0.0,0.003036437246963562,0.002014499261233664,0.0026768388902690516,0.0,0.0,0.0,0.0032300913075958755,0.008744724446776013
616,Lukas Cooke,Melbourne,0.0,0.0,0.0,0.0,0.0,0.0,0.0,0.0,0.0,0.0,0.0,0.0032573289902280127,0.0,0.0,0.0,0.0,0.004587155963302753,0.009077155824508323,0.004341534008683069,0.0,0.0,0.0,0.0,0.007792959395455271,0.004240282685512368,0.004464285714285716,0.0,0.01094224924012158,0.0,0.0,0.0,0.0,0.0034324942791762016,0.004210526315789475,0.0,0.003313086692435118,0.004282655246252677,0.0,0.0035169988276670555,0.0,0.0,0.0,0.0033370411568409337,0.0,0.0,0.0032822757111597377,0.0,0.0,0.0,0.0,0.0014815606010283658,0.00261324859183605,0.0,0.0,0.0,0.00421674539706156,0.007135769691863988
572,Andy Moniz-Wakefield,Melbourne,0.0,0.0,0.0,0.0,0.0,0.003848620910840283,0.0,0.0,0.0,0.0,0.0038659793814432995,0.0,0.0,0.0,0.0,0.003665241295051925,0.0,0.0,0.0,0.0,0.0,0.0,0.0,0.0,0.0,0.0,0.0,0.0,0.0,0.0,0.0,0.0,0.0,0.0037807183364839334,0.0,0.0,0.0,0.0,0.0,0.00373366521468575,0.0,0.0,0.0,0.0,0.0,0.0,0.0,0.0,0.0,0.0,0.0003778845027701038,0.0011454072036593827,0.0,0.0,0.0,0.0,0.0037710724465153055
337,Harry Sheezel,North Melbourne,17.855540995181176,18.32752884098179,18.229076000511423,18.155643447148847,18.149956939015368,18.164124199567624,17.729337206740052,17.79930690661064,17.917483630705775,18.19284583434282,18.078604177730757,18.043479421218432,17.76909117294719,17.97609946572993,18.136986663421812,17.74533127101259,17.57452339169331,18.503855376536023,17.783618346982312,18.499819186086164,18.419846606420485,17.662085382585637,18.338077719313638,17.73330323903001,18.313608118397262,18.571879628361152,17.797361636766517,17.893568168506246,18.253604620148266,17.5819211165941,18.54427732499132,17.700060594302155,18.642031907632564,18.457361746942293,18.00396097132459,17.89356232573113,17.97750406717347,18.393645085630393,18.386702504231916,18.474198194871626,18.03070143060794,18.191464737014122,17.89421195534874,18.123688479647342,18.048297116526708,18.500212706525843,18.550014149965385,17.803970772507245,17.731229262762998,18.348485264142273,18.097861786163346,0.2997586100635555,18.101146328689047,17.669870300987522,17.764125353442857,18.460880564559524,18.548838100845703
343,Luke Davies-Uniacke,North Melbourne,10.856940137583152,11.379223822000927,11.334750142951496,11.174785555850855,11.105732240871097,11.286233142552755,11.032829939498473,11.439624478913187,11.349585670881515,11.141912068989848,11.260105422158702,11.146700528496394,11.465432179958261,10.837982979508519,11.065649198272054,11.136227088993571,11.01929699014183,11.526880726118955,11.00028254102892,11.323594622990777,11.04642058392823,11.048986790684769,11.104279864089687,11.243724710257661,11.11327378937648,11.031898337413665,10.927995585710672,11.351740517523883,10.977189504310951,11.291224763207468,10.965944580358542,11.032763165562708,11.39312482271386,10.967418650875743,11.236201013013876,11.261709828989675,10.516292093729676,10.963233433832082,11.299277475029477,11.309191965188841,10.956229277183779,10.899553429179061,11.222737370886568,10.754022301705449,11.174493346554812,10.909919897828038,11.239976666156654,11.147822525294252,11.081447650946949,11.0290976563146,11.12761922151219,0.19759292492541275,11.124750439185025,10.84186919691382,10.961769565092586,11.325926126662567,11.430092049392325
341,Tristan Xerri,North Melbourne,7.998481595883526,7.65996001339798,7.767469450730934,7.610787877440432,7.630738811112094,7.933530259154344,7.656194011063728,8.336702727939297,8.106161176687245,7.84091204067083,8.058126723728328,8.058481219138713,7.904159971082076,7.9540990985359645,7.714938474164202,7.9458850549902325,7.934080892679407,7.9313169085024375,8.089254669517162,7.681324561125628,7.6959232056820275,8.038694192982868,8.254681659577665,7.765433567101253,7.444022427127162,8.015764987014013,8.219119291389669,8.169599184355452,8.162203184780655,7.955834804963237,7.91795190158482,7.839499913216137,8.314255336509031,7.858143398399402,8.062452954743648,8.162170628737227,7.899124553043285,7.726195012980557,7.870964763583695,7.862298833628833,8.028307716231971,7.965931982810759,7.775546350553336,7.950479495964335,7.71215329800046,7.99564886026588,7.838037794301693,7.637511736408796,8.178324671568705,7.621821898598096,7.915014062872984,0.2015514537072572,7.932423583828391,7.623649865663466,7.6928720889697395,8.11786715216569,8.247391374099125
346,Caleb Daniel,North Melbourne,6.926257493161323,6.858154173813929,6.900492176316992,6.997708758012767,6.798046372106733,6.696453560311137,6.944923128066589,6.928759101851377,6.858930355459623,6.941927823513344,6.721530453375408,7.290915575405696,7.104966836198396,7.03062861609286,6.756589389204977,7.3206823423392136,6.639337730220153,7.0944208131602835,6.921429040296197,6.885694822749622,6.959911805562474,6.917483350994156,7.230760719997953,6.925965177407811,6.783897254918195,6.772609467035116,6.665829875977267,6.912704296418072,7.4461113472053695,6.822364094197431,6.747005438925035,6.897247110202516,6.9595317273474055,6.873298822057376,6.8273357325255555,7.120930780074825,6.994046809063419,6.834382763137418,6.579667426545086,6.855246323647808,6.931067132084085,7.0367401557544955,7.045412118750913,6.92506838822885,7.10757654817656,6.747758086934484,6.73560668174296,7.158656034779937,7.014103916992873,6.994868347768526,6.928820725922213,0.1751024139640346,6.923248714262524,6.672107731265711,6.754743647030444,7.096624931975249,7.278583830047108
340,Luke Parker,North Melbourne,3.4319952459355543,3.2244855705252715,3.1852858469722456,3.236128265824698,3.342878608623859,3.1185570525623807,3.278458891613754,3.354951779281688,3.146143152040283,3.3437522420481782,3.4514770888421125,3.5945564350673025,3.188896275699042,3.4850389936775876,3.549373054185439,3.287337394813588,3.200349302238631,3.2732800516149463,3.2147406552955387,3.3298113825172617,3.2877175947553843,3.3874920387731233,3.444526534941546,3.518023339475036,3.2088440146914743,3.2662297130878684,3.1699909218349274,3.329127442867529,3.6887788556923016,3.210424680994846,3.362721167946383,3.585188887634242,2.9650035713034786,3.476084565142352,3.309936232312857,3.3110511635609594,3.1665850954473713,3.7293843172159127,3.5732287971540893,3.0356939680291086,3.329687602361545,3.326959083200809,3.5451704929587318,3.269387090303242,3.231119829130973,3.1158721597364902,3.0490318543516417,3.604453841033945,3.370829545794057,3.413783982600189,3.3303965134742355,0.16953596085173736,3.319005123380884,3.0627341169555358,3.1820892076185463,3.5236970945531283,3.6024248728107833
361,Jy Simpkin,North Melbourne,2.718137944082112,2.8720349341401814,3.0503693701729873,2.8410518341777418,3.134920112132539,2.868657050897478,2.8713913617687457,2.8211349628308935,2.876606742391137,2.7777156435643215,2.9830392359783704,2.9993715142617945,2.713352379704754,2.8381112592770497,3.1486505365321227,2.9630956779341475,2.8506918247455606,2.905785085428797,2.815628633641399,2.9165397761058527,2.850424061059319,2.8736791972633657,2.8826984872978194,2.8104974900314748,3.107616423870409,2.7292340290813426,3.0122001365521673,2.75097114647391,2.7707243137289312,2.8412830231232515,2.868706775411744,2.736388431134631,2.9634699403025033,2.711951441165772,2.8174021242201652,3.0429517595466407,2.6869973245939733,2.681803050655311,2.927526834049565,2.7324798656401232,3.0152291848060067,2.7598860211335174,3.074146083007257,3.045580462987429,2.812947384099369,2.8356598411519016,2.9455757496873063,2.7294755817137055,2.810209540871385,2.911058742469296,2.8741012065379516,0.1217714324042716,2.8596744378215195,2.712238633566263,2.7355715409462786,3.01283320763722,3.100755003993463
355,Paul Curtis,North Melbourne,2.6204606076716384,2.6684082895736725,2.8074013313967563,2.663643650820903,2.5644638240463506,2.7796416805338175,2.6057417867400954,2.535350660874543,2.634004632883377,2.4030301495538255,2.608117644346727,2.681202426701178,2.6620917474129033,2.5564172940831904,2.8361190547939334,2.6263328242199235,2.6985717547488512,2.621952159172352,2.7258221125060413,2.5953701072884416,2.5243356303592375,2.706566954810825,2.5555118236741894,2.656635557488965,2.553090933978937,2.7259507133839223,2.6906072006602644,2.5885994772207117,2.4546289806408406,2.5322811528722933,2.6621169703064833,2.6331241907396827,2.503414605394327,2.6473673096207815,2.6660626534127827,2.5233820066436863,2.782519420027185,2.5754376148893705,2.506535235444387,2.709299126511312,2.6657900741392226,2.732423352542373,2.606484095956079,2.731963979785316,2.6559446492936587,2.3714408505986166,2.626281187058911,2.591403478796191,2.594979129321488,2.7681162881013384,2.628728767660838,0.09720616130196438,2.629728507479803,2.4646300337153053,2.534709133702073,2.7258489900895184,2.781929483431045
347,Cooper Trembath,North Melbourne,2.5496059727199047,2.4971260420253465,2.6348735291756915,2.614848389567498,2.473761167058497,2.8370821777876225,2.6004776723179543,2.724687164086143,2.7074842816136697,2.440429452008571,2.3995802315677026,2.7140497017762457,2.507127159203646,2.675269854284133,2.6187351830111494,2.442058264293263,2.6750315579821784,2.456185908450876,2.6398855386165034,2.629888924013207,2.5598364679939003,2.4977282570596375,2.629413043672564,2.5045928362936247,2.546525230290032,2.682980035327636,2.550340710164297,2.4937066099304306,2.517060628402228,2.610674932893078,2.6864229918038434,2.510093522246763,2.579290245738835,2.5127490896360536,2.3771893752192654,2.5851796502183495,2.5511371749296674,2.534349687268786,2.488870433039699,2.642688800669868,2.5430190066117677,2.5392240823161325,2.6493183147330135,2.6897696501635213,2.6529800834097528,2.463184875890086,2.6824012065470058,2.40432697749487,2.4887451308985695,2.608690843853175,2.572413561325525,0.09753419862968647,2.555486821461784,2.4117279847701787,2.4856134824559946,2.6767603069070733,2.7127037906429177
348,Finn O'Sullivan,North Melbourne,2.1788565927259267,2.343472447589316,2.1740468275686577,2.2049066305508274,2.243682616845003,2.376107622452532,2.3992303087713576,2.1897311036119644,2.242834567629638,2.4991591274183635,2.1218405562200457,2.335108570663871,2.399033423040655,2.2888821997436257,2.2640760928184953,2.253257046311352,2.2653469602029443,2.165850448201529,2.2333098295990887,2.1670431694986347,2.457420533818955,2.3176136647240853,2.185992347562205,2.4473097183540182,2.4120229261893456,2.1057520324015093,2.3320407843056863,2.2791497370524003,2.100041026685164,2.2230959777609085,2.4221106988303025,2.4194819013919022,2.040399418432961,2.1384182940335594,2.3242730035668187,2.101179722579383,2.375517297935595,2.1642242550958484,2.2256185517177838,2.20171360623528,2.333909864580505,2.432411770604503,2.1708553644468687,2.462727094280223,2.3008322308616393,2.4030500252911593,2.19547682453317,2.2304546013400333,2.437864903590774,2.238734205193567,2.2765093704972,0.11482344671099329,2.258666569564924,2.102117046092919,2.1667938907475395,2.41358185200668,2.455347816648643
342,Nick Larkey,North Melbourne,2.812090676568052,2.2359706391498086,2.188404626638896,2.073173296569163,2.1519620720330717,2.0210987451004527,2.223283713745584,2.2331648901223358,2.305030962621425,2.420281010890793,2.423786454021178,2.346355687684387,2.351293090523712,2.2171512077287465,2.0825981861187537,1.9423227433061372,2.2500291411160767,2.1222367452510014,1.9821821374009339,2.0194491853224834,2.4480729818671545,2.262075143384815,2.2740934579089953,2.353452841453072,2.1216757733205918,1.9941484433969396,2.167345722851281,2.287225125343627,2.1972206977347812,2.3632206909461604,2.169632672843807,2.5163708255672725,2.2180638547996603,2.2351685632840406,2.082514172321482,2.1718720600982175,2.3768199093410414,2.4032537985375835,2.4106451872741403,2.1630605304180204,2.251756079721798,2.4032941848511085,2.280385375240473,2.2325389495752925,2.1452791567369816,2.3508465542137733,2.169005584952725,2.347811286404533,2.2247846563284077,2.30159716887814,2.2465019332301783,0.15437726576527136,2.2341667267031884,1.9993350954916762,2.1135085575954076,2.382344592183119,2.443094243658729
338,Dylan Stephens,North Melbourne,2.1848409447598764,2.1022332747848322,2.25659034079686,2.188742893699378,2.15551003486452,2.1760735691077016,2.2752237795580177,2.354596397679351,2.1630240379353287,2.0467111024844615,2.1823769176308985,2.1923061694971624,2.329002321510492,2.296407007667706,2.238089308303011,2.3928840682390353,2.276092752661899,2.1339770669899734,2.30785020084005,2.280438522631297,1.9822043556171538,2.3163400445225037,2.3205069197774106,1.9779822038950352,2.283522228404551,2.330691333213456,2.1164265774420796,2.1115535070172746,2.227489287995646,2.4971947999781166,2.297740643184884,2.1636394206916267,2.223051817822186,2.1446062972360065,2.477896276699711,2.2410730709620377,2.2177936286517004,2.122467585123487,2.222253509154339,2.0842136325970313,2.0979516322766956,2.2356944210122545,2.0298554771280024,1.983692100566457,2.2191794765780193,2.06133581878687,2.0767713645284442,2.022540002055934,2.1082773536145547,2.1517895071389357,2.197574100106285,0.11899171713866899,2.19052453159827,1.9916559203717996,2.0826581985706967,2.3096245781696827,2.3850350957743
362,Colby McKercher,North Melbourne,2.09377296066081,2.2843224720935864,2.0819101655615646,1.9180463685035458,1.9854699280270056,1.900377488858739,2.2495383342855706,1.886337398787486,1.9260479410136582,2.123645815734388,2.0309741330395625,1.885197611750866,1.8587759283321734,2.0249258671154977,2.0478678190539816,1.9557887341133124,2.2166119946473564,1.9077373852620942,1.8146746327799124,2.1877553476190315,2.01965676318679,2.0003859481683195,1.7903699066396261,1.8890974172797792,2.128086564543133,1.9172421802050486,2.146188187096453,2.038853737774385,1.916497614707735,2.1441504710335364,1.8281560785166668,1.7947675369182103,2.0748214281408295,2.1171053919479776,1.977077270358247,2.080534800994367,1.9278121907365182,2.026029631019048,2.042208290863752,2.175708010860825,2.054096392808013,2.065657146422186,2.1100707153723204,1.8778682783723974,2.0601769406335486,2.2469746602352796,2.09694510874834,1.9728255891002413,1.8743495176307177,2.0255585576188033,2.015981013103465,0.12395291599035627,2.0257940943189254,1.817438329155947,1.8860991832968326,2.131443920999627,2.2407503137897553
345,Jack Darling,North Melbourne,2.0290684480722585,1.9215446447140416,2.0972905904467987,2.002821842585974,1.8825884019923298,2.12473697517949,1.8845623816623267,1.9308030959366693,1.9192241995887427,2.0758349414408444,2.111493617286422,1.9067108361444762,1.8500927922380666,1.9042687132593872,1.937603696388804,2.080396924858971,2.124777459798661,1.7332045424104399,1.9319214851726323,1.8011538538885123,2.013797874297924,2.0688526802005014,2.104387478802404,1.8730399992560887,1.9953631203552278,1.8795776208744475,2.1837020922889576,2.2524874132533403,2.0126559557294663,2.0850328226830617,2.0534000918890696,2.0455738048156853,2.0898292838265613,1.9447794959557918,2.1290631561178124,1.8484079833646934,2.098876777134147,1.8962737649936197,1.9988300289397571,2.010464876858153,1.9468154872342336,1.9816861515607083,2.1834057865952667,2.057400038207016,1.9151712427844865,1.8565586871546709,2.1203383643672384,2.0116551566020444,2.1488096098328064,1.9528716251018396,2.0001841582828574,0.11109802826806094,2.006643359722063,1.8487533691837348,1.8841498199112974,2.1133421694263124,2.1763135703589622
339,Charlie Comben,North Melbourne,1.184945623630162,1.5758737097151045,1.3620601601831568,1.3352986036727001,1.3802849091773126,1.4624250588027654,1.305446102659892,1.106511402758109,1.3444523077107045,1.4193923916730122,1.3819539526257651,1.2047259758932103,1.2730815052988145,1.2977172174518945,1.3634497975026376,1.3926777343767178,1.3320348398558108,1.3416238200721085,1.617433782220928,1.4297926393585136,1.2440473235133493,1.3878683004041705,1.1174627847960297,1.441602302535123,1.3274677509534614,1.23562969343449,1.3291101249369535,1.4961724892454762,1.3112998228407131,1.2857499170093463,1.326501115751245,1.3779825041802238,1.3615419251086938,1.3773436022794177,1.2577714834018963,1.2708561089120045,1.3246211035501116,1.411789353502091,1.2820774192947937,1.269934442116638,1.4173381396144205,1.3272415010148704,1.4496728736677151,1.2329005011556469,1.4259725201724505,1.3316065334197489,1.3128564632624484,1.242076123400594,1.2963927905648025,1.4369918584111254,1.3404212081417872,0.09811071684414893,1.33182068663778,1.189000595844087,1.25490313398519,1.4267709250823377,1.4892542660047203
368,Cameron Zurhaar,North Melbourne,1.1362327018437028,1.000783530092112,0.9466122519534493,1.1543266778813808,1.19476625717174,1.10429251552802,1.2427774301829508,1.1390918955057734,1.152107991354,1.2048046069562766,1.240882870490663,1.1175452296044077,1.232352848927201,1.1938761746755557,1.0500092720350227,1.1695393457299215,1.1872183459240484,1.1328167688247266,1.268889016188138,1.0104831398781333,1.1612482315285693,1.1111091259564996,1.0566796221176058,1.1201602346448576,1.0207302257059672,1.2281590075212856,1.3370142288489986,1.0289238195168988,1.0976695116475765,1.1061413341543522,1.1143674090151914,1.1750532260940636,1.029279573248079,1.2240992315864723,1.0960074540133402,1.0078171795400808,1.0168719132294048,1.2363469809698433,1.1798328384807988,1.081638419196482,1.0246740438707909,1.1589218530080354,1.226782101669544,1.1099724182584405,1.0422536476511977,1.2678722452772633,1.0441588971526534,1.1514530727162415,1.3130252001521414,1.145853548305648,1.1358705093165107,0.08854150569153738,1.137662298674738,1.0083637014093816,1.0292052207182625,1.229035520375122,1.2686805781514088
466,George Wardlaw,North Melbourne,0.8034587002651751,0.8416473554490704,0.7035192861764639,0.7361828707461322,0.9236201908929635,0.7590846882446092,0.661462236198133,0.7359183717510568,0.7897026592472757,0.8285567097377642,0.6949843189593057,0.9154388937880801,0.799458679109736,0.8594763717329552,0.7533658761229292,0.9404765221913797,0.8630947377433444,0.6689415101530565,0.7529224235964144,0.8355932858568544,0.776099599806533,0.8922419134201827,0.7353478473607103,0.7706872680712183,0.8661438430856965,0.8471137065163047,0.7228666883198708,0.6962866310497487,0.6957454534728249,0.7234345272960531,0.7239709672828518,0.7649288674842762,0.804475393876301,0.749142695340505,0.8380087551562456,0.7929868262258188,0.7975871026105171,0.8885090478786779,0.7335789528614008,0.7970620574288696,0.6508390044782836,0.929283901779769,0.7091902543320356,0.7274616886588265,0.6113390446439115,0.8952290825467868,0.8346267661732927,0.7115398933704111,0.8491323474630214,0.732078614673341,0.7826768886125397,0.07908238436427958,0.7733934339388757,0.6629954873588924,0.7080050219875211,0.863732000759896,0.9219430249864624
344,Tom Blamires,North Melbourne,0.3785524892632356,0.37584705590826,0.4084481830982388,0.3556196472804665,0.3647546625039346,0.36331080365363044,0.34581184029216855,0.43012530475170974,0.4453387195010158,0.25171593473351095,0.30305824676008924,0.304961445368016,0.27981971178182785,0.3062653593949962,0.27005157577609934,0.36459511994534927,0.2778814784736105,0.18835442303559943,0.303273150386671,0.4147674040290069,0.3130150519925505,0.28239509254189327,0.32111541648534825,0.33891893543064483,0.372014457728693,0.3039609107685084,0.34565467388898435,0.30150672698172487,0.3341636884138823,0.31805051746004015,0.31486789762266176,0.3218245477261888,0.3226082990000288,0.3126738499376754,0.35610456315752265,0.38240428635013346,0.3618254598653755,0.3924753578577859,0.3646158191471173,0.29603874878196595,0.3039746102879726,0.26339397020489497,0.35104783578448695,0.43903336738137483,0.3595400551549045,0.3453332739584985,0.2583271793079191,0.35102176646771516,0.2894091272954057,0.30961509905127627,0.3331896628394122,0.05083060823293336,0.32838599370695554,0.2593658714417991,0.2879431940319216,0.3764124914794499,0.42697693510355555
371,Zane Duursma,North Melbourne,0.27096904120640186,0.23596163121462432,0.267276583373629,0.24817418035427893,0.3390976466165079,0.2826145304160024,0.31111471600560936,0.22765748908491493,0.32089062282544734,0.24966852209979257,0.3285465139496854,0.2521683909999179,0.36263968451823797,0.30486715061336755,0.2642226267256806,0.33115104148587654,0.2600239900766822,0.36653982561028453,0.3587149126376059,0.2801646596392055,0.24614171430478152,0.2644864947476539,0.3025313116293745,0.40086055981374674,0.27101102704278424,0.2385757636720976,0.2532113323874534,0.2522762150255212,0.3429930716601223,0.3249131023065906,0.24534495364149037,0.3278417425529339,0.22996742789910815,0.3153323911038753,0.29015665420614195,0.2880130872208111,0.3324324325636487,0.4048025644747427,0.25840115188381924,0.26780326854467973,0.33155578406930636,0.2622923729902595,0.28110063532005247,0.3272145782404532,0.2779385281983574,0.2358579650340835,0.26265075931167264,0.2642281859666026,0.3099832609473925,0.2022697016235525,0.28949303595673725,0.04579957984667891,0.2790515939187814,0.2311749880117781,0.24774939494993398,0.3317390036046239,0.36574029668641495
349,Tom Powell,North Melbourne,0.2907953661177155,0.19851912787094614,0.2682695101654893,0.21900887734253996,0.18023737045312194,0.25375718378113304,0.25531686080480176,0.24117805247132287,0.2062834861597359,0.21532909939895403,0.2803624933841906,0.17695053211252595,0.18429179525129652,0.22568911074785994,0.1781281618616006,0.28977062536016374,0.2996355729859592,0.2841566235282351,0.2202626030960113,0.22062846350765952,0.2999444356209835,0.203305305084415,0.20402647736489105,0.31666291401059926,0.2807629865656624,0.3953709645088476,0.2630543803060903,0.3262604557051567,0.18336534837190197,0.289090037630265,0.1896039492857892,0.30534180730522414,0.21602001190019615,0.29846611900179043,0.21082712389725372,0.20561378214570683,0.2101325419466783,0.21404651528887353,0.26159763397773306,0.19970567336689038,0.25016516871768524,0.254069598804153,0.24836303443137042,0.2884764694063871,0.19223127109929566,0.24617174916823545,0.24957956101375195,0.29528718465758536,0.18735429506383694,0.23778773474726017,0.24422510893591545,0.047560838827741155,0.24367490081977916,0.18087860592647184,0.19720496580567118,0.2917341561925483,0.3143420871359973
513,Charlie Spargo,North Melbourne,0.1128654116745389,0.11751052508117589,0.18180982058583622,0.1781938892898095,0.15280473895565344,0.154802440128426,0.12714674484479532,0.14052504704904079,0.2054452915236873,0.0908037945856067,0.12340219405585143,0.1612122753925009,0.11094270782539863,0.17583056498333308,0.1351877808306346,0.1054213615117382,0.20454836964214873,0.12226915315626367,0.172637011722148,0.1680795888178417,0.1315072644639583,0.10642044612027161,0.15908430605900883,0.11933720544246393,0.16362657433909084,0.06475186501748643,0.1402927280831081,0.1498325000883233,0.13148953747493816,0.13003903706881123,0.1596184678661603,0.1110843992806915,0.13839967143416176,0.18070159044152792,0.11766721829367355,0.1450211312870333,0.18035096694402653,0.16184604001720473,0.12001737132042642,0.11266969210466327,0.12566567761850858,0.1324772731567301,0.15727957113923952,0.09063074128595264,0.15600042642287298,0.16569205776840612,0.1761099361781035,0.10724429219721603,0.14057922412224205,0.09509609146290007,0.1402394403231126,0.030488588875863365,0.13934619975863494,0.09168371544545184,0.11105478576653528,0.17330446435373567,0.18158263340625302
618,Cooper Harvey,North Melbourne,0.13435253031044136,0.1225619675073537,0.11219826861357898,0.12311069231319563,0.11991915406158474,0.0736080392673397,0.12799052415882572,0.109624064870226,0.10617807876364824,0.08271380655478441,0.1658895720057847,0.07066179552524626,0.16829734002436567,0.11144434189309962,0.09229319933686334,0.12386389725300845,0.09688154420374151,0.07171639236797986,0.15668916283024392,0.17202708908045136,0.16386040600300206,0.10405803178773544,0.09687504593043811,0.12702832682782284,0.1963654290645585,0.18164504705940604,0.1766475599806835,0.07532887645972339,0.09679002885854807,0.15349325381005408,0.15006690976478398,0.12846649279212868,0.16709667666307787,0.11367134795752364,0.16777788195583532,0.1630427034236476,0.139795164380667,0.11045136894225066,0.09961241899303247,0.10411224837649288,0.09160717389453055,0.15482735423004937,0.1454252312273007,0.0999659149294716,0.16896564538804754,0.12993131685469467,0.17549059387504334,0.18288758541591493,0.19320864875124696,0.1436367501834613,0.1308830578944587,0.034760955149207455,0.12750942549332428,0.07396081089177836,0.09685727736241309,0.16843701584537518,0.1826328650528306
359,Jacob Konstanty,North Melbourne,0.1504900762663292,0.09902172850677522,0.0836367310708341,0.07592946644965495,0.08591246511344444,0.11480981730524362,0.11378687891621952,0.2203117022826438,0.13373947494049884,0.09911373862483028,0.137072445520301,0.13476575451646214,0.12262912589362472,0.17735144957819135,0.15121545707949435,0.1422311169800403,0.1503153232612756,0.12495637443507597,0.1188855693731502,0.11454880117000198,0.18445449568872596,0.16216617767834868,0.13692803458432973,0.15141394600358127,0.1675576066939818,0.11810856395842881,0.09041543957381341,0.1580543054310995,0.1267178429247871,0.13229695465844699,0.09664667291761267,0.1722484759514073,0.1499690158824854,0.11432483742115657,0.09936401294192555,0.1604744582025431,0.14745533882987902,0.1490207657291491,0.11913018856769048,0.11790997996335581,0.1436274525566241,0.0893128015991533,0.12745014536470659,0.18524584465638322,0.1335706432439901,0.1226114764659395,0.12667214696234474,0.12292134566370966,0.12009869412447619,0.10087466476426057,0.13155531652576857,0.029418013105801836,0.12708399414474686,0.08660953409301475,0.09931170560965263,0.1585601173603312,0.18299837123606633
472,Aidan Corr,North Melbourne,0.12508041752975146,0.0888385094412337,0.10624503127148552,0.09747455323071096,0.1065173942510425,0.10657629799517579,0.1427240447572083,0.1483342945968215,0.09359247934581624,0.09214490379480869,0.10339881873178945,0.09092919447347705,0.12152827970655214,0.11690688439549853,0.11700192500116986,0.12189526079028143,0.11934040207914566,0.1360790399912763,0.11962160217735791,0.1477906181560531,0.10696655920782,0.11985818711743365,0.13844879438913538,0.1145990247476019,0.14090354304532227,0.15753598109737904,0.08732528049075121,0.13420210176782763,0.13312161991591567,0.14962503959178397,0.13986431779205463,0.1311096949299278,0.11096418578961083,0.1374950901280776,0.17651261690778564,0.14244864204603366,0.1258260430343449,0.09824040573413674,0.12853508185723722,0.11846648814565008,0.11541493005090714,0.06617047141329134,0.09721710221327318,0.14407590147104637,0.12303842123121836,0.0902601272228578,0.13663969426754655,0.07378388926517601,0.1041721894107531,0.10255569349660414,0.11894794138990321,0.022469172568454453,0.11948100212825179,0.08763549242560012,0.09645955603397467,0.14122646873647093,0.14936043686781666
364,Toby Pink,North Melbourne,0.13170688498267305,0.08322342775336719,0.0703147984701383,0.12034892184630787,0.11766759919974697,0.12112618401317977,0.08029529896178036,0.1339263271758037,0.17809232424436006,0.12235069145606092,0.09215711003613013,0.17582337007836846,0.10887669905979222,0.07338740730154591,0.11648108733906931,0.08818101580678808,0.09452871639292816,0.09699385115994524,0.15660685154975534,0.08486691706816997,0.12122977346278323,0.10374285661186189,0.07401315789473685,0.1579172044139916,0.14580542896770365,0.08133971291866031,0.12015625918146111,0.08227127403319758,0.10508841006159533,0.17396775729542205,0.13489931946397044,0.05550731642635027,0.11197519238886908,0.1398478470002171,0.10787671232876717,0.056970690715310544,0.13358834882095807,0.10047846889952157,0.0823562766601802,0.1149900798559243,0.12172684038631724,0.12254257205294193,0.16791868868222182,0.09579131015020614,0.13535193346733304,0.14346834150544047,0.12790649376542032,0.09876343305402797,0.1241166088440388,0.1333333333333334,0.11443794253077351,0.03011028748759364,0.11707434326940813,0.07094468328057686,0.08233851111114082,0.14060453035180878,0.17272769822971598
471,Callum Coleman-Jones,North Melbourne,0.069487094960681,0.14617457879097254,0.08814435975046159,0.09630380594641616,0.20827233852552188,0.09687590118235127,0.12127865036060412,0.14151752434013987,0.16311286944096032,0.1528539923064269,0.13063189596997582,0.12490548141439232,0.11162866952156317,0.15566623428673285,0.09123889668069193,0.13537541134710776,0.09891538089475341,0.10059083501113206,0.10232110543930462,0.15331603078964678,0.11281899081693875,0.1330330203284606,0.0905840978290957,0.11501629727989555,0.10311676056728931,0.09773129169680891,0.1504568527918782,0.0996152396769725,0.1151826486344399,0.16194511765563957,0.14763469883302865,0.10645643331038099,0.12739763073346747,0.11135402209974543,0.09381174556262145,0.14469998502673087,0.11320900305164533,0.1425523176100773,0.11374417822226116,0.14743112434847355,0.15974986016265202,0.11364006330954682,0.13819009974051819,0.13914635223597907,0.11705271300028405,0.14605934024154002,0.11060120857383149,0.17783321677575767,0.11644159056773078,0.11622710424243006,0.12502688123771916,0.026828375793653336,0.11674715178400741,0.09071833159367293,0.098667906252383,0.15095785495041888,0.16287348032496957
350,Luke McDonald,North Melbourne,0.1176484822838449,0.0887023819191842,0.06471921548058539,0.06365197009785138,0.07628992915197133,0.08351036617407989,0.10961615781353423,0.0810491548252873,0.07901794643286932,0.10308414918856187,0.08659351051122183,0.09634198061963825,0.0929760029717041,0.088590802681595,0.12800660035872394,0.05659393572036071,0.045157240315473905,0.10484488524282579,0.05844051122333149,0.09752837624543727,0.05682413672138753,0.06685028051868232,0.04202935698668051,0.049057234041419824,0.07991346196563374,0.047091841377799135,0.10160426463031808,0.09589181696434773,0.09350852462502297,0.06063842743322376,0.10983351362356039,0.05118561560305771,0.06811021644392863,0.04289567779503491,0.06524090642374147,0.1067555320736766,0.07745175714183496,0.053142158021093164,0.07897290949805784,0.06919108129474591,0.07899555190137621,0.061284334713757674,0.10154163445025913,0.1004928668684271,0.09219237230826861,0.07244556013170762,0.0837640783551629,0.10858879465832487,0.09315886403213695,0.10795712569818013,0.08077946991117861,0.02172374419321888,0.08048130839546053,0.04555383353325058,0.056776024712172926,0.10345214302390303,0.10978895568250503
488,Zac Banch,North Melbourne,0.06245298293528011,0.017307620824044436,0.04682419953463947,0.037663393061214134,0.05510525481245031,0.04599476484608491,0.007903554479091976,0.04138437217705511,0.04720106989819592,0.024614227918799907,0.03872774916418181,0.0483106185010893,0.03751118985447001,0.05857904590076447,0.06578363683398039,0.048534915135460655,0.017738359201773836,0.0189753320683112,0.09323543767086576,0.0520098904566472,0.042350914112260024,0.06178323191186507,0.06497159706112834,0.04339015052861793,0.03220993184140811,0.057770722958626244,0.06069219264554092,0.028933660051923597,0.026380658461086427,0.0,0.03508558318968004,0.05187161123836588,0.07544964874340135,0.014680821014970341,0.020176726806341735,0.03843858405759261,0.05817394383682641,0.04425315476046519,0.06790643426423898,0.059069978356306056,0.0650874549179634,0.049862500787988547,0.03423851040554884,0.07745815260004171,0.0495528713710532,0.021319819372219103,0.028533500562640663,0.06159163299266913,0.05031668765388014,0.049764786947164255,0.044743461574524315,0.019051924957263162,0.047012634716417694,0.01521931497583053,0.02392569653256452,0.06192320987575881,0.07390328977517302
356,Griffin Logue,North Melbourne,0.06050552299234842,0.029446959502858912,0.020210991738742586,0.013538816991308985,0.023145285485205225,0.031250184284021966,0.02284374199043829,0.0641653493173131,0.017345276783223784,0.03568988545482865,0.0427208602447847,0.012948522692867136,0.05658860062774354,0.03632283937617826,0.04847797496786016,0.012178491562312245,0.04199905625832204,0.013545521078277578,0.048233255215866626,0.03356720449728695,0.02479093705675437,0.06222717713531106,0.07663571432022845,0.05983535504249634,0.027959432369765294,0.02758010049292899,0.051785515931661384,0.04770942897103344,0.03253453116477158,0.045477991862015954,0.043109553091547126,0.01814143078816496,0.013988619502935522,0.03992500836880569,0.07892666077117975,0.07062200438716322,0.04453435146346265,0.04185922230887913,0.030773276087811375,0.013045709117473131,0.03723317671547019,0.03474550270075179,0.040548918889512044,0.03238672563634677,0.029340225135151804,0.01078068348376148,0.04098361922577015,0.041545490796303826,0.04940674547547319,0.07880129973192802,0.03823917498173296,0.01811612854061689,0.03677800804582422,0.012968445909911365,0.017975034601132256,0.05726717230042686,0.07540290378395005
365,Lachy Dovaston,North Melbourne,0.04220120650140935,0.02460050631554979,0.02991075806609788,0.024115755627009645,0.04419579028656808,0.06401572980173338,0.028054276283243508,0.03751332979376592,0.045279561577514046,0.03485445937670068,0.010353753235547889,0.05312774492945748,0.043595128018301274,0.0239232688019581,0.039894474632446615,0.04951011707428602,0.024768860757768803,0.043855598738319596,0.03825267355446801,0.04966729410713598,0.016000000000000007,0.04890324807407491,0.009442099331725257,0.033714504792967545,0.03384122265062481,0.034669385834183074,0.020442930153321985,0.0,0.03043110735418428,0.01991701244813278,0.019422174315614337,0.039373078350459736,0.029030108376725622,0.014471037475227832,0.04402531153228406,0.020157054449009316,0.034831801573787534,0.02304393181378729,0.04776481511374802,0.04480914209273826,0.050437238470067786,0.052818906904405334,0.024175158040585402,0.02523128679562659,0.014537942831627388,0.03331134540477258,0.0357626456881298,0.05390877254440389,0.009830647439247848,0.02487828627069134,0.03281744967202873,0.013947102364496887,0.03377786372179618,0.009937884127489357,0.019813591278436425,0.04800274760245633,0.05306443313432179
630,Josh Goater,North Melbourne,0.019971369828365334,0.01856899315630399,0.023255813953488372,0.01879710250969489,0.023271387912271894,0.03848123703486578,0.04433288142490059,0.01887659414853714,0.04796163069544365,0.055428563639734224,0.030421233888570952,0.03920993502888677,0.042154278708882234,0.08059905489952116,0.014096830643593235,0.01960784313725491,0.029435813573180713,0.05297216932376523,0.028978744101060834,0.0510086115371004,0.009600000000000003,0.04850444624090544,0.029698201402296523,0.014333723539469177,0.039917026716731654,0.06215717859943187,0.009508716323296359,0.04198087871951875,0.03275034334365546,0.026550994860375463,0.05488455047152445,0.03616016063308334,0.01952807160292922,0.031209362808842657,0.0,0.04054606007289179,0.014423076923076927,0.03325467699090036,0.010067778753292365,0.015503875968992251,0.0304054054054054,0.04076284637980465,0.07531787919621462,0.00981996726677578,0.019507744587941394,0.010008340283569646,0.0,0.034838755356137605,0.05470495710973099,0.02019741407389575,0.031271450455522244,0.01803483174377188,0.03005180340385096,0.009527429477020606,0.014284212924231106,0.04902781678781018,0.06077781253269382
566,Wil Dawson,North Melbourne,0.0,0.017988200104972277,0.0,0.008424580785940359,0.02012072434607646,0.0042949176807444535,0.0,0.01119203449342822,0.0176514262062479,0.026732395173540466,0.02490599452492159,0.004018754186202279,0.008112781804020001,0.019434375273618777,0.00945467943994105,0.008248394731135148,0.03404612860773564,0.0053811659192825115,0.008287292817679561,0.008450637287954353,0.033155970819711805,0.017886428129490775,0.03298969072164949,0.025000000000000005,0.04315711972885592,0.06053021250215787,0.016954176787846352,0.023517463377687512,0.004234297812279465,0.017181521954071417,0.0039473684210526334,0.008474576271186442,0.024177300201477504,0.008135593220338983,0.020775623268698064,0.020562028786840308,0.008725355865113804,0.031765588172273415,0.01695360186526827,0.029453015427769992,0.012074608200516194,0.01753588033151405,0.036819266652202226,0.01577836942418883,0.03519022158836688,0.032232928917736436,0.008541529321724374,0.01217861975642761,0.031054375650066433,0.009153318077803204,0.017897610692755146,0.012591397251237674,0.017067849370958885,0.0008092105263157901,0.007541874084109867,0.031863262388075186,0.03648531241411597
589,Riley Hardeman,North Melbourne,0.012549231253573885,0.0,0.0,0.013313609467455625,0.00432900432900433,0.003325942350332594,0.00751408891671885,0.004360465116279071,0.007407407407407409,0.004531722054380665,0.0,0.015882188583274087,0.0,0.008941877794336812,0.024797970350739443,0.004601226993865033,0.0,0.0,0.003838771593090212,0.0249123284652432,0.0077021822849807475,0.0,0.007841635253089282,0.0,0.02156219448559622,0.003324099722991689,0.0,0.012805635485950597,0.008226346812069775,0.0,0.021881838074398252,0.0077148280995203745,0.0,0.0,0.004573170731707316,0.007609384908053269,0.00801056530504257,0.00440852314474651,0.0075559003823383476,0.0,0.0,0.011965953727818014,0.0,0.004531722054380665,0.009146341463414637,0.0,0.0,0.004555808656036449,0.0,0.00459770114942529,0.0059663933283452255,0.006723040721095678,0.004531722054380665,0.0,0.0,0.01208785873070099,0.021816311138693832
649,Bailey Scott,North Melbourne,0.0,0.0,0.00801068090787717,0.003903708523096942,0.011787819253438114,0.0,0.0,0.0,0.0,0.003992015968063874,0.0038143674507310887,0.0,0.0,0.007941760423560559,0.003747657713928796,0.007430340557275542,0.0,0.0,0.0,0.003911342894393744,0.0038510911424903737,0.003921568627450981,0.011457670273711012,0.0,0.0,0.0,0.0,0.0038610038610038624,0.0038046924540266337,0.0,0.0,0.003757044458359423,0.007561436672967864,0.0,0.011575562700964633,0.0,0.0,0.0,0.0,0.0037546933667083867,0.003911342894393742,0.011928429423459246,0.0,0.003947368421052633,0.003929273084479372,0.0040214477211796265,0.0,0.003973509933774835,0.0,0.0038486209108402844,0.002872888992784575,0.003584067054084423,0.001873828856964398,0.0,0.0,0.004733906323923659,0.01155139475337764
619,Taylor Goad,North Melbourne,0.0,0.00435097897026831,0.0,0.0,0.0,0.014416166047643977,0.0,0.004187020237264481,0.015503875968992257,0.0,0.005692599620493362,0.0,0.0,0.004428044280442805,0.0,0.0,0.0,0.0,0.0,0.005529953917050693,0.0,0.005429864253393668,0.0,0.0,0.0,0.00857755539671194,0.004398826979472142,0.00546946216955333,0.0,0.0,0.0,0.0,0.0,0.0,0.0,0.0,0.0,0.01088929219600726,0.0,0.0,0.0,0.0,0.0,0.005286343612334804,0.00519930675909879,0.0,0.0,0.0,0.005410279531109108,0.0,0.0020953913987967385,0.00378737747174112,0.0,0.0,0.0,0.005414372738066581,0.010415386152151708
640,Matt Whitlock,North Melbourne,0.0,0.0,0.0,0.0,0.0,0.0,0.0,0.004252303330970944,0.0,0.0,0.0,0.0,0.0,0.0,0.0,0.0,0.0,0.0,0.0,0.0,0.0,0.0,0.0,0.0,0.0,0.0,0.0,0.0,0.0,0.0,0.0,0.0,0.0,0.0,0.0,0.0,0.0,0.0,0.0,0.0,0.0,0.0,0.0,0.0,0.0,0.0,0.0,0.0,0.0,0.0,8.504606661941888e-05,0.0006013665041983394,0.0,0.0,0.0,0.0,0.0
603,Zac Fisher,North Melbourne,0.0,0.0,0.0,0.0,0.0,0.0,0.0,0.0,0.0,0.0,0.0,0.0,0.0,0.0,0.0,0.0,0.0,0.0,0.0,0.0,0.0,0.0,0.0,0.0,0.0,0.003680981595092024,0.0,0.0,0.0,0.0,0.0,0.0,0.0,0.0,0.0,0.0,0.0,0.0,0.0,0.0,0.0,0.0,0.0,0.0,0.0,0.0,0.0,0.0,0.0,0.0,7.361963190184048e-05,0.0005205694094624889,0.0,0.0,0.0,0.0,0.0
353,Zak Butters,Port Adelaide,16.250117961037905,16.12831164684308,16.787825089595632,16.25183423577362,16.598203476030463,16.140846360142103,16.372464558202736,16.54885320154312,16.34940536246939,16.489789108110973,16.685595823427054,16.653817221299807,16.370407536456423,16.68431066345436,16.24824140655751,16.745881187055478,16.136586655194982,16.465741785747642,16.411735684257483,16.44594913443566,16.499800853523187,16.42706244695176,16.40303537127993,16.690400528512367,16.50620809338024,16.491690772928575,16.254184737843538,16.870248806995946,16.746711153822133,16.32835242269428,16.394008796989393,16.246784775572237,16.589152528216868,16.355926196599178,16.66964294575921,16.00484272715478,16.56963927410235,16.34446655809012,16.737912423906693,16.844087129406685,16.640791127471758,16.52986361923729,16.110461449880113,16.76122012223041,16.233401625167655,16.896326144038262,16.19876512702858,16.003313598618025,16.497581480879074,16.35382492748782,16.459312517268078,0.22891103374400154,16.455845460091652,16.114120740257523,16.24398769713768,16.70033051464978,16.832553411245417
382,Jason Horne-Francis,Port Adelaide,13.256111398162234,13.494099550164389,13.32569348071879,13.123170117543497,12.743767234136024,13.05625887117,12.792852456012874,13.118217812184032,13.234869383958145,12.74253558115261,13.032745421256882,13.285608344797764,12.819805491502262,12.852678676577126,12.644747658769987,13.14472239706619,13.32208902296403,13.162071450373606,12.769592640184742,12.933436780864554,12.987211704917625,13.162959497290467,12.851850903829682,12.767516272569614,13.391642502669942,12.654491566854775,13.246952912932775,12.840838304914698,12.762836349206834,13.129339225926516,12.82300974045114,13.302072489474693,12.810984122413046,12.879482744159274,13.086402385755765,12.850902585251534,12.548362512521923,13.030673891279461,13.022363436214249,12.87736246526948,12.972016902668102,13.063958802464722,13.295773375954493,12.776217968169004,13.462384600327757,12.999129474053326,13.207624659094645,13.468307569551982,13.260084611110875,12.805331599342228,13.023863178924007,0.23917776230167856,13.026518663746856,12.67254058978583,12.774833274620294,13.28773283630952,13.447882470307905
358,Mitch Georgiades,Port Adelaide,3.7559865647515225,3.5887366061450505,3.6067402805508304,3.554354757809767,3.6743531473843807,3.6223919602622416,3.589182691121852,3.615069535628519,3.6041929280616696,3.751811280402537,3.599567191097916,3.4282625023963305,3.789955802634751,3.797437912936194,3.6423865505161377,3.313706588232847,3.9410380347463527,3.3521687697436366,3.533536073635235,3.5634088169865965,3.613028330921206,3.5635731811297364,3.7867253959799188,3.6562775804041534,3.300604389042979,3.70381996218499,3.8132564128303725,3.51563331250725,3.316871362832195,3.4423653943874992,3.6692551510965488,3.604948878573441,3.5024922036005304,3.524533879299173,3.6794581320546875,3.3531157302603987,3.687567617720399,3.7099790523322085,3.3795842069770194,3.6300420755406666,3.575866711208228,3.618161564105831,3.51308899335798,3.69541364270762,3.7131577660156485,3.552839651512077,3.6504265148267367,3.4843917677282423,3.628726100239484,3.4604555920974374,3.59339897097038,0.13913329648906142,3.6058445795621354,3.3241073312490403,3.4566747407760605,3.7106434034920475,3.7959040803243984
370,Jase Burgoyne,Port Adelaide,3.3871091560867703,3.6634153521925805,3.518688684101435,3.5021419750441933,3.6712095320396143,3.583535490047084,3.8747650791757815,3.4973475170048474,3.4743970530427566,3.455118685242822,3.7397181809159497,3.5988008422530626,3.6083722366254127,3.6527785306890808,3.770468475811518,3.7308933174159282,3.5602981978857695,3.7266767018940605,3.377657174279129,3.3537247381198494,3.6722300426555248,3.452810464851839,3.6184188761772056,3.722918667150614,3.5809308506105664,3.5563609567605545,3.4114131709872955,3.568521096731866,3.517967272814719,3.400453560043708,3.738792102593872,3.515887173421854,3.4863554283514055,3.554465094473021,3.411680141426887,3.4970921686282823,3.8184389386780784,3.4152650207965936,3.502249731975323,3.6352132028826705,3.69026617092932,3.6176646426483363,3.5033134404076582,3.7372323220614097,3.515460836654184,3.5367650625877505,3.8070589831925794,3.5012348566370344,3.4509960993754083,3.567853518735909,3.5750485363021824,0.12699011216399125,3.5583295773231622,3.3898447588979423,3.452431262467265,3.7275579745381306,3.7995579291794614
445,Jordon Sweet,Port Adelaide,3.711792928793475,3.6941405832155247,3.709045623491387,3.5320583456142143,3.4014811360723893,3.6636277868550438,3.611312097023199,3.6356954212651704,3.495910368818085,3.4055531442854923,3.3137866772215947,3.5304773121729887,3.6714396382595553,3.4821864330238967,3.902358399734679,3.446123445726272,3.5614782043253195,3.75160246440942,3.604613938366012,3.5458520828281292,3.676954940020317,3.5933750602862093,3.530852614786982,3.5238934114617257,3.8442903955861025,3.488541444812952,3.7622067355419184,3.5415183073148477,3.4995114724358247,3.5063659405337484,3.5161305749463576,3.449665232160614,3.1703985369846635,3.744100899418185,3.482557793731043,3.6727014028841185,3.497251336136151,3.545356304211134,3.578209610864735,3.3471194920660112,3.5781656996652846,3.490266109634761,3.8566844805763565,3.4259029703077366,3.353378637492668,3.5465950749682023,3.664037333302764,3.5750558021798167,3.2814558642880964,3.666296358487154,3.5615875173717666,0.14694621736925398,3.5456041935196314,3.3206199042647,3.441897366363798,3.69725573663318,3.8274632452770443
366,Joe Richards,Port Adelaide,2.9537470103678745,2.921899503578052,3.140144906273606,3.0844472096692255,2.985321953668768,3.129462905232962,3.08074398502959,3.3279196707582948,2.6657522917196776,2.71129110438986,2.808508333688023,2.9260191139632235,3.232306718552639,2.9460983614556433,2.7851575215492193,3.1642152203362377,2.6731704223060886,2.8332510021352393,2.8579645305923926,3.074742890728653,2.99159346830944,2.9258082931133282,3.052521485348058,2.7991073891572134,2.996357962513588,3.0047277016739864,3.0856720510803965,3.0864927185743194,3.15526585956375,3.1311380941662073,2.928523471638212,3.0016532584291076,2.9686674848606516,2.839182950921889,2.7142371702427783,2.910785682272552,2.8992456211152082,2.973807266838858,3.1072138671026996,2.793715509136085,3.0968762588374417,3.0355951977134676,2.9341099741630794,3.0292536300896202,2.9793733760272727,3.0684038987636044,3.069013349336913,3.019479941574842,3.040660287323765,2.8917064042507623,2.976647085602687,0.14265383519842426,2.988457710989104,2.7118950478897084,2.828079784429771,3.0990368189648807,3.1623806013778775
373,Aliir Aliir,Port Adelaide,2.5209007072979586,2.6580409800502123,2.437910990810266,2.617122804688002,2.814148416075302,2.3916955081365265,2.7194719598471675,2.567655334789514,2.7464261390378097,2.6999725103599075,2.624304624546642,2.6756543042861702,2.5814179999763853,2.4558126470815136,2.5394607194536327,2.4566028221091187,2.5222285979944745,2.4971721535406397,2.39828293873357,2.720750385013657,2.6292267332940735,2.5844771666668938,2.386855591196447,2.50633961918624,2.4147291413515983,2.5857958060076296,2.677796550623549,2.65865916775493,2.6680538996780285,2.641614580031624,2.4830298916500495,2.4481545570772187,2.5626926295823993,2.6600870761611013,2.5774850759002264,2.4836014080460744,2.579928336671151,2.578207252698804,2.4561873560948535,2.525547905641315,2.7505120751157497,2.5241791780781972,2.4947420919858603,2.435481403656821,2.7342572523830437,2.688357746293972,2.4898880122883402,2.44210232331935,2.6913906656719013,2.622731443371147,2.572542889626141,0.10926083655536427,2.5778461642995154,2.401654410270266,2.454212106270616,2.688991626443959,2.7439315172735825
493,Ollie Wines,Port Adelaide,2.355159010304807,2.220997501734752,1.9741012413275028,2.218730273877966,2.1877552364118147,2.0085688593340296,2.1183282458768535,2.233657425545299,2.2881792315831957,2.3424758954638656,2.248702288752285,2.06457918517862,2.0915808946363446,2.1369719637405633,2.3560957773723823,2.2093689148137345,2.2657753392870528,2.2521605030688554,2.2917933532302044,2.2111434199598508,2.1928295907195574,2.218798784332737,2.352315042663615,2.0718084311602407,2.2701600590006685,2.222828091840443,2.251161587418914,2.3045405814268936,2.1710525848618145,2.1506271655824496,2.339326556456175,2.2562561574848528,2.067872638627945,2.0459130476770535,2.4826907060607626,2.3369963920197216,2.2384868942476195,2.430130806541548,2.2513037785206165,2.286179457994599,2.222318609200866,2.0387290110059038,2.3350161329242862,2.2488042238672374,2.2808537353845018,2.1775307746655357,2.3284015908743845,2.24641559711473,2.239767780698954,2.3701485990459568,2.2301077794184114,0.10807509900529633,2.243091688906842,2.0402017385234896,2.112738049467587,2.3374833963869404,2.367267770602874
374,Darcy Byrne-Jones,Port Adelaide,1.5397050238633139,1.6088489545465754,1.443300489708498,1.6556739804715936,1.6988016741918326,1.6287017048136776,1.5934136433759962,1.7222564744121358,1.8033844785260562,1.5217832482489675,1.7354769134519623,1.5576317967602307,1.5822888299458353,1.6155225653802967,1.4906264073236608,1.4609530447622572,1.6895555850912376,1.4714009070951362,1.7842201464471503,1.6566712426934174,1.7939576699242958,1.6468795154271538,1.5770442040404922,1.6778985303666833,1.4100279446495292,1.5830154242863785,1.6232006171166524,1.677940063329149,1.7366946100646763,1.6588788986799177,1.713171908915505,1.7263411930466686,1.7068421303965402,1.784289175603348,1.652763242814606,1.4923051214688607,1.7201155145537346,1.663622980884726,1.4531735035981688,1.4527715053571435,1.5099056838458977,1.681411164763542,1.553411478374999,1.6636781458443224,1.5980386670522013,1.4679620984967077,1.57377794048015,1.6688813054889022,1.3572749016315682,1.6071491912218707,1.6138528288566842,0.10815150192303086,1.625951160965165,1.4452420479164703,1.486608277775899,1.7205629751641405,1.7842750246263275
351,Willem Drew,Port Adelaide,1.234373819464415,1.3142781699615211,1.3534010399839573,1.2707166738638513,1.372368146958601,1.3291651008981464,1.3250174661156537,1.429926265852054,1.2521876400683511,1.3971647425287321,1.3116055665599378,1.358889713840725,1.3910953135165691,1.3485783319525275,1.355416780369672,1.1681525904790102,1.1005515160495998,1.3814180025838165,1.3522457694993493,1.4289292477067712,1.1761245047434241,1.135262874605559,1.1698559325999935,1.1470851843759562,1.489042579531508,1.4129408966258505,1.3016409614889517,1.1738916050225177,1.2874853985048162,1.402228776575934,1.1325496537334272,1.2739663727919623,1.3246622272521167,1.2420815828831542,1.2186180816504806,1.247861209377386,1.1883670413196912,1.4199960616911567,1.1219668025898608,1.285838461982861,1.2841058653139137,1.270893014332834,1.4407468848056748,1.2857320196850155,1.4091210766884072,1.4777077757755486,1.3146900206603678,1.4111346275321253,1.248912676525999,1.2906931642261523,1.301213704662918,0.09922115091891308,1.3066232640244446,1.1331058640122142,1.1756578287017547,1.4095419088147443,1.4385286579201826
381,Kane Farrell,Port Adelaide,1.2673731408086302,1.366802433607525,1.1986743624609726,1.3287179259892217,1.3675786914981665,1.4788403210960719,1.3758516270555823,1.2335438457249734,1.1511864750150076,1.3555562937480978,1.2737651862274646,1.2122107598766323,1.2782352524650338,1.3998987597774888,1.225187580732176,1.3976512706361026,1.3585409202317535,1.3104165129176328,1.2387044516502994,1.2910833779946065,1.2162358431935316,1.431493620737398,1.3461594535598516,1.2946049586338726,1.1720895479308997,1.3573215672014785,1.2246033795610693,1.2239221161873182,1.2931394395656293,1.375267477727565,1.2185283979487642,1.3019039439889164,1.4386334909585492,1.2680438041622015,1.0633853111641938,1.276105730575545,1.309978188504228,1.199015678133886,1.28971838629735,1.4182110346442751,1.2272433372827949,1.375484132883999,1.3168533736707486,1.4088146939900237,1.3694672985232905,1.195532549423717,1.1607038445276345,1.2823336331925135,1.2866093246533887,1.1241344750067737,1.291507144466897,0.08888327859246684,1.2904008821459783,1.1531375357650961,1.2094529877923983,1.3755609391658599,1.4287706905883077
369,Esava Ratugolea,Port Adelaide,1.0593545182273232,1.0648464163822526,1.0394404249706002,0.9798147189578506,0.9577048814398504,0.9703505899668815,0.922038980509746,1.0518934081346427,1.035072572140913,0.9672844111353247,0.9813234410621953,1.1933099252965744,0.9049815099832167,1.0179488417920832,1.053712406015038,1.0132268888376477,0.9114556432222564,0.9751037344398343,1.059225997221213,0.9609094166972637,1.050847457627119,0.9934905228356659,0.8824714573539291,1.006044354424929,1.0510480341909447,0.949253731343284,0.9972690162433088,1.0155094549863997,1.0226087784517848,1.0733459173617959,0.9947448244009914,0.9760014760114791,1.1684839344151592,0.9805558610659232,1.0247522968834446,0.8624523612261806,1.1110423447949433,1.1088000000000005,1.0513058494647187,0.9465091896536485,0.95864227466632,1.0411494050361858,1.0042903747541092,0.836856436158051,1.0739082751744766,0.9267762705449027,1.0153460436411725,0.9079029775489629,0.9179979684181364,0.9824054667087773,1.001016221636389,0.07142499225184434,1.000779695498709,0.8870860181429331,0.9257861769275549,1.05925285811149,1.11058266411198
376,Jack Whitlock,Port Adelaide,0.8092949150501467,0.6482524473853362,0.6356989831687081,0.6743009861926645,0.7309211026570915,0.613997236714242,0.7420471979618775,0.6366346725610161,0.5854674002142775,0.688720348394873,0.6838049856906984,0.6827141852355694,0.6616557492297929,0.574437549610897,0.6743201735414395,0.6286605352723813,0.6987553944224495,0.5928664036779396,0.7771218579674174,0.6335444501729913,0.6547890256857725,0.6249789187923124,0.6525246438155189,0.7012584910974372,0.772487825307792,0.6538176158000232,0.767944004995514,0.6166410441866343,0.7636298723139224,0.7900661060477102,0.5360454027790985,0.721900895750678,0.7144173315601555,0.7358818338926253,0.5915103943306561,0.726304742829164,0.5993315835926691,0.7801773612417716,0.7316068973213026,0.6581990967774383,0.69041094771488,0.6540934113021742,0.7078079942665815,0.6781748573127806,0.633541407734308,0.5940026991404533,0.754712207156261,0.6596073635958111,0.7605790655914014,0.7215969083858917,0.6804251305088109,0.06418201485216662,0.67624751542711,0.586706214008135,0.6160884884249044,0.7559383805692053,0.779550983070529
444,Jack Lukosius,Port Adelaide,0.5674069883745174,0.5621901187499174,0.5686526724414844,0.4531736019839051,0.4897890314347263,0.5289613886667807,0.5639869303772433,0.5080016130334005,0.6493797437808644,0.6598401796788826,0.514107877595744,0.5712213567864384,0.5284381904044794,0.4966240560387353,0.6378281324205906,0.5919377160878538,0.586453398329528,0.5046009998472359,0.5668359847102493,0.49263129033235065,0.6115184788644348,0.5058828719613773,0.5502951838423518,0.49004758085976585,0.5790412648747182,0.6053636658388751,0.43171458879058344,0.460765019365573,0.5307322328061291,0.5418149553618897,0.5666933503136177,0.49843548256741643,0.6175432007842315,0.5239627634291042,0.6041077569952356,0.537249310629495,0.507879970496793,0.5078509977032886,0.5379839039649441,0.6560182532536631,0.5253830467936884,0.529908481940251,0.49048005837007,0.5401528507021247,0.5602616338210165,0.44335386277167294,0.463685054631862,0.5803271079938672,0.5448922590123593,0.4928937982901562,0.5415660051621097,0.054527790901412444,0.5376166072972195,0.45472984254714705,0.492181682852234,0.5944812546374966,0.6470116634520082
375,Joe Berry,Port Adelaide,0.48045119090341826,0.38515674321968607,0.43250564471398734,0.45523824619643516,0.4067817769599176,0.5222171611459951,0.468902713397458,0.3597723986546454,0.4261379430285083,0.42831131172750914,0.4322054909814278,0.5060098651159641,0.419313504626681,0.41213552717165364,0.5046483867068974,0.4659869614800639,0.4301638383676732,0.4198603895536889,0.43306228444228917,0.4453785095609963,0.3309016918881542,0.4250423247458707,0.3813275916022524,0.38068798858232533,0.34722205263402856,0.4410214280845596,0.4156346000839281,0.4038050590033994,0.4920196838002129,0.511940277330923,0.4099910386140583,0.5758592487267591,0.38221805267656683,0.44498452892078266,0.45772078192595844,0.44572161764842116,0.3894115372852557,0.41907357139849993,0.5018407449474884,0.4499328646979783,0.4697550975423822,0.386475194351307,0.41710946650320535,0.4085530421857302,0.40425108754145755,0.3792913095421397,0.42512487355241285,0.43184988244429406,0.48172809718505266,0.45197226388739614,0.43393413774575385,0.047268484986219855,0.4292375750475912,0.36377377538658173,0.38619963806479823,0.48071806431627984,0.5107245428268563
372,Miles Bergman,Port Adelaide,0.45136992064442366,0.41772419569336294,0.35151471987338345,0.4687581831108685,0.4195146837797205,0.3883765125761806,0.42885548348056324,0.47968732209589826,0.3920114607499182,0.4206979502821435,0.410423479490498,0.4664322195105347,0.41214379293830034,0.38623720452354127,0.39306912016864104,0.4588766832445256,0.45165492877946034,0.43060273861821835,0.5503346100464905,0.4628866584530743,0.37858113425217166,0.4065906159967322,0.48187473343908577,0.42145692753595027,0.38685412037968,0.4093387204302512,0.4328915561457394,0.3721100479569066,0.3734900987727179,0.47270499777838626,0.3931291174137093,0.45754862976186106,0.37853933903125675,0.42147397684972965,0.3483693281057616,0.43971533880460884,0.42293037277193235,0.4169602243168629,0.39427277399970373,0.4244980066335166,0.45159994111982144,0.38483061599266094,0.49276294063870024,0.47558708999664984,0.43077847334309627,0.372903513164138,0.34558762806793014,0.36310131314462796,0.39604961692008317,0.42929701491233896,0.42034000151472717,0.04187039145080449,0.42010631703093204,0.3538899714939886,0.37857239905100043,0.4636276807140835,0.4814263141137323
360,Logan Evans,Port Adelaide,0.37344123111117855,0.28420264491005104,0.3565513361892155,0.31154687016433663,0.3311106177332534,0.42349875572294016,0.34686426926973274,0.38296639932547155,0.3010373122423135,0.3626066900015159,0.2736839175319764,0.3698100545281159,0.36337304217081123,0.28461817504009407,0.34514306372944675,0.39644690266019994,0.3503614168961676,0.4223401449436126,0.3034993482661722,0.2810189661919486,0.3895363496089294,0.3412361066656403,0.3247557666549449,0.2902077383593547,0.295690104706994,0.33382407881475856,0.30594724268733503,0.34244364972386504,0.4055046917025103,0.343395456298265,0.3022622153337741,0.35277769406637005,0.34454239575180307,0.30794923656265666,0.3083023289036902,0.30880181397772855,0.33545053445483586,0.2672321482763941,0.3037770650762072,0.27130066737294933,0.34379546496576724,0.38616166434587823,0.3018789303676205,0.31318213468810774,0.3131912397927771,0.3788197093530167,0.3034200056483577,0.3462399710354339,0.373249842234963,0.425321564725835,0.33648637941570636,0.0414988222262711,0.3383433205602381,0.2751876025072707,0.2999197458674317,0.3796863675572597,0.41888887702918653
377,Corey Durdin,Port Adelaide,0.18518321486552472,0.14657148209861592,0.17198955307238964,0.2216243615127921,0.20119597957506064,0.14442063197656382,0.19311168433742257,0.21083623636933232,0.24269128842336463,0.2694114468448428,0.2167669264473183,0.16183876541191802,0.22323029041217043,0.27875718598756266,0.21744704471499762,0.22465271479544538,0.19923283016048127,0.26803570836645035,0.24121281491601992,0.14599357750552522,0.19604270279267366,0.1868006916437659,0.22901118958895927,0.18050296908899258,0.16166310085283517,0.2202969284350944,0.19332356363058817,0.1315568773545835,0.2571315399278379,0.19645308757740607,0.12203644305677257,0.11627355426044957,0.2428664013806632,0.16826349266752133,0.2655004382910025,0.2527839486814024,0.2515142411207514,0.19593549631059987,0.1745945263701441,0.2132969252880008,0.21929251275686856,0.173226770310639,0.19157574739855943,0.20495304350507193,0.1401014082329677,0.2424495296416095,0.25052134161978673,0.24819703520433195,0.1682227553085473,0.21066320639744338,0.20338510412979333,0.04107237334175319,0.20307451154006628,0.13330850618465226,0.1618020515190697,0.248682815245162,0.26751597800098353
533,Christian Moraes,Port Adelaide,0.18810752322229743,0.12374104806525,0.17984768418250913,0.1266565247989397,0.16591228625410595,0.09821203282997379,0.19502669628529556,0.20123641231483033,0.221709960232727,0.17587527630716826,0.21525148798041327,0.1646672476285771,0.20825714839760068,0.2211425588003661,0.14441034622574173,0.16673030123903343,0.16292107939687495,0.12731196772822626,0.22084488763066865,0.17488472079122813,0.12882588129372816,0.1684156541719803,0.21355586622712402,0.18429243900720543,0.22479233533662749,0.23660672265421345,0.09624130514999688,0.14991046525739404,0.18917688584152847,0.12473001118666815,0.19530994864125428,0.22293384914303627,0.23116894695536624,0.1783193028179803,0.16989632243994837,0.14309284383453394,0.1546832076528736,0.20178041616380513,0.15767954067141698,0.24008477913549559,0.17016531617330213,0.11559915622651272,0.22401800231510569,0.18184173128883102,0.2088104013877085,0.11952445626601699,0.15213945459189315,0.17587710644623322,0.1682265618651081,0.2060964838980473,0.17633085168705528,0.03745428572895712,0.17587619137670074,0.1164038427346111,0.12850947335853827,0.2209071009051354,0.22986174157352476
474,Will Brodie,Port Adelaide,0.13338130258592534,0.11368584180239416,0.16079839440190558,0.15832832792749504,0.169360104171662,0.1418209427805241,0.20456673906184536,0.1262648995308373,0.19238476953907818,0.1750828440206965,0.11971932705392235,0.18440097174274392,0.1389357218124342,0.10932563708040098,0.16751791520784762,0.19452352881898333,0.1614536270666988,0.20197190084802183,0.16481958694976262,0.15749282750785565,0.08768833002793151,0.14634200601065775,0.1573129251700681,0.14972082212141705,0.15522207382943318,0.1595627776682755,0.15675325629059936,0.22180859314409807,0.15006220810643534,0.19755609018371442,0.1376332464403019,0.21907248229604842,0.14227642276422767,0.1543117612435372,0.1346581875993641,0.16684082201323583,0.17170583053245103,0.18363993132205056,0.19024193548387103,0.19028862478777595,0.16287814371823223,0.1928572639434097,0.1809719751625084,0.10862087851900537,0.13538765734655236,0.16099797552681183,0.15113450149969693,0.2029512182504785,0.19201027285245295,0.2113641351539614,0.16295415117839276,0.0300732804665292,0.1608981849643587,0.11021947904840958,0.13523519816939003,0.1932055133024046,0.20997066895507757
367,Jack Watkins,Port Adelaide,0.13081886418381378,0.09959029146354115,0.11147731887218518,0.17691446817313847,0.11201737713880937,0.10243943098527597,0.11464483383878053,0.1433922862351594,0.10414989228980638,0.09011805240374998,0.0975797716015656,0.15155661991105032,0.15160144191981606,0.13561337448462124,0.20961774003706846,0.13804405504549733,0.12577388104975,0.09573354304330135,0.16093691531047852,0.1612031779777468,0.13537343120128925,0.07215634164876933,0.16693147172981757,0.11525553705416718,0.09930011894935005,0.11044081517543494,0.08791425811896665,0.1255540217641114,0.11222570205112391,0.09969809125847727,0.12060042274375282,0.1476617822874217,0.13201125814770062,0.10446017491628967,0.13575226280144315,0.14127153891859773,0.12626810674223216,0.08376158940397355,0.17674425197566815,0.11519808463616274,0.13177635438510482,0.1239383805751544,0.13119383088314038,0.1513148722026006,0.18526192166993807,0.13769451953871756,0.14929434304719744,0.15806454262932837,0.14065475234577532,0.11632232301294419,0.12894636875559612,0.02816115955252387,0.12854348546302297,0.08836603594734724,0.09967556110133562,0.15295222996810412,0.17687957385265704
446,Jackson Mead,Port Adelaide,0.14159260091528725,0.11684106772075831,0.15675170086994794,0.07320504816149036,0.15593018541032302,0.15277219621314056,0.0678712791200722,0.10466334116408499,0.07007114925658886,0.06924373886377375,0.054444939585135424,0.08069501012859845,0.1341020778586074,0.11083751375251949,0.14164806825707463,0.1357655134928002,0.14177535774905817,0.10628085431619573,0.1506716496969099,0.15003280629332194,0.1869832767725922,0.10437055216721511,0.12522616539891995,0.11567566656900724,0.117213920071496,0.10864354265467722,0.080235900112405,0.12154876422628419,0.0815007348147431,0.10689257291849172,0.10852652299454094,0.12325215463223979,0.11912798750827999,0.12021210372079594,0.08920888999507734,0.1392241718467228,0.0813471414769742,0.09315036297137792,0.1048745605945173,0.07555053859720205,0.09904347341049437,0.11518668707868705,0.125701223069564,0.17388087288539272,0.08940944290416422,0.07652564122362099,0.05147852626281485,0.16645459649927993,0.08762443638410347,0.12060708179642698,0.11247747220767595,0.03164809861585284,0.11301210041560328,0.06815263336753101,0.07946045600464914,0.14350116449480926,0.16446550289526682
476,Josh Lai,Port Adelaide,0.06880932235372435,0.10350105629497452,0.058019321955274296,0.07175123027703752,0.0689667245579963,0.06993330468225128,0.12925111752666454,0.06351253311107571,0.0597829583670147,0.0897918550149698,0.09181221785000436,0.06871785694430665,0.05742599068069763,0.15340832481753558,0.06614804041274633,0.06628668779460707,0.08683946221379205,0.04421688389467947,0.10080745338383494,0.09848622474213271,0.1310049650111128,0.08080248114266073,0.06457154304782664,0.09566515941750901,0.10529725961438,0.08231195244663897,0.05656976982781946,0.04884216748301753,0.10545053865581577,0.08213875892265174,0.08715327023004615,0.09142234077287373,0.08488875880893042,0.0931243949844395,0.09320226875346499,0.1005279515582382,0.08147365122973818,0.07686463196713984,0.042781902139870855,0.10741752639367455,0.10666137704650411,0.06828085029161064,0.10940586898768351,0.08526642238889562,0.05805687859337736,0.08467434265358334,0.09573549794874732,0.06300586043540532,0.056897599469050444,0.07371883779513169,0.08261366789786317,0.02273999939159293,0.08222535568464535,0.050426325963701925,0.0594222076943245,0.10387646278873026,0.12518284157617332
579,Will Lorenz,Port Adelaide,0.06674082313681869,0.07549234135667394,0.0772676371780515,0.07834602829162131,0.09512624779800352,0.07150964812712828,0.07248892661827296,0.0775444264943457,0.0968783638320775,0.08853575482406359,0.08053691275167785,0.10843373493975904,0.05772495755517828,0.06662770309760375,0.08543263964950713,0.11411087494232354,0.07931034482758621,0.07694103005762623,0.10122487751224878,0.07189577992593613,0.09070548712206049,0.08863246625561136,0.12507042253521128,0.06277533039647579,0.10822998872604286,0.059405940594059424,0.10899858907139999,0.116991643454039,0.08756567425569177,0.07666666666666669,0.11314285714285711,0.07357859531772576,0.09294320137693635,0.07935595169637723,0.09873834339001648,0.08375423918469933,0.06923076923076922,0.06571979258900058,0.07692562414902053,0.09704406023424428,0.07612456747404842,0.0902506963788301,0.0970982142857143,0.0756993965990126,0.09616485403548942,0.09600000000000003,0.07511375844532198,0.06368715083798884,0.09838628959916909,0.13318534961154277,0.08638709947145054,0.01738166953578763,0.08214557596818858,0.06296225358698597,0.07103336243778924,0.10268894575593171,0.11640108590913731
379,Jacob Wehr,Port Adelaide,0.08471883825966336,0.10422161233225283,0.06550585041094065,0.11989735928991319,0.12008503641158079,0.08750779803264894,0.06261589165501635,0.056463373136727016,0.051060947218821574,0.06306740397498514,0.10753764383455175,0.09198011613110953,0.07488596251925636,0.11876331751350672,0.05533761784077141,0.08825994988585298,0.10338754510751132,0.08332408033099396,0.1256193383451422,0.090178534701058,0.08327699694895985,0.061838072051845494,0.10438120227749195,0.10250029769593028,0.053029955640239046,0.08356823009637233,0.06252977299365607,0.08578392854577085,0.07015656860084603,0.05164246167028711,0.05614588268735586,0.09290401399742317,0.08806581283957328,0.06166355229935655,0.06756880103078174,0.05509727966825524,0.08396103255360689,0.10960931534612478,0.10810509172797145,0.0821635298127792,0.06135192194847652,0.11190053451296816,0.07314127401822959,0.05363942696757769,0.032872404586933385,0.05332459941098722,0.053694782485824655,0.06297688441875574,0.05830808893337414,0.059372004972957165,0.07877983875346031,0.02293159443140874,0.07852474616601779,0.05192689793412726,0.05528738716271553,0.10504089856291744,0.11966488072574985
363,Lachie Jones,Port Adelaide,0.09520467752160176,0.04476615553397785,0.07485990569533829,0.07011418724563755,0.03228734457207516,0.06403000044470293,0.07950091095283088,0.07498344953659047,0.09467198623204215,0.04097835397046419,0.027968055498214822,0.07297854685777878,0.062099626542193156,0.09445388975506187,0.01959589513188676,0.0717398903759855,0.06497080871016031,0.11103428491278712,0.05279991086969856,0.0932051243088665,0.03760217735867051,0.05283859810268396,0.06046886449908673,0.06280482837343204,0.08895237595251232,0.03680179242205825,0.10289068424587137,0.0510727626025626,0.05500487518935643,0.05191129031768968,0.08811930591139998,0.06437180506700187,0.07174373539518535,0.03264364190003887,0.05345960722006603,0.054522476573837034,0.03543599133093518,0.05209198410812593,0.053652294192300706,0.06534715117217098,0.07506958092572856,0.052154510896773025,0.0796145250955518,0.08648550963079428,0.07827205478089416,0.06522880848830931,0.05247173880937712,0.035820484716808064,0.06762860001559215,0.09950672131940008,0.06412463562564218,0.021325462985461008,0.0642009027558524,0.03236038552430772,0.04027273305859931,0.08829341754999245,0.0986248023408514
357,Ewan Mackinlay,Port Adelaide,0.05515481534919503,0.047865143572436014,0.056852309657908114,0.06508952088653322,0.04388329497215046,0.07729635913374669,0.056375046389372276,0.04829611673561715,0.06548293917233562,0.035282803205367745,0.051417312725433845,0.0674703640097579,0.03129884871072953,0.0674194856585692,0.06334786674034006,0.07066184996768332,0.04387178552932795,0.03528032878740549,0.08810900324752169,0.030087520761744768,0.03269511890870209,0.0482616066855719,0.07727132779803716,0.09702154798995963,0.025476157356574214,0.05721675706361236,0.08937125659903022,0.057819698857928585,0.0926456514626591,0.03796360755969343,0.051165486411879735,0.09832550100539655,0.03747819630033168,0.049889173289667466,0.07202453587713219,0.09906502739709094,0.05115517458634011,0.038693271487151744,0.037100598324506705,0.09382429513134216,0.13422302109211678,0.10254433459827694,0.07715307283724085,0.0555413430254295,0.03567093272941368,0.06880098597645425,0.09789133620716428,0.06468318643704314,0.09193196980364622,0.01943736544203699,0.06185768506909213,0.024618222909633627,0.05703453336076024,0.030335842991286645,0.03680179821513226,0.09208112927037991,0.09891342448679359
354,Todd Marshall,Port Adelaide,0.040070210423607144,0.03775558734678399,0.03599921498253111,0.05609301511527454,0.06904419151305162,0.08117683113998515,0.05322905490624849,0.07982901622137495,0.06950956543313762,0.03388529894820503,0.04197468872732643,0.034947108759299315,0.06803844192013705,0.07923786725362802,0.060372468415926715,0.052351052788112265,0.09119478763159043,0.05887193494939705,0.07055554351501703,0.06047053386218023,0.02704245536748506,0.06434311588816678,0.06283259991578044,0.044290692721896084,0.057562932773511766,0.07355075891323158,0.03228451378786913,0.0488570984294822,0.05938472235489834,0.03680704548725523,0.07567924715104939,0.030368959994890445,0.03370100473909872,0.03407407544264631,0.012637667441381631,0.050962532052508704,0.11017063166678956,0.03507908031129845,0.03694473873542353,0.07422705810234072,0.0869945422751143,0.03975833073042092,0.02651461471085471,0.05673996183333928,0.05562181796332066,0.08886028376249855,0.036853532610898465,0.03142384899051089,0.04116242009131605,0.024979184013322244,0.053286317642228284,0.020812079746331896,0.05279005384718038,0.026622822045463932,0.03384678145850181,0.07453056561352082,0.08847780675758476
352,Connor Rozee,Port Adelaide,0.04711060323355326,0.06297380666074137,0.028878066937560114,0.028839499609249447,0.047866043593943704,0.029622632723789514,0.07612801944599182,0.029338459282910078,0.048626368259632374,0.03405756389953039,0.049432190434592724,0.04209506456697469,0.050028527812567024,0.052745845279100624,0.032935613082828344,0.028915662650602417,0.03504092895390108,0.044715670102222924,0.05271538322481318,0.03741303711281362,0.04787530650126421,0.053865830317268194,0.037102280363783,0.05690285969820526,0.033606093154965336,0.05823153899719517,0.03813360804719129,0.023930959415331993,0.04321226492796042,0.08397113166836141,0.02408113454964413,0.019592318630452264,0.050540242893610976,0.03726613836444666,0.06205506425716851,0.018823529411764704,0.05844155844155845,0.07965286478227657,0.0640393896172408,0.052443656910797894,0.05345038188432061,0.05637051934224537,0.03381835934977412,0.03451532793225584,0.03758093401294944,0.03472953822294715,0.04815827806359636,0.04754921450961175,0.0665602384262451,0.06894570979879638,0.04569850518721096,0.015225397385194836,0.047329908871582504,0.02396174531786598,0.029563240474645713,0.059196781157020935,0.07465564596831671
492,Mitch Zadow,Port Adelaide,0.043136797538345345,0.06041310814209888,0.05377755197459823,0.026646668462530547,0.04477819773224589,0.03432854542380617,0.050854658236432176,0.03299500198150849,0.061499229104406763,0.04516213202643269,0.034738566573967365,0.08536040015180676,0.02955044955044956,0.06920327433605881,0.043959020102945154,0.03424286640406833,0.05169554885178841,0.06234294483687104,0.04138793069973756,0.056730950644389766,0.04017173120270073,0.07714467055358022,0.03497184754617445,0.0344311066578455,0.04092021012117835,0.056357056666076,0.041677244645549644,0.04054455543105316,0.020872128583863815,0.08363790392173298,0.03212672009474506,0.06093002977223249,0.06461005301036549,0.02504631853427572,0.016324152615845584,0.037034636816917064,0.06762884916299595,0.0389149550929496,0.06468887476209854,0.05356435697430177,0.04049601908865359,0.04857997748274575,0.06368399492223906,0.03627642814685661,0.07100398603417854,0.06596019101924418,0.028486744490761613,0.0340124362224109,0.04180208258006891,0.06270599839260337,0.04774818206641465,0.016239986398218362,0.04354790882064525,0.02537439026956796,0.033799792466062295,0.06462652675647769,0.07588583022710284
378,Dante Visentini,Port Adelaide,0.03674481086093346,0.02193735208833233,0.03925458674588364,0.055720728633258436,0.07118643489319004,0.04420539936996404,0.029082750160120203,0.024944691162659887,0.03607934606752194,0.019425375784116468,0.051129632521907636,0.034073966782268296,0.034827746883928166,0.021529610556331225,0.0326896923530848,0.025440064540850633,0.061924929187194847,0.040610046417942774,0.03669039624371694,0.02607216660480114,0.08342513110292482,0.007802340702210665,0.03443582572343774,0.0296417462854877,0.06907239794220119,0.03340194511629269,0.03187250996015937,0.004132231404958679,0.039561804596985356,0.04300831786624869,0.03206015907278758,0.02785145888594166,0.06769696301468878,0.02934060056541783,0.036202405105733984,0.034685446645644095,0.05134841703763384,0.032942868387917455,0.04703370588008416,0.04488142499634072,0.02841868237233254,0.03200724829566401,0.043429151643343704,0.031131637111548864,0.01767077192190076,0.01288106768636868,0.036480693313662396,0.05318801437180565,0.08768732985194003,0.09279262740059487,0.03919309304240531,0.018774820461812766,0.03475659676478613,0.013862957054652757,0.025336531504808767,0.05371735165244927,0.08091619837992912
606,Tom Cochrane,Port Adelaide,0.008645533141210377,0.012286689419795223,0.037630662020905925,0.004146510020732551,0.04216444132115251,0.0,0.022488755622188925,0.03366058906030856,0.02121640735502122,0.008397480755773271,0.012702893436838395,0.0,0.008540925266903919,0.013284132841328417,0.031250000000000014,0.004135079255685735,0.01648351648351649,0.01659751037344399,0.01275690999291283,0.0213371266002845,0.016949152542372885,0.002854424357754519,0.0,0.012526096033402925,0.017081850533807827,0.022388059701492546,0.017167381974248934,0.024776324845147978,0.024913494809688585,0.027522935779816522,0.004106776180698154,0.03008595988538683,0.0,0.02625820568927791,0.017582417582417586,0.004225352112676057,0.020847810979847118,0.0,0.02178649237472767,0.029935851746258017,0.004382761139517897,0.029978586723768744,0.02145922746781116,0.021097046413502112,0.00423728813559322,0.012088650100738755,0.025787965616045846,0.03964757709251104,0.029411764705882356,0.012413793103448275,0.016984768211916884,0.011304267837729398,0.017015501538090356,0.0,0.004144120990837766,0.02952129889732087,0.03681679706398344
578,Tom Anastasopoulos,Port Adelaide,0.007792207792207795,0.008168822328114363,0.0,0.011764705882352943,0.0,0.015594541910331385,0.011523687580025612,0.02649126726505724,0.012024048096192385,0.023300970873786405,0.004310344827586209,0.028282828282828288,0.003846153846153848,0.024109886405520996,0.008016032064128258,0.023847752792749234,0.03538663171690695,0.020297699594046013,0.023759407005035933,0.007434944237918219,0.012024048096192386,0.00771704180064309,0.02777777777777778,0.024303651640274947,0.00404040404040404,0.020107238605898126,0.0,0.027361563517915317,0.007677543186180427,0.0038986354775828475,0.03276450511945394,0.01579986833443055,0.0,0.023637557452396585,0.011764705882352944,0.0,0.008253094910591473,0.025925925925925932,0.023225806451612905,0.019354838709677427,0.004034969737726967,0.011541928015452492,0.0,0.007843137254901962,0.004062288422477997,0.007614213197969545,0.011889035667107004,0.008069939475453933,0.02321083172147002,0.014732965009208104,0.013691708958640414,0.00981642185708172,0.011764705882352944,0.0,0.004006475877356847,0.02415038333958457,0.028179292929292932
621,Xavier Bamert,Port Adelaide,0.004118050789293069,0.009427242864858609,0.0,0.006738470035901684,0.00434467776973208,0.0038986354775828462,0.0,0.00854700854700855,0.007939864000609347,0.004332129963898918,0.015432134559554049,0.017492711370262395,0.012689189955217964,0.028961064612289027,0.004008016032064129,0.013659550921106859,0.0,0.012908752455843355,0.01708310643458318,0.0,0.004447739065974797,0.0,0.012605042016806725,0.004504504504504506,0.009291260508397804,0.004447739065974798,0.014148280375164773,0.016640948934079122,0.007677543186180427,0.008304498269896196,0.01320026723704859,0.004347826086956522,0.009111617312072896,0.019236519530456114,0.007843137254901962,0.014771505506189012,0.004497751124437784,0.005059021922428331,0.012758740065701485,0.025473293982147996,0.0042194092827004225,0.012262496750813527,0.014198833969730866,0.01269349845201239,0.007846223778578406,0.0,0.0,0.00991403525080125,0.00845666905217846,0.0,0.008790780165518824,0.006604071488360519,0.008122181135252772,0.0,0.003083820662768033,0.014318522320850615,0.018879038857616392
659,Alex Van Wyk,Port Adelaide,0.0038961038961038974,0.03649601648832122,0.007877415318431653,0.008080808080808083,0.015843348887871176,0.0160788444541305,0.019714813859889095,0.025941939468807906,0.012024048096192385,0.003883495145631068,0.02044989775051125,0.008064548909619332,0.015384615384615392,0.0038784744667097614,0.0,0.008219178082191782,0.015727391874180867,0.02830720659646285,0.011627906976744184,0.019779303488437358,0.012024048096192386,0.027478143382917413,0.01982555398396983,0.0,0.007712467704661063,0.0,0.004040404040404041,0.011726384364820848,0.0,0.01967462983700386,0.0,0.003949967083607638,0.00813008130081301,0.003939592908732764,0.0,0.0,0.016506189821182946,0.019643981166754795,0.0,0.0038709677419354856,0.01242236024844721,0.0037998733375554173,0.007697241821680566,0.007843137254901962,0.007978723404255322,0.007614213197969545,0.023893917364960805,0.01227672797948521,0.0,0.003683241252302026,0.010540144090404277,0.008850460708055164,0.008072678495213707,0.0,0.0,0.01972829219225568,0.027163221580524956
622,Harrison Ramm,Port Adelaide,0.007856499935707858,0.0,0.0,0.012121212121212123,0.0,0.0,0.003841229193341871,0.007627559980137824,0.0,0.0,0.0,0.016096579476861165,0.0,0.0038784744667097614,0.004065040650406505,0.003799873337555415,0.0,0.004059539918809202,0.0,0.0037174721189591094,0.008140247437022807,0.003858520900321545,0.0,0.0,0.003883495145631068,0.0,0.004040404040404041,0.003908794788273617,0.011516314779270639,0.0,0.008191126279863485,0.003949967083607638,0.004065040650406505,0.004051316677920324,0.012186031437368343,0.0,0.004189944134078212,0.0,0.011820793403653431,0.0038784744667097614,0.004140786749482404,0.0,0.004195804195804197,0.0,0.0,0.004240282685512368,0.010705031304652703,0.004120879120879122,0.0,0.003683241252302026,0.0037165995546573015,0.004093636371285024,0.003868497683515653,0.0,0.0,0.007915803163482681,0.01205962628411259
629,Brandon Zerk-Thatcher,Port Adelaide,0.0,0.015625000000000007,0.01098901098901099,0.016483516483516487,0.0,0.0,0.0,0.0,0.008241758241758244,0.005449591280653952,0.0,0.0,0.0,0.01572739187418087,0.005698005698005702,0.0,0.0,0.00806451612903226,0.0,0.011090573012939007,0.0,0.005555555555555557,0.003745318352059926,0.0,0.01576872536136663,0.0,0.0,0.015936254980079684,0.0059055118110236254,0.0,0.0,0.005602240896358546,0.03516727078538585,0.0,0.0,0.005571030640668525,0.020123624841005966,0.0,0.014723926380368105,0.0,0.0,0.0,0.0,0.0,0.0,0.017291066282420754,0.016997167138810203,0.005524861878453041,0.005576208178438662,0.015706806282722516,0.005731298661476303,0.007771217160956381,0.0,0.0,0.0,0.01571110867133731,0.01723081695798059
648,Balyn O'Brien,Port Adelaide,0.0,0.0,0.0,0.0,0.0,0.0,0.0,0.0,0.0,0.0,0.0,0.0,0.0,0.0,0.0,0.0,0.004140786749482403,0.0,0.0,0.003934426229508198,0.0,0.0,0.0,0.004008016032064129,0.0,0.0,0.0,0.0,0.0,0.0,0.0,0.0,0.0,0.003939592908732764,0.0,0.0,0.0,0.0,0.0,0.0,0.004034969737726967,0.004115226337448559,0.0,0.0,0.0,0.0,0.0,0.0,0.0,0.0,0.0004834603598992604,0.001322796836584795,0.0,0.0,0.0,0.0,0.004029444228066085
380,Ollie Lord,Port Adelaide,0.0,0.0,0.0,0.0,0.0,0.0,0.0,0.0,0.0,0.0,0.0,0.0,0.0,0.0,0.0,0.0,0.0,0.0,0.0,0.0,0.0,0.0,0.0,0.0,0.0,0.0,0.0,0.0,0.0,0.0,0.0,0.0,0.0,0.0,0.0,0.0,0.0,0.0,0.0,0.0,0.0,0.0,0.0,0.0,0.0,0.0,0.0,0.0,0.0,0.0,0.0,0.0,0.0,0.0,0.0,0.0,0.0
231,Tim Taranto,Richmond,6.898407421082577,7.126338758127129,6.96296559443365,7.151799111546493,6.6334637936904715,7.092756709536371,7.16692334447305,7.185787840240073,7.430930976499396,7.065598687402112,7.297625574899135,6.923890449283919,7.51312563957275,6.921910834189005,7.291695046241045,6.857595675750244,7.280602724291232,7.480523041459814,7.105554155848772,7.101701573318506,7.068490782778349,6.8407703903437165,7.2749811582896085,6.965373782020098,7.415829543586067,7.075285811676299,7.189755617354741,7.152103316780774,6.816166781621365,6.996244405043047,7.0616774473501085,6.978051807939409,6.817757309579892,7.281160869781074,7.558187969444464,7.1920978866046115,7.0252164553096295,6.7255533286829525,6.723285220189459,7.204784375259692,7.2559853157541525,7.145203716283602,7.551519103307974,7.1582255986922485,7.008976050291195,7.048820421142392,7.188020374723084,7.154207324586956,6.998817474525332,6.87777112150627,7.104790354246686,0.21321080639239703,7.103627864583639,6.744129086535327,6.894094434471129,7.283362512661207,7.5064421069595975
236,Jack Ross,Richmond,2.3727859776940856,2.171276050537823,2.238171722956761,2.5137062126720138,2.4528667880651143,2.585610292977282,2.402704328246156,2.303098427621911,2.4995323290334452,2.435622955857153,2.555065227161549,2.421208725445879,2.4063188199834498,2.429283569868524,2.343701663125597,2.505219283009951,2.363769807509885,2.3555936274035263,2.4868159636110354,2.1985241867652037,2.693463888224598,2.5733127044491404,2.1102746695249754,2.3803805281317816,2.2424275173442223,2.3794381690008986,2.3849927821995136,2.4300231675346673,2.4453531608418353,2.216939342022378,2.421324598316965,2.2198722963773414,2.2471458384988936,2.4471729068476824,2.3669929895928274,2.331529687709138,2.388833703250077,2.3079133081411376,2.259736956668756,2.3099536941772834,2.4734057865202472,2.3376751459656373,2.372229588099172,2.2959435302056024,2.374184949507899,2.524471373178895,2.345102965691995,2.456641638840106,2.2729391521510225,2.3526272286167567,2.380063584543556,0.11481068024510946,2.376811559254399,2.202299293592924,2.2571054129712547,2.4894736839843192,2.569571971605184
230,Jayden Short,Richmond,2.24778414253237,2.151986459216548,2.1232482892249145,2.1196406894627358,2.089408341723069,2.039875336734113,2.1500927353146695,2.0424955089853225,2.0781170036352723,2.0122259189064273,2.088129179676136,1.8881659391663395,2.307500403384395,2.0348339690369084,1.9703612710485598,2.0119896730120903,2.019618365889104,2.1341564952870935,2.081615955088103,2.150951579617865,2.1323984329230408,2.0994444886064363,1.9758780505751092,2.1871513158829465,1.9178360561128514,1.93788430120915,1.9042176348404265,1.8152678604603154,2.0235334025449343,2.0133979640457786,2.1372249010513666,2.072564028283734,2.1552716647078163,1.846619847596756,1.9530443008249196,2.1200069080443695,2.0620714621700795,1.9970258148245656,2.049504775097163,1.9481655728465048,2.021090478003404,1.9442336508662703,2.0247276372458627,1.9398598750615237,1.9624849019415984,1.9673205191944179,2.1177044854148006,2.1303698376879856,2.0045890944702554,2.1070391318260775,2.04620251302605,0.09896667053907307,2.0411854228597175,1.8914565367795273,1.9473438011526358,2.1347977920918266,2.1806159873920445
238,Noah Balta,Richmond,2.0091361897019557,2.1293968966561847,2.1631483454782545,2.0582158611654737,1.9935459429606264,2.013431611517068,2.0879377753051225,1.957796977945016,1.9796470799160046,2.0728496644414367,1.874907454535076,2.027390868382532,1.9940629084906925,2.0705717080854535,2.056605638273187,2.073648462526293,1.9643445806098512,1.9639081672401886,2.0194314419858297,2.09039887436766,1.9713573076958337,1.9831872217216586,2.0921542756425824,1.974511091533143,1.9798384667708828,2.1122267725615256,2.0383559908642432,2.012232331229054,1.9851152838743436,2.067270504599563,2.0113515902203076,2.149884515277778,2.0526929162358956,2.034176252725527,2.0774668110175747,2.0490945792643367,2.018245245936196,2.1289077107838854,2.0508500171652413,2.011289211044298,2.0700723217360304,2.032278039027759,2.0889017696940684,1.9110912890594094,1.9653114609843478,2.0271335724734163,2.036371171670385,2.017712222985535,2.058242755981833,2.0765006290945585,2.0336839955691026,0.058122812448430504,2.0332271458766433,1.9590497717505264,1.9785736583439866,2.088139250132412,2.129296613552363
246,Seth Campbell,Richmond,1.154489804582345,1.2140709502420428,1.272909081079205,1.0108777453351732,1.0576842674087288,1.1861305795598112,1.1652106680584182,1.2395408433065722,1.2669852282509564,1.1691914694475019,1.2286159763309472,1.180173844523206,1.2660861982345706,1.2364759021911917,1.0368148359836016,1.144814527965434,1.2589148587188121,1.001054672640045,1.1138081559043802,1.2071979698484463,1.2215776666020588,1.1694300510058435,1.2438183370096285,1.1350698234812109,1.2800358174827895,0.9962632622406682,1.068347991651032,1.3005562926567398,1.1444741795697966,1.0955981164960973,1.1782379464050616,1.1394477931165214,1.112922325472879,1.1206258172008583,1.1148266213432552,1.2629567916247864,1.2535632582803582,1.1856831340081626,1.120436421059853,1.0662308563416618,1.1207328852449505,1.0750835915881392,1.1384878897998723,1.0584550206726235,1.1518052593078418,1.1139488792745076,1.1740318117169495,1.2362206606564212,0.9625765616996006,1.2154688689444488,1.1573592302313203,0.0827657101940671,1.1598502363203815,1.0030684025425463,1.0679055103713735,1.245855025555211,1.271694691249414
235,Toby Nankervis,Richmond,0.8896993540018329,1.1236246079031222,0.9547215789656833,1.055879179900825,1.1450482536327193,0.9403160442842511,0.9281184612929521,0.9494236682484707,1.087767582507159,1.0385390613160292,0.9795031364542495,0.9661665697651844,1.0021446796463416,0.9293444181912692,0.9584032410165623,1.028917244400241,0.8968725492435197,0.9441250166446223,0.8382573870235801,1.0694943592507302,1.0791740365615186,1.1432803635943505,0.7102947627618675,0.9674623451999589,0.9563280006081295,0.9666100873551704,0.9588334142286803,0.8062272653826179,0.9075757970686553,0.9482408225614883,0.88478651210628,1.0510379482392729,0.8786439950701261,0.8613980880240506,0.913271181160397,1.04925371649751,0.857215707323294,0.9030716762995961,0.9668634534971599,0.9049538563591449,0.8964247903881589,0.9069725150960745,0.9117081831440357,0.9508938740539424,0.9260798986321644,0.9842528674590855,0.9419465047296658,0.9419603278689211,0.9784802869039234,1.0040250501488437,0.9576726744402686,0.08401910526081391,0.9501587711512065,0.8421438426850214,0.8950191741834168,1.0496266209315384,1.1162739176969496
243,Kane McAuliffe,Richmond,0.7412348553221196,0.760286250031099,0.679157322068423,0.7948420897885868,0.7849890886646563,0.7185178227947405,0.6989420862087984,0.696790596020231,0.7257416442590839,0.6598929335507184,0.752392447438247,0.6454456545458179,0.6985699803083026,0.7704910896833583,0.7329107941325609,0.6380663130194145,0.6864518584404081,0.8129612619835448,0.7679467578717009,0.622682381560131,0.7625009373939837,0.7843423275657729,0.6714179197684834,0.733280791431601,0.777201717055066,0.6309801924582801,0.7620534758148895,0.8133733601694709,0.7929517791719757,0.6643135061728692,0.7461357308864376,0.7527065489964524,0.7044372132047038,0.641738361726435,0.7390128027838679,0.7511368292885439,0.6723160739742758,0.8016665209202493,0.6609805857676938,0.7496007768877114,0.6931809633984239,0.7388764825059354,0.6998482797455309,0.7646335580143604,0.6046625218295011,0.7971755619715839,0.7327879565655866,0.7465917786329535,0.7987478184974026,0.7866037971146774,0.7272713879481333,0.055175029338728886,0.7389446426449017,0.6324328471733126,0.6636169258081875,0.7853265627307108,0.8010681869235656
535,Patrick Retschko,Richmond,0.7350321150355872,0.5420098110852078,0.5585816859643585,0.508149314958876,0.6803864159685531,0.6347177317637491,0.6803643064541405,0.6630966968990983,0.5785213910100389,0.5895311735501904,0.5575287829075091,0.6077427851167845,0.6208880175522804,0.7244015630014803,0.6599634622042613,0.5437082184766815,0.5007982903799001,0.6053409149438165,0.7631061860328662,0.7380768897152714,0.7656555076562058,0.68027854465134,0.6881851607215858,0.7309714046897531,0.6181295091577323,0.6588894534538013,0.6836595223007278,0.5324852820333982,0.6210631130828647,0.6944418518904913,0.5002860484883752,0.6142492287903414,0.6113654387980445,0.577630253728315,0.6366529670830888,0.6987681944719383,0.5085468301805134,0.6202581404018157,0.6052242463188228,0.7221884927096188,0.8295967879660268,0.5429048250930955,0.6280323968665007,0.735633654950154,0.715100230646142,0.6705721138190467,0.657443197438019,0.5707188767095216,0.7268395313523721,0.5679204975028628,0.6381127411194633,0.07846413775170342,0.6313750643151249,0.5082308055793117,0.5546402849414661,0.7249110983868167,0.7579751802877591
233,Tom Lynch,Richmond,0.49741861488218364,0.6276168291785019,0.573537572962323,0.5332252962367041,0.49773553078475835,0.6033492377704837,0.5366802948824347,0.5740687495852171,0.5832238543095024,0.5692089527216816,0.5731488672415568,0.5207492465548487,0.4910305203614845,0.5584158303873861,0.5575302395910621,0.4466032613561562,0.6047084404798022,0.5334190268445398,0.583519907411086,0.6997428118351938,0.4967836985089683,0.5808850088465354,0.5967231435794684,0.6047949576541087,0.5628154296102146,0.5852254504176335,0.5036313861322356,0.595948394921095,0.5480201026982466,0.6551983951083968,0.6439905814612404,0.5289512362011378,0.6320096059309065,0.5991904414108,0.494602689100554,0.545721042821802,0.6424822918349247,0.7076991245909259,0.5808021118657725,0.6134272565866195,0.5038660355107967,0.5770279745487726,0.570508794328973,0.5720785239682639,0.5390801967860122,0.5658398312506813,0.5483921383214035,0.5719621654973182,0.5745715702496247,0.5540710103047481,0.5692246735085018,0.05196316767774083,0.572020344732791,0.49504979602927895,0.5172206554466418,0.6065991081310035,0.6529007933107297
232,Sam Lalor,Richmond,0.5247603674117627,0.5062414684788419,0.42077581901475347,0.4620078868887942,0.46194314724952446,0.47882397295663304,0.5181727909236661,0.46254059232176337,0.35471391902755395,0.43119514709686574,0.45501447582780946,0.5989498861576843,0.523583818474015,0.43512971462815747,0.5499178890470766,0.48345040621418633,0.47264563751882555,0.42297845454038596,0.5083466548597052,0.5323278467706246,0.4672897613191509,0.4212538825155862,0.47153368764688774,0.46436437920167345,0.5549560163665956,0.45395191409658253,0.5527460680513208,0.5135903949817626,0.5757496699888791,0.45268827840556597,0.4553638524911049,0.43289438892766774,0.5401038232882445,0.4900090271962326,0.4860845532270184,0.34448074080225766,0.45807307836482747,0.4547279992884632,0.4780985458625081,0.4935876899707958,0.5061490295551019,0.499133033011674,0.46530443314662484,0.39578267061566386,0.5226802820931626,0.6185319884383684,0.47048151576754627,0.44007551075416385,0.46327236363928204,0.5381772903555152,0.4816931152955772,0.05430650106363987,0.4720896625828567,0.40090626603747725,0.4346625315567551,0.5335503804798667,0.5714869709963109
547,Sam Cumming,Richmond,0.40135050438536407,0.2684058793925299,0.38097440784424813,0.3064695774653765,0.37346718240437243,0.31237948636481483,0.3889642528942404,0.38102633207205466,0.3369537826560804,0.3402259316868308,0.3078646498797395,0.3577611954575842,0.35553882593489056,0.24190780313033694,0.38316871865002955,0.3718336531953229,0.32520568326123694,0.3483786826461407,0.4100548718355686,0.284639619520682,0.3602454805057324,0.4212309513045174,0.2907620936067627,0.3863242159768058,0.36214284369457855,0.2946265638342636,0.32151947637494743,0.35399615859106,0.2846603073615918,0.42226109099143627,0.44799645968838525,0.30593397659831967,0.2812634913411483,0.3812652759395213,0.45202515017364686,0.290785645095517,0.4236256372122817,0.2738624043730535,0.29249445765235016,0.3286734200715605,0.31795850198057507,0.36964385709512326,0.3577992359479381,0.36170386612697086,0.39850801252807183,0.3674661143700485,0.30691019767289923,0.37876202035324374,0.3353570640528152,0.3674875564601451,0.34827725135305504,0.04896687796466669,0.35665001069623736,0.27537962720151293,0.29213731582797203,0.39095889865771116,0.4233459052370084
440,Tom Brown,Richmond,0.3621887915517692,0.2598803478005027,0.30972852312949056,0.41052111565534516,0.3321390156498475,0.2828259769328756,0.3619428219806349,0.36673956225326126,0.2847999194816494,0.34886252757962166,0.30375826126180777,0.3915459750775178,0.371151704127094,0.32084445948490853,0.3259900839595612,0.40528473991318126,0.41050545789859444,0.34408763765444217,0.35711758407098354,0.34659863701946947,0.3271448881551593,0.3941669980538238,0.4643146982873882,0.28925243668241674,0.3401223305321612,0.3420940326516447,0.3335399021254065,0.43527284886577355,0.35002764165238276,0.3666067880252852,0.3206178848163314,0.34216540861647476,0.32701817841664677,0.3660112506120859,0.2760146740471211,0.34933845405211383,0.3803958098302942,0.4237176950900631,0.33977707911151306,0.3669784096104435,0.35706289921514706,0.36420089187030796,0.34669875743039247,0.3676071454415224,0.37993852847602794,0.3078144080773916,0.35621955171712477,0.2712247059536738,0.367574997121838,0.3240237053022571,0.34946912284645537,0.04219008057685874,0.34910049081586775,0.27741099113870077,0.3093284730836019,0.38272619436696387,0.42101239630594584
244,Jacob Hopper,Richmond,0.29821263090860034,0.34440025129153906,0.2973589042335772,0.40790544626350267,0.3119711599209495,0.38443792508335495,0.34769467479573757,0.3010090855449694,0.361510989209649,0.3719195844035441,0.37857552735668326,0.3888912703602083,0.26066025321445574,0.33345857124379413,0.24782454930520434,0.358742848022266,0.30286026023148177,0.33904034699242225,0.37179449765072303,0.3454413457277428,0.2505625024869916,0.3231945542817986,0.3362168332788829,0.2653423190762872,0.4128539778281106,0.313443283340836,0.422105856587989,0.32295587546513427,0.29498619217500704,0.3877464560881112,0.4109947156214758,0.32677711259792214,0.30992191568567506,0.31773441948121767,0.310587449094115,0.3028664117175614,0.4964867262262259,0.32204116154933166,0.258438636931055,0.27322105476949893,0.3599018743177468,0.31423834028346637,0.312288186891041,0.3247696812616912,0.3304120649310356,0.39142861095552095,0.3403767319333906,0.31993786137135033,0.3396389093465016,0.2075200372311556,0.3330539974913307,0.051871277480702964,0.32577339692980667,0.25217711004802457,0.29686300741333604,0.385129408063349,0.4124728290757505
439,Mykelti Lefau,Richmond,0.3546580537375134,0.262124658438567,0.2229129304920842,0.29912539682975714,0.30323687358050516,0.2892594157123847,0.31261162553202937,0.21635471000422002,0.23061907778118798,0.22275652562754691,0.21581045188966325,0.23734159436238156,0.2561941162708852,0.25848442963548546,0.2824324057696562,0.27382416810907,0.2747184564944143,0.24377287610051654,0.2597868340019087,0.2608057573722966,0.20165096210127298,0.24207300325328615,0.29119837499345247,0.35294563316646377,0.3126683526649605,0.28782697599624996,0.21593593979587325,0.29821924942207684,0.3722945044038345,0.26012985497368374,0.28769316534780803,0.29520361848099513,0.18997589088045314,0.226446181816476,0.2486483423364714,0.3028129012435466,0.32510388272646684,0.24392515819913316,0.33906890356473307,0.29192748465977303,0.26841050207009964,0.27178766175834435,0.30283274696065215,0.3003468343902109,0.2933299549229008,0.27827272861054275,0.20834905804986503,0.26606458586611825,0.30058092990485674,0.31812621337350744,0.27341359907352364,0.04132812786641959,0.2742713123017422,0.20987864378702367,0.2257077322896781,0.30519619673837367,0.3501009035981089
437,Dion Prestia,Richmond,0.27957652032879365,0.27019757731908967,0.2707637728542547,0.30765724158856494,0.32694647632052204,0.28593246059237654,0.3194333276422496,0.29155945524790017,0.25287695912453,0.26018910175585364,0.25107791886693276,0.35091665236637715,0.31348900390318557,0.2645211100215197,0.23467037137190544,0.277772538260458,0.26087870466583307,0.2383656175674892,0.2579468095782933,0.32671388469138263,0.3734765947794509,0.2621165356654779,0.2505358707601078,0.24097612717610867,0.2892113825429977,0.1991863941147796,0.25850506157971104,0.25024071687609317,0.33141132718884836,0.30515005150346286,0.18135867377890122,0.2056531842653087,0.2492759984900645,0.2960872633438966,0.302360946158795,0.288512592873434,0.28908375020170746,0.339530100996778,0.348523957388408,0.3725488695054769,0.25600209049222317,0.19949240308325214,0.27107309918986583,0.23811229379755716,0.2901436653056131,0.25069882402266264,0.3455470234233856,0.1700172448279215,0.2597733932794213,0.2570957075205958,0.27626373296399637,0.04588040890266088,0.2704806750866722,0.19924912595331645,0.2404305306679072,0.32676249634187277,0.3504261498958935
247,Hugo Ralphsmith,Richmond,0.24161354338420069,0.2606584473916814,0.23755009033915192,0.2185490467861817,0.2861590479118226,0.24253399778631154,0.3098234067994208,0.23438463007850527,0.24894836794251296,0.26049379740791706,0.2734512671291692,0.34778399483650946,0.22970367259975882,0.2732746554957558,0.18480612615561826,0.29441898448196935,0.2553297111700619,0.16732649553013612,0.2341732368335043,0.28419130573496487,0.2770829773568413,0.2994312708534429,0.34891604378234137,0.22058238630688168,0.3026393277753438,0.24292828937761027,0.28577205557356467,0.28656373329806484,0.23470744206281247,0.2434838834492352,0.3013698578204487,0.23708839106156981,0.245849081731382,0.34152874509868103,0.2301107592634494,0.30677514522871907,0.2579595167362808,0.2733272974563603,0.31706494643198957,0.22836312479750345,0.2800128053725516,0.24476413810082387,0.29342896517274225,0.26064538711049656,0.1655613525819796,0.21857381096511536,0.25152498540634033,0.31045858329018533,0.26200217567637474,0.27330233336251003,0.26253985276593594,0.04031942753408847,0.26056959225920684,0.19172342488488375,0.23002567815073807,0.3016351770410218,0.33651366637200913
438,Nick Vlastuin,Richmond,0.19647148421032698,0.24300755169248636,0.20574818535880512,0.30749254915890173,0.14253636015759374,0.2800886953470793,0.22700567799185306,0.2237872601187815,0.24178735804673931,0.3467836676941393,0.3194275783608123,0.18468431060431797,0.17252843997486847,0.21770537566280265,0.2741196665066836,0.31766237866343544,0.24856360992827045,0.23687842182579585,0.2176273872221145,0.17088721458863737,0.2209366794289211,0.1992884977669932,0.21713154740552948,0.2643506111786567,0.2825202861092217,0.20956574112702508,0.1775547989248064,0.25665250831878106,0.23005835056032936,0.2488841358456074,0.26122850399660413,0.23925657265219724,0.32143795728897484,0.23285267320395883,0.27632811214832353,0.29004689032571146,0.25470684018177453,0.22026636244582687,0.2229371280617748,0.2788809140920251,0.2609438434072404,0.2278551413364528,0.24174960179525706,0.2305296027047312,0.2093490680823673,0.2449416174467562,0.23659388412898394,0.21591690533317393,0.2663818819035831,0.20693929925840532,0.2404175825914888,0.041688224239366294,0.2367361529773899,0.17355884355960574,0.20669035645338887,0.2791333403743314,0.31906571242285003
242,Ben Miller,Richmond,0.2342723800771622,0.2504045379765288,0.2521165032495643,0.26354163263449526,0.17758027574037577,0.1862216582899744,0.19872000216161073,0.20628746035645534,0.13714630580313564,0.23538933516459276,0.23911526471356293,0.2524294536255765,0.20602098873429486,0.2741326507028445,0.20885415017972084,0.2088561629423257,0.21755061420410948,0.30820822656427493,0.20835906535249685,0.2887026023677544,0.20100665484837682,0.19640868406106043,0.18905582014568267,0.26868323791854515,0.20336636665364255,0.23506760172970917,0.21750609228189394,0.20586658844156838,0.18431070753038517,0.19726701068620373,0.26109732527131757,0.19980056720479825,0.23643219278367072,0.23693483606500207,0.21229273812905017,0.19184589794773182,0.16778088186551798,0.27837259487823235,0.247263695105934,0.24703079609628173,0.22339906425974465,0.16743895055544525,0.23125542032694812,0.1943365838959772,0.2751896009292116,0.28562215562926574,0.24807283523635265,0.2261654588605846,0.2970226209763294,0.19212057555571707,0.22543845653422076,0.03697754965584192,0.22047483923192707,0.16978975760986384,0.19206316793564815,0.26461622813886165,0.2880711107863642
436,Tyler Sonsie,Richmond,0.16642046050050546,0.11511852873029522,0.14906549873347522,0.20134100461048604,0.12498091219394314,0.19099563319858165,0.10900454891815968,0.14921614442790276,0.09514519421659635,0.18095337074217208,0.16210237336144886,0.18662011407228618,0.11906808085535314,0.15495389324269157,0.23962479483631055,0.21813667634157244,0.13239427560730394,0.19083727592552402,0.1438985228970618,0.09950237510689691,0.22462120328824076,0.19073402256629757,0.17065734692861118,0.18890160184743907,0.16729680462085678,0.14322577599158484,0.14449728490704603,0.1113807975573616,0.178004375797296,0.16763852415976865,0.19947625241715455,0.1745977654931114,0.20360901978773255,0.12408523676700736,0.18884095600207174,0.1585389336169899,0.14951762940700114,0.14000082678778258,0.19443891784574813,0.2051184912495972,0.15216805310647147,0.15689961710959846,0.12511057032451503,0.1640406934674251,0.1535050882824564,0.15038292966066105,0.1863482408160622,0.18359901363665998,0.16599318068998303,0.19078342701106704,0.1636678451932433,0.03292537169684216,0.16501693707870407,0.10949167988919607,0.1250834717752255,0.19171527968983942,0.21546794839771743
628,Taj Hotton,Richmond,0.15335279005146626,0.11680005134486798,0.17449135142701278,0.08683641587017399,0.12393330141730424,0.14184250063732246,0.1502506417737028,0.1319417557462191,0.150320750600137,0.17703097281693433,0.12411654934212975,0.1479111026827656,0.1498012014166679,0.16047814330208088,0.1472915781696161,0.13798928352903564,0.08575366512901766,0.1461676104927307,0.14241038602258765,0.1414777392253362,0.12490979519018033,0.12485383262146256,0.16906516397098348,0.0998134515857107,0.14474969750686123,0.08339458445987266,0.0985557627159947,0.12579108832809385,0.13458874437426643,0.1354171889779878,0.12665083182630882,0.18473668440583488,0.14740402303565792,0.11754386596898639,0.1622472862619843,0.11263904562206817,0.12666689620045316,0.1322132070338603,0.15153035926898448,0.16521041565039396,0.1449427726153474,0.1994968161128384,0.15439695538372125,0.11464235782300326,0.1449558697981233,0.18796470707607352,0.1202465559521793,0.12697619779432867,0.13190386904772372,0.13562478955327562,0.13838661214319342,0.025101740112593855,0.13973351137718593,0.08923888197356723,0.11738840871254565,0.1608478941807007,0.1831570135301102
234,Rhyan Mansell,Richmond,0.14332969937103218,0.09952192743882185,0.16341765933085062,0.17140029946163618,0.16384924900618242,0.12511763514939525,0.11609359565567554,0.10400957829389358,0.15451994165732746,0.10630170421513373,0.1423502433844152,0.13289455417533957,0.1454959396714698,0.13571269780736428,0.11591892302154685,0.15331226143920676,0.13833924254324736,0.17553460075056138,0.12087450671129078,0.1867170236900944,0.13307536578910753,0.17105175263689285,0.1202490690842928,0.14306205353599252,0.179564803135157,0.1682685555955394,0.1334034606975809,0.10317135553146134,0.21359837081789107,0.13077976695180205,0.12831974004335955,0.10321206016119251,0.12508015585142787,0.12949874221198232,0.12665872122897118,0.13986851638222808,0.14946894666714422,0.172671498711803,0.13610724584785472,0.15277321941440344,0.12640962678234152,0.1927806485956135,0.14426211717230594,0.12460714728687958,0.11513020865190852,0.1726617855759271,0.1561644419581369,0.17642352407909698,0.12830029418850394,0.14246063742539372,0.14267590229573354,0.025619041640061485,0.13910387946273772,0.10337555137839623,0.11938057513771179,0.17166395005952298,0.1852508184763322
465,Jasper Alger,Richmond,0.11293160936573805,0.16551483149557392,0.1610542232389787,0.15361089738389527,0.12697591918948983,0.1275510204081633,0.09462999843873168,0.12939095432157413,0.193710955808434,0.1536631417732027,0.1452977800197962,0.13693910501668144,0.12998791200488943,0.10434782608695653,0.10754133228085994,0.1451733511280335,0.13682432432432434,0.07359218154504371,0.15498813734871542,0.15867439399886551,0.12972447361587636,0.13547551344069442,0.15725467085158906,0.10755652378270103,0.11882290547566005,0.12953367875647676,0.14862385321100927,0.2071777573974903,0.13483146067415733,0.11433305716652861,0.15248116567898123,0.17007908434252095,0.19660858406258705,0.1683257918552036,0.18153689583979912,0.11273166800966963,0.16720307308970106,0.13845535355340155,0.15197560037368807,0.14394471026049974,0.1019486884046161,0.15316901408450712,0.0913859612311765,0.1325171569472704,0.1456834532374101,0.13407441016333943,0.10118043844856661,0.09465381244522349,0.11924119241192413,0.1283422459893048,0.1376254417995904,0.028126130739121926,0.13614991888250938,0.09463488031006251,0.10755334875881624,0.16198649036460708,0.19121527351486378
237,Steely Green,Richmond,0.15605399234857423,0.1350387940075268,0.18564751025108933,0.10476156726582957,0.14847197422587982,0.15856848234199866,0.1529330333380128,0.1769313180878594,0.14573513990038517,0.13233459077712026,0.11705337351976382,0.1055466258803271,0.12994986256238425,0.1434095959051616,0.09721533270068372,0.12627778796465508,0.17712021020287722,0.12125463961665173,0.10246498015124784,0.11365128754421738,0.1619980584755436,0.1256901121467399,0.20032972391499476,0.12727048145447725,0.12979322862756404,0.10791015593327836,0.1371445912966281,0.13231060867511762,0.07293425677423641,0.11887643525031034,0.13069307735457172,0.10697988367469195,0.11799897333798354,0.2147608744402289,0.10178210467778594,0.1340629204080592,0.10244145668871918,0.1153339327361378,0.11625430841912074,0.1610270334263557,0.08513563523519757,0.16509624342042944,0.11191361793871872,0.13706088096685978,0.15557913174353022,0.13076126126303805,0.11523290942877767,0.10947537609407178,0.12343355181127708,0.12452858375237463,0.1320845901591813,0.028364658909761507,0.12853185504102066,0.09815152095598968,0.1066803327956697,0.15908231951862928,0.1838994137412058
245,Nathan Broad,Richmond,0.09579925923682998,0.0811690765707675,0.11084922820164461,0.17062630584267824,0.05585822703677812,0.11505734369077358,0.11099835231859286,0.14577621162378088,0.10599713444014791,0.13241292436171356,0.13018137398617435,0.15914984025302625,0.08297030961224919,0.07319298893709802,0.14008302611738935,0.10554317048370808,0.1315543947999947,0.13537742379035733,0.11060750586934462,0.09035500622350909,0.1272392905326745,0.0992652315463811,0.1603847983058812,0.09984914971756831,0.06901462320804565,0.13827560738722358,0.12702194051464988,0.11233009383711345,0.10726397193982773,0.12372385822786697,0.11134588291872159,0.1061226498540876,0.15133241717456788,0.11658418518853444,0.10884852956046599,0.12803514887324519,0.1082150095836367,0.11093251880027702,0.14258377444184336,0.13152586884289522,0.16951924216917333,0.15281043530055977,0.12558235545653004,0.10468361173184235,0.11676594636401406,0.08263250725312114,0.09490866762968349,0.10582482760045528,0.16884147221570203,0.10867552258989327,0.11787396484326079,0.026144242512499558,0.11183798837791753,0.07482808690200027,0.09561312559093636,0.1432509938128683,0.1671078540641887
248,Jonty Faull,Richmond,0.07801512877801015,0.08255723394571297,0.07225708349774279,0.06681514476614696,0.0941436711343554,0.08226352140977918,0.10278943122514649,0.08813928182807398,0.08813347693836668,0.10465744406014027,0.08678117006079529,0.08357585479788392,0.10290726140540385,0.09765404898391605,0.06634288790036688,0.07854346178629955,0.06863491598638208,0.09839043702569625,0.09938772925871717,0.10612806510517041,0.09392092015115851,0.07118065866432396,0.08048761557114666,0.11216003007082642,0.07916110103997709,0.07645426843134581,0.0844135509692815,0.08287621651175507,0.12409929088163948,0.05181071332915485,0.08307976183972049,0.07910889797672117,0.09809919680875273,0.05374077976817702,0.06451786426972533,0.06733650593513216,0.08686735949805194,0.07544389570579638,0.0798646514196191,0.09297520661157023,0.08445771324019588,0.07541037757489563,0.08174915635545556,0.06066215310515612,0.08920895106916019,0.09847486367301957,0.07718823139072965,0.08847701330390433,0.09828210688058041,0.06762422703528952,0.08414501057952738,0.014722859415564959,0.08297798917573779,0.06145257389389281,0.06842368199560374,0.09840808219498683,0.10582658779093922
241,Sam Banks,Richmond,0.0792228882775532,0.11610549752680949,0.09610700791385979,0.06396685355637012,0.08619491336855278,0.084768299349832,0.05207565882233586,0.0482883217008287,0.07229305464452274,0.10252264372988487,0.11738228511956662,0.09832088542273829,0.06496436592257436,0.02946288951645046,0.06530107530440887,0.07434084686215199,0.061887682630453404,0.14713677114771628,0.103705371716445,0.07604316762230173,0.10162006403716449,0.1107754732284974,0.06923033758521008,0.09185002690257046,0.03488903197772951,0.08055972254298192,0.09457056963239102,0.10928200492794929,0.06896283048209223,0.0605642915684048,0.10792014306353187,0.08608672893023968,0.09537134410632976,0.07265699685873277,0.07874160916955812,0.05712946250851741,0.0941220472473041,0.09200615601122966,0.060814860294620604,0.08655853962353542,0.09641143341022537,0.04115309454328278,0.09345423508144932,0.08388578517750668,0.07987058584170716,0.07412947801640912,0.06943980937982583,0.058710701177949534,0.09947925452601857,0.05824123597908567,0.08097156667974816,0.02278974855907374,0.08021515419234454,0.0426158161105797,0.060176891176799654,0.10180870319294305,0.11501284254565548
249,James Trezise,Richmond,0.04712977431782167,0.09393873961895591,0.07712992700486457,0.0785975701635771,0.062486430355752104,0.085641307487409,0.06407014594970974,0.07991662573903452,0.03766508247732384,0.06159783501017724,0.06412410691093402,0.042308581840183324,0.046736606151860614,0.031054464338020338,0.055898781943823854,0.11087213497770795,0.036698119993126846,0.05425005219481802,0.08597992541691012,0.09056162858848893,0.06499689596556284,0.0722259325338848,0.0855723770816605,0.059728232967747,0.06090748084656892,0.05319963916889946,0.0870971538601138,0.04834830366703889,0.07729503260168909,0.07795673324321505,0.08348756816653424,0.09583142701888175,0.03970143131944115,0.06145170238195497,0.09849380460009655,0.04559909848066638,0.09353364706006682,0.09259535498911603,0.05651999777947546,0.10608938062135638,0.09773457519002315,0.05250613809701346,0.043488311626385466,0.050184963477507095,0.05736596771672091,0.06859589471093319,0.07687671993412959,0.0414072917685714,0.09638133630345413,0.03870177544315227,0.06781064018204722,0.020988428091375983,0.06409712643032188,0.037877604535318674,0.04515794402812167,0.09279145803194475,0.09833816257103149
527,Oliver Hayes-Brown,Richmond,0.05921947564064434,0.029947329646042013,0.0781672050659935,0.05979804339044253,0.07731319286447037,0.05313179121001601,0.10185539818440249,0.12327421018487401,0.06551401057584594,0.03050326247131685,0.02124007199537164,0.056021215491479606,0.10811500807353851,0.03314507089669887,0.034168497823231024,0.03345582748949302,0.11692173353097376,0.09841454490608936,0.057167483476700684,0.060816232819248195,0.0435576209790771,0.07357998822261344,0.060311480118616624,0.07903669585306994,0.08661224947822135,0.11105721666875164,0.046605807314879094,0.09572960818662608,0.0955569052484914,0.07102062408867338,0.09747388476239677,0.0446814893080199,0.06303318245448257,0.05501365031444418,0.04555434521116283,0.060311248328670936,0.04384565467571638,0.0566858616941277,0.07850830776647015,0.055944757909149975,0.06766084891709077,0.06210495531139625,0.0743763775828782,0.043932676198686585,0.0546376032589097,0.09983265724953946,0.050945616592819,0.03400875564611808,0.08678782306627851,0.07559634036393441,0.0662438767701637,0.02486152418502716,0.060563856468932406,0.031044833198520163,0.043785455633118774,0.09609416199096214,0.11045406390673293
239,Sam Grlj,Richmond,0.06010773886374267,0.050421325854030585,0.07422582972759618,0.04769864483574825,0.010948109126380199,0.10616156388722553,0.03983030956538374,0.03744481438932415,0.06179160756996571,0.0508082757914574,0.06279794542938107,0.07912735359870732,0.06733037587347039,0.05928858903216819,0.059837407802583474,0.045362628715016666,0.044396135969617,0.03372779720059779,0.060294627381369634,0.04436958379546388,0.09260882877853902,0.059101516698416276,0.03391482544400501,0.035783678491814755,0.09841861177491505,0.06217445287988519,0.056433512848712036,0.071880984547272,0.08102455187679092,0.11069573035539503,0.047135158541995036,0.06088357340191963,0.08563170385764839,0.06551648326980361,0.07440206735683846,0.06198445314856653,0.056819581176386365,0.07952146992249633,0.055840535143761236,0.06252102581126671,0.03587247932252966,0.09124314060788764,0.038798667305057176,0.052070591269504675,0.10355676855940582,0.09603778885949871,0.06586288090859857,0.06704239976556178,0.03353307690299794,0.034214664744517426,0.06132991735962435,0.021613999556656507,0.06020118312255615,0.03376613799049627,0.038515712045668976,0.08198744664079011,0.10250344641858519
494,Samson Ryan,Richmond,0.017738359201773843,0.03203661327231122,0.04081632653061225,0.06803008211188706,0.0700218818380744,0.046676096181046685,0.05347931361195918,0.018126888217522664,0.04354812847273058,0.058956916099773264,0.013392857142857144,0.026300085052221332,0.004640371229698378,0.03882099209202014,0.04731182795698925,0.027622631687399018,0.06656804733727816,0.03566121842496287,0.06250591016548464,0.08745560856620156,0.03261246759192811,0.05412297116599993,0.04642670663793463,0.06111232058022708,0.0684410646387833,0.06018518518518518,0.031111111111111117,0.049327354260089704,0.018306636155606414,0.08018867924528306,0.018897637795275594,0.034961928214558506,0.03250773993808052,0.05345211581291759,0.03971918681180922,0.12537313432835825,0.030501089324618754,0.030150753768844237,0.017341040462427754,0.03179319014451956,0.014139827179890025,0.05508474576271188,0.056851311953352766,0.03513909224011713,0.027628549501151196,0.044072815646419704,0.04504504504504506,0.0260558545737241,0.04808974988593184,0.040419161676646706,0.04337537243662706,0.02177037800704654,0.04061774410362948,0.01479607590281026,0.024559787267028364,0.0614035808035459,0.07810448577680523
491,Liam Fawcett,Richmond,0.06142092268964518,0.02587578642950318,0.008327550312283138,0.015108385737870676,0.011095865752362509,0.022384719726233022,0.04353851142207768,0.032065042357220935,0.03260798621222293,0.038670668963346345,0.023688250703247267,0.03904638546467528,0.023979286043120617,0.023109116951080266,0.022451676527825454,0.026643693747324556,0.043880910795785356,0.03387101648305526,0.04061318298412091,0.04546784226155652,0.03151679181051265,0.049208474663257645,0.017278617710583165,0.02009023062836348,0.029780526104368783,0.027408720103429055,0.014802234111990172,0.03394670571010249,0.04672063537715975,0.026706404938119634,0.03780684717920065,0.06354241964599516,0.05033653114055125,0.018829627971697217,0.03606671151235147,0.036183773747549684,0.011947307718167667,0.03222040791528769,0.00823610157858614,0.01855185497058657,0.0368611998393924,0.03763220445834233,0.02509368339200188,0.03156795139250087,0.03054641095930688,0.03392400479779121,0.019068202786490854,0.036316845664701114,0.016075047666532786,0.026613662172896457,0.030374538784647485,0.01247789697898023,0.031031601384909766,0.011270411355352566,0.01828574838324586,0.04122457662765386,0.05010527956270605
464,Luke Trainor,Richmond,0.014743944451386042,0.03887083402574357,0.027388668144585248,0.018500677110653868,0.0471821756225426,0.026912264345130665,0.028227571625289185,0.022111626881359984,0.033328962413233645,0.01622600718181573,0.03192927801760318,0.05056602929843456,0.031169543590675523,0.02024093725085114,0.045098864238082334,0.019671875811224766,0.04632175680502924,0.029649455635764488,0.04363130070515319,0.03205176809910165,0.02983312352923143,0.030788967286722264,0.03802310701668549,0.029762753283779662,0.015883520847121118,0.012361258890840958,0.04066611974845459,0.01966317851724,0.04727987085075439,0.049330537716068754,0.025799113317047324,0.038732370617702926,0.05012246093954395,0.034024425860853344,0.04261023284011716,0.02508710801393729,0.02764570222256587,0.04404346221738472,0.055210363169893105,0.026622237045836106,0.04356435643564357,0.035352643747572604,0.029709367048346064,0.02811244979919679,0.022010673782521684,0.012868426246800695,0.043944587596064955,0.041263061700930165,0.06975069949239514,0.02765736548746653,0.033230941730447584,0.012214693689408144,0.030979255438698894,0.014977557612511733,0.020122003409969228,0.04535444878457423,0.050475097784861984
250,Maurice Rioli,Richmond,0.014649718069761347,0.022576443704895092,0.014839241549876344,0.003348214285714285,0.032175397109885345,0.009716599190283406,0.02706205249832732,0.004713275726630008,0.0,0.008296521157507113,0.014319809069212416,0.007964363536624391,0.03708917133937728,0.00900827187338878,0.024711696869851738,0.014218009478672994,0.004950495049504951,0.019872113948769008,0.013584069423871829,0.01991701244813279,0.004942339373970347,0.019623875715453806,0.014147664255655626,0.004800000000000001,0.00963081861958267,0.013066441014268626,0.0,0.009716599190283405,0.021177967109617998,0.02674307480372213,0.025575447570332484,0.018223601075967842,0.02869127715055364,0.02413778564803104,0.01780829841915198,0.010029547978792517,0.02475230727470142,0.009623095429029673,0.017756283923180797,0.004987531172069826,0.046442982980168745,0.030683891664977172,0.010781671159029654,0.010595007807583844,0.010218834578639343,0.02331016429841802,0.004728132387706858,0.03515887736175938,0.01362539496313678,0.009508716323296355,0.016070002111587368,0.01015597605484828,0.01418283686716431,0.0036280518811020084,0.004979790622453768,0.025819481662110916,0.034547263910125185
548,Tom Burton,Richmond,0.019480519480519477,0.006564551422319475,0.00983606557377049,0.003340757238307348,0.009687836383207752,0.013143483023001095,0.012772751463544429,0.013057671381936886,0.018818609513852582,0.013091770886871114,0.0061791967044284215,0.0,0.0,0.012591815320041971,0.019889502762430938,0.0136830102622577,0.0,0.012638230647709324,0.01935638267920491,0.01651982378854625,0.01900038344197523,0.013860806469585055,0.012813667912439937,0.020039677086482556,0.009868421052631578,0.0031746031746031755,0.009761388286334055,0.019067796610169493,0.051412802207690934,0.009589770911028238,0.0,0.003464203233256351,0.009906439185470552,0.00632244467860906,0.00975464214258135,0.01011804384485666,0.02339832869080778,0.006560962274466917,0.019878520154610703,0.015613310134841237,0.0032397408207343417,0.027746297933165756,0.017606215903455114,0.016954541885844387,0.013208585580627404,0.013057671381936888,0.010538596535681512,0.022813688212927754,0.0,0.012698412698412698,0.012642438819543536,0.008765289817688529,0.012735582080978563,0.0,0.0034384030203120095,0.019382327270679654,0.023278477392842372
624,Kye Annand,Richmond,0.003614457831325301,0.018147419159294832,0.009426551453260016,0.009311882948399146,0.01875946602796661,0.00870126790795188,0.0,0.0,0.053527980535279844,0.023985297082680653,0.0035211267605633786,0.021777651770209454,0.0,0.01857752063304727,0.0,0.0037476577139287943,0.013454056216137596,0.015319148936170217,0.0,0.005649717514124294,0.0,0.003654080389768574,0.0035756853396901062,0.004918032786885247,0.007490636704119852,0.0036923076923076927,0.0,0.024985900569104304,0.014339716749576698,0.005581395348837211,0.014308426073131958,0.016760943396766263,0.010995723885155772,0.003875968992248063,0.03409600960398754,0.013225014169658041,0.003819223424570339,0.009309542280837862,0.003625377643504531,0.013514477674059104,0.005586592178770952,0.007120770988233582,0.015267175572519087,0.0,0.018957345971563993,0.02409696470265073,0.020426292867237746,0.009600000000000006,0.0,0.007380073800738006,0.010554497625925252,0.010267660348835304,0.008095952306035867,0.0,0.0,0.018800822936178463,0.024803668716481316
254,Campbell Gray,Richmond,0.004120879120879122,0.004424778761061947,0.0049464138499587815,0.0,0.0,0.0032858707557502738,0.0033594624860022394,0.004005340453938585,0.0,0.0,0.004773269689737472,0.008121430664973225,0.0032017075773746,0.0,0.0,0.009478672985781996,0.004950495049504951,0.004709576138147569,0.008213552361396306,0.0,0.0,0.004905968928863452,0.013553313769296499,0.009775899113657015,0.003289473684210526,0.004231311706629055,0.0,0.0,0.012775017743080203,0.004160887656033288,0.0,0.00418702023726448,0.01000273410799727,0.006036217303822941,0.014462108350054025,0.0,0.00862688713156003,0.00897848683523916,0.0,0.013741747138606934,0.0056550424128181,0.0074916268025074775,0.0,0.0,0.0,0.0,0.008270158511371473,0.008639308855291579,0.014018691588785053,0.013635263778592092,0.0048805723110037546,0.00461660037649468,0.004209165971946768,0.0,0.0,0.009540793246507874,0.013719918049803891
583,Noah Roberts-Thomson,Richmond,0.003303964757709252,0.0,0.0,0.0,0.0,0.0033463469046291134,0.00629590766002099,0.014101057579318454,0.0,0.0,0.02748698813612061,0.0033557046979865767,0.003350083752093802,0.0,0.0,0.006593406593406597,0.003422703936109528,0.022194821208384716,0.006644518272425254,0.003401360544217687,0.013071895424836607,0.0,0.0033538289547233096,0.0,0.0033185840707964593,0.0,0.006322444678609067,0.0,0.007109004739336495,0.006872852233676979,0.0,0.006952491309385866,0.02031602708803612,0.006912442396313365,0.0,0.0,0.0,0.0033351862145636463,0.0,0.006315789473684215,0.0033003300330033,0.0063626723223754005,0.0,0.00738007380073801,0.006703910614525143,0.009815193323113614,0.0,0.006864988558352404,0.013259668508287296,0.006802721088435378,0.0049573393775043054,0.0060952778748938835,0.0033519563534085556,0.0,0.0,0.00716565817316941,0.019041958338748964
661,Judson Clarke,Richmond,0.005545286506469501,0.0,0.0,0.016348773841961855,0.0,0.0,0.0,0.0,0.0,0.0,0.0,0.0,0.005576208178438664,0.0,0.0,0.0,0.005352363960749335,0.0,0.0,0.0,0.0,0.0,0.0,0.0,0.0,0.005607476635514022,0.0,0.0,0.0,0.005581395348837211,0.0,0.0,0.0,0.0,0.0,0.01082055906221822,0.0,0.0,0.0,0.0,0.0,0.0,0.0,0.0,0.0,0.0,0.0,0.0,0.0,0.005591798695246972,0.0012084772445887155,0.0031806241300706708,0.0,0.0,0.0,0.00111864406779659,0.005604262657759276
251,Josh Gibcus,Richmond,0.0,0.0,0.003327787021630615,0.0,0.0,0.0033370411568409333,0.0,0.0,0.003476245654692932,0.003329633740288568,0.0032258064516129032,0.003194888178913737,0.0,0.0,0.0,0.0033538289547233088,0.0,0.0,0.0,0.0,0.0,0.0,0.0,0.003237992444684295,0.0,0.003438395415472778,0.0,0.0,0.0,0.0,0.0,0.0,0.0,0.003322259136212623,0.0,0.0,0.0,0.0,0.003367003367003366,0.0,0.0033094318808604513,0.0,0.0,0.0,0.0066188637617209025,0.0,0.0,0.0,0.0,0.0,0.0009307835432931482,0.0016497812683104942,0.0,0.0,0.0,0.003323414464264983,0.003423760045536548
255,Harry Armstrong,Richmond,0.0,0.0,0.0,0.0,0.006571741511500549,0.0,0.0,0.0,0.0,0.0,0.0,0.0,0.0,0.0,0.00335946248600224,0.0,0.0,0.0,0.0,0.0,0.0,0.0,0.0,0.0,0.0,0.0,0.0,0.0,0.0,0.0,0.0,0.0,0.0,0.0,0.0,0.0,0.0,0.0,0.0,0.0,0.0,0.0,0.0067491563554555704,0.0,0.0,0.0,0.0,0.0,0.0,0.0,0.00033360720705916715,0.0013884376608784192,0.0,0.0,0.0,0.0,0.0026707726763717625
644,Zane Peucker,Richmond,0.0,0.0,0.0,0.0,0.0,0.0,0.0,0.0,0.0,0.0,0.0,0.0,0.0,0.0,0.0,0.0,0.0,0.0,0.0,0.0,0.0,0.0,0.0,0.0,0.0,0.0,0.0,0.0,0.0,0.0,0.0,0.0,0.0,0.0,0.0,0.0,0.0,0.0,0.0,0.0,0.0,0.0,0.0,0.0,0.0,0.0,0.0,0.0,0.0,0.0,0.0,0.0,0.0,0.0,0.0,0.0,0.0
202,Nasiah Wanganeen-Milera,St Kilda,14.602883451300185,14.332099962930196,14.562455553376912,14.70811971526032,14.453153888819159,14.9046089691747,14.76779473436929,14.556386491268439,14.85449215971444,14.475017025733214,14.300630980256324,14.328789665933893,14.366331859509517,14.671011853756282,14.430365758938883,14.686325505475565,14.211469539484725,14.38510824834681,14.597842246207621,14.6660408796704,14.046289390849957,14.514767766648484,14.417464654076182,14.31354397638512,14.311394954477336,14.601811209225378,14.559270946341234,14.38327868504589,14.561691533946766,14.301095518360164,14.821202319984343,14.183341671975326,14.657754104075954,14.356892159487225,14.780142348933653,14.700362462646059,14.667693825082967,14.377984943486274,14.582922761541871,14.276669584058444,14.439126966051774,14.547558569895473,14.327860077483393,14.544043969374851,14.583847208776904,14.409066282294724,14.35564547742149,14.405876200828022,14.621932624025838,14.032868861154384,14.490886590869245,0.1956234519024691,14.49489239619085,14.189107884814753,14.313094830806392,14.674212406965612,14.81278502591895
216,Max Hall,St Kilda,8.804305061790945,8.999285306463953,8.78181407998652,9.077908329790086,9.067621106419503,8.930913419828348,8.917663902109386,8.883026571986552,8.73816353984075,9.102774489404684,8.498802023519511,8.70011310721174,8.943683167440627,9.4001047321739,8.793003055007816,8.99782479621829,8.985860564009526,9.105592870401598,8.961724993023815,8.999859600033108,9.420306421803195,8.808088062564382,9.048660588728266,8.945530544357709,8.817300697531966,8.859784506819496,8.978539522908942,9.187738224233579,8.86621176803264,8.853620762170225,9.214164957820824,8.80120873445841,9.13899381388507,9.212489497130425,9.03479920245235,8.872131887331177,9.117879558791769,9.088971465100387,8.974402361659065,8.920966392922583,9.466671036941122,8.82272111553079,9.279281090847139,8.914963730371353,9.276170840214144,9.311949975647904,9.093970937662336,9.079790513608424,8.83868759023417,9.049181044909526,8.999704431266599,0.19460235547187504,8.982200043459233,8.747111900570633,8.81537525682374,9.19291124026902,9.38203300708607
200,Hugo Garcia,St Kilda,6.935323478748531,7.242024639699756,7.197125313514678,7.036010154303965,7.041115598597066,7.015040237715459,7.047051861802012,7.107876416341585,6.941337198965767,7.276286585259358,7.319210086344621,7.114212150708566,7.160974490569783,7.352390833884931,7.415200053462575,7.0050843304739425,7.3491745476790715,6.715465458033262,7.205394546365713,7.41038852766979,6.910605328677401,6.901186549643535,7.246287890980854,7.496500804729981,6.938947158302083,7.2727296667183206,7.339381731874398,6.827374557471655,6.877332817816601,6.9755394321350135,7.136800507879583,7.036620255192274,6.945513922991832,7.126589874958116,7.128332767099694,6.826140400927453,7.316915958701011,7.291392086168869,7.139672175014791,6.98197752805052,6.982243626469687,7.444994008016605,7.2769964735848784,7.0105241413128585,7.41646806684473,7.326444579577906,7.291568869240073,7.122870107231919,7.2773224250790065,7.359439303201312,7.142227990520667,0.18919468637525336,7.132566637489639,6.837616000842369,6.940837680467057,7.341428430377575,7.416208124101388
213,Rowan Marshall,St Kilda,6.9375897941885585,7.027142865141376,6.7254350480564895,6.8383099795702575,6.900889447813934,6.848799215888973,6.995944320358342,6.857065229894008,6.955302455294146,7.012963948786403,6.8354507941513045,6.746447037666389,6.941622566459172,6.737303805620449,6.8865132148183354,6.891475207827109,7.104805371469207,6.954021375917392,6.9912395896656125,6.935536115665329,6.734135163964187,6.828656705151818,6.982374217639775,6.9353685397901375,7.099003419097548,6.708466172362928,6.948696145773211,6.747567080277488,6.7310852395826535,6.906390321696319,6.841689412815582,7.0074089983875485,6.9718777968697925,6.769213389766953,6.945894393373553,7.191076699284756,7.039855802748411,6.9424186015393605,6.981058749306554,7.012790601147567,6.830001932680295,6.8735776640345865,6.950905962899147,6.826445854413501,6.983401447124034,6.721654840813755,7.08033048142408,6.86438019081528,6.81806595103687,6.8582571491376925,6.9051181261841625,0.11258493886676739,6.920879430743229,6.726593337319353,6.764689311083655,7.008533753364392,7.095175466874488
203,Bradley Hill,St Kilda,5.963464885053411,5.920897254619698,5.896433425022963,5.953974758858799,5.856841674667347,5.892086873517149,6.0289357285103105,5.96482555271307,5.739467199249282,5.493109588552189,5.974779649351463,5.862717306134091,5.580930601345222,5.558127480975175,5.962084138938283,5.990465558836681,5.89389473896747,5.9930776841204345,5.843371060258171,5.897590436653703,5.625369969608943,5.888679550461529,5.893011277641262,5.792592558735138,5.902800542866772,5.740694624191845,5.583656660144264,5.707719806780281,5.851032145225128,5.949093792986699,5.966633538484307,6.033541579320156,5.622364751163243,6.007707423274143,5.733632883113301,5.692751231224788,6.054958154187401,5.932907706422153,5.986973438146837,5.93159223036174,5.668582498950113,6.130865898633417,5.891704944483385,5.9597271154961975,6.025964639375226,5.867891119688826,5.557681191120749,6.0732972273379735,5.834688931902402,5.945615954363741,5.8624161796407375,0.1532655810597186,5.895164081995216,5.5628021206510345,5.687699966179381,5.991011493020986,6.050567756339615
196,Callum Wilkie,St Kilda,5.44673687597862,5.717320819640885,5.628357867537633,5.512877634902481,5.712030510941367,5.940644557643565,5.6560767990090115,5.22629008299389,5.381446436355792,5.991331236626902,5.620475670462477,5.917791721299761,5.645905884076219,5.473457950768039,5.432139865312799,5.253989739611136,5.625615331468308,5.774742220778393,5.854540316464979,5.91487042957631,5.580262844571413,5.5628515354872965,5.786082016001155,5.566348478662732,5.680851277348102,5.507315740480276,5.620281036876829,5.871914351351203,5.830498353540424,6.006202003449852,5.637175941270578,5.776162899890202,5.788153351901776,5.4545088689691585,5.46799341327553,5.7867623012513825,5.502609957922418,5.713720261846678,5.3438094630123265,5.615817220629219,5.58771008167626,5.640885935034657,5.538759552907031,5.707719125276277,5.5444499798392775,5.402752278274805,5.858278335491669,5.309527312359048,5.539692564505256,5.6978616769134165,5.633072002229296,0.18757346204578063,5.62698659950297,5.3165551532429705,5.452884522434136,5.835523123791656,5.935959726193085
186,Jack Sinclair,St Kilda,4.630921092940893,4.4899289579285675,4.330542294511979,4.4555907718145775,4.4717622395788075,4.188217810366111,4.373605067041968,4.459575685909606,4.221047337670375,4.320877345746861,4.1341708206027095,4.517854208661454,4.557103046764294,4.251793112103951,4.468230596101253,4.73157573861018,4.451467938064059,4.313172340585979,4.4241593085487665,4.259641887788181,4.639842581278378,4.653769945431551,4.224680979427584,4.32581141588359,4.251194046788373,4.2819780793127,4.2243417487906845,4.529000658584718,4.514800004037386,4.154882058017852,4.353106833909187,4.265920706253098,4.319822320404621,4.468775971765032,4.127070699076739,4.5404519646381205,4.266916915699519,4.204169868820129,4.337845925500611,4.491219102837425,4.481412176298166,4.364081696273249,4.319617592920133,4.319230342960468,4.443448581059428,4.300842224801494,4.204508635002371,4.609283251813027,4.548495914001525,4.680478612065333,4.389964769099861,0.15367906149892907,4.358594265091218,4.161715887249245,4.224610080224472,4.542133150055072,4.650914835780151
227,Liam Ryan,St Kilda,2.033886539483765,1.9603058173250383,1.9872906491019184,2.1549711343027282,2.0035755686510295,1.9376313871030522,1.9676496898072866,1.9954798222050985,1.9863069348308846,1.843047554604001,1.8314957439269697,1.9291216720485809,1.9309203954270653,2.0638782003936815,2.0355254898209347,1.9659387424976325,1.8503821780903935,1.9600836858094834,1.983939134057173,1.9797459519907536,1.9045875715075526,2.0088605109162985,2.0064442178307047,1.8684744124422246,1.980631916591542,1.9817761231418698,2.0127448622031947,1.9247701302218632,2.026007035832015,2.0068378705504655,2.0208152874093694,1.963955513180227,1.957031475712489,1.8888187057982735,1.7944350017352728,1.8997180250608092,1.9822788026261082,2.0107152091382647,1.9430432799280766,1.9273075958150971,1.8819867328646671,2.0116799764498605,2.0242953786547027,2.02680484056595,1.9985997466849408,2.0296394195650875,2.0614405211432603,1.9858055574620637,1.9715629960699774,2.0366349214169333,1.9707775985999325,0.06650145663338972,1.982027462883989,1.8445511524187115,1.9035698363001832,2.026173777021407,2.056355373199363
228,Darcy Wilson,St Kilda,1.9338024258477688,1.8995832979600997,1.9675898747478795,1.8324861986060506,2.027770185971663,1.8744628084190427,1.9936950213996043,1.92684294790301,2.1246128182057493,2.1044911843413536,1.8401691338258395,1.8568804913836683,1.7667508483474963,1.822780779336577,2.108678813729923,1.7277718403532634,2.1523309709413647,1.9425423261373804,1.6988265710993657,1.7837638219936507,1.7549931492864297,1.923743770598988,1.8630092900651298,1.8626913402073428,1.9331531962728694,1.8431836886613306,1.8850270455970866,1.8507411718956859,1.8823915993071234,1.8307339770465332,1.8160359006724445,1.822418913564468,2.0373641575401744,1.818674291447518,1.939401907760774,2.1168438094253705,1.703251271877396,1.9723254196403446,1.697871577396441,1.7309532217967527,1.6618870786981523,1.875609943515853,1.7401309981467998,1.86941692951791,1.8052898297877407,2.025467140125423,1.922895877908151,1.8347681213192137,1.8332403598300628,1.8959312193425364,1.8827055711760559,0.11871542297300433,1.86621310979152,1.6997336347588619,1.7642934892437334,2.0003353942133004,2.1151699853078036
192,Marcus Windhager,St Kilda,1.8494749668611041,1.8754434107930749,1.7313596286370956,1.956097714751894,1.710607425987132,1.8799337954141742,1.8060343426080936,1.8461171319388159,1.7510814579966323,1.8176556734584879,1.953845805728887,2.1162508658167476,1.8509159083979205,1.8353261195699813,1.8600578036756859,1.9102063832238263,1.8661056291335527,1.9223594736933802,1.7785360617394907,1.905716674877781,2.024651712906345,1.702173347246995,1.935405971413217,1.8010353207397773,1.7844059035119444,1.9451425274462086,1.9195678944790129,2.0162704758415235,1.8316662387838059,1.998711011063358,1.8020182785760726,1.9164497614263056,1.9426108565168614,2.074432670821789,1.8693604128746781,1.8688915233249035,1.7512106226396795,1.9579428505525942,1.7785384393963906,1.8501998812347475,1.6800043902380577,1.9008212763976837,1.9226814805729415,1.8952274944228955,1.8437348114767649,1.7667344260096896,1.5741246603458365,1.8265821676575196,1.718040153277186,1.8721534314715889,1.8598783253394027,0.10273040994040877,1.8630817164046194,1.703902333388723,1.7634899511053574,1.9469615126072883,2.0229335593080564
209,Mitch Owens,St Kilda,1.6354593772068546,1.5018823803204553,1.7495835232637913,1.657873545255235,1.587636109068238,1.5517474716853563,1.3669592193692295,1.3448060750991941,1.5943204123161459,1.6081315307470474,1.5580446091376148,1.5499101176836567,1.7374236109299637,1.5999511121438255,1.6830183558397844,1.5003134745765203,1.5044994895497403,1.5233308644047887,1.6873706282729648,1.4363941642058626,1.680513231226248,1.6490424233019467,1.7887893977057103,1.5539513390953692,1.4837220053751565,1.747086985857123,1.7075556177826705,1.589189780499027,1.7617519327851863,1.6116520764739475,1.5314128055237817,1.671556210932055,1.5475218961166908,1.6483657719058469,1.4889195466076783,1.691188111028064,1.6773539077792758,1.676363181684253,1.6091057447597792,1.6026819494071192,1.442464494616842,1.753845284863837,1.630685916074102,1.5717434583600367,1.5869166407585715,1.479521959778601,1.7161798447461656,1.3461879938045542,1.6568548946818078,1.6402016517056428,1.5984196425262673,0.10717366865788332,1.6054067400770833,1.3811933830607392,1.4979321436310324,1.6946089199397767,1.7529716237358277
201,Jack Macrae,St Kilda,1.438531646705009,1.338227689538308,1.4681277651514082,1.295466687981082,1.5199015001343308,1.504111216835933,1.5233640376588806,1.4780286518032253,1.356129086342692,1.3250997068043093,1.5501319818870065,1.500782440235297,1.3681450076632065,1.4188596591579774,1.345935898935693,1.4086593117292934,1.5523319468827168,1.4571860190658477,1.4885003742605427,1.2985331713447854,1.2703756322525979,1.438891211310962,1.32997255628968,1.5283292358839287,1.3811996960915796,1.371503687701304,1.5449864985216897,1.3576063131977067,1.460320238419878,1.48296183650449,1.4527294912949689,1.3995715558947475,1.4401636749817601,1.4827074633256065,1.436699012011179,1.2950952732365868,1.4045158621389315,1.4189088663039362,1.4554503586366832,1.510820243547265,1.3156706965033385,1.321844136983348,1.298280582544154,1.482164334679597,1.3456195441799335,1.373945986943511,1.422720518777742,1.4924512439931896,1.6310276223165012,1.5335544578761309,1.4263228326492094,0.08447796472614763,1.4376153293580942,1.296043536366512,1.3289541307472374,1.5127182261739618,1.5490771577971165
207,Cooper Sharman,St Kilda,1.5201651065288473,1.4879880465935802,1.461353164563852,1.4582704768710566,1.4358554517792925,1.3465381179323783,1.398233183416336,1.4343876827418631,1.5942817481989255,1.4560103259138135,1.3800914573919658,1.348053195033953,1.3474615624125525,1.4338453196980168,1.3562524706305121,1.3652215884413599,1.411767178110646,1.3494660026532581,1.4455512929214172,1.3350964945862707,1.4684935683358202,1.4616318244831605,1.4845625280259418,1.425546688906705,1.4633911705078355,1.4489703560498723,1.5086476046020911,1.4899302520515783,1.4991523010031398,1.3851943086825858,1.3979024396812416,1.494618860109573,1.5204193977054763,1.4388177535402324,1.3550192611531928,1.3087442528806947,1.3781583125018109,1.2587437347310337,1.4137363113569066,1.3149021902428342,1.5737196439500267,1.357527479056058,1.3440259048781835,1.5226755107415908,1.484932314747813,1.5080326637025467,1.3955702576882414,1.4232923501652814,1.5603138121137357,1.4724795882768347,1.4305008501658387,0.07347570845685761,1.4351215672605777,1.3190420226332387,1.3491707258608234,1.5010082968073157,1.5525979603324458
199,Tom De Koning,St Kilda,1.3724664596887801,1.3910240452844223,1.4280807390169374,1.592821695121715,1.3895390623099664,1.4273079758189902,1.5554663304802991,1.4536981884880245,1.3791131884322712,1.4779550241964134,1.4140190359808928,1.4504170680326123,1.2987807674616247,1.3030549460378278,1.2123323807858382,1.4185053137060868,1.6676607117449727,1.6253197091604175,1.3847576274662392,1.4537199025461878,1.452195231995707,1.5580149062104292,1.3466253837623423,1.2506529665191084,1.4959415041343134,1.4922535161327743,1.414917143027438,1.2726818300641363,1.384865158925574,1.2030761209829957,1.5690529321474547,1.3105833139815475,1.389974995917618,1.4280520785750679,1.4112822947316395,1.4146750899488183,1.4650657904598656,1.2618683374806132,1.420132061688965,1.4794041816858416,1.4105304490940134,1.3576591986349058,1.3121514477881329,1.2202660157152327,1.3780618719077478,1.547441601356981,1.3725518696609345,1.322149323605466,1.4497229637907993,1.5380190811275352,1.4125181766562904,0.10450849569202546,1.4143470629648556,1.2264953406300272,1.30900988508131,1.5047357177258966,1.5879490987119915
205,Sam Flanders,St Kilda,1.5227395490147762,1.4369199868827016,1.3879347410688416,1.3220315946802257,1.4374574747949216,1.42769233018337,1.404217455708808,1.5655936564663475,1.4715827425113568,1.392264075320309,1.4863231294899386,1.379580454580483,1.4939893441238665,1.4083309274083786,1.456572175904564,1.2488298271969263,1.3315016023430222,1.403605991405978,1.4860162948006792,1.4459800716950708,1.4123354466737204,1.5327826624979608,1.5374488689926213,1.390144263689792,1.5559740369696728,1.3372824791410394,1.364427736800734,1.3088022312001135,1.338263130652207,1.40245450076578,1.4442199141197758,1.4531163378339345,1.4970872752499196,1.3250003419388092,1.4232207435193431,1.3110996614767463,1.4682306066490685,1.1844627860783146,1.3996961219703836,1.4012812461202502,1.5546308409068563,1.4658034775921072,1.4811892395100146,1.3275872183633355,1.2672047390750714,1.3750416528376972,1.4493094935709325,1.3579517691862968,1.3782876239204471,1.3799887781078497,1.412669773019827,0.08177680577976629,1.4062741915585932,1.275732224960705,1.3306834960912677,1.4879253683484295,1.5511085366644382
204,Mattaes Phillipou,St Kilda,1.0637316028249257,1.2698627538695666,1.1718884671190297,1.346694774901067,1.2495262643185518,1.3701288803743161,1.239671354427448,1.3844573837419036,1.4073328256332698,1.1879603431421633,1.4195950757055895,1.3919042804697173,1.2475896246724179,1.461445681387325,1.1915324233089073,1.1198387175472464,1.3297027279988485,1.3026338974692913,1.1823836382254649,1.2927764077775008,1.4588538650225105,1.3351989782151457,1.2874237049386847,1.232429211650839,1.3284149885036178,1.1218191252369734,1.34379675993112,1.0548582136504872,1.2727321410546553,1.427728168891203,1.2988882115060385,1.3291692438941831,1.0783616219873682,1.4903429689249734,1.3096739047286265,1.2153943533389173,1.1790307868077352,1.4004087938415177,1.3368811728063317,1.3680435088883547,1.3464536766005655,1.3230827059830967,1.2810710722553997,1.4606332278851526,1.188257528490285,1.1944915136221286,1.1917527168536337,1.3421127782237912,1.4553074338196128,1.1983041055756256,1.2896314721608624,0.10975210379656145,1.3007610544876649,1.0868644265771432,1.1867948118145732,1.4018559164859938,1.460268458498311
219,Jack Higgins,St Kilda,1.0220612461162282,1.117715131432259,1.12862436355645,1.0875474739426714,1.1797469733104726,1.0438275350089616,1.12322274256263,1.1355667447698332,1.1874807181262337,1.1252605609452904,1.123920044446219,1.1591817504734612,1.233058183215724,1.158090991324645,1.0780500715636954,1.0466898070238762,1.0758223847516148,1.0044726565491644,0.9663106013554882,1.1257031170660876,1.1417118305973397,1.0926891603263524,1.1909545779221329,1.0615382269430707,1.0199491168904937,1.10142808144267,1.2060566782871085,1.1244068227980675,1.1527129026901053,1.0660418054973195,1.110084574992203,1.1409596482293658,1.158028186683338,1.0747461920113235,1.0057300751978924,1.0669988060697198,1.0897045672066321,1.0159382031001658,1.0540726112410683,1.1702222819036736,1.0879549808639455,1.1371201465472525,1.0086966530752468,1.1158517368160692,1.0187051829049942,1.2308835129280982,1.2533338034824422,1.1093337449779919,1.2243778274006727,1.127819195564233,1.10960808464264,0.06646687320868408,1.116783434124164,1.00633822366275,1.0392783806303802,1.1722129424076946,1.229549847394976
217,Mason Wood,St Kilda,0.8831328478530268,0.793189497547141,0.8562152559183284,0.760445143139229,0.9992236825543481,0.8374883714466546,0.7334295949210744,0.7811771129990169,0.8927745805038827,0.8542939773640063,0.8446487433408815,0.8952989993558411,0.8200736899723806,0.7666493554341108,0.6614316472736856,0.7629821133831973,0.7920256160226343,0.9473585517648931,0.8167813200737514,0.7944686175373281,0.8483061166121039,0.8460420540577076,0.8759149989762076,0.9199571155394713,0.7776904460053086,0.726630290292608,0.7703916732399981,0.7448676805966779,0.9241678131412191,0.8046026747419848,0.713971454614013,0.71599624259741,0.8864671023512376,0.7812983940291165,0.9246581770898447,0.8303400251993849,0.7818600219757358,0.8114451704274044,0.8013054830115173,0.7907555123644462,0.7983953808919687,0.8264271735191254,0.8449279452878096,0.7938606423765898,0.8324328211974936,0.8214699423067596,0.8750482796645355,0.8735782902610142,0.7667857045111975,0.7056863032162685,0.8181673929700314,0.06735769319709452,0.8141132452505779,0.7143865361506094,0.762451886602208,0.8838297070431529,0.9245576524803765
210,Jack Carroll,St Kilda,0.5316821363049322,0.4911891766820057,0.5316546980426364,0.5722696484221267,0.5257608666915363,0.5611445238402093,0.6192088886090683,0.602033194843858,0.5641646031054104,0.5232731284213453,0.5365451775233829,0.5457451482418532,0.6235727567223168,0.5084765165257524,0.5926358471252605,0.5757932773108518,0.5060869594361865,0.47801815778276785,0.5934668994447987,0.5250806592358441,0.5490756879158099,0.460774897034289,0.5207585732067409,0.6074348254144195,0.5637734567590681,0.5734002111348115,0.49855550304220475,0.5644140289349784,0.5473944633695296,0.5134747478423664,0.5761184831823267,0.594793656199173,0.5573668687066978,0.49398933849752064,0.5221960793225712,0.6103385539032852,0.6088080631111699,0.5223951328164644,0.5177584365711505,0.47009654041976634,0.5271788309979228,0.5058590512923635,0.5355842293062721,0.5428689201074781,0.5627138000937816,0.4818647459868632,0.44062254146099267,0.49398933859178473,0.5806650677574513,0.4375081502912321,0.5397914897516527,0.0458910779541878,0.5360647034148276,0.46268583392831186,0.49398933857208355,0.592809537060044,0.6100248032909015
220,Jack Silvagni,St Kilda,0.40497569635354413,0.4706397063347327,0.474731398552806,0.39663906936894855,0.36670802254847173,0.524406414147425,0.45534743679212275,0.41637287737314455,0.4278070921233666,0.4564878986127846,0.5565808603203015,0.44961577642990874,0.4066546169870034,0.5150030997157359,0.44232520550376425,0.45932055356024565,0.43745381309318043,0.39245230162853806,0.570544034473216,0.5778637266130477,0.43833122777020206,0.41611048070814793,0.4009371024761119,0.4966752954809881,0.45598959516618953,0.4386414331013205,0.5032396596505958,0.40493061906038313,0.4215333366549708,0.5470001494486192,0.4153221637565172,0.5525001413741856,0.45942559100776703,0.5289227127535766,0.5679911240291383,0.571702837208123,0.5460677189513217,0.41182420885384363,0.533810494293916,0.4685404258823298,0.4983960904930287,0.3741334442300053,0.3096153385630093,0.4725289111941525,0.5286035827298124,0.4508979207402063,0.5462260277915368,0.49341917498079957,0.42937354519445614,0.5294383110493064,0.46828116530253694,0.06286310201758588,0.45790422608651515,0.3778888099967045,0.4063037225746104,0.5461008054989266,0.5700206878321801
215,Hugh Boxshall,St Kilda,0.4323726316451102,0.3649026087623888,0.3650787855805294,0.31357013643959913,0.4204396184947109,0.32797610737219596,0.2308278913989648,0.3131171448892749,0.2842092851477628,0.3491101899342989,0.4276565906873696,0.4105089111079282,0.4036080169824491,0.2821254938915853,0.273726901908851,0.47271788535821524,0.39206956666730053,0.29414088000833766,0.3800563831009123,0.23576945252894538,0.33689134093192624,0.4086926499307996,0.3953602773224397,0.37611938408106727,0.3231315564315844,0.25898396516312994,0.40642459308478374,0.2966008067587529,0.39778049700483553,0.27838626378007614,0.30174725206706665,0.3062558465554699,0.2865092141068557,0.4592488783196228,0.38108134973415514,0.2757043240947676,0.34342768924543976,0.3510162443019292,0.36664657349199425,0.25203852213117345,0.41221138977913424,0.2825473848693452,0.36969632926593465,0.37655815035303447,0.2966827896988533,0.28965763645092113,0.42350840803571943,0.36660017776143594,0.3512672349427068,0.2614903091125431,0.3441250304142846,0.061278771957980226,0.35006321711811406,0.25346233795272455,0.2813439947982799,0.4090722485168195,0.43140584324877335
568,Ryan Byrnes,St Kilda,0.13320015829335527,0.14815637212007743,0.17079832952159243,0.21060909516247456,0.16369091853502304,0.09690039719639733,0.14273714406383536,0.2567337336744247,0.16656867130403674,0.17913182869501623,0.14201057384918342,0.186794101072052,0.17901755710392622,0.14905825062665298,0.20659658843946316,0.16769403241965636,0.17917414401251858,0.1703704675802573,0.12234467263510784,0.1783427060873819,0.18468406427931205,0.15081578450546362,0.1859894450531109,0.2127969908694779,0.09358086993127149,0.21618278803777802,0.19659409030270622,0.22599183061762523,0.14072464371577748,0.20371228100925842,0.1952587559824145,0.15911318745393824,0.1874341844932794,0.15497811574022363,0.11660057285193079,0.20583591405515927,0.16919203541366204,0.12174333944370155,0.2089652094080121,0.17320875352287263,0.17073132305431846,0.2059080228030829,0.14177657643357008,0.2005178527062481,0.16730677402044253,0.1462246199056165,0.18301664544389656,0.14563738968046253,0.1963605341248827,0.21183122586247866,0.17245287126228817,0.033453302453385694,0.17200354152223252,0.11765484000324379,0.14196166838932023,0.20605193302108638,0.21548869961827646
559,Liam Henry,St Kilda,0.1867352129307206,0.13464629545031556,0.15056293311103536,0.18718853464218987,0.18020933046903853,0.2035303372923556,0.1105696002038353,0.11899322570804727,0.18252855411477856,0.18644743551494772,0.24228149232897664,0.17176245655320876,0.19875124128752192,0.14579953999567194,0.18608411374079667,0.14373738730160662,0.14951882578050693,0.2014980474926351,0.16393694688272575,0.1846807960713362,0.14283563849123276,0.16324601365294464,0.1268837922350328,0.20650942070842992,0.16072485208495393,0.12651584585836934,0.13092783833052363,0.15794964011184587,0.19533836392873577,0.15529796924909225,0.13884055797210146,0.14546801976447793,0.12311302345424331,0.2186124462941401,0.16431846049820945,0.15678110927888472,0.1672594243037876,0.18248172342837513,0.11832838425159033,0.1914140054765188,0.14277808522412835,0.18850869294199343,0.09268984699779585,0.15043550661366697,0.1499616828336193,0.13700186716894053,0.1470425316912687,0.18539077235528056,0.17199572880574163,0.13989541159245295,0.1621601792494126,0.030269335891141474,0.1593372460983999,0.118464676750164,0.13386913791227906,0.1891159032617092,0.20589870860813467
461,Dan Butler,St Kilda,0.15513370470259694,0.14617666834245624,0.0833425970171651,0.14867189506376938,0.10652243112220508,0.14463185195123132,0.14496733119480354,0.09187650916333276,0.1497638524593621,0.08123284015390024,0.14152997990458352,0.12934000384851158,0.130186767219192,0.10326897146961556,0.17680622521752323,0.16477436003757906,0.096283020121675,0.15208681906788263,0.1480621782221423,0.10755709817732631,0.07633368866747726,0.14419691066994553,0.1334574447454313,0.16411086078144788,0.1197541143101538,0.14502700641088037,0.11310819595332808,0.10020871791593779,0.13382991392153398,0.12657139974436216,0.11656648979292725,0.11492182590429154,0.10254299209836867,0.14846837098014296,0.19259293694442858,0.1079659866311005,0.09373687090571627,0.17040162585009525,0.14690313619909304,0.17708805519060158,0.10330863967215352,0.10452597248648508,0.1422365507518068,0.12669372341299617,0.10668508817456715,0.17590747546795937,0.11247218309102519,0.12589809910566788,0.1392098123849606,0.10826345746436296,0.12950405300172205,0.027671147188176464,0.1297633855338518,0.08509204900712947,0.10311724178102495,0.1527236181655379,0.17662198151886263
224,Anthony Caminiti,St Kilda,0.1324866318769248,0.125236197454473,0.07991522939378712,0.08808626102993859,0.17723113945818428,0.13141930462012286,0.12732781296771611,0.09775893041862443,0.14797640238144857,0.09400469179947506,0.11514332011244499,0.14570543921121779,0.1440596911888586,0.044552372787934336,0.13716224872445199,0.12178897193603927,0.13229031867878316,0.08254000771359891,0.13338509476494032,0.12010494058248083,0.13981582824566985,0.1237154295313239,0.08101146299576689,0.11367224566751913,0.14962188800233475,0.11776823071047843,0.1026009866516304,0.09792188531789446,0.10251060189563753,0.1571176785779389,0.17951809889261436,0.088719883638196,0.10160135947045863,0.11438850929966071,0.11751248236423045,0.10631508559891861,0.14208697613117308,0.11482530222888433,0.10289880217085375,0.12894578949500696,0.14840649974508327,0.10619399959006363,0.11769162922197415,0.13083093279123048,0.10825673280242543,0.1339423493499241,0.08862938939048298,0.16602471977213829,0.08839679439871821,0.12835868261399733,0.11954950527327349,0.026386284919896977,0.11893658564647963,0.08132481466292246,0.09290016689376773,0.14440365252553167,0.16419877632732735
460,Dougal Howard,St Kilda,0.1295728524536145,0.06305996709391666,0.12914740814698022,0.07685053142064963,0.1362794974198618,0.0920705668091116,0.10209283257202538,0.13798145386120714,0.07807525822779009,0.1178756975564634,0.07927133457723655,0.10619919362204623,0.10192148362139361,0.08064165545122257,0.13621389219773672,0.0964568039676986,0.07852662086629147,0.11350655711221252,0.13563658433925718,0.12697791445345258,0.12503354115092408,0.0803078385879083,0.14671503172647338,0.09517702404394529,0.17338311130210568,0.12859853506131638,0.06341862122360295,0.06294270435446907,0.09439872336475547,0.08396140401877147,0.07570143551645948,0.12048973754151993,0.10108388814104217,0.13272762861710108,0.15013721405221797,0.10676212750888038,0.14007481678981737,0.11164666535510522,0.13263197685779912,0.09724746553398242,0.07274206019346617,0.12029744146756065,0.12147542343712504,0.09004736799850134,0.0555331222238752,0.09092531896616335,0.08240138158472451,0.17493901604578985,0.12423778329751226,0.07097609670899571,0.10688745216884157,0.028820433803619087,0.1041460130970358,0.06313349119050235,0.07781929032509773,0.1357572416816794,0.1494356666754403
441,Liam Stocker,St Kilda,0.07572409993566377,0.10398490439116433,0.11373767476606261,0.1366415377414799,0.07745133622715247,0.10538777342191477,0.10268644582713293,0.08812429812937474,0.04201419437791955,0.08967026350138578,0.09006324845237346,0.11469101082433367,0.08025315126307538,0.06559935821108046,0.09868079944813016,0.09990434245319914,0.1282024226491524,0.09302194961069617,0.04179979049589655,0.1278416739993269,0.0855044288198101,0.10050828610481574,0.06902934483367544,0.09284257500676454,0.10405844666092925,0.10348019800010454,0.07506670039542425,0.07733204857056536,0.08232195548558283,0.06918065670591253,0.07261419510284117,0.06308753671681051,0.08627573460307927,0.051232638592494065,0.09476670483066278,0.09324624901782737,0.08538171506063354,0.12177115669349788,0.08850620322871883,0.09253196182475776,0.048292500347972125,0.08155641029479777,0.07833682018704752,0.10391842458895667,0.10566411669043935,0.09186895207564824,0.06755903698343355,0.07139118354852478,0.09024069685631561,0.08192370725211566,0.08809941721613347,0.020834975107708324,0.08908823336505231,0.048895228688099125,0.06914903252461498,0.10433627595397522,0.1265972179516319
225,Alix Tauru,St Kilda,0.0656761339068296,0.06280620531333074,0.10465116279069768,0.053097345132743376,0.0656454100145138,0.03473227206946455,0.060217270638127436,0.06651899677641752,0.06297324414074117,0.06631688433487314,0.09307716485934309,0.04391153823756488,0.06086956521739132,0.03642257818459192,0.09726180259148814,0.07589105956891494,0.10055403772228844,0.04457101989732063,0.08581407961817983,0.04264392324093818,0.05643994211287989,0.07715582450832073,0.06802077288216302,0.05796201648237627,0.08626788057906913,0.07919773005452321,0.05911864884470587,0.08542747055687493,0.07108760389350638,0.05965909090909093,0.06612784717119764,0.07664474358186327,0.062314540059347175,0.041057352381475544,0.046057222609909285,0.0700333307495543,0.05410542256772223,0.05713606541723635,0.038990489173332546,0.08891920813269129,0.055162659123055166,0.07418108207581892,0.04596367615086047,0.050886661526599854,0.04715127701375244,0.07938718662952651,0.03179409538228615,0.04678202818873305,0.037289162946298485,0.05091937765205093,0.06289784207225164,0.018034569817150296,0.06159205263836925,0.036600228060741764,0.04443318823043168,0.0806496059703423,0.09640395185639838
528,Hunter Clark,St Kilda,0.09885317707678087,0.03893776862357579,0.009676824827640505,0.0632608086390171,0.036202323815244145,0.04685425118368136,0.1313358404058998,0.049167463614289246,0.09697696729571843,0.04945497719962843,0.04864555526724558,0.04454647071230572,0.083067119577383,0.049460787488208986,0.07772853872276286,0.044375488561254096,0.0722581817545411,0.06734996325752524,0.040188895850622214,0.048033134092837215,0.09801559950001837,0.11973437084183608,0.04310295051677349,0.0756876296954806,0.057501212546354985,0.04377385984636741,0.08224868272024592,0.09149201324211395,0.04157786759836372,0.09095481748927539,0.053946053946053965,0.07550310373361355,0.0823470386484953,0.0549455828730786,0.04340545353799917,0.03848203625280559,0.07785545625701432,0.05258691153215295,0.11796771374751319,0.050304024314245174,0.036882989177358674,0.07014337931663764,0.007931262392597489,0.08906211595049232,0.0565206078166401,0.05339258448447208,0.09334664512503438,0.09165162878855794,0.055578518340925434,0.11641535334587791,0.06517464003089116,0.02726385640152416,0.05604956307878277,0.03634186021447762,0.04278420818682585,0.09200588720288151,0.11764947986517794
560,Liam O'Connell,St Kilda,0.026263880782879286,0.04699913413677914,0.05696238301764357,0.0377668633851256,0.02901767779016282,0.034441787908420674,0.029232966058399708,0.01642847854064744,0.048380981674760834,0.012908849770149163,0.01661157116164911,0.023157684896006385,0.03404076917081945,0.0663429437994186,0.051172603021611765,0.049201818901900465,0.06860226818657852,0.03955411522060716,0.00996677740863788,0.029341375920064392,0.05645582844612969,0.035769106303698915,0.03996972328441227,0.05638769081325028,0.0681264702842665,0.018405519139364883,0.05403998064793288,0.043996144172416186,0.01839705647096465,0.01021276595744681,0.018720088712501467,0.06234192034750817,0.03559164809775056,0.035315761430611284,0.029520965177813174,0.012509055813855136,0.056280424689981415,0.02075289918743624,0.025167875379990868,0.025543563967083523,0.021507488447581755,0.06689468152888152,0.020853434389746132,0.05113726614733084,0.02521509695399636,0.02429774478871914,0.04035990717828855,0.06217418114542367,0.009165632320140362,0.045824193784296016,0.036346580915221624,0.017435883709475315,0.03487877466951598,0.010683505378010516,0.018403750441669236,0.05640193157852207,0.06678157529434162
639,Tobie Travaglia,St Kilda,0.03777544596012593,0.006036217303822942,0.037593138280559824,0.0,0.06683671151437268,0.02941867647150574,0.01863354037267081,0.05893888695140776,0.025961865849506303,0.040463027464465166,0.02941176470588235,0.02276452870064712,0.02375561653147007,0.012972972972972976,0.034883532623544884,0.026058631921824112,0.04780876494023905,0.027260240674397074,0.040513962719605556,0.012282497441146368,0.051236110456252835,0.004636785162287482,0.026778247187080433,0.03942337664903373,0.11278277712990765,0.061538461538461556,0.02461538461538463,0.021054702872884693,0.024590163934426236,0.03762868908716543,0.06379362448726614,0.03132614287221499,0.07142857142857144,0.02892960462873674,0.012738853503184717,0.04197014686888326,0.025000000000000005,0.04131056626195965,0.006066734074823054,0.037366824121642606,0.03222341568206232,0.01641115472643814,0.032102811978134825,0.069890707058418,0.028300506704892592,0.031283170889764185,0.036734693877551024,0.028240446233067068,0.004647560030983734,0.052735329310965945,0.03392311173545223,0.020583643776091443,0.03035092368063496,0.0049322347719157715,0.01569257473996392,0.05154944719688787,0.0692646379718887
609,Campbell Lake,St Kilda,0.020590253946465346,0.04254188576362704,0.059477849822014935,0.029096127003168513,0.03546089448921268,0.027807432854604526,0.014335295880584322,0.020230951082014913,0.0376730197074544,0.023140092343091518,0.04875922015802819,0.04096446314669375,0.03381852593708015,0.04022869353215035,0.018669943797995775,0.028776969775589977,0.017402342151202677,0.019805613085239974,0.0643904582643327,0.04774628675375207,0.019160662049828123,0.03203847275810911,0.014627397440296714,0.018606892121323368,0.030194130790840965,0.04848395338218956,0.04525917886563847,0.009225870394972694,0.0486004558111282,0.011545989355795712,0.022140604071283286,0.0265645726860178,0.05610183415499506,0.03649512951826206,0.009324841131668777,0.03076626428046189,0.030078194860173747,0.024059757828664,0.03200161185589277,0.03177095398109244,0.019701704368456883,0.06019415436847281,0.032719406279307715,0.022398228581161653,0.04675457583419826,0.027348989272003743,0.02830494171213252,0.034221929651198295,0.014374935256497426,0.03511391172952679,0.03138191727771789,0.013622134083741314,0.030136162825507358,0.012117797193377378,0.018656765997571243,0.046961843416385,0.05878576661027584
608,Angus Hastie,St Kilda,0.010799108840440047,0.011321341788656429,0.0025996533795493927,0.0026246719160104982,0.010180744317385727,0.012903225806451613,0.005099872503187418,0.009844534914172798,0.0075853350189633365,0.009432002467086337,0.002556455048998722,0.014315148909430656,0.023699336772291822,0.01587915067942526,0.014498010991268606,0.0025850926324859965,0.004518072289156628,0.005366726296958851,0.009283728633110546,0.005097706032285472,0.005434782608695652,0.01610296487772536,0.015497201894102447,0.007926023778071334,0.0025010421008753647,0.007675906183368868,0.002667852378835037,0.009251507476447339,0.007512520868113522,0.005314437555358725,0.014910573887142804,0.0025862068965517245,0.0,0.005016722408026757,0.013700329881996666,0.006984068664708429,0.009873076832219115,0.007582139848357202,0.014541117763818766,0.004758128469468676,0.0051724137931034465,0.00261210274270788,0.002699055330634277,0.021377072819033893,0.007321942739175315,0.019035071736581213,0.0,0.005326231691078562,0.023702208410810263,0.015316966582046114,0.008851791789127417,0.005953014749679584,0.007583737433660269,0.002512401755240653,0.0026220449587902508,0.014995509960377594,0.020896962597131082
584,Charlie Banfield,St Kilda,0.0,0.0074568599327919545,0.003911342894393742,0.0,0.0074074074074074086,0.006692693809258227,0.0,0.0,0.017780946353561703,0.0,0.004032258064516131,0.004120879120879121,0.0,0.008037508372404556,0.025218686022706126,0.0,0.006845407872219056,0.0,0.007314497985085768,0.003955174686882006,0.0,0.003863490019317452,0.00727027804088519,0.0,0.0,0.0,0.0,0.0,0.0,0.00814663951120163,0.0,0.0,0.007599746675110831,0.015493867010974827,0.00412938747419133,0.010594990136762874,0.008224811514736126,0.0,0.0037974683544303796,0.0,0.0038240917782026776,0.0037220843672456584,0.0,0.0,0.003506721215663353,0.0037546933667083867,0.006703910614525137,0.0072463768115942,0.0038935756002595723,0.008059100067159168,0.0042520979016214926,0.005167233510162931,0.0038107800663165284,0.0,0.0,0.007691238869845218,0.01448959725176135
406,Isaac Keeler,St Kilda,0.0,0.0,0.0,0.0,0.0,0.0,0.0,0.003851091142490373,0.0,0.0,0.0,0.0037197768133911974,0.0,0.003735990037359901,0.0,0.0,0.0,0.0,0.0,0.0,0.0,0.0,0.0,0.0,0.0,0.0,0.0,0.0,0.0,0.0,0.0,0.0,0.0,0.0,0.0,0.0,0.0,0.0,0.0,0.003745318352059926,0.0,0.0,0.0,0.0,0.0,0.0,0.0,0.0,0.0,0.0,0.00030104352690602795,0.001031358460143202,0.0,0.0,0.0,0.0,0.0037326663264463165
652,Max King,St Kilda,0.0,0.0,0.0,0.006362672322375398,0.0,0.0,0.0,0.0,0.0,0.0,0.0,0.0,0.0,0.0,0.0,0.0,0.0,0.0,0.0,0.0,0.0,0.0,0.0,0.0,0.0,0.0,0.0,0.0,0.0,0.0,0.0,0.0,0.0,0.005785920925747348,0.0,0.0,0.0,0.0,0.0,0.0,0.0,0.0,0.0,0.0,0.0,0.0,0.0,0.0,0.0,0.0,0.0002429718649624549,0.0012038095456080534,0.0,0.0,0.0,0.0,0.0
2,Isaac Heeney,Sydney,16.724271140221433,17.026419285840298,16.926350193927444,16.769947879135117,16.589284322401745,16.84149782667246,17.03078390694538,17.002542512775747,16.843606379548056,17.27462713813826,17.163608006258542,16.84983371944768,16.980729487011327,16.944501618961308,17.18728043393025,17.09531432555569,17.17501252332988,16.919316771273504,16.857814759770168,16.667570697039544,16.857334026435097,16.528300388005086,16.669596394265174,16.708271297297912,16.43343339391887,16.594878531283925,17.045719395154592,16.79357584059704,16.54906784065283,16.772874052740292,17.126541943821742,16.80541240692294,16.689584119752872,16.63251604390332,16.963427172325943,16.771055470670024,16.78482747767161,16.753303701022137,16.965496396046547,16.646278892790153,17.130913098035546,16.87671497481655,16.683455563016743,16.887906684930936,17.09970101285371,16.532011128056308,17.041605138386984,17.322499779952597,16.856959361188668,16.595660818454313,16.859784705463085,0.21042288613293175,16.853396540318172,16.535507754138596,16.643402457372805,17.096231143200978,17.184765512257176
3,Brodie Grundy,Sydney,12.75150715317212,12.618084117343614,12.430796579881992,12.682237833722017,12.50471442866858,12.408568811397167,12.442351285345296,12.783072246495799,12.787580338701636,12.563040534942509,12.55934840622337,12.14189908483317,13.266921465180252,12.35033364519861,12.61081901380976,12.414722917699354,12.756954240122115,12.150422318517991,12.579694370418313,12.920459769633533,12.84466666414394,12.517482438949445,12.625801071438039,12.44937289504645,12.951647819445617,13.052280515324854,12.486796468408707,12.84996919559403,12.644626111032137,12.663572334070853,12.429704235524309,12.291157089319539,12.559956589149781,12.715892404946562,12.616696741305775,12.668862766738329,12.666436470213162,12.604064237653766,12.694049313845175,12.545518895226982,12.324901334109319,12.52665473832204,12.663356664092454,12.912667630443014,12.701120659328996,12.501097992509997,12.769631415155624,12.666943798192593,13.06136762225706,12.569134139531258,12.62597917625254,0.21939958071078267,12.617390429324693,12.298074659501443,12.430568279911236,12.799511380719077,13.03165081266961
1,Errol Gulden,Sydney,12.34177763565177,12.06155977610046,12.132978991645528,12.15420753992614,12.150720338312327,12.222841072955799,12.052396298304139,12.155981128604052,12.140878223402648,11.895561379556298,12.1659449741978,12.018992294072016,11.945468389123704,12.073448942334513,12.124054067141653,11.860377870662887,12.432656233584716,11.977218397604553,12.435318301349561,12.370468984723228,12.240896203260206,11.891992730647424,12.113434439660828,12.132442566216172,11.743023920281681,11.978905228756,12.041337936707713,12.350450322873765,11.956332660083728,11.860297973661098,12.170515690640283,12.084725506589123,12.415942051875838,12.002647292566856,12.160216360734438,12.298392590772123,11.98181148793719,11.792897230586924,12.150806013032588,11.789608703969968,12.018336651700402,11.802902870823043,11.987252992805379,12.185773564646903,12.467880595214677,12.204040257449131,12.190651950145707,11.822970114687713,12.19899893377551,12.354460508656327,12.102055923800254,0.18467743953379392,12.128248316678913,11.794948386835328,11.894815531934343,12.307460065151968,12.429229826334396
6,Chad Warner,Sydney,10.20072731268516,10.084811147932237,10.081881165005063,10.096824798327411,10.24763298790135,10.267125782649066,10.158082447743524,10.417820484177401,10.558587967306938,10.029765205867855,10.278791084180154,10.405378157890954,10.151041369710075,10.500166287298793,10.56041565171896,10.346011281261852,10.07765357367552,10.15829750595709,9.99520451339579,10.318522243741073,10.145237149292859,10.23450994697641,9.953636647365574,10.187667683943674,10.451516004850554,9.883940925341319,10.03996512562575,10.259431735899588,10.431195860502896,10.209274009721257,10.241132744954804,10.266071195605,10.024201889607841,10.51833860150659,10.085129722915362,10.309499496077535,10.264698490706603,10.250756072332962,10.256834250049993,10.181616654283077,10.141772604051662,10.217110392813145,10.205604728853176,10.374748980983965,10.518301056225368,10.31994591280635,10.27351014763065,10.190103990420486,9.922832450686156,9.924717347151278,10.224360855752161,0.16777558230735026,10.225810169894778,9.930645803695208,10.069776688033118,10.407978604084821,10.518330904723939
11,Charlie Curnow,Sydney,7.451282292219418,7.330832936849869,7.190896376928487,7.161648652801243,7.065209867712405,7.466098032385881,7.515976476833376,7.385712665317689,7.437566526455357,7.263490242414547,7.292092140133342,7.348424042985448,7.417114872030128,7.551253869884599,7.374266510351583,7.567793310435351,7.420649245578066,7.26158646927305,7.316827455273861,7.066281969954447,7.477286730589705,7.3477841696512485,7.46280860301143,7.324970169223995,7.389949250893604,7.605427934756491,7.220150646542967,7.308525135790087,7.223272337530455,7.350715069780702,7.406817632260516,7.2742837784886545,7.280720717995882,7.034587290416466,7.273508286083474,7.324424975405791,7.299903743067187,7.318611959231553,7.148065047236972,7.268354204730517,7.343729028903389,7.36772628812747,7.158165869712598,7.308723790919417,7.511964932005738,7.124043545916667,7.266356075564849,7.1858914953601305,7.610907082183912,7.448273867355447,7.33101907229111,0.1364481282094358,7.324697572314893,7.078123093026702,7.189850356680701,7.46349609375069,7.564402725122447
20,Nick Blakey,Sydney,6.130323712925045,6.243853412277583,6.06595244142296,6.320060034508165,6.460912990118154,6.09739380208823,6.049259969109736,6.1202501849071655,6.237285474770089,6.322329924647285,6.118522044428578,6.117357046160199,6.08559873561108,6.049852747911046,6.136931102216835,6.1408741559383975,6.236928710394678,6.1333581327260305,6.551598926218599,6.457646467913537,5.983025211031452,6.03984886626009,6.251991325916267,6.527562407855848,6.466200858164458,6.045088639571533,6.1873449075536735,5.9579623054495805,6.120187766921934,6.252297314816258,6.22503061077762,6.166637382430688,6.400219782319775,6.400668310852667,6.402973248134974,6.04770973325171,6.074344924952599,6.533257634754367,6.335228865056149,6.421654708440642,6.04624077566163,6.4026757241695895,6.424060096563776,5.981645529611891,5.876856423269011,6.452529440523641,6.00168897736196,6.0961275467151745,6.155845452951842,6.347786509532528,6.214019625943334,0.1747678195667075,6.161241417691265,5.981928364302901,6.047402721115383,6.422157434558377,6.514983290169113
0,Justin McInerney,Sydney,4.994353080655548,5.246087864890672,4.828481333790927,4.82963766127834,4.911301715007397,4.968733146592081,4.807166572562264,4.912948936071917,5.021474926564661,4.891221876046069,4.860870636991454,4.8301963352842545,4.998861939596438,4.8981093473044925,5.21157267727768,4.88485884985883,4.861133392027957,5.020335818940231,4.898491429335999,4.700313107064728,5.083650774728427,5.200188634740166,4.918745090935233,5.103565191431882,4.6159188115860355,4.916510011654354,4.971331422552485,4.9740801927064195,5.048925343676376,4.888505600198363,4.963017421125777,5.162459410878564,4.985931100916927,4.947385745882388,5.027961053193946,4.983741091666424,5.011042601043956,5.095744250468037,4.866543778123712,4.9190626111416025,5.019845247257262,4.919922371017735,4.990609069972004,4.9471051019592345,4.640168194300452,4.911057299084451,4.762810769321786,4.960956333329995,5.227256253421093,5.007035783372864,4.952944544176598,0.13308146923768008,4.954171039606192,4.713125127827425,4.854459707934649,5.056182958766255,5.2092389485574895
9,Callum Mills,Sydney,2.710058897704988,2.7495460135651872,2.704753024265669,2.684100027928829,2.9096913071423787,2.8025509539893956,2.825090332630747,2.746039031979096,2.713352980835288,2.7711476313103933,2.7248561925052885,3.043359165483728,2.755772012847658,2.6512989338614306,2.80646240555509,2.6039989899741625,2.624886916853612,2.8384086597268694,2.8536261877304123,2.6369213339655766,2.384707819536283,2.723633454229761,2.853477080614858,2.7038526212144474,2.99207241579922,2.92942636462198,3.0740048331040013,2.7344889465618523,2.7982955080102396,2.762698792420891,2.604699827514961,2.761676319093085,2.773643751495075,2.6206057873609154,2.8572739610044544,2.763686618916969,2.672992043438626,2.7010241935068366,2.472752504363811,2.7512623074802653,2.7407157095411483,2.825445636004065,2.766820964475076,2.7766323731702505,2.618432071686137,2.9661848764387746,2.5224111315512516,2.8494597618419033,2.7477261574509324,2.6289494129827404,2.750699484905732,0.1309086939708113,2.7504041605227263,2.5391366425279482,2.6281003512917525,2.853508244002009,2.9867654702303286
22,Tom Papley,Sydney,2.502896130781433,2.3983491932038072,2.4688098812053316,2.640312825056697,2.324859396928045,2.409573573224629,2.4184750455762187,2.3721639576211864,2.3719301022712074,2.412297546841657,2.2803672263756347,2.4966709743482864,2.3445271859682473,2.45259065499657,2.2941765230870557,2.364025395770416,2.489938944307689,2.5360175026346874,2.4278625184708016,2.3944342377371113,2.3528582431017764,2.290534373576832,2.407255521741144,2.3676216494601716,2.4098541156868505,2.4775701377943684,2.2886371192457884,2.5128156030716746,2.433697521705785,2.4515309130979666,2.537790315608264,2.4143808640040665,2.459367186803291,2.5641080702584382,2.471008103800427,2.393166190635566,2.4278627497681895,2.5172565966836,2.2796507812477333,2.60080217455383,2.544050986999038,2.4271374275294573,2.1822334162191237,2.406906151577218,2.361019778452958,2.52895784610377,2.2610044839238697,2.4034681867925056,2.4335689760579604,2.3002838417562104,2.418133562873292,0.09321195131880593,2.4133392054228615,2.279797652498953,2.3197231058971317,2.513743770736567,2.559996368190261
8,Angus Sheldrick,Sydney,2.0174309698593627,2.139543407969967,2.1570564826775818,2.1677703842529223,2.0568315162634243,2.0003851518034494,2.165036669228367,1.9857891125379248,2.0580744430674285,2.0909585818014276,2.0371521790592935,2.0428588379833625,1.9318769657996482,2.0664270110760605,1.815076867730162,2.0453513619971657,2.0114562238278557,2.0806711527333053,1.965526698983672,2.1025892878586863,2.1159015641644863,2.012482432598627,2.1281253788221965,1.8974220402457491,2.027246675661194,2.0790377339824353,2.0800522609482264,2.065503830375726,2.0964208240851123,2.014700382035519,2.1458480122442167,2.0461842291046155,2.1361152422079437,2.065855106915349,2.0458875124418543,2.193535394144852,2.20397336331948,1.9615762997556014,1.841104633070351,1.910625895299214,1.9477206255849604,1.957924504169839,2.1191182037176755,2.0757373773943586,1.9545254266782868,2.0416800295379867,2.0060415942156733,2.3175809247800876,1.9282665270012702,2.1295346885243047,2.0496718403907654,0.09469021013813506,2.05150787268402,1.9001288305317094,1.9572140969741045,2.1368317288522065,2.1882535671170062
13,Tom McCartin,Sydney,2.104404788853232,2.0665371012412015,1.9105608793000197,1.980097736159356,2.049814321719618,2.0270589779495487,2.0918992803264342,1.9131256307812285,1.9599633481491816,1.893775104778103,2.0124301126915247,2.099123035605838,1.876093841411192,1.8712051491886692,1.9202019142446307,2.0681019675490133,2.0091350690328995,1.981293591871678,2.020598889172683,1.7963915902410135,1.9516385032323338,1.6934098760479652,1.955550976281671,2.059100206778011,2.0470012448827717,1.9500953922275464,2.0682747418757166,2.0180210643753975,1.9128536009975339,2.0587325012531026,1.8008339899245074,1.8253274443291432,1.9873800143052414,1.9628199273199176,1.7260290099846827,1.8440756613374822,1.9063351697171893,2.1093453437530734,1.9463861526132349,2.1775534417774858,2.0952624920599563,2.1421606567395224,2.0471997757603364,1.8633729858764132,1.9287541304651759,2.014509217286744,1.9752073925163398,2.232272773861324,1.8458254030167303,1.9094709787634117,1.9741322479925403,0.11142412023104002,1.977652564337848,1.7973022821761298,1.8695682270564078,2.0732122704119167,2.1354335175773
12,James Rowbottom,Sydney,1.8865102959747226,1.919735755378087,1.9668385619813273,1.8534647144460126,1.94036585006811,1.9038459102598444,1.9695633514203392,1.9801592509525658,1.8232597170511082,2.105798630345041,2.1148245826798298,1.8631803324305514,1.9984989692192294,1.9182580378711578,1.88950804861218,2.0465912092233887,1.9706437281062128,2.020155100939948,1.7849742407332405,1.7816798177613513,2.101712798870064,2.160523082469917,1.797060245461508,2.059173979203792,1.987558531015716,2.0642454512174178,2.008970011868666,1.9875298497382292,2.1020507891521762,1.9961565770164744,1.9401945093298494,1.8872871357943235,2.158000244030335,1.9216358505407993,1.9215877351786863,2.152620825485862,2.0568169690782794,1.8740239254318176,2.0215909131806944,1.7775392518469804,1.921628529057405,1.8162526191409203,1.9998294503862986,1.9694479356287016,2.1029650851804056,1.7889498023660584,1.8122683332034362,1.982118595370109,1.865718724189295,1.8138592789538661,1.9557434626968466,0.1082799444987332,1.9681432488050143,1.7857892308679681,1.8217952335878789,2.0720761268768206,2.144872595710625
10,Joel Amartey,Sydney,1.7400600725342357,1.873972532472609,1.8588332988068235,1.761869141180849,1.7670871887736563,1.7580765776065541,1.796319629201286,1.832312079859428,1.7338501550163847,1.7191506411157988,1.838749231843181,1.8274450190200233,1.881159643634508,1.7361175625278829,1.6812026991676394,1.7991345592598527,1.6854362508824217,1.7823952720276004,1.8803089571328488,1.7718754203518765,1.8090033432948607,1.7653008825019192,1.8909968303696927,1.74420191728099,1.754663093905326,1.8428246590093615,1.8932665443021466,1.8705815993104178,1.6998523008041189,1.79981799450996,1.784710915190676,1.7248354526378094,1.6737843907860128,1.6540189376301029,1.7721339344824218,1.7364982981908292,1.77699386811636,1.8565648696406474,1.8175354570304245,1.8305018514796867,1.775431083524664,1.829213233012358,1.67949674288539,1.6675652403622432,1.8078833237757057,1.7932115566363014,1.7482264652626172,1.6772306355308078,1.6921533529039545,1.7162117315125136,1.7762013287659155,0.06568187450207581,1.773782509003543,1.6744908709586959,1.6982432206929845,1.8456963630313001,1.8809852529016677
17,Malcolm Rosas,Sydney,1.688657979495324,1.5306820590301997,1.6960653967400816,1.6653366987231155,1.682127349657323,1.6994237371330598,1.7323604149167326,1.6848591736491958,1.6774921786392862,1.8258556516414337,1.7277640072489495,1.6822992164170094,1.6428335751651917,1.659464721381208,1.8503015238746001,1.7352933455162243,1.7191478276491552,1.7449322700543057,1.6943976936894463,1.774148605673726,1.6310484727261194,1.6940669777339172,1.7251949986484572,1.7313266322495882,1.697331498231967,1.7258413255269347,1.7563105729169406,1.724398179113826,1.6787958266372816,1.6020004053066312,1.7308010418883775,1.612194068569683,1.764086414530113,1.7317486073864248,1.6538251982459407,1.714945203551989,1.6461003350964147,1.710007431034191,1.816627269768418,1.8010054155370376,1.7767199824835387,1.5831755669760283,1.6968346469633102,1.6835004826354478,1.6799023542165954,1.7714829202654452,1.6673908291733532,1.7384233198498356,1.7367638589882184,1.6639054620847755,1.7051839744926471,0.06039361650587691,1.6983776176825134,1.6040901062755568,1.6582860610459371,1.7579357238140936,1.813424789650985
24,Riley Bice,Sydney,1.588476535207709,1.6979119837651804,1.8706422152937,1.538900031554846,1.7288212365555056,1.6265203380823547,1.4955008831653827,1.7359693947480757,1.697157819942972,1.6433422482701183,1.6050602516012984,1.6113615734000946,1.760065753787698,1.7797973877767488,1.6183677485613532,1.6278528418595675,1.626437925057297,1.793895237806124,1.689993117407737,1.7178437853801907,1.6101441438044732,1.8801321510956082,1.6317717603322184,1.5757228035252016,1.626776307394173,1.6831813799091475,1.6972025339310826,1.5634298316722826,1.7574836483950336,1.5338456931998425,1.7634198701518307,1.6769927477571247,1.6530732612593868,1.609098267433314,1.6927339402560522,1.6363594874405643,1.7238364524906968,1.722464654742819,1.7244585834342503,1.703621262306693,1.4978607734184668,1.739353690674463,1.7364800781268424,1.74183420581646,1.6000012803443404,1.703878732608686,1.5680214020893635,1.6553794153539658,1.5888676858645971,1.888589183694039,1.6727986707549394,0.08988792763717626,1.680087063833136,1.5348818325626183,1.5887859353773075,1.745104939315382,1.8549090849087464
26,Logan McDonald,Sydney,1.614387217848218,1.5213945229408306,1.6971146452068324,1.5800277949774804,1.674908145225449,1.5733310731930086,1.510693770870545,1.5356830733228581,1.7561110358875154,1.5376878968487495,1.7677173411231886,1.7042821291339463,1.672889202136804,1.4996166283149546,1.5255217964774772,1.5584275150492468,1.6315109197991076,1.5073830880457249,1.5315634835171459,1.8211992040060863,1.5850583590086584,1.500582927775435,1.6594970368210338,1.549944004774352,1.648765241980988,1.539900034001548,1.8000956772638241,1.6388323156097673,1.63614212075148,1.688334769015231,1.5866762577240656,1.683592550211836,1.6420931780616521,1.6914710046741388,1.5273552454722532,1.6843341281666468,1.7962525064714088,1.6406376636754683,1.7651938500321398,1.6940316629745862,1.8043738322462612,1.7262278783896305,1.5717267886197397,1.6012228477959651,1.5014401102989785,1.6592645086177216,1.6286961338456045,1.660984453393754,1.7180369877262374,1.5219222049506742,1.631482735285525,0.09183926724449822,1.6374872181806235,1.5026584207370615,1.526972054632345,1.7197488838748864,1.799307827251379
23,Jai Serong,Sydney,1.5401363758848432,1.5050437333985909,1.5695046371789514,1.4214178319130228,1.580320081627734,1.6585904005361622,1.554847391373225,1.6141106257013336,1.7346510724179312,1.5872394125358662,1.6795574307547796,1.4944776526895114,1.4660476008120604,1.8322200763996201,1.5619637917333578,1.6965801116131503,1.5681311470617787,1.719334364731593,1.7797706868498582,1.6398884349818441,1.7608490210697767,1.5994232416127674,1.7462091064761693,1.6049627898511614,1.673936781318931,1.6062848462138357,1.687753481804099,1.6978189428280102,1.551741789094166,1.6764714123920355,1.631228729885536,1.7259877019584495,1.678285157717051,1.65142451731299,1.5983168954537468,1.7854334825557288,1.724966646375364,1.672597369929041,1.6165433493021613,1.614186579168258,1.6456826849146002,1.6555758436034969,1.5647460218671196,1.4983669087487992,1.5930224723198638,1.6048231090764087,1.5256530625686733,1.5623278573771997,1.5582217227745792,1.4454374922549855,1.6232422375604043,0.09046773631945894,1.6141486024347957,1.4718757614469378,1.5493162577334176,1.720511511595141,1.7758917453649414
18,Jake Lloyd,Sydney,1.1822334705940254,1.1015728201522865,1.1919163487773945,1.1574523478262386,1.020536710335664,1.0558463000165472,1.135409682987119,1.141486683529314,0.9992831086663634,1.116705541447024,1.0005561779087109,1.2692353225739594,1.006478336168271,1.1638210595151335,1.09210168791221,1.108988012831656,1.1437722929212901,1.120095579472339,1.1508731257649465,1.1084951285018705,1.101822376984548,1.2387539134473444,1.0884246815551166,1.1760093343663314,1.162988772319664,1.1426466722091435,1.0364801328896804,1.0656279048281254,1.208723783049994,1.073781427536561,1.2086959980416003,0.9459881571754887,1.0632838397628643,1.0346702956536282,1.0808196159822145,1.0609282872572021,1.1042782847510348,1.0209490419759673,1.161178675410661,1.1115765724372018,1.1740746214841626,0.9977405389946266,1.0195494270496182,1.178389909957783,1.084374623098585,1.0622047818390912,1.1151910186747747,1.0451743583560482,1.1153153662159534,1.1246497460576137,1.1054230379452996,0.0687138619480428,1.1087415706667634,0.9995440878610447,1.031802553634997,1.174478976476536,1.2087180871232732
7,Matt Roberts,Sydney,0.8919497734359877,0.7443517249649562,0.8509546521439885,0.9047561530005892,0.8589128743167321,0.8492142229749948,0.9642802001181565,0.8497572483497917,0.8339134881488847,0.8708998269210735,0.8103832102267503,0.852275822922483,0.7874728742113344,0.942263653821468,0.8212643512240486,0.9112831137572301,0.792761103829057,0.8334865933157961,0.8308685660711239,0.9181866218218676,0.8476406159299591,0.9651157452486475,0.8905510846919878,0.7441321659450041,0.8227871621223587,0.8470731819403978,0.8081120322998108,0.8492697183845219,0.7907439385393583,0.8923286623693382,0.8271117127927707,0.8606295707590049,0.7142096799027796,0.8968793168248881,0.9390121505555008,0.8522374163815867,0.7838684466898693,0.8363184357084327,0.9270364257552912,0.8988764352456079,0.874497948978815,0.8480311654885779,0.8548197418223235,0.9313403618828942,0.8904598862488162,0.789924579898844,0.9348581018096207,0.7956561680993645,0.9464497095081795,0.8534791296666469,0.8566537353413503,0.0576134534720864,0.8515960342627875,0.7524526529185633,0.7950510996668702,0.9200362308439531,0.9455915680924036
647,Braeden Campbell,Sydney,0.916887298839103,0.789366572135245,0.7532219066648185,0.844654763535678,0.8551869767106574,0.5971369834981338,0.842975571642423,0.7884382995341137,0.534665537402033,0.7938105870381432,0.6656819763196445,0.763509959553559,0.7918392962873206,0.7401653898447813,0.6775461046489918,0.6865623674564758,0.7892451532928078,0.6617043867291115,0.6258448647422117,0.6621110648447144,0.7195778673583029,0.7084524565051762,0.7045194768516656,0.7025181728736187,0.7238432662765635,0.7682156056832881,0.7128675298667795,0.7572825059298769,0.782669901833151,0.8487449295557699,0.6121631074445304,0.8414060159408026,0.767643785509686,0.7738690705891773,0.7903836979056682,0.8514947898066889,0.6789491547078038,0.860820592693323,0.676757796519832,0.8022141949701481,0.7656782724057074,0.6732587244297721,0.6792248168554145,0.8301007942245963,0.8021869936457682,0.7122166546296528,0.8349638743011458,0.6695076991215937,0.7461767434526063,0.8335229678660168,0.7482357304094819,0.07956170167828701,0.760396232741718,0.6149678676905551,0.6724747601403628,0.836310281903834,0.8544300783953438
565,Hayden McLean,Sydney,0.5406887099745996,0.5131507747551561,0.5443939293868328,0.538959114353716,0.5016364211974642,0.4505198197795907,0.558164134977268,0.48799736419197853,0.48061258370495574,0.6252378028450782,0.5214601983380716,0.6032215857980923,0.4622007980079584,0.5559491346125109,0.4226704543220169,0.531935512394776,0.50581835431115,0.5273767657504186,0.38817816855532705,0.586773333957227,0.48231549944202057,0.5189668273492533,0.6009746313480472,0.5133563783011638,0.48267318778007134,0.551554178778979,0.5004833235478336,0.5490960031133253,0.5484600908693429,0.5774981423746867,0.42971507459981345,0.48313930051465726,0.5380243130801297,0.5671335630542887,0.5170996201036815,0.5290854841774717,0.5793794841431747,0.5936682134041494,0.5655252332713234,0.4612270615007039,0.5334128782282517,0.48589926793576105,0.42664540596367395,0.42027793400830143,0.6007376790769584,0.5884155046434186,0.6088159383360623,0.47002793000007564,0.5389806694443695,0.5231563920917681,0.522653803433939,0.05513545554954217,0.5282311249639451,0.4234853194085566,0.46839205941372314,0.5809247987543117,0.602760960135833
31,James Jordon,Sydney,0.5178258143092915,0.5306596886899978,0.583203698909296,0.5999225526808971,0.49874540687826663,0.4706471800678848,0.5907454284776493,0.5592033551772256,0.49470768453768993,0.5069326648380287,0.5161865019989484,0.5631639342606506,0.46453443347143925,0.4508361413204208,0.6407404542931798,0.6038135317155909,0.5225880330280719,0.5029816823457012,0.5481304933775415,0.5029854122170629,0.4668288200080734,0.5022792282678947,0.5131509153567507,0.4641029248522863,0.5690293510360158,0.4554737393337651,0.4604336158264283,0.5268540330052444,0.5115294532990086,0.5296588117205824,0.5643466680344409,0.5905688185272376,0.5556826839033479,0.511606072797784,0.5119429945195191,0.5264793703017209,0.5169972448558545,0.5102302631159744,0.569773775382712,0.5146757856070678,0.5127765324906921,0.5179160883105043,0.5924367614808058,0.39455853173125605,0.4888406915691375,0.5951239701453012,0.5442182167197765,0.5456592911046538,0.44876651623988795,0.530317235701239,0.524216249956796,0.048296784936591876,0.517411529582573,0.4517868489131564,0.4698491428153842,0.5725806293997681,0.5989388432610999
597,Peter Ladhams,Sydney,0.5014819205690577,0.5399644760213144,0.48073394495412847,0.5444646098003627,0.5618247298919569,0.5036764705882352,0.459880239520958,0.6118067978533095,0.628884826325411,0.48423707440100894,0.5054945054945054,0.4701492537313433,0.4945848375451265,0.5206463195691202,0.5521688159437275,0.5011682242990655,0.5454545454545452,0.4719512195121951,0.524271844660194,0.433252427184466,0.4590555887627017,0.6180904522613067,0.5311004784688993,0.5612307692307693,0.5655589123867066,0.4967006598680262,0.5212636695018225,0.5916515426497277,0.5417439703153988,0.5411334552102376,0.4649176327028675,0.5652951699463327,0.5152941176470588,0.5844858689116055,0.6258588382261087,0.4296388542963886,0.5161662817551963,0.4978953698135899,0.5565529622980249,0.5481299816063764,0.4657368101879925,0.4903223447910286,0.5520144317498497,0.5025000000000002,0.5249088699878492,0.5121951219512197,0.48029556650246297,0.44244604316546754,0.49640287769784175,0.5090252707581226,0.5208741799194203,0.0482085408343587,0.5157301997011275,0.44585100001290057,0.4715746086639971,0.5625500518633214,0.6168023031076671
546,Billy Cootee,Sydney,0.38070764851967287,0.4406060482939891,0.3750211984588341,0.39129093310435414,0.36597731135703265,0.43794586530851215,0.45839157183734847,0.37697990310190355,0.4421265185473805,0.3688305339227832,0.43376386319229004,0.3590044606854527,0.38650588530789076,0.43539380032375524,0.4948388122695475,0.42310630473637084,0.4208878261604452,0.4524292993142129,0.38275640182324244,0.4444823603022953,0.3677994243272444,0.4012275854235335,0.48286878985762133,0.40200970385048307,0.45957841569340846,0.4236290796532632,0.3988473884577614,0.3937923012996727,0.3666398880584423,0.4869552241371795,0.3359743764828119,0.39617771405033336,0.38659759568645347,0.41458997685410415,0.3636065116397485,0.3877254329956583,0.4504824983218674,0.3945007462657093,0.3883600347484782,0.4287152191565049,0.3897718530829563,0.39357329248690076,0.4288759733552606,0.4805444822357153,0.4134237383810451,0.42563150479651984,0.43278780408005346,0.3851342207215277,0.3592028488463944,0.4305007443985826,0.410811418318251,0.037211867211301576,0.40161864463700825,0.360105599719032,0.37372734957079945,0.44573638914838587,0.48239230679513057
41,Sam Wicks,Sydney,0.3427239097847153,0.3304260668939038,0.31766200872618383,0.2852443242158145,0.3801782763179257,0.3838584349333088,0.35391711894244193,0.3483923165103258,0.4228406383202715,0.34750752001576346,0.3360604902234679,0.31854234913591123,0.3349256351509593,0.38369067272271623,0.3221111261058725,0.33175320119609797,0.3127159047429167,0.3611027172764769,0.29185093281884195,0.2873937802193473,0.5006887246344067,0.40551054761681415,0.3558786636769495,0.31490824255164845,0.324669364328456,0.3394981468152021,0.43027879369821215,0.32957096557833704,0.3559189397822973,0.4028699096173244,0.37893587395048856,0.41156970350770117,0.26715199956114394,0.315334408662725,0.3431099485940097,0.4226099238092943,0.3192349716530969,0.3182611961246083,0.41203102799738006,0.3159325092699574,0.3391067792072008,0.4325164339146486,0.3640323298765226,0.4198439183304365,0.3988481830653217,0.3494978689628431,0.3191013970646957,0.33329864357592026,0.33415043412054424,0.4433333716699628,0.35581181290942815,0.047574605868221174,0.34291692918936245,0.2883074965022437,0.3173005433398325,0.41166612032604405,0.4320577176702791
657,Jesse Dattoli,Sydney,0.3047684078752704,0.2451282112751606,0.26615310337008813,0.2916739650843698,0.3309695301129991,0.3284565048493415,0.3682629355592858,0.3020846023012838,0.16761323127625527,0.3314748695413348,0.28426708042543336,0.25387754231673154,0.3945887572481327,0.30356421577503245,0.2558778290485608,0.3168921758130936,0.2630831186207172,0.32419410456488124,0.3485585030835069,0.2810480024053743,0.31494803172864505,0.31016016396725493,0.3216682730219924,0.3698200509129437,0.38842713167943477,0.3148080175180912,0.36338073464473764,0.34772709404531676,0.27334682509556907,0.33883058279855016,0.298918240195935,0.3344982946650386,0.35089376431219144,0.22919442061913367,0.2695903043741182,0.2846830259356846,0.23096828612846618,0.37792914180715953,0.3461722500796994,0.3634538835777227,0.31492802909508727,0.36455520757989457,0.321731618421344,0.3506006931463388,0.3740029454306803,0.25029536542527214,0.24565187509055705,0.30106300990194046,0.32492417484388947,0.2684409535775163,0.31016298160334116,0.04767703752766393,0.3149380304118662,0.23387107078353853,0.26157721310013654,0.3633960227717315,0.3771242715499813
432,Caiden Cleary,Sydney,0.22982210521213697,0.24369919152622987,0.23876627948219703,0.2394810487658638,0.2565525820237455,0.21124235608892628,0.18230233462218243,0.22537779243739597,0.2600689877591734,0.1784059504374321,0.22443728889124925,0.2338181371029453,0.20866243574982196,0.2854975299768485,0.21067920195712678,0.21746423845984078,0.2408929202120092,0.2013133485514254,0.19909913228511444,0.2484579374872566,0.18744768057353878,0.24305428198443257,0.2535459554944919,0.2579962522163936,0.24411263630810826,0.22842343726459985,0.26609744016167663,0.1952660032771194,0.20987082155129294,0.3353020014541609,0.2169992869254342,0.196004708266862,0.275776193934805,0.26678622155684484,0.25655989544301416,0.19872275390902694,0.23142735192455455,0.15193710182281578,0.25014255066171004,0.23654789277752847,0.25554405772436756,0.2410136062328921,0.2596179404445011,0.21014692269132146,0.19029752081309387,0.20116976076643617,0.274351769327735,0.26254813974178526,0.20802208986934898,0.2079535493784097,0.23097453247054445,0.03274782075095291,0.23262274451374992,0.18335713054221048,0.19902046920451216,0.2597122093332676,0.27548418689035564
14,Dane Rampe,Sydney,0.18947288161228915,0.1709215931096359,0.22360628787987422,0.17698760434709776,0.15930353772229527,0.1839502349304784,0.11473607364900415,0.16254566540640938,0.1585491862328764,0.19047209429487974,0.13866286313887943,0.1678521692839922,0.21963362306778209,0.13490740594480974,0.13563345477184025,0.24957126098985083,0.1996855783539826,0.1563547246604166,0.17536413779252008,0.19421310684920434,0.20452931279340997,0.23603686646639502,0.21646055556994465,0.17553532023693888,0.2001393463862628,0.24310008163076058,0.13172521887328584,0.1919676520785797,0.17465992367234906,0.18602924758818848,0.22444086461720336,0.16778619532277245,0.1719254158613713,0.20573002223127423,0.20740300171287548,0.21402949715912703,0.16114010386698688,0.17877101071709828,0.18042326676510184,0.2119433229314413,0.20707952051586265,0.182848201355548,0.11870086021969974,0.12240588880544492,0.20927058869333984,0.15108730676050197,0.27126412131035227,0.1585380722484468,0.18663525162173644,0.19754053727051984,0.18383140118641875,0.034157775055201484,0.1833992181430132,0.12431635146935231,0.15525383431933445,0.2145375883669879,0.2416521225220656
517,Joel Hamling,Sydney,0.11717856841240265,0.13456799096092106,0.16472587692432897,0.12271370132286126,0.14826001237428413,0.11129438053945878,0.1042154624669141,0.1238140206834735,0.10269316879030903,0.12299926534350464,0.10440596068145443,0.1419708343891444,0.11888559401358285,0.1319946079651055,0.16246345925866557,0.13959908200601356,0.13101066445626247,0.11864693877505794,0.09652884554116023,0.12387340709403524,0.14942253083867726,0.1737862961168753,0.1598267678665257,0.16053819835977762,0.1563130953540097,0.14878908882142153,0.16721644744416592,0.12413764327632373,0.13563133343001268,0.15892513943717612,0.17302915277353398,0.09211094466231061,0.15777808043970495,0.16364635557494014,0.1074801996614058,0.11488884003968737,0.1855222569177869,0.1206944047230011,0.16732391236841682,0.11484199732038212,0.19814502251737603,0.1300008789274038,0.1553601813840507,0.12287833765234343,0.12567352162053597,0.16269926453257694,0.1715880538065482,0.16090064131905726,0.16215953798997082,0.1626452580844756,0.14011590450518827,0.02525247218116146,0.1376152077180131,0.10300523899401307,0.11487904991135257,0.1638719755369624,0.17363108173149033
542,William Edwards,Sydney,0.08007861611845567,0.08433733245174348,0.08308815685098986,0.11086978174185827,0.12185191319559872,0.17876383691178793,0.11414722001245295,0.14721948188129635,0.1638284321177103,0.06881813185112749,0.11967529980980603,0.08620435116437833,0.12709372998646937,0.08056274445709541,0.12925210375692248,0.11727959257449208,0.14558459589634315,0.13980239678828493,0.14355420374771577,0.15000535375362156,0.13100538863055,0.1287737872309598,0.10562899195200234,0.09934490265409185,0.176113393214133,0.15262199791863693,0.13068034615450852,0.1628366330914444,0.09773934285258933,0.12798205236231464,0.10589737983834635,0.08253631932192323,0.11168082802105163,0.08437334237618796,0.14938093477173733,0.10604159110467476,0.1799411443401995,0.11920003607710551,0.1271876751730095,0.13831379062199212,0.09076457262316594,0.10897430666372354,0.1210687474210359,0.125501462607777,0.10731140989260424,0.10520328405039123,0.07862423614093995,0.09302299559893763,0.06768096216578329,0.11681891495888219,0.11848536089797701,0.028720491664806246,0.1182398143257988,0.07892238403633067,0.08436581630197906,0.14767122553539852,0.17359497618936628
495,Harry Cunningham,Sydney,0.15245431828209544,0.08095857017090152,0.09499229055848077,0.10448182288049167,0.0771422824881411,0.11152156040368158,0.09916590481179266,0.06142748268108816,0.06907237286970411,0.11234738769591496,0.05805505750135183,0.03271193437349314,0.060034155983856564,0.07090433881936234,0.10491480251729622,0.06278923981752536,0.08011834480973858,0.07984531059589169,0.11478391232382809,0.10500954979219618,0.07392586427527423,0.0972404787066867,0.1227886539118481,0.10164700973513457,0.0703504268784039,0.08824833228043913,0.060952519444337556,0.1190394464854792,0.09902584112378397,0.08813973601683153,0.08032399763424472,0.06902542187271599,0.10550530500856883,0.0857032327351158,0.09518580509196034,0.08677665887106792,0.1174838758802771,0.06332027901316245,0.08762173375253939,0.07908578329669376,0.10164203939621022,0.09651921078821185,0.07684816835799041,0.09117916822615041,0.04847170167572406,0.12539202475476716,0.04519909086093737,0.11385120824049054,0.053259089144583806,0.08889304650447433,0.08730751578681874,0.02358223945244997,0.08788073488468545,0.049453116106840306,0.06250463257601,0.11169415830775835,0.12202006638944245
658,William Green,Sydney,0.09860020484807103,0.10413817287291537,0.04806530001377096,0.08948652090642592,0.06046701335780566,0.04969261644375008,0.0687878127076054,0.07541609667122665,0.049365415262792325,0.16380781964574395,0.03533581416909171,0.04000256585204262,0.09846020136545654,0.05479788023821677,0.045045045045045064,0.05637448525086143,0.09084088967193682,0.08923237132209519,0.08389800029745614,0.057326252085944385,0.054035187139533675,0.030871221491119583,0.087780160418612,0.08428302098810135,0.04892736444396366,0.06915676155337087,0.05952341685254745,0.08749159431221248,0.03363156571023044,0.033241881298992165,0.052694762383722754,0.07750029484903233,0.05192004747685969,0.057580484059643534,0.0497638335775808,0.08717895181339723,0.07126174873777895,0.05528578613484465,0.11006643200968708,0.1489389569028537,0.04679459871321426,0.1382393234531192,0.05740892411410562,0.038193777849629684,0.06805438029821168,0.027195667530021193,0.09647271306664745,0.07201159434710794,0.03851917930419269,0.11920319139571553,0.07024734600508607,0.030460626136799875,0.05999521510517655,0.03332176660329601,0.04399116689370756,0.09688809812109854,0.13433691638135134
40,Lewis Melican,Sydney,0.03730077081060664,0.0568426108512704,0.05568445464028654,0.04057315700023327,0.06544195489662946,0.041664403345805304,0.04324736884183053,0.05109368563781037,0.04824059325728679,0.04067979115379777,0.07143061908030388,0.044171460340151646,0.047898868568018685,0.03312014549806896,0.06373184688916733,0.036408266830179,0.04011598551126165,0.028380477535837764,0.04760417688480992,0.036921977652831395,0.021860947078121973,0.04503867219646802,0.08049469393400341,0.054751060455998854,0.04528719837881339,0.03932687908615823,0.03739429644012959,0.055161918524213815,0.05489472289515543,0.05163549890463859,0.06616209911379592,0.03973382436799144,0.06244064933188506,0.013091604480330912,0.046232578193506395,0.05379786502418349,0.046691070872464845,0.03487947853166411,0.07532954153934002,0.05663585834401811,0.0720258027461469,0.05505774695606632,0.042743952159617085,0.05967661155326374,0.04503007710803351,0.05833473875241859,0.0332804610230521,0.03685053675027775,0.017670927923918917,0.03207068392279643,0.047282692236293195,0.01416191895154314,0.04575988828615989,0.02319745082195371,0.036088750075789384,0.06025429544899558,0.07190379009464908
598,Harry Kyle,Sydney,0.02803165693911812,0.012106639004834968,0.040704495752647805,0.03429188094064539,0.013037731314587842,0.030471954930871126,0.02520853818929995,0.017549275381634075,0.04047255082753455,0.04386839149781552,0.016602936737561417,0.032923695619161725,0.0489080441152606,0.02265864271879669,0.028234267054189903,0.02482296230346283,0.048292163299047536,0.025903809392995435,0.032832194593824617,0.029771151178918168,0.04646648945794185,0.03320932390358328,0.021496055294758936,0.03469918617156162,0.0485688984818385,0.03256763194364238,0.020398247750481546,0.012335670262651203,0.019319912496884778,0.011763652835265464,0.008229932162085816,0.009741841959163531,0.02692069540366754,0.02537432226401985,0.02376300036142537,0.02100475409693204,0.03820793724177429,0.039187670559338576,0.037955254397299375,0.056696220642585865,0.016475650648642884,0.014437808162499087,0.03548373956140947,0.03581983323920224,0.029542224586738438,0.03941667755379534,0.03732158658357193,0.016641355416274227,0.02958471064187857,0.026729719518970827,0.028921059707841864,0.011532829710448927,0.02888824582046417,0.011833965000027213,0.016576333944977442,0.03963735506800683,0.04851216776936635
590,Tom Hanily,Sydney,0.022514033680834006,0.02434917567479509,0.017686072218128228,0.028230332658435,0.01297764960346071,0.009202453987730062,0.029473890258116753,0.016652884193472176,0.004428044280442805,0.013647095751236503,0.022073201342427465,0.01811705884219449,0.027108433734939763,0.03576751117734725,0.00816816161836473,0.01840490797546013,0.041773724482593116,0.01785550256920474,0.019184084165803472,0.02588174488319206,0.008746355685131197,0.03086311781768001,0.0131506327909411,0.009139375476009142,0.017622267223597846,0.009057977199709109,0.017523380902372147,0.0,0.02480953696759168,0.016842105263157898,0.026226515844130334,0.01797650878533232,0.02440251004469324,0.02072938843834815,0.0,0.0,0.0034642032332563508,0.01763409257898604,0.014867555958603191,0.0,0.039039676664355455,0.03458213256484151,0.004636785162287482,0.0,0.02008194292149483,0.030758328200040336,0.013199708250947222,0.009111617312072898,0.021929824561403514,0.00459770114942529,0.017289784081891735,0.010613060815052236,0.017660082398557132,0.0,0.004628616603599284,0.027342910609950262,0.03552450856178357
431,Corey Warner,Sydney,0.026504693539480952,0.011815659664688161,0.013595166163141997,0.024259890088865015,0.014444930820201193,0.01147216253034751,0.00947358454058549,0.009846827133479214,0.014927894738655701,0.007530606455834701,0.024533208790811653,0.022286854766736308,0.039356977466332765,0.011817715165687564,0.014401975358411647,0.013318534961154274,0.006607929515418505,0.014118141509912491,0.013899573914072675,0.03896221711041761,0.014453105348078019,0.0,0.007393858773971845,0.009631868092457547,0.008287484043893487,0.009877797635787965,0.021265175378828934,0.02330115161199338,0.005016722408026759,0.02411617099289409,0.025876791953496583,0.020618874046887926,0.022906399106199026,0.012798859484380382,0.011834420915853957,0.015496486345368056,0.0050977060322854725,0.010822227077416067,0.01497461977901555,0.032986036048984785,0.022302188542616654,0.015217396641762648,0.034485982513604824,0.0,0.01637554585152839,0.024887836272194437,0.017937645703822388,0.033680460438077944,0.01382001027673787,0.023383940578204254,0.016840426122572093,0.00915999902839871,0.014449018084139606,0.005033324050999795,0.009225689536776861,0.024607325934420655,0.03432085048812181
416,Harley Reid,West Coast,8.896231911948393,9.063507626230662,8.851684648669623,9.007058105818485,9.57953800532016,9.188058748363735,9.115168658604274,8.775811826210234,8.776973964202636,9.024195618406832,9.020885954051844,9.242316763579147,9.224054801848427,9.175478188233543,9.248723268150465,8.900262465852624,9.317829361508808,9.427734962947856,9.081377834011155,9.084564793019174,8.933962905495946,9.08945343701129,9.180166905220544,9.31126263327881,8.745340170774575,9.235720821573343,9.030699910676725,8.976809029036353,9.130201243410971,9.294131461483781,9.3542854986064,9.151185350325047,8.858472644111567,9.317565414912906,9.090860462214739,9.100045376494474,9.032451316867533,9.143854103431833,8.808174570238052,9.254371874887726,8.968782260524193,8.9779865384154,8.981343692398278,9.083467097974218,9.243522638841663,9.070086178273737,9.117198877106148,9.093718685537945,9.045946636171331,9.171841570969049,9.095887336264852,0.1736110195755536,9.090156949613014,8.783370088439897,8.92691951361049,9.249903826958553,9.346811990501394
520,Bailey Williams,West Coast,3.2215707980757906,3.125153910294045,3.491084832597486,3.1887548090839593,3.254292214475353,3.271864617132097,3.327937993569277,3.6103143352413816,3.378881196372194,3.5828637410526,3.072377511924499,3.3895768813145897,3.2685350617177296,3.4759643947863625,3.1994452413112096,3.2759557955217744,3.5043313525313637,3.397031826488225,3.443548995142149,3.0518297855525813,3.5222785828206185,3.298783818402692,3.3611805055915718,3.198609580936224,3.0771905385167497,3.2411383569818017,3.2119265738337566,3.1809918145818927,3.5314974740858625,3.1800893169588207,3.080288163972318,3.54839874677375,3.2899828452259294,3.3500034853692418,2.9842788099330693,3.3750536607167394,3.1192313444799247,3.341012059794248,3.345401230345142,3.4121551626233098,3.1974237286024105,3.179798421375311,3.5013511124414953,3.366293972733435,3.1845912860450967,3.4167763624619094,3.2232873794654355,3.4761269397480388,3.4309943651036074,3.443321006713256,3.3120154388163665,0.15287792815017093,3.3133609059859843,3.0733641823759106,3.180028519781867,3.479253139353573,3.544933985872733
411,Jake Waterman,West Coast,3.258767502219237,3.3672752535573345,3.2236824793489114,3.3710349671784083,3.2086250162415815,3.3953546412375104,3.1247132679849368,3.1840589620394266,3.4850632574969787,3.358444911369969,3.190866068834283,3.094720674900049,3.247902639128058,3.253066535424077,3.289704991035984,3.1667649496237185,3.476374064705988,3.268428924148007,3.5020794611655552,3.3734771637646634,3.26491143857794,3.3164049332757286,3.323030334201727,3.309794920879508,3.3385444978452554,3.2296642319233935,3.539474109094745,3.198378248739914,3.234421616742231,3.1975793280498537,3.457417720150194,3.347407871030063,3.3385294036038347,3.3341046719209015,3.249240922531273,3.2761208203215135,3.2774420513119784,3.4525523208074604,3.3848973374804765,3.267809137490963,3.3640616668143566,3.122586427745846,3.3414631830816544,3.3813648687053384,3.2161886253214735,3.2563369106581885,3.2241308108097497,3.064967266186589,3.5761055223249634,3.169825349438634,3.2979032455694086,0.11376776379181029,3.276781435816746,3.1230224299948595,3.1961762568737995,3.3870829139656964,3.498591139413497
448,Tim Kelly,West Coast,3.07467281598844,3.1773608755330063,3.014821633594571,3.042916235352927,3.2139172367225206,3.3050949103157587,3.333529108164335,3.3190281796334435,3.242908916554914,3.263189051925328,3.2675104056936934,3.1894846265964807,3.210116001748393,2.9302610179580317,3.2129433592215757,3.031889900772562,3.1710358062421684,3.276555843534727,3.313814291963198,3.204704547090803,3.272280633901708,3.165066577572975,3.2226310640247697,3.207341456365457,3.1315868046855284,3.3188999238886336,3.179929914919871,3.163201821484438,3.2673976048951126,3.3964193433540233,3.5014357200654547,3.047247532262369,3.1067091220218876,3.594921897865367,3.0633261085536394,3.2923472299262375,3.414944172450916,2.997444791030853,3.44662397702472,3.2193950837099203,3.2384100906764393,3.125920765283843,3.1087616521768906,3.360019571519549,3.3384635717703395,3.3319281471037185,3.304036884701665,3.3276578324734474,3.12568003631566,3.188495427102543,3.225085590474697,0.13200812812303286,3.2166561602162203,3.0183206283660593,3.100013534060897,3.3322627479653875,3.44012961708709
414,Tom McCarthy,West Coast,1.9551351986951448,2.0437151196795402,2.161822498644539,2.252633233662562,1.995279591694506,2.1527741170255963,2.0546694636613703,1.8185489388063614,2.0499434913982673,2.147917925237666,1.9859838029142427,2.057709154163917,2.2234475089281127,2.2106154649509615,2.0684337742806935,2.1397273994603547,2.1823143319493155,2.0315056753107594,2.0628808676758985,2.0938543811839323,2.04732237566597,2.22406948699124,2.053406484558624,2.050198806856793,2.2251513432719725,2.0527916945845277,1.904934905606352,2.025885245457488,2.12336012080354,2.1834985496436903,2.0402698603636114,2.203077257688469,2.0352166883408125,2.04069520941932,2.0561437484403564,2.1391718395899706,1.9941046858839546,2.1381146292156,2.1040683436391516,2.0756690432504015,2.0755276570583194,2.2106916105024754,1.8628345394664347,2.0979578128849465,2.148021364319038,2.1667079192938457,1.8574478637805099,2.104556854018502,2.056650987648309,2.218049271172849,2.084090162774816,0.09867464570092058,2.0719807156695067,1.8714651145251178,2.0194886638210248,2.187590499625049,2.2239419814882986
421,Willem Duursma,West Coast,1.4708137968519501,1.3269498735725127,1.435693291813711,1.496790054266525,1.474510909388453,1.4606376200504305,1.3360708864393789,1.2238457721516915,1.5136134046350338,1.3860917464128872,1.479602660613034,1.4687415139847315,1.3717426010579759,1.3218604054690974,1.461343676822532,1.4338326049260872,1.2489401806778546,1.2484160012866201,1.3817789706206018,1.415785025081907,1.4974458434851157,1.4459848171817422,1.32389771576194,1.5093092012441405,1.3332519344726466,1.3246022362405179,1.259345845449255,1.5178306195224618,1.2810649079458036,1.371621337780582,1.259263991187277,1.1907906545134022,1.3896466920720738,1.5448060804518864,1.2824669486524973,1.347874839597449,1.3038876389012564,1.3744789796794648,1.4329391978990356,1.6639665793577236,1.3622551239550966,1.3197767399470415,1.4366406018579438,1.4272366588679781,1.4832977325636483,1.4645525938728512,1.4517031595712413,1.2991181399748937,1.6668257437652556,1.5132651668162358,1.4007241743742296,0.10454328414483179,1.4027158585769905,1.2485234580618232,1.2956380409885129,1.4969271142132103,1.5392761109613542
415,Elliot Yeo,West Coast,1.266298164921777,1.267208715316069,1.4223412736374215,1.2885828393701304,1.1392661975275598,1.1037796463043696,1.499975178136529,1.4172424029761228,1.3017330447872308,1.3517586376656143,1.353543777833429,1.2685411211683564,1.3366512564405981,1.5243392213889355,1.3962263403960984,1.4593275802571655,1.264614172198932,1.5046813179684098,1.347564267700344,1.3741890173381546,1.3519062188363993,1.3696472790353176,1.340678339840486,1.1771618022456958,1.2857078387137153,1.2799005901967762,1.6136121428818322,1.3065173471757254,1.3482087194215717,1.074183421999737,1.4181295398654838,1.2012141228298252,1.2057332514919055,1.447796822145293,1.3343072021531186,1.3447925056738348,1.352662746366409,1.4306946889295926,1.2571940667692045,1.394592560571651,1.4679442391185182,1.3329642104208586,1.343472478135229,1.3508897895947598,1.0872345917233754,1.4068755946461327,1.3293651550057453,1.4058495025910904,1.2444580664541203,1.2971158642758056,1.3337734974488489,0.10997320184346425,1.3441324919045319,1.1110543893051237,1.2545322427033518,1.4240871374334851,1.503716559302874
407,Milan Murdock,West Coast,1.3858709452970608,1.2104817143114777,1.3926055129017052,1.1363452693129394,1.132439896204282,1.2319009005592423,1.2018481973909267,1.2358875665616629,1.341891478813825,1.2185969234619232,1.2891304340757548,1.1414712531419047,1.291588423967461,1.3780901011322018,1.1480416535403104,1.1515944376968645,1.26674059516773,1.1632951339136282,1.3344766196335573,1.1682849599910952,1.2859743884024306,1.2961481615619772,1.4129390583619377,1.112154613730443,1.3247975104236598,1.3374765497266163,1.2347049049450722,1.2532114845121345,1.1442885721018579,1.2710389784613088,1.3485376398525182,1.1108214495694821,1.3628345316892378,1.2431090727858434,1.2295545343723586,1.361200211676374,1.2725743784233803,1.2591232675963109,1.2999078321553532,1.3351240811466547,1.2566406055427102,1.2644737435701607,1.2250487243914618,1.2609446475975448,1.3178556216308193,1.2040951995850944,1.1897529398551971,1.2612941211748634,1.1999856673787401,1.3196289653359057,1.25631646949266,0.07933197695492487,1.260033957596928,1.1332404976915569,1.1608496884043245,1.338399269905843,1.3842758722432646
418,Reuben Ginbey,West Coast,0.949206106857077,1.118413963488947,1.115811390800831,0.9764672622274058,1.17480593541491,1.0667075812725522,1.0474539010452617,1.0098793601977372,1.0836029224129342,1.0971679086066781,1.0538527836375033,1.0702643222301187,1.012398469645435,1.0087883207131256,1.0772401875939157,1.07897965129394,1.1433142623539128,1.0992890036919625,1.0883594941870085,1.0472839736155277,1.1185688066305326,1.1465822309438116,1.0187237444437458,0.9586549103293863,1.0641382171677582,1.0147680609256295,1.0376025287348618,0.977410723756972,1.1602197810191561,1.0287690526221644,0.8829645448175195,1.0158967414661597,1.0835312417572502,0.910917624018597,1.1800525855678148,0.9869703157506108,1.0447422531666555,1.0157532554802398,0.9649371507662088,0.9622297820811228,0.9789704019111187,0.9954136688765174,0.997306305542136,0.8792298929265843,0.9510618340286766,1.0272577496424857,1.0389545554471264,0.9912927672298701,0.8333881978547202,1.0586088972956667,1.0328840924697575,0.07541697235371334,1.0331857906785131,0.8886949260537405,0.9643713107110258,1.102742182597716,1.1574240832537104
617,Marcus Herbert,West Coast,0.6567564434161917,0.5906171068585739,0.6673979918353441,0.682988172608969,0.6691439238200274,0.6922993920377224,0.5530625618467235,0.7781165078422008,0.5793155655417244,0.5220481642502639,0.6162415165094809,0.5569557107261625,0.6286841925686019,0.7053666361139517,0.7115075889803963,0.6522245601132517,0.7053100615932455,0.5372016559977522,0.5974828137851966,0.6315508924652927,0.5338272011148318,0.650656078064062,0.6189129699767468,0.628632790525333,0.6426180790507041,0.8284307123034308,0.5978217363482724,0.6218093207439686,0.5327203616190672,0.5939119616480828,0.6196547324643012,0.6253436697819962,0.5503297732649316,0.5841220777557634,0.5446048963510676,0.692093212903515,0.6509375535219597,0.7988458188602771,0.6053452542406712,0.6297954643240757,0.6797426709535211,0.680238875285089,0.5304452008723206,0.59402466868649,0.6400376306203723,0.6753075014034551,0.5546549570136463,0.776153112605019,0.7124608841825397,0.6473351758305554,0.6355017160245429,0.07130310100404358,0.6292398284463387,0.532947263715699,0.5543221464237594,0.6950186219748267,0.7777140118185785
412,Liam Duggan,West Coast,0.552393495922946,0.6147224188696537,0.5529194671489962,0.6952400818110279,0.6475729053374444,0.5844180849606263,0.6603921854677285,0.6624878315473453,0.6773460165029699,0.5722168252342629,0.5101296033624441,0.5669402326252583,0.5885177840910275,0.6608651920368483,0.5877619258361119,0.5262427086222541,0.669372172194673,0.603907387971806,0.5968215723206687,0.6834363354965027,0.5541201467958489,0.5261527471677472,0.5696988662486555,0.5728225667121488,0.5711024281973348,0.6437086789469709,0.5284976296183762,0.5154113487587701,0.6393280703494313,0.6256494694935866,0.5991006364554494,0.5415671975661446,0.6336142669071185,0.7166431480324357,0.5511593181578175,0.6153722233927097,0.6358137178337705,0.6316279809355847,0.711427418774552,0.568960180425451,0.561529308807233,0.5700045434612204,0.6324311068600136,0.5977983210954047,0.6979665923708241,0.605611444786653,0.7553199883250468,0.7084440875916336,0.6884426347064889,0.5232869630189175,0.6101263451830787,0.06084031539464803,0.6015040122136277,0.5238744487694276,0.5521355527700341,0.6786188931726183,0.7108158358820537
449,Liam Baker,West Coast,0.6231478412245238,0.5857115558829887,0.5759344755655272,0.55981745379808,0.5322343659505715,0.4408831065848803,0.47459059040066764,0.5798897368645546,0.5698909515336089,0.6288521180325731,0.6240380779692397,0.5422371126447767,0.5847972377767171,0.5389467396670392,0.48617963751282806,0.5573989423005619,0.5694206867993687,0.5928554979613232,0.564940841562576,0.6235250021004557,0.5159380515162123,0.5887483238810819,0.5720002992198485,0.6534311228166853,0.6051871397403024,0.5843376859630921,0.6592989304261047,0.5770238739472183,0.4900185772585619,0.5439832403343691,0.5040032046685897,0.5692533262652048,0.5287826912036885,0.5156432691897619,0.5954095878120125,0.5635908408104068,0.5488078856716913,0.48726410424889793,0.5532719060173107,0.5683735136213489,0.5353213293019323,0.5823338078954253,0.5986647758173682,0.6240670513805401,0.5834266775593387,0.5665660958049927,0.6190454982590247,0.4380978327959016,0.5265630522345661,0.48213057983383806,0.5607175249525636,0.05028339135140231,0.5688134199432768,0.4761362882344676,0.5132104957048369,0.6080835366707152,0.6278711793689064
423,Jobe Shanahan,West Coast,0.516848278185828,0.6086851052079995,0.5318614057860019,0.5077002814097479,0.5205162973529043,0.4696015765622634,0.4448660790179231,0.6278556851483754,0.5118148637038751,0.5393890806913759,0.5713943639005545,0.5155861230865217,0.49936844975011857,0.46211550922716316,0.5267988938750743,0.41528167228061713,0.57136344468101,0.41366126200204834,0.5291587239944473,0.44859038287076464,0.449447386489353,0.5178809548594818,0.42037324371658713,0.500421562688344,0.5272525984329615,0.42401284073661777,0.48078909624386573,0.4362212200098696,0.44273043049295613,0.39577413115566457,0.5589938521538274,0.42821576076141643,0.4282542121333661,0.5421693880304441,0.4321333806968675,0.4997894120567878,0.48153297827093333,0.48776401826028515,0.6037665760078559,0.4928314549050228,0.5745917754228379,0.498828745622747,0.4920202877068068,0.4623953725496912,0.43849684605457195,0.4052482447364323,0.6004876790880254,0.5209084520699867,0.5621352876217524,0.47792738815132435,0.49631704111722597,0.058221988175417336,0.4990985976864328,0.41399344610915495,0.43132263446709573,0.5596504121666237,0.6030944021392906
409,Jack Graham,West Coast,0.4767067895918681,0.357548304297622,0.43401306093504355,0.4766657136127249,0.3089398361703892,0.3309433246154233,0.323369819951549,0.34729222457043774,0.36341044110208676,0.44877767418378056,0.43320571781175093,0.4180223580460214,0.37552443212656655,0.4346183235063561,0.5502434355885252,0.4581257031698937,0.470307115808542,0.46687438702577316,0.47590599667531336,0.455177561853911,0.4654086594092892,0.39283688152862917,0.36175929407503526,0.36813947941587416,0.34047565066341906,0.307806196040714,0.40236583805195225,0.423274840038498,0.29384030025960745,0.45037777996389466,0.35803229496878664,0.48412127289454987,0.32229092711518065,0.3973154246592453,0.3310767532920712,0.42519558446321437,0.3754180456993539,0.3701327356854536,0.3446139676617676,0.44013873330931785,0.4283738803185003,0.302243173789959,0.41403426649101194,0.35904405926698757,0.3714274366872045,0.3857144096633784,0.4864190810541611,0.31005072869478567,0.5131724012368285,0.411105862895109,0.40083756359874717,0.062090855263791905,0.3998406313555988,0.30803859226729746,0.3310488666986518,0.46759182734137184,0.4859480303814408
419,Tylar Young,West Coast,0.34622900370585513,0.30712863289703574,0.265631972276131,0.3776622473770089,0.32576590686086637,0.3453402744533081,0.39511247177438724,0.30665425055352624,0.35841362077353933,0.39078882134010906,0.38033316887154167,0.33473639654564313,0.37909935712679427,0.35012084273762356,0.3419572504936971,0.3588006209358035,0.27196648659973477,0.3901783345526328,0.35248989816878096,0.38025793643711586,0.3525878973160294,0.3821300869594396,0.33409469059516633,0.33237811223133823,0.32218748625938914,0.3587168624878293,0.3259860997013476,0.35806094255724746,0.30486763222057983,0.3276895680768282,0.3648559868170994,0.38952490791487554,0.3129013163737808,0.3856501071819239,0.32069282213921146,0.3533398660525278,0.37434384975594215,0.3132942895420225,0.32293408966350823,0.33182811772982646,0.33364756679356755,0.3043285238978198,0.34034335034845453,0.27352954497398235,0.4171838233712257,0.415105342328687,0.33972612374863465,0.3904700770626651,0.300627980581862,0.2541480978079003,0.3439168531394369,0.037595166532045025,0.3436487624735026,0.2722869135664555,0.30702948698724225,0.38286577118593884,0.3942261234353602
408,Deven Robertson,West Coast,0.2876898268930695,0.23257656230804005,0.29242948339014135,0.20554967882495356,0.24338884834240374,0.3423130285196686,0.2983145573787199,0.32934875224193966,0.23686071232721018,0.16654589723185706,0.19986300924779754,0.2026523999347274,0.18203085420246953,0.22812863243415404,0.3071101709947961,0.22396364234423793,0.26418533655844717,0.27526793930244464,0.195297477131665,0.2943095935117212,0.31954778217704116,0.2691982989459265,0.27360834634388015,0.2547088172294175,0.34295069060063316,0.2474363559366791,0.25449135375474896,0.22896644100526298,0.22352083818975857,0.3352248658380278,0.3018886729239721,0.27249767064985203,0.2516683380318182,0.25541560191283075,0.37885170534968804,0.27622625235947795,0.3141760508183238,0.2272926141810358,0.21115661215029868,0.2896366351055115,0.29759297309542454,0.32911258900329565,0.2325989338375023,0.26813102325078114,0.2554282932625933,0.26809616781513657,0.31455256748735383,0.24606513636551186,0.280219038533007,0.22786309765804869,0.26511900333866606,0.04611089471634959,0.2661407521867919,0.1962334112154722,0.22387109627595175,0.31425474280215104,0.3408599551699322
430,Josh Lindsay,West Coast,0.19435254496791632,0.20504631093175016,0.2072945592988203,0.2077807136215603,0.20111686243352894,0.1958517094893003,0.1851327357065569,0.2525619076405467,0.22236363360191547,0.19209236449362435,0.11755542999682879,0.19993937248327356,0.1773678959303328,0.20595961938578133,0.20437193958903366,0.168971499202311,0.24768422947763763,0.18556730488228917,0.17072949396746787,0.1803644604122178,0.1748769074032108,0.16526991934779242,0.10642141544634108,0.16778405280433903,0.1781741350061946,0.21542244550418907,0.22219690943481657,0.1754235539902488,0.17442537978604342,0.16773529656738925,0.1863234694784407,0.18346206360093717,0.21358948126605304,0.185352485294458,0.19012024303187122,0.15596945285940939,0.1946320705385791,0.20247847260114402,0.17547786927289774,0.20014422488337144,0.13144519278989733,0.21386055688704703,0.24017260116832576,0.1521138270614435,0.16803343261538747,0.10097496967081332,0.15476930255233093,0.13564661974887945,0.2039611712811326,0.21543825412605724,0.1854760072706347,0.03193686334111613,0.18594538718036493,0.12040283136940784,0.16332612185172038,0.2136461360708408,0.23652176281721154
425,Matt Flynn,West Coast,0.18801885617877215,0.09889736786195563,0.14220444873381008,0.10361270561975512,0.24052430843392986,0.1917744359246789,0.19513873429934483,0.13929639737427232,0.1267602799619558,0.17240412791438403,0.15538573073745723,0.12161387509616056,0.1363455750146523,0.12492734182875033,0.10441758603100196,0.13266928807735384,0.16829172847357388,0.1947048928492302,0.08971824845564984,0.11544820104938859,0.14429235853290362,0.19964863238405844,0.15947780581020665,0.19711814195936478,0.12480212836714336,0.18524102286384123,0.1636079850030973,0.13750944330918324,0.2416014739677219,0.2109849537813142,0.16501089739376953,0.14799619173013115,0.08511572579720214,0.09422586753979371,0.13060070196899543,0.15623761298856753,0.10717290842152487,0.15031586505524624,0.12590517791317077,0.09538572458543619,0.12294991268035238,0.2129476412938711,0.14001654509540828,0.16148582926973556,0.14475182187038746,0.12156917434876169,0.08675782209590803,0.15622710622710623,0.11901101492824138,0.13707963955411556,0.14734402513305275,0.038773276187653374,0.1411104969146092,0.09064231036789933,0.10659704604190558,0.19238690142191012,0.2125452903537969
413,Hamish Davis,West Coast,0.13168378679311754,0.17002399187051173,0.13975102837403425,0.10784623414232195,0.1403340355688815,0.16876795560421715,0.1054343291577339,0.13935706946930854,0.15316606294011476,0.1571809922554576,0.17274371694266358,0.12096541931574126,0.11379324309617554,0.10657207029448926,0.13746693016508685,0.15027607324859685,0.15964852617946765,0.09003136743564279,0.1359000676917303,0.16103137317098445,0.15492848915511723,0.09074855576651693,0.14624354456446526,0.09902125289235247,0.13271044842606372,0.14786205854875106,0.16047900719756028,0.10965453885812641,0.14264831302537637,0.1491670870145138,0.12299749284590927,0.15695545063767807,0.1837628325560922,0.11832943795056643,0.12528900912771943,0.14121786638047026,0.1631415571750753,0.09205363972616927,0.1227551264738299,0.15193384531516363,0.10881270196265075,0.1735065258873414,0.1809342749520005,0.18981881969729564,0.11901870902120297,0.13523016846707667,0.1574164869529918,0.14761511177948744,0.14657208806934804,0.12896692532843543,0.1392353127894325,0.02505832147554504,0.14077595097467588,0.09348200042523683,0.109478594946972,0.16147240162783943,0.17941158639374535
420,Bo Allan,West Coast,0.08907144007322694,0.11791703618012118,0.13593919824498235,0.12638922509172784,0.11600747431238513,0.13990342872888623,0.17050189217274034,0.17635610594546827,0.11403836318603389,0.159487369445458,0.09500422184229002,0.20387976689659343,0.1287733541242351,0.11422178423051513,0.16424275882009715,0.13344275103216255,0.13092219638087632,0.08400751403679863,0.14997342005549869,0.14487814568002066,0.10784062459096612,0.15281436522690994,0.1270175755804818,0.16379315863662627,0.15085807391612616,0.1308671660574264,0.13182421737985633,0.10240252903914768,0.14398623721352077,0.12554434523195282,0.10807928463775225,0.1391152314215683,0.13730460499103964,0.10541388479146059,0.11508263340749315,0.10793438708619811,0.1231524552050423,0.11074042061608479,0.13404629525622075,0.16554086733442783,0.09135163261301238,0.14229097278440947,0.11706579445466951,0.18819021825139012,0.07058611795555295,0.12740070796250877,0.18154308029317995,0.1441444984660598,0.11627643708109467,0.14225731102000178,0.131988451499646,0.027431008704090425,0.13089468121915138,0.08953887954388295,0.10791479072469462,0.16038727938641215,0.18047975055189902
426,Brady Hough,West Coast,0.08134073470063098,0.06444542635257708,0.0841698927757145,0.08127760701030486,0.13756881073237615,0.13313578745376345,0.08276958298225277,0.10051531906153058,0.04621630229051838,0.13317994773596403,0.09614298706441439,0.09892442660655842,0.08328596301410551,0.11980512555624834,0.10788985631630027,0.06640748209782252,0.10018459822233186,0.09314863969263877,0.07272329424737635,0.11098144388722095,0.10391682976339854,0.04168729012690137,0.08685420574521376,0.15270671260931565,0.08163460582481005,0.05396148333843945,0.06758014983407401,0.11906991160451341,0.05803252392020672,0.048694684549995614,0.0791164271478826,0.10503767833158856,0.11293604970315509,0.13984069163147408,0.10571833821980031,0.10929622511186549,0.11105190201564367,0.111049494346152,0.12931565261479558,0.07293492867597087,0.15148550081813167,0.1513019820087582,0.12841983557102613,0.07983759302240867,0.07996756561045638,0.0895184133445253,0.1070540572454411,0.10788479191072198,0.034803969040752974,0.11046152771096425,0.0965056849839807,0.029093749725395402,0.09955451241444514,0.04672437065371121,0.06733506227719745,0.12860706133317393,0.14895241748141488
427,Cooper Duff-Tytler,West Coast,0.07799711196971093,0.09598439323346702,0.08871454030921332,0.11921710287559907,0.07456442721494355,0.09981690965021339,0.0963784852373202,0.12029555967862812,0.06678368910445867,0.12140881280792189,0.0686340436197066,0.09887120284592396,0.10672329952316216,0.05814775951187287,0.15017481130526394,0.07493201779630351,0.1106158940577207,0.12073354131349388,0.039899067511236896,0.08884044371660474,0.07323488317125208,0.05798300313443742,0.0818840129860851,0.05307536197434018,0.0668662618017437,0.07227066416980436,0.12020115104597356,0.0939166992295748,0.06200430609697343,0.031019606266463457,0.09022354729243844,0.09441243669124455,0.09062438612047881,0.1587409199263048,0.09536724899073987,0.045490826665633415,0.07599158729943539,0.16349252259354338,0.04574332909783991,0.05107364281192449,0.035288504820767716,0.061729867454530685,0.11298761234911864,0.17841129356448324,0.03457383646475108,0.050144537079490716,0.07015279009459602,0.09324280711945912,0.09351202101151596,0.08992574304679185,0.08644637047309005,0.03337999382609149,0.08877749201290902,0.036233670172313895,0.0526570026693953,0.11942276894320733,0.15698486765899136
424,Tom Cole,West Coast,0.06662646291640782,0.09073326132707016,0.0516452996474745,0.0650278774110689,0.11453649370891207,0.09267861653125248,0.08962301586479977,0.08089759595926019,0.07045197834302513,0.07988119663460942,0.10627432720396293,0.08748345335540413,0.11850502475022795,0.08227967519816243,0.09333149512149831,0.08338165833279154,0.07050160383449945,0.0639747098141807,0.09178377693432793,0.10826248529742513,0.08013504031705147,0.07781151800012587,0.07832033834868764,0.055798914610575394,0.10008475306666986,0.142925026881994,0.06999169195618757,0.0662656852907713,0.07155452280015923,0.11837078609910653,0.056406849608368635,0.09048898677989557,0.08157344644161393,0.07716578155629261,0.051821362574094455,0.06469524672984414,0.10548747630052899,0.09795002665834268,0.09180497270607228,0.1125109770284605,0.047365893252556225,0.0836837738162664,0.11452747089107276,0.10960462498267587,0.02862081130923162,0.12426331091722619,0.12505694580000706,0.07247410742897431,0.07770930890950892,0.10876389869784345,0.08582227115893133,0.023123990668889975,0.08283066676547698,0.05168139254743159,0.06495835759869292,0.11021205256024484,0.12308286225299152
586,Rhett Bazzo,West Coast,0.05122665702301561,0.05439670683926387,0.06580099728154727,0.06153798087776706,0.047244094488188976,0.05125076266015865,0.05292159097726319,0.061658308305809026,0.03280680437424059,0.09609703834833677,0.02888521333544882,0.017723094331129986,0.030592734225621424,0.04120538876382431,0.045160312286818785,0.04831485312765168,0.06864273004405581,0.048056766967958436,0.04984472621487928,0.040947671249268534,0.061324692331646086,0.0513233246233043,0.04750085006610723,0.05514157596668168,0.06334151291334245,0.04241796097437833,0.03649433874598121,0.010813030977755676,0.041516580399326125,0.05850097917037566,0.034981907597969625,0.05917164655299939,0.042269778982210265,0.051392365195088954,0.03317618682162044,0.061637213191682354,0.02346353068006367,0.06603381556391721,0.02621996116799022,0.03008440297542129,0.06811479632952783,0.07439570082193803,0.04694360682298934,0.05786429174839995,0.0590222466355397,0.020133601484027333,0.059384319088954536,0.07378405505325959,0.022670025188916886,0.03437101177686952,0.048156074831410656,0.01677913026472636,0.04907978967126548,0.02065356834352969,0.030486492994329595,0.062010098068783506,0.07273008342637279
429,Archer Reid,West Coast,0.03170409511228535,0.03690036900369005,0.07273725981406283,0.02278514388718867,0.04231311706629056,0.06425702811244981,0.05054151624548737,0.02992518703241895,0.08243938858108378,0.025531914893617027,0.08229426433915216,0.016574585635359122,0.022842639593908635,0.04444444444444447,0.08497213166473867,0.04743083003952571,0.007185628742514973,0.014117647058823533,0.00815217391304348,0.06564453372964013,0.04724409448818899,0.045454545454545456,0.08078335373317017,0.072678331090175,0.038709677419354854,0.03096774193548388,0.09400655889070532,0.04681404421326399,0.07812500000000001,0.08141112618724561,0.055238318876543194,0.06812881445717148,0.022443890274314215,0.07722007722007723,0.03366058906030856,0.06602475928473177,0.03609414525252364,0.0636604774535809,0.06467660914929023,0.04109589041095892,0.09247222850324983,0.015189873417721525,0.06759916551154424,0.029556650246305424,0.06068268015170672,0.04787234042553193,0.08560311284046697,0.029304029304029307,0.00774193548387097,0.035799522673031034,0.049381069646376334,0.02459492555712917,0.04702906935072649,0.009375095907928392,0.022830622991204162,0.07868059593023256,0.08547376169944267
417,Ryan Maric,West Coast,0.019947205233188957,0.04688960559328598,0.04988508260868233,0.0263633806199701,0.053471570652492986,0.03190116127120285,0.03236078016852543,0.0634454470989423,0.06956405821812339,0.051996589284497775,0.052492787053327536,0.050463540204995876,0.05902039278647783,0.035895440355293504,0.04690697097970667,0.03651379892433638,0.04373833265909745,0.06853928282262851,0.08380776406707316,0.023628627365555304,0.054426976828218884,0.04404502109837992,0.047178509049836635,0.03391323182588883,0.035320644401674914,0.02873360687347619,0.056222602163821675,0.058313588719396035,0.058350061502342884,0.036361686664302784,0.038671806705699543,0.047924726275296085,0.040848590600629765,0.032428871121936625,0.029340948905155657,0.04050733272147214,0.031052290777669963,0.057579186830359994,0.041761262872226076,0.05644923569937885,0.04166999626782826,0.04920393810413602,0.026057262664058,0.02524961436052013,0.04368955488561699,0.03626429456475881,0.013182346109175378,0.0206982650723585,0.05821671467408213,0.05107285008811429,0.04363133672790432,0.01432107369438837,0.04371394377235722,0.021298989342463846,0.02921401442053465,0.057712430149697916,0.0674950464992728
631,Oliver Francou,West Coast,0.039525489185169065,0.03135894488054822,0.06450603866001756,0.07718661840146762,0.04196840269430539,0.035066585760966246,0.017608217168011746,0.04402941537375221,0.01728654077781503,0.03035081502480512,0.0257510729613734,0.03957413088415268,0.06166375956597962,0.0821537609540192,0.035557971130329144,0.0436681382026557,0.04407545432933165,0.029743799586260215,0.05321188905648898,0.04897774094941068,0.038812245529989985,0.040073843401732354,0.03545427110377956,0.03879092772685593,0.04305571717431692,0.035281180067757635,0.05249351450826152,0.03586723223705195,0.03166514088088701,0.04285650521076477,0.034721647232793806,0.02099928735450155,0.06915792644274608,0.021929982382410906,0.022110382322818194,0.038454928917356676,0.04427735685778271,0.0345823473513574,0.021755226480836245,0.02602939815611334,0.04785407286868964,0.03020173855994752,0.02732457446060823,0.0396460330419014,0.03573376095909607,0.03501101542478681,0.026447890581325007,0.04315367426352218,0.05610040045592243,0.03997730708476042,0.039461686291750675,0.014027903745657381,0.0386229283221063,0.021154254875400163,0.026360425664455768,0.04971253762321049,0.06820428944728671
573,Jack Hutchinson,West Coast,0.05093378607809849,0.07862407862407865,0.06151419558359624,0.020356234096692117,0.0351170568561873,0.04995887591545363,0.03473945409429281,0.0533117932148627,0.04492512479201333,0.04444444444444446,0.03580562659846549,0.08196017776228655,0.0289129426104059,0.03502919099249376,0.03050442260090341,0.07069913589945015,0.024630541871921194,0.0153977758768178,0.009860312243221037,0.04433497536945815,0.035623409669211216,0.02870813397129187,0.034941763727121475,0.026478375992939108,0.03505843071786312,0.03362690152121699,0.030431107354184292,0.04013377926421407,0.050083472454090165,0.055462184873949605,0.04429860541427401,0.024154589371980683,0.03381642512077295,0.03937307835045973,0.040990606319385156,0.04088586030664398,0.03005008347245411,0.049099836333878925,0.03970223325062037,0.024793388429752067,0.02510460251046025,0.05320403343339236,0.031606672519754186,0.05569620253164561,0.0340356564019449,0.049751243781094544,0.05020920502092052,0.030226700251889175,0.025167785234899338,0.05935696619950538,0.04006262958653907,0.014827344516260334,0.03571451813383836,0.021134896928126274,0.026204462524508795,0.053226555227719664,0.06881622313470005
552,Jack Williams,West Coast,0.04903870689365887,0.08123533039315727,0.04137394650157728,0.01716635481484705,0.033424228458857966,0.039341364976060174,0.05283594522126102,0.05406102103968653,0.05116920900050502,0.016462450028942057,0.046437086715847745,0.0392335219346018,0.03240601671633384,0.024335609197363467,0.05360135595688016,0.017558150947099817,0.01167804590522837,0.055115911966915856,0.04153920473574026,0.01627133890795638,0.052317725961235316,0.02327357519229606,0.024958905400577235,0.0478209197182845,0.024446983871039198,0.06760306956216572,0.03134141110906663,0.06919815535649518,0.020540007194185333,0.033068855566141385,0.022300342038112826,0.05067040584117853,0.012318381162465355,0.06430444733623898,0.021319180248946953,0.04331565299268412,0.03327937497192798,0.022523718056744194,0.03243256671033317,0.014226437462951989,0.046373122241426146,0.025335209198051413,0.020643263888290724,0.05744735352403109,0.050658845570079866,0.03449633249641387,0.008445578036338627,0.01864394501959911,0.07261644314238304,0.02693582154658553,0.036942816614575824,0.01784900374743001,0.033351801715392974,0.012709532704065116,0.018417014058446757,0.05369742595918669,0.06887116276865762
607,Brandon Starcevich,West Coast,0.028631961995295635,0.021286182643987364,0.03529190732878836,0.02890136773294596,0.012480519418182132,0.04889595704428652,0.03890836518945387,0.02170275950181044,0.047092249384397454,0.07067452606303243,0.03457068370837845,0.012368537922081726,0.00865002467724758,0.046439019516353604,0.04317194565557677,0.03226163100428474,0.04311576458597627,0.03357635433168245,0.056570079942982174,0.01806012111163949,0.0,0.054417630379673135,0.03471421215737109,0.022575376726745585,0.05561817098089575,0.004421518054532057,0.025844293025263653,0.01721739243321838,0.03339060736856231,0.029954119293034456,0.017273313667068545,0.05774464563697009,0.021723619750510625,0.029246233082483065,0.027240615604520783,0.01682474469988108,0.029878917556150637,0.07201595237086975,0.08003483541316393,0.033460785436897685,0.02585947623583279,0.05954500704434123,0.01771365724267323,0.026173015623208604,0.013213912764077438,0.02884399880593778,0.037716625021305066,0.05114823383962565,0.050098789422843605,0.03983298827270213,0.03392785293337487,0.017641238883675726,0.0311078751486596,0.00941231989243858,0.01726162612919386,0.05183153771649556,0.06839297466420068
620,Tom Gross,West Coast,0.014643075045759608,0.02970297029702971,0.0230917254650417,0.018564356435643567,0.02180496668685645,0.043929225137278836,0.04177215189873418,0.030018761726078813,0.03645200486026733,0.018028846153846156,0.014440433212996387,0.02834107845441244,0.026768642447418747,0.018303843807199512,0.011392405063291143,0.0,0.048477315102548164,0.026582278481012665,0.022712933753943218,0.04665071770334929,0.026315789473684206,0.03337453646477132,0.04347826086956521,0.052963430012610356,0.021518230723251642,0.035202086049543696,0.014580801944106925,0.04693140794223824,0.007343941248470014,0.029268292682926838,0.045889101338432124,0.033561218147917966,0.04059040590405903,0.014192785334121816,0.01785714285714286,0.023441829970334248,0.011264080100125159,0.01466992665036675,0.03024574669187146,0.02223594811612106,0.029869321717486,0.03580901856763927,0.028235294117647067,0.010876132930513597,0.040868140868140876,0.03687768899815612,0.022627278441231934,0.015047021943573673,0.01889168765743074,0.03586371787208607,0.027231359947365485,0.012186136254233652,0.026675460464215706,0.010955662100283967,0.014630059967514198,0.04105707917353487,0.046873866443266
497,Malakai Champion,West Coast,0.006936416184971099,0.011919258854460258,0.029055690072639227,0.03148064621945219,0.014362657091561941,0.03708051474028111,0.034117800017509546,0.018576503772601418,0.006810442678774121,0.018831956169341583,0.04127670601710911,0.01778304682868998,0.03079564710269064,0.015384792979155064,0.010778443113772455,0.034441441268626305,0.018564356435643567,0.017964071856287425,0.0154241645244216,0.02629185289735748,0.03250029571954257,0.03063084284136916,0.016248716179725477,0.02311502476609797,0.02123863962797514,0.010823812387251953,0.01842751842751843,0.017964071856287425,0.027781573878672257,0.03708699801397952,0.019589414324033202,0.010657193605683837,0.032543295139433895,0.040946663817185425,0.01887081598905172,0.03364485981308413,0.011352559199772051,0.02269861286254729,0.028285209192692992,0.021339656194427983,0.040469536630915424,0.029020556227327687,0.035446589535054474,0.014218009478672982,0.029101552455048328,0.01049562682215743,0.0255688657075715,0.03379092889688086,0.029756233115429437,0.04198110446071888,0.024069423719829116,0.00988122206492268,0.022906818814322633,0.010528748012780344,0.013737570598212524,0.034185441038992945,0.040848852744000075
428,Jamie Cripps,West Coast,0.019930905475925135,0.003858520900321544,0.0,0.011392571943594335,0.00846262341325811,0.02020790343695223,0.02166064981949458,0.007481296758104737,0.007843137254901964,0.003992015968063873,0.015247351873015267,0.04904345625235199,0.022842639593908635,0.037037037037037056,0.01621621621621622,0.0,0.014371257485029945,0.007058823529411767,0.004078857919782463,0.034756502841609235,0.0078740157480315,0.007575757575757577,0.0038265306122449,0.011742851783722242,0.031473229132025285,0.007752329433937225,0.04092769440654845,0.027216545916155806,0.0,0.0281803823145331,0.029792041176069272,0.004051316677920325,0.026386071614655872,0.03492300062575786,0.025245441795231423,0.008080808080808083,0.01606425702811245,0.0,0.0459319409148666,0.04050732200212179,0.0,0.007594936708860763,0.03802030850321682,0.014778325123152712,0.01517067003792668,0.007978723404255322,0.023346303501945533,0.029670329670329672,0.0,0.028639618138424826,0.017364650392911823,0.013663503569390702,0.014974497580539696,0.0,0.0039641154989057265,0.03215943333732832,0.04084151806364098
422,Jacob Newton,West Coast,0.015852047556142675,0.022140221402214028,0.0,0.014616321559074302,0.00846262341325811,0.0,0.02166064981949458,0.02992518703241895,0.01568627450980393,0.0,0.014962593516209485,0.008287292817679561,0.007614213197969545,0.007407407407407411,0.00810810810810811,0.0,0.0,0.014117647058823533,0.0,0.01544401544401545,0.027508057606788795,0.007575757575757577,0.01468788249694003,0.016150740242261114,0.030967741935483885,0.03096774193548388,0.0,0.0,0.0,0.03256445047489824,0.0,0.014302741358760434,0.014962593516209478,0.007722007722007722,0.0,0.0,0.0,0.0,0.0076238881829733185,0.008219178082191783,0.007380073800738009,0.0,0.0,0.007389162561576356,0.0,0.0,0.007782101167315178,0.02197802197802198,0.00774193548387097,0.0071599045346062064,0.009539371669970093,0.009734441783984846,0.00767294795249052,0.0,0.0,0.017302311343902886,0.030754018180355565
574,Harvey Johnston,West Coast,0.0,0.015421885824687929,0.0036319612590799033,0.0036057692307692297,0.0,0.0034522439585730714,0.01703456305199158,0.0,0.006810442678774121,0.02190882241611899,0.008217040008168988,0.003556609365737996,0.017892403006001336,0.006920415224913493,0.003592814371257485,0.00471327572663001,0.0,0.01437125748502994,0.0,0.0036697247706422016,0.008710060334673935,0.011076923076923078,0.027985400175647837,0.006604292790313705,0.0,0.003607937462417318,0.012442858596704754,0.01579516552179921,0.0038363171355498722,0.01781019287665369,0.007159904534606206,0.01676663148591483,0.00966183574879227,0.0034403669724770644,0.0051238257899231445,0.0037383177570093473,0.007168458781362008,0.013012740204791566,0.003535651149086624,0.0049586776859504135,0.003462204270051934,0.00917661935718253,0.0,0.0035545023696682454,0.0,0.0034985422740524768,0.01848741904052273,0.003687768899815611,0.011930108771117798,0.021149863347197116,0.00784363629577163,0.006845244204922789,0.0050412517379367795,0.0,0.0027213302752293594,0.015998201908299373,0.020604062264328853
475,Harry Schoenberg,West Coast,0.0,0.003710575139146568,0.0,0.011509579566421714,0.008303245489678765,0.004143646408839781,0.0,0.0,0.00714445095103956,0.003992015968063873,0.009896668823387529,0.0,0.00391389432485323,0.0,0.027237354085603124,0.0,0.007962840079628403,0.0,0.0,0.0033039647577092495,0.003886010362694301,0.0,0.0038265306122449,0.0,0.012652709024024707,0.007807417046193884,0.0,0.00761904761904762,0.015635179153094467,0.010150225065711583,0.003893575600259574,0.010979723144433028,0.011826544021024968,0.008714596949891068,0.020086649789480313,0.0,0.003965631196298745,0.0032804811372334586,0.003906250000000001,0.0030991735537190075,0.0,0.0,0.007731958762886601,0.0,0.0,0.003264417845484222,0.004008016032064129,0.0,0.004175365344467641,0.0,0.00483255475709252,0.005763583231246349,0.0038562704874696005,0.0,0.0,0.009949662078033255,0.01502377277663515
522,Elijah Hewett,West Coast,0.0,0.0,0.0,0.0036166365280289317,0.0,0.0,0.0,0.0,0.012428408691224259,0.0,0.0044150110375275955,0.007898172989625519,0.008882309400444117,0.0,0.0,0.00428877769835597,0.0,0.0,0.0,0.0,0.0,0.0,0.0,0.0,0.004369992716678807,0.00428877769835597,0.0,0.0,0.0,0.0,0.0,0.00422237860661506,0.008810572687224674,0.0,0.0,0.00885608856088561,0.0033426183844011115,0.0,0.015837265721161498,0.00434467776973208,0.008051486859013666,0.0,0.0,0.00860215053763441,0.008059006874172752,0.0,0.0,0.0,0.0,0.0,0.002406286655221641,0.003920672277229582,0.0,0.0,0.0,0.007930215588327641,0.008876934128334622
498,Sandy Brock,West Coast,0.0,0.0,0.0,0.0,0.008948545861297542,0.0,0.004444444444444446,0.0,0.0,0.0,0.0,0.0,0.004421518054532058,0.004566210045662102,0.0,0.0,0.004521477015825171,0.0,0.0,0.0,0.0,0.009153318077803207,0.0,0.0,0.004405286343612336,0.0,0.0,0.0,0.0,0.008119079837618406,0.0,0.009146341463414637,0.0,0.0,0.004604758250191866,0.0,0.0,0.0,0.0,0.0,0.0,0.0,0.0,0.0,0.011784291002133108,0.013303769401330379,0.0,0.0088495575221239,0.0,0.0,0.0019253719463997834,0.003623797799549875,0.0,0.0,0.0,0.004574266620408823,0.00915188787185355
496,Matthew Owies,West Coast,0.0,0.0,0.0,0.006681514476614696,0.0,0.0,0.0,0.0,0.0,0.00968536558056209,0.0,0.0,0.0,0.004566210045662102,0.0066298342541436465,0.0,0.0,0.0,0.0031779661016949137,0.0,0.0,0.0,0.0,0.0066261733848702355,0.0,0.006349206349206351,0.0,0.0,0.003164556962025317,0.0,0.0,0.0,0.0,0.0,0.0,0.0,0.0,0.0,0.0,0.0,0.0,0.003294892915980231,0.0,0.0,0.0,0.006528835690968444,0.0,0.0,0.0032697547683923694,0.0,0.0011994862106024077,0.0024736214690332927,0.0,0.0,0.0,0.0032750086412382325,0.0066290837759425975
450,Harry Edwards,West Coast,0.0,0.0,0.0,0.0,0.0,0.0,0.0,0.0,0.0,0.0,0.0,0.0,0.0,0.0,0.0,0.0,0.0,0.0,0.0,0.0,0.0,0.0,0.0,0.0,0.0,0.0,0.0,0.0,0.0,0.0,0.0,0.0,0.0,0.0,0.0,0.0,0.0,0.0,0.0,0.0,0.0,0.0,0.0,0.0,0.0,0.0,0.0,0.0,0.0,0.0,0.0,0.0,0.0,0.0,0.0,0.0,0.0
144,Marcus Bontempelli,Western Bulldogs,20.11114131380634,20.07550059129731,19.707478605577503,19.762378864137197,19.477996660452792,19.90023836001661,19.730946018046733,20.352177435115188,20.106782855233817,19.748814017029094,20.077089279828073,20.136358901079447,20.15574213008653,19.6981610230689,20.00156238937893,19.74248263275363,19.764190241112484,20.251056458626987,19.85439139846224,19.648483557757604,20.108904304069025,19.745518053126716,20.04009518825055,20.057640828005873,20.14682332779903,20.390392364207255,19.814750586085804,19.896389879381797,19.908084645233462,19.81173854340016,19.550303701083713,20.10985910364941,19.771714474856907,19.939806784795262,19.798423482056158,20.38843457953699,19.72391943466474,20.154791983706158,20.16474766780254,19.684591451489965,20.057130940081255,19.726162418806783,20.021065614185893,19.666922312678423,19.942912530341317,19.875843174919858,19.972702338844584,19.989676844654674,20.151576197424088,19.91284290287979,19.936534767817715,0.21448614064548965,19.926324843837527,19.652263502516373,19.725693635121097,20.14781667755067,20.331447634935106
138,Ed Richards,Western Bulldogs,13.496386107143044,13.389673874319442,13.382962762662363,13.14697608414378,13.153990487377591,13.101038477993079,13.348135466616707,13.412153289035864,13.348052933583736,13.15860247014715,13.098970561730527,13.409956113554435,13.385855015068104,13.318852547732423,13.42442448705182,13.244197101265371,13.401949723198785,13.217023958240995,13.093902681415031,13.548474059168232,13.311386238484022,13.3939550096622,13.64921678047096,13.877645040831414,13.104311826696975,13.282820375629734,12.950657089953014,13.30152871605207,13.160757477519354,13.4262990013868,13.470103149079021,13.296346089663569,13.449566337099816,13.390912540653828,13.782756421191097,13.298719379186593,13.431015376037704,13.358329541351084,13.097452353845972,13.140025525342441,13.189003643746206,13.391091331445427,13.37662314851197,13.290614884610484,13.44655276388842,13.442475019980575,12.977773172503483,13.477969835691487,13.283028426854312,13.280269640434332,13.32821568678506,0.1795934590382814,13.34809420010022,13.094630364263374,13.145523417354301,13.447182600689601,13.6285645226039
141,Matthew Kennedy,Western Bulldogs,5.636251079220235,5.737824710671092,5.592581709558895,5.8028295234258715,5.715315338751031,5.2983698498940806,5.634406093204347,5.606381101494035,5.576587526514405,5.5803387169142,5.4838797983286565,5.6492787705209295,5.415640284852549,5.792872726375187,5.6875563193333765,5.883709575837442,5.757953884725844,5.539349470894756,5.70658955035719,5.5586871904740445,5.61954756437996,5.425672811218198,5.64312049985533,5.310024679332497,5.654442407980516,5.290303533890868,5.899015283111568,5.316811987339218,5.588632787257701,5.638959946650466,5.72121492585345,5.685528400837676,5.458999983638109,5.721743164924102,5.4995494737676935,5.237672123394127,5.323593580181722,5.441949360730009,5.6335482583935175,5.686082879218356,5.297980905814017,5.8257031743421885,5.251434880781326,5.94352809721082,5.700722126136144,5.546825279782107,5.645403755172644,5.513896577928758,5.79637151067093,5.569020789903382,5.590874079420911,0.17608047081826436,5.626547911386739,5.2918773951351135,5.396402523576347,5.742031708048534,5.871818263530915
157,Bailey Dale,Western Bulldogs,5.244061119949575,5.069948703454734,4.880586771799298,5.229307693053958,4.846761977035742,5.154418149873769,5.029846788584509,4.98826664246786,4.943841008512052,5.041158460825774,5.033059193407634,4.847993671524393,4.950641487767976,5.1873431274824755,5.319641734656409,4.969330828562615,5.455461607059782,4.961496412876225,5.166542059362128,5.0867764190296585,5.401982221719142,5.014736198162864,5.075716992265309,5.296569576922598,5.1072608504256225,5.395902984444455,5.226716006186845,5.090250163669027,5.1319130860228235,5.251829975652938,5.346021697625838,5.0994251995182855,5.276964933521471,5.316792662914364,4.984360971523406,5.292063146052138,5.09418543090648,4.974247630549796,5.179004313055048,5.113832898992382,5.033332567465929,5.1882960333305626,5.146373538550109,5.16702379503097,5.056086379309042,5.179660021314682,4.945665806394453,5.117012689972946,4.913888267189803,5.248463022357046,5.121441258366658,0.14805636199250083,5.110546874709002,4.8874135783543515,4.9676934356841596,5.28012045994038,5.385677320646638
281,Ryley Sanders,Western Bulldogs,3.0707698308462175,3.324851444546945,3.427724698123609,3.6468979733159057,3.448521406298893,3.6215266405251483,3.4653060320890807,3.6275404921200485,3.4865505976509583,3.5939152022171967,3.435237945198254,3.6220079050075213,3.335511662913261,3.5983556630432325,3.5048519399320455,3.6075496350857708,3.565035009273197,3.5751971842576156,3.5157834121046103,3.442685331349053,3.5792210312179042,3.602947893782491,3.463996413677237,3.651965948612711,3.3179925373713033,3.4903567414734322,3.378815353706135,3.8199721330621967,3.614424356989033,3.501417096779564,3.325019754428909,3.527664278070177,3.5731600674955954,3.3183738253253243,3.654353977828636,3.314103207266357,3.4923705713829074,3.7327455103945195,3.525961314955124,3.420771539926584,3.679912867626911,3.380643414007707,3.3837504431471332,3.530056248325042,3.511587530359214,3.557730071376512,3.451791536021262,3.5932491813665135,3.548444176478799,3.5457171213524603,3.5080867229941246,0.13070031334552282,3.5208723635298673,3.3180707014018775,3.3802613494046785,3.6216272248019643,3.6746732952182644
146,Tom Liberatore,Western Bulldogs,3.3327491819338384,3.210366811764219,3.20451058176824,3.165172145236111,3.153755012699496,2.908740484455667,3.260197958375066,3.2289946163811405,3.193755641706495,3.0759228878395386,3.1267252468339866,3.1154095271883313,3.1603188406547496,3.324851356790046,3.268829925137451,3.155733714791592,3.1499968899142425,3.1902228074415295,3.180665836996453,3.1983204277109247,2.9218822486576697,3.303189573717302,3.12839437426185,3.3462793156439323,3.2359540984958386,3.1531083387857377,3.219731133796285,3.278081516807772,3.355513605798068,3.072720425724002,3.2573743077826367,3.2431181288412243,3.3443680997430456,3.09594851168433,3.3612646174372234,3.2025918510990055,3.246060840191527,3.1408225074730467,3.1403385369482115,3.4258593842776035,3.153209343977751,3.1894581672448514,3.3668745756845238,3.0431328042964507,3.288200026443157,3.314275230762096,3.320228887437087,3.1289063802714807,3.2230802808146355,3.0822899657337604,3.203749939509024,0.10708473355984303,3.200456139404965,3.049198266689099,3.124360261428045,3.3211949835318557,3.3600856600511966
167,Joel Freijah,Western Bulldogs,2.920114925610734,2.700537921929469,2.9377710941583284,2.9799583980793636,3.180527928989235,2.899159955402629,2.795632078732671,2.954646965476975,2.880722419750321,2.943209410163293,2.6792067536001407,2.9637915685855867,2.9243182258816947,2.9305045472755697,2.8316341167807777,2.924766539188477,2.787472842885554,2.8918138274738965,2.792957683012918,3.0559490148866124,2.7288374186546447,2.8543181793250367,2.8791053888324845,3.0289018890935866,3.0430640001176497,2.751974059421912,2.7979852701644745,3.042647320185277,2.83550181311318,3.04083265703753,2.918268183164401,2.8094563078181163,2.732281995114642,2.9584335136418636,2.693692614806011,3.0363297882202622,2.8315761128540387,3.0806603901793874,2.980701049367176,2.9775559221614136,2.7335331365073627,2.8537712456966293,3.0466950754476128,2.9171186792628157,3.0179429106266538,2.858908330614106,2.9589503346242254,2.9200064395238976,2.865857904468258,2.7088882795297478,2.8975698485487738,0.11571646731145058,2.9176934312136082,2.702249745237526,2.7800535971416527,3.030454320011062,3.0540519573016174
166,Aaron Naughton,Western Bulldogs,2.9286913261257976,2.9558719857527658,2.8265858118601104,2.8012700491340308,3.074104734170373,2.7266243773245353,3.088428490866571,2.8552274742292525,2.9557203081870775,2.765899998455402,2.741397320664375,2.656629503061017,3.000238465665449,2.978576056189353,2.8386783733698158,2.8057047645791986,2.7924436777393455,2.8819702382857737,2.8194507301516527,3.046603293855276,2.7751937846477075,2.9107892186200357,2.9010252936012586,2.9440601666126085,2.836250780593789,2.8651633852990828,2.8801712869190776,3.0136106737945774,3.036736232170802,2.7090814643209504,2.9074414520775016,2.853359515730917,2.7526139724134855,2.6970741713974364,2.7372708490591684,3.0093482058839087,2.856707923969699,2.7913314124545825,2.898772756602042,3.035557114507768,2.8608679285702157,2.914127674205186,2.7926716299397283,2.7844377981597543,2.917330959945875,2.7025224108046033,2.776453633710231,2.8310572662468796,2.7298865832602295,2.823949140526917,2.861699633314263,0.10742529786997693,2.8542934949800847,2.7038670167754546,2.7502696921979215,2.983103499769857,3.0445805462099584
143,Tim English,Western Bulldogs,2.4582946551146003,2.395547654418878,2.5246517286206327,2.4419194647120506,2.597681289414853,2.734368949516312,2.3654568993763103,2.405785946540834,2.433224214353406,2.667396456422606,2.670281052791051,2.230948023645203,2.471626434553365,2.3998524565226305,2.448494065224566,2.456122810364029,2.414180094595634,2.3982661286865414,2.5724393923101103,2.287841228061356,2.5293461343877883,2.3779381679313607,2.3820350211101244,2.3609107179704636,2.6248430934479914,2.39414179975357,2.7258339486125056,2.4952827254713315,2.537516269457486,2.59273024724031,2.524913938732154,2.564561941416798,2.3201134045175396,2.478407328055268,2.4194976583298065,2.3155496008810883,2.5119394855270376,2.3992369938273135,2.3848824520156153,2.6715434402574,2.4356374414641717,2.409392547863796,2.385357432976528,2.2939773395257226,2.666054890827114,2.471904171384518,2.667785115961328,2.4592345679759697,2.3944716140977924,2.457664369407696,2.4725416561134512,0.11906216218514898,2.452308437794297,2.2983996531035724,2.381178778795763,2.603358106457779,2.6712846508267987
150,Bailey Williams,Western Bulldogs,1.4667546098005828,1.5882949649150935,1.455499738008586,1.6349455295482118,1.7308573520522352,1.653734078646964,1.6392715313408595,1.625443454810686,1.6877133204741188,1.7000553663566387,1.616406099339297,1.6808495373704562,1.4953216188028093,1.5564366620941532,1.640146009517952,1.7340014527966376,1.5335888910675552,1.534500518975297,1.4772625755953914,1.5063452628045964,1.576053759318053,1.6656992724694668,1.6367144217214342,1.4215819700295445,1.5404464530433688,1.6677222193351053,1.4965208416515046,1.583622044375675,1.6619256030706324,1.5380255704653312,1.6602210512155178,1.5794422963621377,1.537060109280249,1.7115602317148397,1.6851080766789,1.5714076983827905,1.5129448573217612,1.5048393080159403,1.5840232096400484,1.5506487327683078,1.6140311377473726,1.5531476794544656,1.582831642967353,1.7214604863266885,1.6247324221856574,1.6215964612620863,1.6363869593022782,1.6515647965252926,1.5047046947973024,1.5149814162195343,1.5933686799593354,0.07837279308976029,1.5861590872775708,1.4689087427885186,1.5060305182537672,1.6704658288044936,1.7194309341312595
163,Rory Lobb,Western Bulldogs,1.2492018650633423,1.2392612303802333,1.1473327593715719,1.1369830012414432,1.110748725817418,1.1283782915434737,1.1791007722371416,1.2139995675279822,1.1230041084401516,1.256281930712435,1.2205798567937216,1.1633737108699151,1.1751612744157576,1.104303150627661,1.019401790911542,1.2969417539209518,1.189629741300839,1.2843653807413717,1.0613602098670656,1.2423399779684037,1.2181599938318597,1.1167558773226929,1.1040719325161077,1.0451622678571397,1.1417322743080958,1.1830864779238155,1.2069785067622916,1.1748978241796397,1.1193260839543857,1.153016127537547,1.3458564985097659,1.2086459624150006,1.1042415593310704,1.249263193506658,1.1771092454254042,1.1829977135546474,1.0549289972942553,1.164682903573276,1.1115047577446868,1.1730508171619691,1.3103257653023892,1.1370649252170038,1.2086458555853459,1.1249988212454232,1.198613969589673,1.1394221289019892,1.1046027909151646,1.154625256696972,1.2234063046225447,1.147710251916381,1.1705326836891121,0.06850803026045439,1.1688668603676224,1.0562473958716814,1.109464225422847,1.2399046886261609,1.2943635974191379
156,Sam Darcy,Western Bulldogs,0.721732364152778,0.7641442164599195,0.6677798359489944,0.7780052538265854,0.7087812494345307,0.7458464262658577,0.7549549577197605,0.6997755501950997,0.7188403057383179,0.6482203506596005,0.7625183322339443,0.7576721025662312,0.6620451826563805,0.7749459549052634,0.7404764138584462,0.686681849059325,0.6856269094637696,0.7205468096758891,0.6623103580362191,0.7004498310992684,0.7270101468204215,0.6913016661048375,0.7078663811321284,0.6554104369291875,0.8182196505247197,0.7774236750141371,0.6233851483224259,0.7851927697368752,0.8015776465925879,0.7774118784194518,0.7505891922145224,0.6064840306174847,0.7331520838240485,0.8050423485016278,0.7063097398718412,0.8266522801731118,0.736169263966023,0.7410581610349527,0.7131576438158913,0.6435974261399059,0.6788913297599359,0.6648243717047362,0.812981118745987,0.642076204874065,0.6987361214693386,0.7039767132987222,0.6893004971549741,0.7757464473544872,0.6324857034598975,0.6005814385363801,0.7177593154014178,0.056888234797791225,0.7159989747771046,0.6252507621256076,0.6606585207993971,0.777414343907741,0.8113536708458933
151,Rhylee West,Western Bulldogs,0.576797302917427,0.4406489689433511,0.5364907338630334,0.5500605312938069,0.6211074280611053,0.47775423776900744,0.5389988113612536,0.5828976989304749,0.5156134295504343,0.580508136706076,0.5767576166833405,0.579449284459627,0.4482751313262324,0.5285889333081503,0.4992099682075854,0.6003014962196566,0.5975889380994868,0.5642852876967117,0.5254850851209648,0.5117812017431227,0.5104720927310417,0.6082442468585597,0.5141436206496054,0.44651790429214233,0.5547325380365585,0.5936221267041577,0.666055042330992,0.4353295053472486,0.48714960455437767,0.4627048407195502,0.5703540989437021,0.5640613366560341,0.6371095589514595,0.48692129684580726,0.583706957893096,0.5017655310320888,0.6016412916659114,0.4618780246409852,0.5451375790694789,0.5390901228847249,0.5228404728960241,0.6059845266222763,0.5063482154073756,0.5313922686096114,0.6224426226506675,0.5083228737456085,0.5352079393782618,0.5366289993483996,0.5720330492285811,0.5166837901014764,0.5416224460211331,0.05408846035901336,0.5378139053548265,0.4468781358341308,0.48710188824328643,0.5981558627466023,0.6221689077598073
158,Lachlan Bramble,Western Bulldogs,0.4984653078638161,0.5302093152445017,0.4737179855552228,0.5695719107652968,0.45035658914882176,0.4845351003324797,0.4666494025889829,0.5475649060597384,0.4257442362155464,0.439898189049247,0.46375140070677656,0.4700346662966562,0.4381507540856392,0.4382065241616289,0.445328222915318,0.4354367924360213,0.41487674437112426,0.456024132363409,0.3125766791913381,0.4141983268662386,0.4056227137953131,0.3921974329755297,0.4527410349347272,0.410133910157108,0.43767628499659417,0.4051627111145082,0.4994960530444007,0.43432653775148283,0.49488806811089253,0.49836189069595044,0.4510284836218377,0.40289138790212625,0.34930224951343514,0.4428753017150236,0.43890165090222116,0.3781287607903823,0.42455476144988125,0.4318017664156956,0.4757761644523462,0.448810462785149,0.5226167824104784,0.34077279735598476,0.4658892114727304,0.45224122362021113,0.38602468510424637,0.4995023067845315,0.47082872875765636,0.46626917362006615,0.37139977635124916,0.49669945521184805,0.4464443790806282,0.050660002026170006,0.4470693428502335,0.353832242515187,0.4046880045631204,0.49704690422802544,0.5286528460135268
155,Michael Sellwood,Western Bulldogs,0.4562282964382932,0.5029175878848472,0.4774871095657326,0.45602060729536037,0.3593737081666629,0.4502981065256968,0.34633394952310714,0.39940677511461786,0.39655415399369964,0.3755758240766383,0.4184853269773728,0.4414331463418469,0.32924243162048505,0.42629505072808377,0.36052584044446695,0.4302325703059069,0.4966307242059966,0.34165293173207634,0.34662879827628823,0.486267315727337,0.5737719703721359,0.4376305366846197,0.4105439680990988,0.47272967103149816,0.39276886978786196,0.44976079899782095,0.43047394597309313,0.4246035392611315,0.42015217458927856,0.5162894035823099,0.3482354286940478,0.4946792876406385,0.4075341759209645,0.44338468588644,0.45201429436255397,0.3953338404433526,0.5024799203215132,0.3211506480508226,0.35451636359155003,0.401610297022572,0.47354072200465835,0.4109302516057258,0.39537126722590477,0.4782411793178192,0.4337975706208961,0.5002604238704458,0.40318598986773085,0.5093528914817202,0.4339716958380196,0.37327114629650826,0.427183544267745,0.056004231119883466,0.42826381051699536,0.34261254037923766,0.3602850447984059,0.488025417857217,0.5080336542443612
179,Cooper Hynes,Western Bulldogs,0.270001629382046,0.3897825039363601,0.34038979007086767,0.37264977651868614,0.3445157661262333,0.3101910502262665,0.4226545242978314,0.23778215016520063,0.37741785422531704,0.3922071370894375,0.3810603987690308,0.3561000164542522,0.30416603970475004,0.3445975254722629,0.36489499792592983,0.4605834224654524,0.3652731961398346,0.3242847722600446,0.3197868415842279,0.3508124325004907,0.25831557318490905,0.34763448621129667,0.4073318983374849,0.37947150943244184,0.4614168841771373,0.3392272970461656,0.3125603082157073,0.338935919123755,0.2682688643814134,0.3698780813943046,0.46399916904454613,0.33019968883705775,0.372054243542188,0.34739056534972856,0.3056346017190981,0.28870762053698573,0.39179381230734134,0.32778268591767357,0.3859530244285649,0.4077425022783982,0.36269041028542537,0.3324816695948797,0.43168017135578984,0.3549863328852653,0.3528770745059045,0.29676980765461614,0.27618435376844075,0.3895019196912262,0.40669184792998375,0.3958492713623786,0.3546632683962927,0.05139113094029928,0.3539317036955849,0.2686240812065431,0.30532767225809937,0.398115369865008,0.45465825598797144
147,Connor Budarick,Western Bulldogs,0.3298394574104947,0.2681039421666307,0.3974714325205998,0.3925340177102973,0.29915070613717737,0.28565434380122384,0.3695606267131113,0.3272095969480634,0.3280199769066389,0.2987995736773727,0.325529850863489,0.2499411679253474,0.4052654251849588,0.3330442850279508,0.32832246156032036,0.3621112951096765,0.385209368425134,0.39393878097120827,0.3266114690117545,0.3458962367848193,0.3492148004074232,0.3780553253288962,0.3036426591614542,0.35957548792179955,0.3802041788707551,0.3233573444560728,0.41836495989389855,0.5195906770239352,0.3460813068950688,0.3783304838160239,0.3349603539489719,0.3656405678647696,0.4550683985585601,0.44024301487747547,0.4058306581320261,0.3358747078219801,0.34734591463158954,0.3840446931043264,0.3625700535871114,0.31228124676599606,0.3293540738848806,0.38723774730455973,0.29231221258026346,0.3823549739920453,0.29521410489648947,0.3739959988974844,0.3282268508177947,0.4154033932182657,0.36865959747023613,0.32403252147364614,0.35498564644920144,0.049307187344637814,0.34828035751950637,0.28701920690092697,0.3104757819566468,0.39467710514503107,0.4357580136058421
170,Arthur Jones,Western Bulldogs,0.3164461731362974,0.22968674351444196,0.2957717944238288,0.3145434358288649,0.2831829423005795,0.3610007942470609,0.30968249605534703,0.35300165992371213,0.353132035704631,0.28359071311366607,0.2529598878687284,0.3152496673995797,0.2901549874935071,0.3381621511846707,0.39033443061484147,0.35785344541722475,0.2469951812161708,0.301881194810306,0.3263760418229637,0.3154751339402098,0.2850031789661591,0.3637847460865221,0.3213745817221614,0.2667574810391887,0.34435125408996436,0.33485913775648884,0.3217533937377951,0.34010563268045063,0.28479407963101927,0.3056143646502756,0.3280344063984186,0.33658134112815596,0.32800079700101425,0.32526213149621586,0.32702777122625004,0.32529898817240044,0.3127858793804813,0.25627246614434934,0.30175665367406235,0.3576940803559931,0.29994701548331765,0.33476462402295526,0.3666409235557456,0.3113688224105325,0.3222530743873499,0.2972427585586908,0.35171726444032314,0.3344713323142065,0.3608447488986579,0.2899805147877312,0.31743648708427014,0.033548227788860914,0.32156398772997824,0.2536389664152307,0.2849594772051149,0.3530289084619242,0.3632140359594325
172,Lachie Jaques,Western Bulldogs,0.3860291755028596,0.27020046532241665,0.3449695096995494,0.30971774198589413,0.35347345694691384,0.35061046356213127,0.279445161433994,0.3275906428309491,0.37501766667674535,0.3341734113596233,0.2900305948572761,0.3267597680649059,0.3340557539944062,0.27884083511825136,0.21314387211367666,0.25397686235133754,0.29500880372918287,0.28470098226597934,0.3070557183471363,0.3325935125588512,0.3142423354408076,0.2913211994106321,0.3524719038643301,0.30869077849877824,0.21126430842494998,0.3038558468504217,0.3324526657856046,0.25836430507162206,0.3646140994480053,0.33961953321437327,0.31865134754228147,0.2965309506698046,0.33512264508394773,0.2870457423278209,0.297380490836875,0.3634951733934468,0.32651029396016285,0.35514485216116837,0.37565265835176775,0.2998153154015482,0.3225413374288497,0.3227734608487746,0.32487951019560946,0.34418762220584853,0.28884260892866737,0.3004927776201772,0.305941531030788,0.3404425244586427,0.318953654873747,0.3051491289900019,0.3150769000208307,0.03683116037947474,0.31880250120801423,0.2548762881089959,0.286555687474896,0.35099950458529083,0.37288493539485357
282,Will Lewis,Western Bulldogs,0.19409799021023985,0.17808562551807872,0.19389584369070065,0.14740175849350837,0.19404311662672555,0.16479018317688032,0.22006134129657748,0.21348400941716839,0.23948614332947216,0.1667449472308655,0.21658221570962374,0.20658573766409105,0.17213002739261082,0.18504465817778473,0.22617441709538172,0.130692188891741,0.18313362289608132,0.2194436708209319,0.17023632351465962,0.16768974163228295,0.169888139695998,0.17669151603337735,0.2012549649176069,0.20713739759067626,0.18956219681314262,0.2074775726164653,0.17294622390084607,0.21387246976252733,0.22280279411565054,0.18243414975102287,0.1823547168199856,0.17069411870229728,0.16207770572677307,0.2032596496814804,0.20883913957184763,0.19567494773244998,0.17667659642018502,0.19763623115113887,0.22713434486754003,0.14968523581269216,0.1659600531534316,0.2129446623957411,0.19358514002469263,0.23944277099345776,0.2370214427380866,0.2559595214959937,0.19742927578744454,0.12024054574190443,0.1645984723142419,0.18944242594373964,0.19169055970115687,0.028176721619066133,0.19374049185769665,0.14786987134394106,0.1665809043686818,0.21957276395034184,0.23894639870110665
183,Jordan Croft,Western Bulldogs,0.1591122121988368,0.14278180040998545,0.17179239045143774,0.12269081261277255,0.0784940826625015,0.17124325787094952,0.14871360093600705,0.1272585466762125,0.19529135980076903,0.16032497328561496,0.17874308200693279,0.20269381118664137,0.18312532827847838,0.13297616925910946,0.1282389227006854,0.17670428617228506,0.14163331127064482,0.12729737682896963,0.20421836085692144,0.1944753213232291,0.14589663281360296,0.162336752220902,0.19754862353800004,0.1345424343492974,0.1502718470391769,0.14000582896903876,0.13055720931432527,0.08654196638023613,0.1651990606240811,0.15904678336218273,0.15723435681471043,0.10264935627688883,0.14965601945263396,0.16505814949032538,0.2207246230817837,0.1569336240615919,0.1927258849466262,0.18621013225284214,0.08789193586993523,0.13588559650538665,0.178093857145351,0.11832945429361522,0.2039539452077187,0.2480369963335245,0.21656125108946409,0.18043485739395834,0.12804288447350287,0.1365574032700171,0.14266420644077538,0.2261680439864275,0.15907137447573813,0.03659006300133526,0.15814057008844656,0.09091720705336072,0.1278870733757954,0.1957631279218503,0.21987113182335816
544,Jedd Busslinger,Western Bulldogs,0.10228921797926177,0.10882053078913467,0.14046537517312435,0.24353370025926455,0.14661272698761985,0.10851192554917416,0.14048493817756702,0.17424298953995387,0.17501050570590046,0.15505601755219017,0.19382301267715232,0.15589519533172516,0.13455926270933385,0.15465863481023606,0.2228966251535213,0.20894043696973486,0.15905352991866384,0.1961535128590972,0.15604585707429933,0.0888166179402647,0.10384375771973281,0.1313197158903646,0.13652951849101946,0.12197486388359156,0.23200703790835336,0.15032554599368878,0.20613287746192036,0.18573359374933637,0.1536874223456245,0.19451720812316606,0.1819667561832889,0.16498838371953606,0.15637754599523673,0.14604298318577966,0.14477896530549686,0.14950747270560744,0.16522741556581722,0.20133586129981185,0.1558697495113685,0.1567310729290641,0.1943754016814037,0.1378547905745779,0.15063344532618686,0.2047773939242796,0.12398259445099905,0.18295320668695908,0.24107980265289383,0.1077620503608786,0.14018875181375978,0.1605158841162899,0.16097783365426505,0.03638853688791639,0.15588247242154685,0.1046470077111677,0.1297862575095372,0.19723662368320655,0.23013940329361274
506,Lachlan McNeil,Western Bulldogs,0.1334180791747917,0.17403015959454254,0.10518518012294834,0.16467325331879437,0.12497593494540794,0.17933082708412984,0.1484187145129558,0.2223663670255162,0.15049579007685418,0.1692643809973969,0.17794353024698176,0.20725295013547707,0.11407210040130111,0.12904933293534332,0.10726732093716161,0.15932030688748486,0.15787711360204862,0.17389213456414482,0.15979063275949046,0.1697743147008154,0.1569625250745308,0.14233765348564278,0.0954255068632506,0.11890226300189247,0.15314416035747466,0.2210277851234002,0.14653923114274722,0.14051916943792508,0.15302215144665357,0.14764055119312358,0.12524236869251,0.10072356053891954,0.20322962994432253,0.15535201605204363,0.15973550548376275,0.1442516704427424,0.08464410653975415,0.0922290021536253,0.15567816599789144,0.14237115192963534,0.1533297413793104,0.18583737579878146,0.1860068967079931,0.14413280048285101,0.14192804199403958,0.185562354003942,0.10822758779009248,0.11175240734664484,0.08329002066142878,0.17872390159999585,0.1489233545338103,0.03329832834470439,0.15175897076175388,0.09288428561909849,0.11101572005932539,0.17885074902617984,0.20642816949629036
178,Buku Khamis,Western Bulldogs,0.0631660626695233,0.069139715160402,0.09401382114602866,0.11079699669011998,0.16437328558440495,0.12895461599271454,0.14091545223874402,0.14032819582481482,0.10006862687123858,0.1597206096047818,0.09845074529880721,0.1654968193074507,0.13854156393450762,0.10292525343461237,0.12019495886227372,0.14220065893243744,0.1166140114818783,0.10378593161722624,0.1466014947657769,0.08884750025106007,0.08231484813811786,0.13542308208298512,0.12083467951533,0.11217586648886504,0.12368383996454939,0.1676077102689354,0.166838863921198,0.16918306913589037,0.14304110509622273,0.13235257207003903,0.14138418833019947,0.14934176565694798,0.11924159784270393,0.12533434409340527,0.12885133403723745,0.0707701298915065,0.13146435965853429,0.11035588450755045,0.12554506056589848,0.10669162196856286,0.16139346758094272,0.12843235637773945,0.11567915686085893,0.12367108694425824,0.09411486264730497,0.13708787447839016,0.14362168820942106,0.07754739864591281,0.12269969148376932,0.14546045968352017,0.12414560571631203,0.026946551336533706,0.12543970232965188,0.0721594699861598,0.09754454582464324,0.14717421138203166,0.1665637447753798
162,James O'Donnell,Western Bulldogs,0.12346196499323014,0.1213947201739715,0.19206355496658656,0.10873210866357212,0.16215997798341528,0.14983601793960627,0.14827724353251423,0.13816917513342164,0.12627106308690553,0.11470184461068307,0.08016975677812019,0.14664731758614885,0.10225735495098848,0.11661092852212089,0.124037554559562,0.11763931048556855,0.12316622950864009,0.07210093804027108,0.07925065098239827,0.0765903123290482,0.10194981957821626,0.16222650081422563,0.1500881995485116,0.1666743293762968,0.11559348950340001,0.07324208707556387,0.1612482043140152,0.07764603943116644,0.10134140107386663,0.14079687549445116,0.05953461402250138,0.0931580206063267,0.13616322212702084,0.108213330435778,0.12139709755122194,0.0866228447017082,0.08396240179801683,0.1479976472868148,0.1256479879315853,0.12543152317007714,0.1903224734171579,0.1259174639148265,0.1318740640453378,0.14376282148498165,0.1223956905006396,0.11349835287027867,0.1038063992506407,0.12752685957067142,0.10649095281488845,0.06745527889249561,0.11991048034858912,0.030772256299493785,0.12189639402593078,0.07233487359250611,0.08316973898885843,0.14860302738359646,0.16576252452107218
602,Cody Weightman,Western Bulldogs,0.10538840723270619,0.11478075210924034,0.1315391173713769,0.16803822801972199,0.09494595006157584,0.11387558120262106,0.11483830111615913,0.12424550975754015,0.07688412832639085,0.10427994470623424,0.12371153677655958,0.11056841501227369,0.07487045599835067,0.11753812416236686,0.09182346880208009,0.12339518381988789,0.09567105780587563,0.13224521876606435,0.08989772617787663,0.10097059396111874,0.14847931075094872,0.0930076967715735,0.09183756103403073,0.11041506960132211,0.11317973884086002,0.1272399156868603,0.08737558007400431,0.09800248748004074,0.17500886088858855,0.08747964851900117,0.06129257419557832,0.09025812557789818,0.1849260130477608,0.10643775381207764,0.12958165806663655,0.11791713930030516,0.134786027500124,0.11874512524603019,0.13870561685627827,0.09882419451549868,0.10867199870684709,0.1436903861262009,0.07323180416705598,0.09170357902816334,0.10867549872202267,0.09322930124417671,0.11292262363786842,0.11813036056644192,0.06585747253735336,0.09808475782116177,0.1107441116301746,0.025620139504719794,0.10954528416167239,0.0735677277924714,0.09018280210329367,0.13168669256286658,0.16402864997962335
168,Oskar Baker,Western Bulldogs,0.08988449142530747,0.10306647975935523,0.11105606439327288,0.09571726795567764,0.09353060976910868,0.09601860179140104,0.08874173056857748,0.11300080051129999,0.10270983773438169,0.0854000560878924,0.0727197346311928,0.12493493921514523,0.10078829753107944,0.07063105244660858,0.08864625414397928,0.08614548168023284,0.09432155962123025,0.10186835602851514,0.09973681015013805,0.08897638756672077,0.10361736813329654,0.09531680148437136,0.06013370100860763,0.09120143940507822,0.08624406393402678,0.10320928732103536,0.10483774458457087,0.09602194909059944,0.08776032078191143,0.14142077439522338,0.13684751374036758,0.1027895151488224,0.10689387362117872,0.12782431957995355,0.1041292396454512,0.1033863497422389,0.10877977629461066,0.08466925746755866,0.0813406410264023,0.10556636119377578,0.1373166432749711,0.07567047696464763,0.11412015557357591,0.12296395441255399,0.07699277540847899,0.10256111247793072,0.08402024043769155,0.08981454317328247,0.12306269533257765,0.09246900853502535,0.09917753432401867,0.017147355077745074,0.09787937962036874,0.07332463680955104,0.08524731917624265,0.11323474571931565,0.13499775893748264
554,Nick Coffield,Western Bulldogs,0.05437030494630653,0.055386896165357295,0.09237076673996454,0.04924045271609998,0.08104073716986891,0.08177612250908813,0.04083373235856311,0.06133977340514124,0.04985328853527255,0.07906324229300786,0.046723398966730785,0.07155401193334379,0.05200143248407349,0.08182366127184137,0.05912905363868083,0.08041956352801667,0.06014041872486191,0.07749007970525805,0.08324175862718101,0.08603299785822596,0.08873190414441672,0.08769774774209907,0.0651698290450045,0.08485003267594252,0.027545974177636618,0.056352443758239744,0.08741641723736684,0.053575269440596415,0.03740670980482973,0.03529628893052993,0.039445416105317405,0.06513202780319155,0.08569992323156778,0.0830817911167289,0.05221139289671303,0.023410699427701603,0.06656571617693914,0.038342374291957665,0.07573151552868432,0.11436954567607432,0.05382045927301364,0.1179376942510197,0.1045729313835555,0.058588502829385526,0.06734247524635412,0.08074026250391902,0.06568845558881603,0.08763488514630613,0.10641144793901938,0.11615965441305837,0.06941522962725738,0.02271131134480877,0.06695409571164662,0.03572892520976139,0.04871438848248182,0.08764802342882685,0.11273813563997802
173,Sam Davidson,Western Bulldogs,0.03022157107694051,0.059934919283118254,0.04404847680661473,0.05705332363664638,0.07241061394770934,0.07411940566537015,0.06508060485463796,0.07039226480337951,0.057393261079934026,0.046909410708505586,0.10372279484688418,0.057469528614498444,0.07697706062240987,0.05702469386679912,0.06655261959580253,0.06742950482808908,0.05694469004813829,0.09884202772220438,0.05837304240410009,0.07598453588097223,0.029370294229597513,0.050819444879196145,0.06792669772517528,0.02481870610034575,0.03606385315726525,0.042594223350675774,0.08254518323488508,0.07207363290941735,0.05852252058029299,0.049042245723121616,0.040229952055862855,0.07966442721642503,0.06416480071652483,0.058739186618444864,0.04205891810858471,0.05772252178599828,0.07506188414086135,0.06554727179303353,0.06443221084994284,0.07698663122586148,0.06110461388670157,0.07840005255697105,0.05335598980458791,0.07787526253854285,0.04806389351018196,0.037643807805098115,0.05104275094615514,0.09782873457378824,0.053346159949222455,0.07989525607997483,0.06147650956690983,0.017354283736188643,0.05933705295078156,0.03141923890340708,0.043744537834323485,0.07717235517021188,0.09469560654931301
543,Adam Treloar,Western Bulldogs,0.045775516442076884,0.06054753602420451,0.02808001179213094,0.048455774374573865,0.05890853408529903,0.04658908187718289,0.0851727810925379,0.08135500741238469,0.0186813156089367,0.018706558154648303,0.03550731851361125,0.04939940324236988,0.047550989084224934,0.047388647388647384,0.015787302078498124,0.06064719055310028,0.0709053206688539,0.055333465059730774,0.04549331006826876,0.043497702787228455,0.03180339902331604,0.036589396820665886,0.036567217675833555,0.0513833085218208,0.05634214026429793,0.03819366916269572,0.03139097720968262,0.04494772028672872,0.01801801801801802,0.04923023501355909,0.043992499428800104,0.06686140653749469,0.0917248986722946,0.02456650159111776,0.07532701280574787,0.04123487501230552,0.08194625009968455,0.04054826807858674,0.06317814865415325,0.05610910549538711,0.058133200380762313,0.051505947508567206,0.07970206629626404,0.03584006110331374,0.05332648366818412,0.08229437163769777,0.0642974393933583,0.051200278667159725,0.04871479107092425,0.05225824385121432,0.05042021396516292,0.01826282408349213,0.04897251304224167,0.01868649033080758,0.03473319934013955,0.06770658459094875,0.08222300672240507
504,Josh Dolan,Western Bulldogs,0.027803748680510595,0.061350817315334184,0.030627557272519576,0.04151509032763303,0.0416019143998873,0.03748175603576214,0.07681635574022509,0.02682427003132694,0.0551090804723607,0.02356312703230664,0.048350387218438526,0.03967140922280921,0.040507156754553963,0.015453545994292377,0.07126011935323114,0.03759083053786457,0.018450184501845015,0.05572312852277388,0.04294602727995776,0.024375423133547548,0.050316853835379094,0.044099893000625855,0.052174599128269106,0.036981350695210774,0.043637160829383875,0.0591920295507409,0.07088851196157661,0.018346206719660172,0.014299945834791853,0.053815257761048965,0.033483178119289775,0.035080435782664315,0.05683954586641579,0.024402740480794237,0.05471788239161404,0.044319664082313893,0.0804706045959441,0.06432888401240058,0.06625710877711069,0.05248667367217072,0.011090939226404726,0.00910278179757259,0.04846956566132949,0.04704288544748346,0.029962546816479405,0.06787833105677056,0.03921284268798824,0.0384654433288782,0.025948296033650734,0.029499144763017817,0.04239666467488321,0.017499116552145096,0.041558502363760165,0.01453643386748946,0.02439703115521968,0.059643216193540884,0.07118393983794195
613,Luke Kennedy,Western Bulldogs,0.01683029453015428,0.023735599959042383,0.029099962996706124,0.028443513737687026,0.031923378247312575,0.016884791685287098,0.029499989716678547,0.02526947679930766,0.02365489275082975,0.044684121274304434,0.0410470057854444,0.021990415179848656,0.016423157602379786,0.04119261651898809,0.03729800578822826,0.03039099732145964,0.031400021547537356,0.031653205083122804,0.045191968067333596,0.01510002112059862,0.026544351821295067,0.05417067117895395,0.02447649288701759,0.018752384645613258,0.038024096690144796,0.0509245772002569,0.029794245234921524,0.04379382070028807,0.03750969893643928,0.03723312341901456,0.029688565486804364,0.019405220797332583,0.004234297812279465,0.01081633756208217,0.07347314525318291,0.028416911802605468,0.03698822389939977,0.034930569454566,0.011590470057952353,0.00411522633744856,0.02153063201025427,0.021247382778959514,0.032944241623648056,0.04594073396301809,0.012508066733085209,0.039286133615122704,0.03976595705511815,0.03589613303631037,0.015614834092387769,0.024561661045050406,0.029717832856856082,0.013183154989977417,0.029594277601741457,0.010975034723735557,0.016745202912249412,0.04107743842875503,0.049902889336622916
541,Lachlan Smith,Western Bulldogs,0.010557184750733136,0.021634615384615388,0.01070791195716835,0.025469981807155852,0.024866785079928958,0.010495626822157428,0.025134649910233398,0.020689655172413796,0.01440576230492197,0.025,0.025469981807155845,0.03527336860670193,0.01876172607879925,0.01801801801801801,0.02173913043478262,0.01094224924012158,0.02444703143189755,0.024940617577197146,0.021301775147928997,0.010804321728691479,0.01723147616312464,0.020833333333333336,0.021937842778793414,0.01031518624641834,0.0071770334928229675,0.033746088013369126,0.021937842778793418,0.003556609365737996,0.021621621621621623,0.0,0.01788908765652952,0.010784901138406229,0.0139778683750728,0.010398613518197573,0.014328358208955224,0.032219570405727926,0.03470213996529786,0.014192785334121825,0.014285714285714287,0.0036101083032490985,0.021608643457382958,0.026070763500931095,0.03786574870912222,0.018292682926829267,0.02144133412745683,0.014527845036319606,0.021831412977562154,0.01779359430604982,0.01415929203539823,0.0218978102189781,0.018817914030838805,0.008263013489119658,0.019725690625606522,0.004341327967111742,0.010676409971023391,0.025204734276690188,0.034506149315152466
518,Harvey Gallagher,Western Bulldogs,0.004081632653061224,0.0038314176245210735,0.0,0.0,0.0039814200398142026,0.0,0.003908794788273617,0.004098360655737706,0.0,0.0,0.0038387715930902127,0.0,0.003880983182406211,0.0038461538461538464,0.0038610038610038615,0.0,0.004026845637583892,0.004010695187165777,0.01605351170568562,0.0036742192284139625,0.0,0.016205266711681307,0.0,0.0,0.0040404040404040395,0.0,0.0,0.0,0.003129890453834115,0.008152173913043483,0.0,0.0,0.007827788649706461,0.0,0.0,0.0,0.0038734667527437062,0.003992015968063873,0.008444757213230122,0.0,0.004081632653061226,0.0038734667527437067,0.0,0.0,0.006996879089902347,0.0,0.0039473684210526334,0.01145410317236943,0.0,0.0038834951456310687,0.003059930378807575,0.003873825849093545,0.003752818426467518,0.0,0.0,0.00408512880562061,0.010837187250745854
519,Louis Emmett,Western Bulldogs,0.008113590263691685,0.0036057692307692314,0.0,0.0,0.0,0.015311578163428916,0.0,0.0,0.0,0.0039814200398142,0.016757147801260128,0.004135079255685735,0.012561982227372257,0.004040404040404041,0.0,0.003963011889035669,0.0,0.0,0.005354752342704146,0.004000000000000001,0.004143646408839781,0.0,0.0,0.0,0.0038809831824062097,0.0,0.0,0.0,0.003129890453834115,0.0,0.008391608391608393,0.0,0.00410116199589884,0.0,0.0,0.0038860103626943004,0.0,0.0,0.0,0.0,0.0,0.0,0.0039973351099267165,0.0,0.004081632653061227,0.007648025516108015,0.0,0.0,0.0,0.0,0.002501700586570872,0.004000278549582587,0.0,0.0,0.0,0.00413686979069493,0.011707055591040643
545,Ryan Gardner,Western Bulldogs,0.00420757363253857,0.0,0.00822481151473612,0.0,0.0,0.004152249134948097,0.0,0.0,0.004087193460490465,0.0,0.00398671096345515,0.0,0.0,0.0,0.0,0.0,0.0,0.0,0.004098360655737706,0.0,0.0,0.0038684719535783374,0.00407055630936228,0.0,0.0,0.0,0.0,0.0,0.0,0.0,0.0,0.0,0.004234297812279465,0.0,0.0,0.0,0.004112405757368059,0.0041293874741913286,0.0,0.0,0.0,0.0,0.0,0.0,0.0,0.0,0.0,0.004029550033579583,0.0,0.004109589041095891,0.0011462231548672209,0.002034649202039866,0.0,0.0,0.0,0.004089527404297138,0.004196232110532523
555,Laitham Vandermeer,Western Bulldogs,0.0,0.0,0.0,0.0,0.0,0.0,0.0,0.0,0.0,0.0,0.0,0.0,0.0,0.009090909090909096,0.0,0.0,0.0,0.009216589861751152,0.0,0.0036742192284139625,0.0,0.0,0.0,0.0,0.0,0.0,0.003705991352686845,0.0,0.0,0.0,0.0,0.0,0.0,0.0,0.0,0.0,0.0,0.0,0.0,0.0,0.0,0.0,0.00894854586129754,0.0,0.0,0.0,0.0,0.0,0.0,0.0,0.0006927251079011719,0.00226286564256816,0.0,0.0,0.0,0.0,0.00787382218703232
594,Luke Cleary,Western Bulldogs,0.007910349373764008,0.0,0.008113590263691687,0.0,0.0,0.0,0.0,0.0,0.0,0.0,0.0,0.003973509933774834,0.0079155672823219,0.0,0.0,0.0,0.0,0.0,0.0,0.0,0.0,0.0,0.0,0.0,0.0,0.0,0.0,0.0,0.0,0.0,0.0,0.0,0.0,0.0,0.0,0.0,0.0,0.0,0.0,0.0,0.0,0.0,0.0,0.0,0.0,0.003992015968063872,0.0,0.0,0.0,0.0,0.0006381006564323261,0.00203252396566518,0.0,0.0,0.0,0.0,0.007107091025595459
663,Lachlan Carmichael,Western Bulldogs,0.0,0.0,0.0,0.0,0.0,0.004152249134948097,0.00835654596100279,0.0,0.0,0.0,0.0,0.0,0.0,0.0,0.0,0.0,0.0,0.0,0.0,0.0,0.0,0.0,0.0,0.0,0.0,0.0,0.0,0.0,0.0,0.0,0.0,0.0,0.0,0.0,0.0,0.0,0.0,0.0,0.0,0.0,0.0,0.0,0.0,0.0,0.0,0.0,0.0,0.0,0.0,0.0,0.0002501759019190177,0.0013088679809167042,0.0,0.0,0.0,0.0,0.0
