,Name,Team,Sample 0,Mean,Std,Median,5th,16th,84th,95th
323,Jordan Dawson,Adelaide,8.957749007412023,8.957749007412023,,8.957749007412023,8.957749007412023,8.957749007412023,8.957749007412023,8.957749007412023
434,Izak Rankine,Adelaide,8.412411910420607,8.412411910420607,,8.412411910420607,8.412411910420607,8.412411910420607,8.412411910420607,8.412411910420607
320,Sam Berry,Adelaide,5.867652476217078,5.867652476217078,,5.867652476217078,5.867652476217078,5.867652476217078,5.867652476217078,5.867652476217078
314,Wayne Milera,Adelaide,4.476500294584476,4.476500294584476,,4.476500294584476,4.476500294584476,4.476500294584476,4.476500294584476,4.476500294584476
318,Josh Rachele,Adelaide,4.321466163241891,4.321466163241891,,4.321466163241891,4.321466163241891,4.321466163241891,4.321466163241891,4.321466163241891
324,James Peatling,Adelaide,3.818951261742001,3.818951261742001,,3.818951261742001,3.818951261742001,3.818951261742001,3.818951261742001,3.818951261742001
327,Lachlan McAndrew,Adelaide,3.4002139588807436,3.4002139588807436,,3.4002139588807436,3.4002139588807436,3.4002139588807436,3.4002139588807436,3.4002139588807436
317,Josh Worrell,Adelaide,3.3200508264710122,3.3200508264710122,,3.3200508264710122,3.3200508264710122,3.3200508264710122,3.3200508264710122,3.3200508264710122
315,Riley Thilthorpe,Adelaide,3.232413749539091,3.232413749539091,,3.232413749539091,3.232413749539091,3.232413749539091,3.232413749539091,3.232413749539091
319,Rory Laird,Adelaide,3.175661410574801,3.175661410574801,,3.175661410574801,3.175661410574801,3.175661410574801,3.175661410574801,3.175661410574801
316,Alex Neal-Bullen,Adelaide,2.9164467028408025,2.9164467028408025,,2.9164467028408025,2.9164467028408025,2.9164467028408025,2.9164467028408025,2.9164467028408025
330,Ben Keays,Adelaide,2.832677215112728,2.832677215112728,,2.832677215112728,2.832677215112728,2.832677215112728,2.832677215112728,2.832677215112728
321,Brayden Cook,Adelaide,2.78712781463574,2.78712781463574,,2.78712781463574,2.78712781463574,2.78712781463574,2.78712781463574,2.78712781463574
326,Jake Soligo,Adelaide,2.482326151189174,2.482326151189174,,2.482326151189174,2.482326151189174,2.482326151189174,2.482326151189174,2.482326151189174
325,Taylor Walker,Adelaide,2.383494285648439,2.383494285648439,,2.383494285648439,2.383494285648439,2.383494285648439,2.383494285648439,2.383494285648439
328,Darcy Fogarty,Adelaide,2.211740293650809,2.211740293650809,,2.211740293650809,2.211740293650809,2.211740293650809,2.211740293650809,2.211740293650809
556,Daniel Curtin,Adelaide,2.0224807898005777,2.0224807898005777,,2.0224807898005777,2.0224807898005777,2.0224807898005777,2.0224807898005777,2.0224807898005777
329,Max Michalanney,Adelaide,1.5289289226908627,1.5289289226908627,,1.5289289226908627,1.5289289226908627,1.5289289226908627,1.5289289226908627,1.5289289226908627
451,Zac Taylor,Adelaide,1.4869215402839688,1.4869215402839688,,1.4869215402839688,1.4869215402839688,1.4869215402839688,1.4869215402839688,1.4869215402839688
453,Luke Nankervis,Adelaide,1.458358894277761,1.458358894277761,,1.458358894277761,1.458358894277761,1.458358894277761,1.458358894277761,1.458358894277761
322,Isaac Cumming,Adelaide,1.3848463906608126,1.3848463906608126,,1.3848463906608126,1.3848463906608126,1.3848463906608126,1.3848463906608126,1.3848463906608126
601,Hugo Hall-Kahan,Adelaide,1.37529845950109,1.37529845950109,,1.37529845950109,1.37529845950109,1.37529845950109,1.37529845950109,1.37529845950109
489,James Borlase,Adelaide,0.9949271920943675,0.9949271920943675,,0.9949271920943675,0.9949271920943675,0.9949271920943675,0.9949271920943675,0.9949271920943675
626,Mark Keane,Adelaide,0.9499979106348686,0.9499979106348686,,0.9499979106348686,0.9499979106348686,0.9499979106348686,0.9499979106348686,0.9499979106348686
336,Toby Murray,Adelaide,0.7695480419435098,0.7695480419435098,,0.7695480419435098,0.7695480419435098,0.7695480419435098,0.7695480419435098,0.7695480419435098
331,Nick Murray,Adelaide,0.6613067347372131,0.6613067347372131,,0.6613067347372131,0.6613067347372131,0.6613067347372131,0.6613067347372131,0.6613067347372131
333,Luke Pedlar,Adelaide,0.5246925060604374,0.5246925060604374,,0.5246925060604374,0.5246925060604374,0.5246925060604374,0.5246925060604374,0.5246925060604374
334,Callum Ah Chee,Adelaide,0.492507376185525,0.492507376185525,,0.492507376185525,0.492507376185525,0.492507376185525,0.492507376185525,0.492507376185525
335,Jordon Butts,Adelaide,0.45229599600863224,0.45229599600863224,,0.45229599600863224,0.45229599600863224,0.45229599600863224,0.45229599600863224,0.45229599600863224
632,Billy Dowling,Adelaide,0.4451709679170447,0.4451709679170447,,0.4451709679170447,0.4451709679170447,0.4451709679170447,0.4451709679170447,0.4451709679170447
654,Oscar Ryan,Adelaide,0.29365295746929404,0.29365295746929404,,0.29365295746929404,0.29365295746929404,0.29365295746929404,0.29365295746929404,0.29365295746929404
332,Hugh Bond,Adelaide,0.23870402678145347,0.23870402678145347,,0.23870402678145347,0.23870402678145347,0.23870402678145347,0.23870402678145347,0.23870402678145347
454,Finnbar Maley,Adelaide,0.1807646538048171,0.1807646538048171,,0.1807646538048171,0.1807646538048171,0.1807646538048171,0.1807646538048171,0.1807646538048171
433,Chayce Jones,Adelaide,0.1584895800123639,0.1584895800123639,,0.1584895800123639,0.1584895800123639,0.1584895800123639,0.1584895800123639,0.1584895800123639
490,Reilly OBrien,Adelaide,0.1285019027620287,0.1285019027620287,,0.1285019027620287,0.1285019027620287,0.1285019027620287,0.1285019027620287,0.1285019027620287
534,Charlie Edwards,Adelaide,0.10510816918593636,0.10510816918593636,,0.10510816918593636,0.10510816918593636,0.10510816918593636,0.10510816918593636,0.10510816918593636
655,Archie Ludowyke,Adelaide,0.09975317951742234,0.09975317951742234,,0.09975317951742234,0.09975317951742234,0.09975317951742234,0.09975317951742234,0.09975317951742234
511,Mitchell Hinge,Adelaide,0.04370854994319301,0.04370854994319301,,0.04370854994319301,0.04370854994319301,0.04370854994319301,0.04370854994319301,0.04370854994319301
144,Will Ashcroft,Brisbane,10.529368686213084,10.529368686213084,,10.529368686213084,10.529368686213084,10.529368686213084,10.529368686213084,10.529368686213084
139,Lachie Neale,Brisbane,9.730210908498663,9.730210908498663,,9.730210908498663,9.730210908498663,9.730210908498663,9.730210908498663,9.730210908498663
154,Zac Bailey,Brisbane,6.6547158126714105,6.6547158126714105,,6.6547158126714105,6.6547158126714105,6.6547158126714105,6.6547158126714105,6.6547158126714105
152,Logan Morris,Brisbane,4.836965482339319,4.836965482339319,,4.836965482339319,4.836965482339319,4.836965482339319,4.836965482339319,4.836965482339319
155,Josh Dunkley,Brisbane,4.807223167982809,4.807223167982809,,4.807223167982809,4.807223167982809,4.807223167982809,4.807223167982809,4.807223167982809
156,Darcy Wilmot,Brisbane,4.210721988260551,4.210721988260551,,4.210721988260551,4.210721988260551,4.210721988260551,4.210721988260551,4.210721988260551
150,Kai Lohmann,Brisbane,3.9252639374083085,3.9252639374083085,,3.9252639374083085,3.9252639374083085,3.9252639374083085,3.9252639374083085,3.9252639374083085
169,Levi Ashcroft,Brisbane,3.775878213483045,3.775878213483045,,3.775878213483045,3.775878213483045,3.775878213483045,3.775878213483045,3.775878213483045
140,Charlie Cameron,Brisbane,3.3126496521165327,3.3126496521165327,,3.3126496521165327,3.3126496521165327,3.3126496521165327,3.3126496521165327,3.3126496521165327
167,Cam Rayner,Brisbane,3.301427917354903,3.301427917354903,,3.301427917354903,3.301427917354903,3.301427917354903,3.301427917354903,3.301427917354903
149,Jarrod Berry,Brisbane,3.146896016560366,3.146896016560366,,3.146896016560366,3.146896016560366,3.146896016560366,3.146896016560366,3.146896016560366
142,Dayne Zorko,Brisbane,3.0858734086087676,3.0858734086087676,,3.0858734086087676,3.0858734086087676,3.0858734086087676,3.0858734086087676,3.0858734086087676
160,Jaspa Fletcher,Brisbane,2.885540488433522,2.885540488433522,,2.885540488433522,2.885540488433522,2.885540488433522,2.885540488433522,2.885540488433522
313,Sam Draper,Brisbane,2.5884712017187708,2.5884712017187708,,2.5884712017187708,2.5884712017187708,2.5884712017187708,2.5884712017187708,2.5884712017187708
153,Harris Andrews,Brisbane,2.57165698158416,2.57165698158416,,2.57165698158416,2.57165698158416,2.57165698158416,2.57165698158416,2.57165698158416
183,Hugh McCluggage,Brisbane,2.3200648691207335,2.3200648691207335,,2.3200648691207335,2.3200648691207335,2.3200648691207335,2.3200648691207335,2.3200648691207335
151,Ryan Lester,Brisbane,2.261691659552393,2.261691659552393,,2.261691659552393,2.261691659552393,2.261691659552393,2.261691659552393,2.261691659552393
168,Darcy Fort,Brisbane,2.105879620528218,2.105879620528218,,2.105879620528218,2.105879620528218,2.105879620528218,2.105879620528218,2.105879620528218
165,Bruce Reville,Brisbane,1.7293839123204877,1.7293839123204877,,1.7293839123204877,1.7293839123204877,1.7293839123204877,1.7293839123204877,1.7293839123204877
553,Conor McKenna,Brisbane,1.6604291622639291,1.6604291622639291,,1.6604291622639291,1.6604291622639291,1.6604291622639291,1.6604291622639291,1.6604291622639291
170,Keidean Coleman,Brisbane,1.2997681015403824,1.2997681015403824,,1.2997681015403824,1.2997681015403824,1.2997681015403824,1.2997681015403824,1.2997681015403824
177,Ty Gallop,Brisbane,0.9729344031350949,0.9729344031350949,,0.9729344031350949,0.9729344031350949,0.9729344031350949,0.9729344031350949,0.9729344031350949
312,Noah Answerth,Brisbane,0.9571424051176453,0.9571424051176453,,0.9571424051176453,0.9571424051176453,0.9571424051176453,0.9571424051176453,0.9571424051176453
623,Eric Hipwood,Brisbane,0.9303396006826653,0.9303396006826653,,0.9303396006826653,0.9303396006826653,0.9303396006826653,0.9303396006826653,0.9303396006826653
172,Oscar Allen,Brisbane,0.9029542967355182,0.9029542967355182,,0.9029542967355182,0.9029542967355182,0.9029542967355182,0.9029542967355182,0.9029542967355182
311,Lincoln McCarthy,Brisbane,0.8595137986874313,0.8595137986874313,,0.8595137986874313,0.8595137986874313,0.8595137986874313,0.8595137986874313,0.8595137986874313
309,James Tunstill,Brisbane,0.7456817258217708,0.7456817258217708,,0.7456817258217708,0.7456817258217708,0.7456817258217708,0.7456817258217708,0.7456817258217708
182,Darcy Gardiner,Brisbane,0.7215796910149065,0.7215796910149065,,0.7215796910149065,0.7215796910149065,0.7215796910149065,0.7215796910149065,0.7215796910149065
604,Shadeau Brain,Brisbane,0.16699477679812313,0.16699477679812313,,0.16699477679812313,0.16699477679812313,0.16699477679812313,0.16699477679812313,0.16699477679812313
481,Darragh Joyce,Brisbane,0.15765818596710518,0.15765818596710518,,0.15765818596710518,0.15765818596710518,0.15765818596710518,0.15765818596710518,0.15765818596710518
310,Daniel Annable,Brisbane,0.11970033761072424,0.11970033761072424,,0.11970033761072424,0.11970033761072424,0.11970033761072424,0.11970033761072424,0.11970033761072424
557,Cody Curtin,Brisbane,0.07666916538103555,0.07666916538103555,,0.07666916538103555,0.07666916538103555,0.07666916538103555,0.07666916538103555,0.07666916538103555
175,Zane Zakostelsky,Brisbane,0.060862138665759694,0.060862138665759694,,0.060862138665759694,0.060862138665759694,0.060862138665759694,0.060862138665759694,0.060862138665759694
575,Sam Marshall,Brisbane,0.038638153496110925,0.038638153496110925,,0.038638153496110925,0.038638153496110925,0.038638153496110925,0.038638153496110925,0.038638153496110925
593,Will McLachlan,Brisbane,0.014097548019356494,0.014097548019356494,,0.014097548019356494,0.014097548019356494,0.014097548019356494,0.014097548019356494,0.014097548019356494
33,Patrick Cripps,Carlton,8.123514614313525,8.123514614313525,,8.123514614313525,8.123514614313525,8.123514614313525,8.123514614313525,8.123514614313525
7,Sam Walsh,Carlton,7.041967517930239,7.041967517930239,,7.041967517930239,7.041967517930239,7.041967517930239,7.041967517930239,7.041967517930239
25,Jagga Smith,Carlton,5.579900118510906,5.579900118510906,,5.579900118510906,5.579900118510906,5.579900118510906,5.579900118510906,5.579900118510906
32,George Hewett,Carlton,5.5391244271600435,5.5391244271600435,,5.5391244271600435,5.5391244271600435,5.5391244271600435,5.5391244271600435,5.5391244271600435
23,Oliver Florent,Carlton,3.8401405777773467,3.8401405777773467,,3.8401405777773467,3.8401405777773467,3.8401405777773467,3.8401405777773467,3.8401405777773467
28,Ben Ainsworth,Carlton,3.210284075537394,3.210284075537394,,3.210284075537394,3.210284075537394,3.210284075537394,3.210284075537394,3.210284075537394
35,Harry McKay,Carlton,3.1615771195219677,3.1615771195219677,,3.1615771195219677,3.1615771195219677,3.1615771195219677,3.1615771195219677,3.1615771195219677
485,Adam Cerra,Carlton,2.9236144911855204,2.9236144911855204,,2.9236144911855204,2.9236144911855204,2.9236144911855204,2.9236144911855204,2.9236144911855204
9,Marc Pittonet,Carlton,2.8677768599170084,2.8677768599170084,,2.8677768599170084,2.8677768599170084,2.8677768599170084,2.8677768599170084,2.8677768599170084
37,Will Hayward,Carlton,2.850299167418311,2.850299167418311,,2.850299167418311,2.850299167418311,2.850299167418311,2.850299167418311,2.850299167418311
480,Francis Evans,Carlton,2.7267703391511837,2.7267703391511837,,2.7267703391511837,2.7267703391511837,2.7267703391511837,2.7267703391511837,2.7267703391511837
34,Brodie Kemp,Carlton,2.417268850981575,2.417268850981575,,2.417268850981575,2.417268850981575,2.417268850981575,2.417268850981575,2.417268850981575
484,Nic Newman,Carlton,2.1261132190157643,2.1261132190157643,,2.1261132190157643,2.1261132190157643,2.1261132190157643,2.1261132190157643,2.1261132190157643
564,Billy Wilson,Carlton,1.9617009336357294,1.9617009336357294,,1.9617009336357294,1.9617009336357294,1.9617009336357294,1.9617009336357294,1.9617009336357294
510,Nick Haynes,Carlton,1.890249114879756,1.890249114879756,,1.890249114879756,1.890249114879756,1.890249114879756,1.890249114879756,1.890249114879756
40,Mitch McGovern,Carlton,1.8406825254913364,1.8406825254913364,,1.8406825254913364,1.8406825254913364,1.8406825254913364,1.8406825254913364,1.8406825254913364
596,Blake Acres,Carlton,1.8024731470331075,1.8024731470331075,,1.8024731470331075,1.8024731470331075,1.8024731470331075,1.8024731470331075,1.8024731470331075
249,Lachlan Cowan,Carlton,1.7878400430654,1.7878400430654,,1.7878400430654,1.7878400430654,1.7878400430654,1.7878400430654,1.7878400430654
479,Talor Byrne,Carlton,1.3010045497203182,1.3010045497203182,,1.3010045497203182,1.3010045497203182,1.3010045497203182,1.3010045497203182,1.3010045497203182
24,Cooper Lord,Carlton,1.18206013072061,1.18206013072061,,1.18206013072061,1.18206013072061,1.18206013072061,1.18206013072061,1.18206013072061
240,Matthew Carroll,Carlton,1.0041302268552712,1.0041302268552712,,1.0041302268552712,1.0041302268552712,1.0041302268552712,1.0041302268552712,1.0041302268552712
488,Wade Derksen,Carlton,0.9752299678709718,0.9752299678709718,,0.9752299678709718,0.9752299678709718,0.9752299678709718,0.9752299678709718,0.9752299678709718
41,Harry Dean,Carlton,0.955564271622091,0.955564271622091,,0.955564271622091,0.955564271622091,0.955564271622091,0.955564271622091,0.955564271622091
551,Matthew Cottrell,Carlton,0.9403896675813952,0.9403896675813952,,0.9403896675813952,0.9403896675813952,0.9403896675813952,0.9403896675813952,0.9403896675813952
31,Oliver Hollands,Carlton,0.8748681596448279,0.8748681596448279,,0.8748681596448279,0.8748681596448279,0.8748681596448279,0.8748681596448279,0.8748681596448279
30,Zac Williams,Carlton,0.7648128255250644,0.7648128255250644,,0.7648128255250644,0.7648128255250644,0.7648128255250644,0.7648128255250644,0.7648128255250644
39,Jacob Weitering,Carlton,0.696219042769252,0.696219042769252,,0.696219042769252,0.696219042769252,0.696219042769252,0.696219042769252,0.696219042769252
43,Lewis Young,Carlton,0.6430221676205341,0.6430221676205341,,0.6430221676205341,0.6430221676205341,0.6430221676205341,0.6430221676205341,0.6430221676205341
581,Jack Ison,Carlton,0.5439348879071118,0.5439348879071118,,0.5439348879071118,0.5439348879071118,0.5439348879071118,0.5439348879071118,0.5439348879071118
29,Elijah Hollands,Carlton,0.48530136070793684,0.48530136070793684,,0.48530136070793684,0.48530136070793684,0.48530136070793684,0.48530136070793684,0.48530136070793684
45,Liam Reidy,Carlton,0.1825135460278372,0.1825135460278372,,0.1825135460278372,0.1825135460278372,0.1825135460278372,0.1825135460278372,0.1825135460278372
591,Flynn Young,Carlton,0.12905790618700125,0.12905790618700125,,0.12905790618700125,0.12905790618700125,0.12905790618700125,0.12905790618700125,0.12905790618700125
38,Campbell Chesser,Carlton,0.09767887627569613,0.09767887627569613,,0.09767887627569613,0.09767887627569613,0.09767887627569613,0.09767887627569613,0.09767887627569613
486,Jordan Boyd,Carlton,0.09409147639374135,0.09409147639374135,,0.09409147639374135,0.09409147639374135,0.09409147639374135,0.09409147639374135,0.09409147639374135
44,Adam Saad,Carlton,0.07724255521491478,0.07724255521491478,,0.07724255521491478,0.07724255521491478,0.07724255521491478,0.07724255521491478,0.07724255521491478
36,Ashton Moir,Carlton,0.04153786424761735,0.04153786424761735,,0.04153786424761735,0.04153786424761735,0.04153786424761735,0.04153786424761735,0.04153786424761735
252,Hudson O'Keeffe,Carlton,0.04082400878679611,0.04082400878679611,,0.04082400878679611,0.04082400878679611,0.04082400878679611,0.04082400878679611,0.04082400878679611
42,Lachie Fogarty,Carlton,0.028446894012035547,0.028446894012035547,,0.028446894012035547,0.028446894012035547,0.028446894012035547,0.028446894012035547,0.028446894012035547
642,Flynn Riley,Carlton,0.02099128159388375,0.02099128159388375,,0.02099128159388375,0.02099128159388375,0.02099128159388375,0.02099128159388375,0.02099128159388375
184,Nick Daicos,Collingwood,12.57023000875102,12.57023000875102,,12.57023000875102,12.57023000875102,12.57023000875102,12.57023000875102,12.57023000875102
186,Jordan de Goey,Collingwood,5.09652319235129,5.09652319235129,,5.09652319235129,5.09652319235129,5.09652319235129,5.09652319235129,5.09652319235129
185,Josh Daicos,Collingwood,4.988160820258966,4.988160820258966,,4.988160820258966,4.988160820258966,4.988160820258966,4.988160820258966,4.988160820258966
187,Darcy Cameron,Collingwood,4.735728013731794,4.735728013731794,,4.735728013731794,4.735728013731794,4.735728013731794,4.735728013731794,4.735728013731794
193,Jack Crisp,Collingwood,3.618410500118608,3.618410500118608,,3.618410500118608,3.618410500118608,3.618410500118608,3.618410500118608,3.618410500118608
189,Scott Pendlebury,Collingwood,3.6149579501368025,3.6149579501368025,,3.6149579501368025,3.6149579501368025,3.6149579501368025,3.6149579501368025,3.6149579501368025
191,Dan Houston,Collingwood,3.504017586555297,3.504017586555297,,3.504017586555297,3.504017586555297,3.504017586555297,3.504017586555297,3.504017586555297
219,Daniel McStay,Collingwood,3.12783442582992,3.12783442582992,,3.12783442582992,3.12783442582992,3.12783442582992,3.12783442582992,3.12783442582992
201,Patrick Lipinski,Collingwood,2.6945167552245524,2.6945167552245524,,2.6945167552245524,2.6945167552245524,2.6945167552245524,2.6945167552245524,2.6945167552245524
192,Lachie Schultz,Collingwood,2.5643129955952615,2.5643129955952615,,2.5643129955952615,2.5643129955952615,2.5643129955952615,2.5643129955952615,2.5643129955952615
223,Tim Membrey,Collingwood,2.2943352323677186,2.2943352323677186,,2.2943352323677186,2.2943352323677186,2.2943352323677186,2.2943352323677186,2.2943352323677186
196,Beau McCreery,Collingwood,2.2444286624250203,2.2444286624250203,,2.2444286624250203,2.2444286624250203,2.2444286624250203,2.2444286624250203,2.2444286624250203
209,Ned Long,Collingwood,2.15110051765278,2.15110051765278,,2.15110051765278,2.15110051765278,2.15110051765278,2.15110051765278,2.15110051765278
195,Isaac Quaynor,Collingwood,1.9666363346362823,1.9666363346362823,,1.9666363346362823,1.9666363346362823,1.9666363346362823,1.9666363346362823,1.9666363346362823
222,Edward Allan,Collingwood,1.9219398222416755,1.9219398222416755,,1.9219398222416755,1.9219398222416755,1.9219398222416755,1.9219398222416755,1.9219398222416755
213,Steele Sidebottom,Collingwood,1.890407663443076,1.890407663443076,,1.890407663443076,1.890407663443076,1.890407663443076,1.890407663443076,1.890407663443076
190,Brayden Maynard,Collingwood,1.7491488950407381,1.7491488950407381,,1.7491488950407381,1.7491488950407381,1.7491488950407381,1.7491488950407381,1.7491488950407381
456,Jeremy Howe,Collingwood,1.681916181685133,1.681916181685133,,1.681916181685133,1.681916181685133,1.681916181685133,1.681916181685133,1.681916181685133
214,Roan Steele,Collingwood,1.5406514665335538,1.5406514665335538,,1.5406514665335538,1.5406514665335538,1.5406514665335538,1.5406514665335538,1.5406514665335538
200,Harry Perryman,Collingwood,1.3411021954070648,1.3411021954070648,,1.3411021954070648,1.3411021954070648,1.3411021954070648,1.3411021954070648,1.3411021954070648
204,Billy Frampton,Collingwood,1.203489028213955,1.203489028213955,,1.203489028213955,1.203489028213955,1.203489028213955,1.203489028213955,1.203489028213955
512,Angus Anderson,Collingwood,1.12934472389865,1.12934472389865,,1.12934472389865,1.12934472389865,1.12934472389865,1.12934472389865,1.12934472389865
210,Jamie Elliott,Collingwood,1.0451676481070133,1.0451676481070133,,1.0451676481070133,1.0451676481070133,1.0451676481070133,1.0451676481070133,1.0451676481070133
627,Sam Swadling,Collingwood,1.0301209821107864,1.0301209821107864,,1.0301209821107864,1.0301209821107864,1.0301209821107864,1.0301209821107864,1.0301209821107864
599,Harvey Harrison,Collingwood,0.49413705250293316,0.49413705250293316,,0.49413705250293316,0.49413705250293316,0.49413705250293316,0.49413705250293316,0.49413705250293316
455,Oscar Steene,Collingwood,0.3829712774311146,0.3829712774311146,,0.3829712774311146,0.3829712774311146,0.3829712774311146,0.3829712774311146,0.3829712774311146
227,Jack Buller,Collingwood,0.3445078052329111,0.3445078052329111,,0.3445078052329111,0.3445078052329111,0.3445078052329111,0.3445078052329111,0.3445078052329111
576,Charlie West,Collingwood,0.3189902201560693,0.3189902201560693,,0.3189902201560693,0.3189902201560693,0.3189902201560693,0.3189902201560693,0.3189902201560693
483,William Hayes,Collingwood,0.30114162795867405,0.30114162795867405,,0.30114162795867405,0.30114162795867405,0.30114162795867405,0.30114162795867405,0.30114162795867405
638,Liam Puncher,Collingwood,0.15270224531425125,0.15270224531425125,,0.15270224531425125,0.15270224531425125,0.15270224531425125,0.15270224531425125,0.15270224531425125
221,Wil Parker,Collingwood,0.129225798382565,0.129225798382565,,0.129225798382565,0.129225798382565,0.129225798382565,0.129225798382565,0.129225798382565
482,Lachlan Sullivan,Collingwood,0.09291382928247759,0.09291382928247759,,0.09291382928247759,0.09291382928247759,0.09291382928247759,0.09291382928247759,0.09291382928247759
611,Mitch Podhajski,Collingwood,0.0922607556351876,0.0922607556351876,,0.0922607556351876,0.0922607556351876,0.0922607556351876,0.0922607556351876,0.0922607556351876
457,Darcy Moore,Collingwood,0.08347141705373631,0.08347141705373631,,0.08347141705373631,0.08347141705373631,0.08347141705373631,0.08347141705373631,0.08347141705373631
662,Noah Howes,Collingwood,0.04366194937482093,0.04366194937482093,,0.04366194937482093,0.04366194937482093,0.04366194937482093,0.04366194937482093,0.04366194937482093
256,Zach Merrett,Essendon,4.685258286051231,4.685258286051231,,4.685258286051231,4.685258286051231,4.685258286051231,4.685258286051231,4.685258286051231
265,Archie Roberts,Essendon,3.574051815008063,3.574051815008063,,3.574051815008063,3.574051815008063,3.574051815008063,3.574051815008063,3.574051815008063
259,Sam Durham,Essendon,2.7261957387510805,2.7261957387510805,,2.7261957387510805,2.7261957387510805,2.7261957387510805,2.7261957387510805,2.7261957387510805
261,Darcy Parish,Essendon,2.470011180363688,2.470011180363688,,2.470011180363688,2.470011180363688,2.470011180363688,2.470011180363688,2.470011180363688
274,Peter Wright,Essendon,1.8151897567445874,1.8151897567445874,,1.8151897567445874,1.8151897567445874,1.8151897567445874,1.8151897567445874,1.8151897567445874
582,Will Setterfield,Essendon,1.7642985271667968,1.7642985271667968,,1.7642985271667968,1.7642985271667968,1.7642985271667968,1.7642985271667968,1.7642985271667968
268,Nate Caddy,Essendon,1.4293799133643412,1.4293799133643412,,1.4293799133643412,1.4293799133643412,1.4293799133643412,1.4293799133643412,1.4293799133643412
262,Jye Caldwell,Essendon,1.3082663649861697,1.3082663649861697,,1.3082663649861697,1.3082663649861697,1.3082663649861697,1.3082663649861697,1.3082663649861697
264,Andrew McGrath,Essendon,1.2040961928528702,1.2040961928528702,,1.2040961928528702,1.2040961928528702,1.2040961928528702,1.2040961928528702,1.2040961928528702
469,Jacob Farrow,Essendon,1.1634826817798116,1.1634826817798116,,1.1634826817798116,1.1634826817798116,1.1634826817798116,1.1634826817798116,1.1634826817798116
516,Sullivan Robey,Essendon,1.0889846801178082,1.0889846801178082,,1.0889846801178082,1.0889846801178082,1.0889846801178082,1.0889846801178082,1.0889846801178082
278,Zach Reid,Essendon,1.0665150006278978,1.0665150006278978,,1.0665150006278978,1.0665150006278978,1.0665150006278978,1.0665150006278978,1.0665150006278978
260,Mason Redman,Essendon,1.035378813044141,1.035378813044141,,1.035378813044141,1.035378813044141,1.035378813044141,1.035378813044141,1.035378813044141
272,Dyson Sharp,Essendon,1.0329200286078322,1.0329200286078322,,1.0329200286078322,1.0329200286078322,1.0329200286078322,1.0329200286078322,1.0329200286078322
277,Jaxon Prior,Essendon,1.0291425548981272,1.0291425548981272,,1.0291425548981272,1.0291425548981272,1.0291425548981272,1.0291425548981272,1.0291425548981272
266,Xavier Duursma,Essendon,1.0046133457440307,1.0046133457440307,,1.0046133457440307,1.0046133457440307,1.0046133457440307,1.0046133457440307,1.0046133457440307
279,Kyle Langford,Essendon,0.9682057088063541,0.9682057088063541,,0.9682057088063541,0.9682057088063541,0.9682057088063541,0.9682057088063541,0.9682057088063541
567,Nick Bryan,Essendon,0.9458340323896376,0.9458340323896376,,0.9458340323896376,0.9458340323896376,0.9458340323896376,0.9458340323896376,0.9458340323896376
514,Elijah Tsatas,Essendon,0.922693922709441,0.922693922709441,,0.922693922709441,0.922693922709441,0.922693922709441,0.922693922709441,0.922693922709441
447,Isaac Kako,Essendon,0.7710846817961043,0.7710846817961043,,0.7710846817961043,0.7710846817961043,0.7710846817961043,0.7710846817961043,0.7710846817961043
470,Archer Day-Wicks,Essendon,0.5783145378297065,0.5783145378297065,,0.5783145378297065,0.5783145378297065,0.5783145378297065,0.5783145378297065,0.5783145378297065
270,Ben McKay,Essendon,0.5673580548550441,0.5673580548550441,,0.5673580548550441,0.5673580548550441,0.5673580548550441,0.5673580548550441,0.5673580548550441
267,Archie Perkins,Essendon,0.5603207116301078,0.5603207116301078,,0.5603207116301078,0.5603207116301078,0.5603207116301078,0.5603207116301078,0.5603207116301078
280,Archer May,Essendon,0.47741879193257386,0.47741879193257386,,0.47741879193257386,0.47741879193257386,0.47741879193257386,0.47741879193257386,0.47741879193257386
269,Lachlan Blakiston,Essendon,0.3983992524853467,0.3983992524853467,,0.3983992524853467,0.3983992524853467,0.3983992524853467,0.3983992524853467,0.3983992524853467
515,Jordan Ridley,Essendon,0.39088915453151896,0.39088915453151896,,0.39088915453151896,0.39088915453151896,0.39088915453151896,0.39088915453151896,0.39088915453151896
468,Jade Gresham,Essendon,0.2868284794931396,0.2868284794931396,,0.2868284794931396,0.2868284794931396,0.2868284794931396,0.2868284794931396,0.2868284794931396
505,Thomas Edwards,Essendon,0.2757970661208747,0.2757970661208747,,0.2757970661208747,0.2757970661208747,0.2757970661208747,0.2757970661208747,0.2757970661208747
467,Saad El-Hawli,Essendon,0.23658077464156313,0.23658077464156313,,0.23658077464156313,0.23658077464156313,0.23658077464156313,0.23658077464156313,0.23658077464156313
645,Angus Clarke,Essendon,0.23211857855580795,0.23211857855580795,,0.23211857855580795,0.23211857855580795,0.23211857855580795,0.23211857855580795,0.23211857855580795
275,Hussien El Achkar,Essendon,0.23085180869911986,0.23085180869911986,,0.23085180869911986,0.23085180869911986,0.23085180869911986,0.23085180869911986,0.23085180869911986
558,Nik Cox,Essendon,0.19112981192735043,0.19112981192735043,,0.19112981192735043,0.19112981192735043,0.19112981192735043,0.19112981192735043,0.19112981192735043
273,Max Kondogiannis,Essendon,0.18511280051423984,0.18511280051423984,,0.18511280051423984,0.18511280051423984,0.18511280051423984,0.18511280051423984,0.18511280051423984
271,Zak Johnson,Essendon,0.1659616356596954,0.1659616356596954,,0.1659616356596954,0.1659616356596954,0.1659616356596954,0.1659616356596954,0.1659616356596954
660,Vigo Visentini,Essendon,0.16589818990770264,0.16589818990770264,,0.16589818990770264,0.16589818990770264,0.16589818990770264,0.16589818990770264,0.16589818990770264
610,Harrison Jones,Essendon,0.13128200205585444,0.13128200205585444,,0.13128200205585444,0.13128200205585444,0.13128200205585444,0.13128200205585444,0.13128200205585444
650,Jaxon Artemis,Essendon,0.12119961418838089,0.12119961418838089,,0.12119961418838089,0.12119961418838089,0.12119961418838089,0.12119961418838089,0.12119961418838089
276,Jayden Nguyen,Essendon,0.0647394715570584,0.0647394715570584,,0.0647394715570584,0.0647394715570584,0.0647394715570584,0.0647394715570584,0.0647394715570584
656,Rhys Unwin,Essendon,0.06429299102594238,0.06429299102594238,,0.06429299102594238,0.06429299102594238,0.06429299102594238,0.06429299102594238,0.06429299102594238
263,Brayden Fiorini,Essendon,0.050211416434542896,0.050211416434542896,,0.050211416434542896,0.050211416434542896,0.050211416434542896,0.050211416434542896,0.050211416434542896
472,Matt Guelfi,Essendon,0.036173520894482024,0.036173520894482024,,0.036173520894482024,0.036173520894482024,0.036173520894482024,0.036173520894482024,0.036173520894482024
283,Luke Jackson,Fremantle,8.604328895450996,8.604328895450996,,8.604328895450996,8.604328895450996,8.604328895450996,8.604328895450996,8.604328895450996
284,Caleb Serong,Fremantle,7.399494668422864,7.399494668422864,,7.399494668422864,7.399494668422864,7.399494668422864,7.399494668422864,7.399494668422864
294,Andrew Brayshaw,Fremantle,7.367011803499109,7.367011803499109,,7.367011803499109,7.367011803499109,7.367011803499109,7.367011803499109,7.367011803499109
288,Shai Bolton,Fremantle,7.069218859458038,7.069218859458038,,7.069218859458038,7.069218859458038,7.069218859458038,7.069218859458038,7.069218859458038
286,Murphy Reid,Fremantle,5.785073352181355,5.785073352181355,,5.785073352181355,5.785073352181355,5.785073352181355,5.785073352181355,5.785073352181355
291,Josh Treacy,Fremantle,5.300448596941533,5.300448596941533,,5.300448596941533,5.300448596941533,5.300448596941533,5.300448596941533,5.300448596941533
307,Jye Amiss,Fremantle,4.983879441428882,4.983879441428882,,4.983879441428882,4.983879441428882,4.983879441428882,4.983879441428882,4.983879441428882
290,Jordan Clark,Fremantle,4.603396129207798,4.603396129207798,,4.603396129207798,4.603396129207798,4.603396129207798,4.603396129207798,4.603396129207798
293,Karl Worner,Fremantle,3.6670633958277206,3.6670633958277206,,3.6670633958277206,3.6670633958277206,3.6670633958277206,3.6670633958277206,3.6670633958277206
442,Luke Ryan,Fremantle,3.615633967540195,3.615633967540195,,3.615633967540195,3.615633967540195,3.615633967540195,3.615633967540195,3.615633967540195
296,Matthew Johnson,Fremantle,3.4722027830846036,3.4722027830846036,,3.4722027830846036,3.4722027830846036,3.4722027830846036,3.4722027830846036,3.4722027830846036
292,Neil Erasmus,Fremantle,3.280837811842156,3.280837811842156,,3.280837811842156,3.280837811842156,3.280837811842156,3.280837811842156,3.280837811842156
301,Patrick Voss,Fremantle,3.1574337704735393,3.1574337704735393,,3.1574337704735393,3.1574337704735393,3.1574337704735393,3.1574337704735393,3.1574337704735393
287,Hayden Young,Fremantle,2.5791909405870204,2.5791909405870204,,2.5791909405870204,2.5791909405870204,2.5791909405870204,2.5791909405870204,2.5791909405870204
537,Michael Frederick,Fremantle,2.373962722870048,2.373962722870048,,2.373962722870048,2.373962722870048,2.373962722870048,2.373962722870048,2.373962722870048
295,Heath Chapman,Fremantle,2.172674668652107,2.172674668652107,,2.172674668652107,2.172674668652107,2.172674668652107,2.172674668652107,2.172674668652107
297,Nathan O'Driscoll,Fremantle,2.088079580828812,2.088079580828812,,2.088079580828812,2.088079580828812,2.088079580828812,2.088079580828812,2.088079580828812
306,Sam Switkowski,Fremantle,2.0691743390951003,2.0691743390951003,,2.0691743390951003,2.0691743390951003,2.0691743390951003,2.0691743390951003,2.0691743390951003
298,Judd McVee,Fremantle,1.9920201870768521,1.9920201870768521,,1.9920201870768521,1.9920201870768521,1.9920201870768521,1.9920201870768521,1.9920201870768521
289,Isaiah Dudley,Fremantle,1.9402149289257695,1.9402149289257695,,1.9402149289257695,1.9402149289257695,1.9402149289257695,1.9402149289257695,1.9402149289257695
302,Corey Wagner,Fremantle,1.6896691533841703,1.6896691533841703,,1.6896691533841703,1.6896691533841703,1.6896691533841703,1.6896691533841703,1.6896691533841703
463,Brennan Cox,Fremantle,1.3028608080653796,1.3028608080653796,,1.3028608080653796,1.3028608080653796,1.3028608080653796,1.3028608080653796,1.3028608080653796
304,Alex Pearce,Fremantle,1.2099873896307212,1.2099873896307212,,1.2099873896307212,1.2099873896307212,1.2099873896307212,1.2099873896307212,1.2099873896307212
308,Oscar McDonald,Fremantle,1.0913941353551047,1.0913941353551047,,1.0913941353551047,1.0913941353551047,1.0913941353551047,1.0913941353551047,1.0913941353551047
536,Mason Cox,Fremantle,0.9314260169996815,0.9314260169996815,,0.9314260169996815,0.9314260169996815,0.9314260169996815,0.9314260169996815,0.9314260169996815
462,Jaeger OMeara,Fremantle,0.6682265262192202,0.6682265262192202,,0.6682265262192202,0.6682265262192202,0.6682265262192202,0.6682265262192202,0.6682265262192202
443,Christopher Scerri,Fremantle,0.43660151590270435,0.43660151590270435,,0.43660151590270435,0.43660151590270435,0.43660151590270435,0.43660151590270435,0.43660151590270435
300,Sean Darcy,Fremantle,0.35720506433044197,0.35720506433044197,,0.35720506433044197,0.35720506433044197,0.35720506433044197,0.35720506433044197,0.35720506433044197
550,Jeremy Sharp,Fremantle,0.16992630614573648,0.16992630614573648,,0.16992630614573648,0.16992630614573648,0.16992630614573648,0.16992630614573648,0.16992630614573648
666,Tobyn Murray,Fremantle,0.026558237847028623,0.026558237847028623,,0.026558237847028623,0.026558237847028623,0.026558237847028623,0.026558237847028623,0.026558237847028623
667,Bailey Banfield,Fremantle,0.018724376359513715,0.018724376359513715,,0.018724376359513715,0.018724376359513715,0.018724376359513715,0.018724376359513715,0.018724376359513715
305,Brandon Walker,Fremantle,0.01760634697976423,0.01760634697976423,,0.01760634697976423,0.01760634697976423,0.01760634697976423,0.01760634697976423,0.01760634697976423
75,Bailey Smith,Geelong,11.572135712272866,11.572135712272866,,11.572135712272866,11.572135712272866,11.572135712272866,11.572135712272866,11.572135712272866
53,Max Holmes,Geelong,7.012058374015437,7.012058374015437,,7.012058374015437,7.012058374015437,7.012058374015437,7.012058374015437,7.012058374015437
82,Shaun Mannagh,Geelong,5.8786860230494895,5.8786860230494895,,5.8786860230494895,5.8786860230494895,5.8786860230494895,5.8786860230494895,5.8786860230494895
60,Oliver Dempsey,Geelong,5.307998405293147,5.307998405293147,,5.307998405293147,5.307998405293147,5.307998405293147,5.307998405293147,5.307998405293147
67,Tanner Bruhn,Geelong,4.0058068739364865,4.0058068739364865,,4.0058068739364865,4.0058068739364865,4.0058068739364865,4.0058068739364865,4.0058068739364865
62,Tom Atkins,Geelong,3.787425369646574,3.787425369646574,,3.787425369646574,3.787425369646574,3.787425369646574,3.787425369646574,3.787425369646574
84,Lawson Humphries,Geelong,3.722725318669365,3.722725318669365,,3.722725318669365,3.722725318669365,3.722725318669365,3.722725318669365,3.722725318669365
74,Tom Stewart,Geelong,3.4823281049095605,3.4823281049095605,,3.4823281049095605,3.4823281049095605,3.4823281049095605,3.4823281049095605,3.4823281049095605
88,Shannon Neale,Geelong,3.407624215378983,3.407624215378983,,3.407624215378983,3.407624215378983,3.407624215378983,3.407624215378983,3.407624215378983
285,Jeremy Cameron,Geelong,3.3910411398171663,3.3910411398171663,,3.3910411398171663,3.3910411398171663,3.3910411398171663,3.3910411398171663,3.3910411398171663
303,Patrick Dangerfield,Geelong,2.609161211399743,2.609161211399743,,2.609161211399743,2.609161211399743,2.609161211399743,2.609161211399743,2.609161211399743
79,Connor O'Sullivan,Geelong,2.6015485615853526,2.6015485615853526,,2.6015485615853526,2.6015485615853526,2.6015485615853526,2.6015485615853526,2.6015485615853526
91,Oisin Mullin,Geelong,2.5114078425478548,2.5114078425478548,,2.5114078425478548,2.5114078425478548,2.5114078425478548,2.5114078425478548,2.5114078425478548
80,Oliver Henry,Geelong,2.484140759319515,2.484140759319515,,2.484140759319515,2.484140759319515,2.484140759319515,2.484140759319515,2.484140759319515
68,Gryan Miers,Geelong,2.4806240611979047,2.4806240611979047,,2.4806240611979047,2.4806240611979047,2.4806240611979047,2.4806240611979047,2.4806240611979047
78,Zach Guthrie,Geelong,2.2582070365115148,2.2582070365115148,,2.2582070365115148,2.2582070365115148,2.2582070365115148,2.2582070365115148,2.2582070365115148
72,James Worpel,Geelong,2.120806514119077,2.120806514119077,,2.120806514119077,2.120806514119077,2.120806514119077,2.120806514119077,2.120806514119077
81,Mark Blicavs,Geelong,2.066090273087251,2.066090273087251,,2.066090273087251,2.066090273087251,2.066090273087251,2.066090273087251,2.066090273087251
87,Sam De Koning,Geelong,1.9928764663590008,1.9928764663590008,,1.9928764663590008,1.9928764663590008,1.9928764663590008,1.9928764663590008,1.9928764663590008
77,Mark OConnor,Geelong,1.8044587764257753,1.8044587764257753,,1.8044587764257753,1.8044587764257753,1.8044587764257753,1.8044587764257753,1.8044587764257753
89,Jack Martin,Geelong,1.67490994346377,1.67490994346377,,1.67490994346377,1.67490994346377,1.67490994346377,1.67490994346377,1.67490994346377
299,Mitchell Edwards,Geelong,1.4632233530383794,1.4632233530383794,,1.4632233530383794,1.4632233530383794,1.4632233530383794,1.4632233530383794,1.4632233530383794
507,Jack Bowes,Geelong,1.2017331743608335,1.2017331743608335,,1.2017331743608335,1.2017331743608335,1.2017331743608335,1.2017331743608335,1.2017331743608335
90,Brad Close,Geelong,1.0747619394183316,1.0747619394183316,,1.0747619394183316,1.0747619394183316,1.0747619394183316,1.0747619394183316,1.0747619394183316
85,Jhye Clark,Geelong,1.074102977884327,1.074102977884327,,1.074102977884327,1.074102977884327,1.074102977884327,1.074102977884327,1.074102977884327
86,Jack Henry,Geelong,1.0532969332340256,1.0532969332340256,,1.0532969332340256,1.0532969332340256,1.0532969332340256,1.0532969332340256,1.0532969332340256
452,Oliver Wiltshire,Geelong,0.8914766267333435,0.8914766267333435,,0.8914766267333435,0.8914766267333435,0.8914766267333435,0.8914766267333435,0.8914766267333435
646,Jay Polkinghorne,Geelong,0.5592455198569877,0.5592455198569877,,0.5592455198569877,0.5592455198569877,0.5592455198569877,0.5592455198569877,0.5592455198569877
521,Jake Kolodjashnij,Geelong,0.5411154356793558,0.5411154356793558,,0.5411154356793558,0.5411154356793558,0.5411154356793558,0.5411154356793558,0.5411154356793558
614,George Stevens,Geelong,0.20819483882589523,0.20819483882589523,,0.20819483882589523,0.20819483882589523,0.20819483882589523,0.20819483882589523,0.20819483882589523
570,Rhys Stanley,Geelong,0.20622425494307833,0.20622425494307833,,0.20622425494307833,0.20622425494307833,0.20622425494307833,0.20622425494307833,0.20622425494307833
83,Mitch Knevitt,Geelong,0.04880967382694312,0.04880967382694312,,0.04880967382694312,0.04880967382694312,0.04880967382694312,0.04880967382694312,0.04880967382694312
49,Noah Anderson,Gold Coast,6.3256707385719855,6.3256707385719855,,6.3256707385719855,6.3256707385719855,6.3256707385719855,6.3256707385719855,6.3256707385719855
46,Christian Petracca,Gold Coast,5.828282167097755,5.828282167097755,,5.828282167097755,5.828282167097755,5.828282167097755,5.828282167097755,5.828282167097755
48,Touk Miller,Gold Coast,5.5593752397354645,5.5593752397354645,,5.5593752397354645,5.5593752397354645,5.5593752397354645,5.5593752397354645,5.5593752397354645
503,Matt Rowell,Gold Coast,5.531435963001603,5.531435963001603,,5.531435963001603,5.531435963001603,5.531435963001603,5.531435963001603,5.531435963001603
50,John Noble,Gold Coast,5.173397171332731,5.173397171332731,,5.173397171332731,5.173397171332731,5.173397171332731,5.173397171332731,5.173397171332731
64,Bodhi Uwland,Gold Coast,3.9837458773581846,3.9837458773581846,,3.9837458773581846,3.9837458773581846,3.9837458773581846,3.9837458773581846,3.9837458773581846
52,Mac Andrew,Gold Coast,2.589008443974913,2.589008443974913,,2.589008443974913,2.589008443974913,2.589008443974913,2.589008443974913,2.589008443974913
51,Daniel Rioli,Gold Coast,2.320627591516016,2.320627591516016,,2.320627591516016,2.320627591516016,2.320627591516016,2.320627591516016,2.320627591516016
47,Bailey Humphrey,Gold Coast,2.2904368585128916,2.2904368585128916,,2.2904368585128916,2.2904368585128916,2.2904368585128916,2.2904368585128916,2.2904368585128916
54,Joel Jeffrey,Gold Coast,2.2537015788461376,2.2537015788461376,,2.2537015788461376,2.2537015788461376,2.2537015788461376,2.2537015788461376,2.2537015788461376
65,Ben King,Gold Coast,2.2285224601681453,2.2285224601681453,,2.2285224601681453,2.2285224601681453,2.2285224601681453,2.2285224601681453,2.2285224601681453
58,Wil Powell,Gold Coast,2.088687681024286,2.088687681024286,,2.088687681024286,2.088687681024286,2.088687681024286,2.088687681024286,2.088687681024286
55,Leonardo Lombard,Gold Coast,1.780096359394445,1.780096359394445,,1.780096359394445,1.780096359394445,1.780096359394445,1.780096359394445,1.780096359394445
57,Sam Collins,Gold Coast,1.777475603066396,1.777475603066396,,1.777475603066396,1.777475603066396,1.777475603066396,1.777475603066396,1.777475603066396
61,Ben Long,Gold Coast,1.5395402713301005,1.5395402713301005,,1.5395402713301005,1.5395402713301005,1.5395402713301005,1.5395402713301005,1.5395402713301005
66,Jarrod Witts,Gold Coast,1.5104751288238099,1.5104751288238099,,1.5104751288238099,1.5104751288238099,1.5104751288238099,1.5104751288238099,1.5104751288238099
561,Ned Moyle,Gold Coast,1.4495455816574507,1.4495455816574507,,1.4495455816574507,1.4495455816574507,1.4495455816574507,1.4495455816574507,1.4495455816574507
70,Zeke Uwland,Gold Coast,1.1712065304383534,1.1712065304383534,,1.1712065304383534,1.1712065304383534,1.1712065304383534,1.1712065304383534,1.1712065304383534
56,Lachie Weller,Gold Coast,1.121425244901923,1.121425244901923,,1.121425244901923,1.121425244901923,1.121425244901923,1.121425244901923,1.121425244901923
63,Sam Clohesy,Gold Coast,0.9224443594005047,0.9224443594005047,,0.9224443594005047,0.9224443594005047,0.9224443594005047,0.9224443594005047,0.9224443594005047
501,Jed Walter,Gold Coast,0.9139502635996588,0.9139502635996588,,0.9139502635996588,0.9139502635996588,0.9139502635996588,0.9139502635996588,0.9139502635996588
69,Ethan Read,Gold Coast,0.8942912765851454,0.8942912765851454,,0.8942912765851454,0.8942912765851454,0.8942912765851454,0.8942912765851454,0.8942912765851454
59,Alex Davies,Gold Coast,0.8715051775146643,0.8715051775146643,,0.8715051775146643,0.8715051775146643,0.8715051775146643,0.8715051775146643,0.8715051775146643
73,Will Graham,Gold Coast,0.7235645285741638,0.7235645285741638,,0.7235645285741638,0.7235645285741638,0.7235645285741638,0.7235645285741638,0.7235645285741638
625,Beau Addinsall,Gold Coast,0.5125325649242092,0.5125325649242092,,0.5125325649242092,0.5125325649242092,0.5125325649242092,0.5125325649242092,0.5125325649242092
500,Lachlan Gulbin,Gold Coast,0.47730415572931295,0.47730415572931295,,0.47730415572931295,0.47730415572931295,0.47730415572931295,0.47730415572931295,0.47730415572931295
408,Jake Rogers,Gold Coast,0.4679444987567169,0.4679444987567169,,0.4679444987567169,0.4679444987567169,0.4679444987567169,0.4679444987567169,0.4679444987567169
71,Oscar Adams,Gold Coast,0.44706588563143085,0.44706588563143085,,0.44706588563143085,0.44706588563143085,0.44706588563143085,0.44706588563143085,0.44706588563143085
577,Nick Holman,Gold Coast,0.34674212288381656,0.34674212288381656,,0.34674212288381656,0.34674212288381656,0.34674212288381656,0.34674212288381656,0.34674212288381656
435,Charlie Ballard,Gold Coast,0.3133665862794788,0.3133665862794788,,0.3133665862794788,0.3133665862794788,0.3133665862794788,0.3133665862794788,0.3133665862794788
605,Jai Murray,Gold Coast,0.24426177503842644,0.24426177503842644,,0.24426177503842644,0.24426177503842644,0.24426177503842644,0.24426177503842644,0.24426177503842644
549,Jamarra Ugle-Hagan,Gold Coast,0.14836538580091754,0.14836538580091754,,0.14836538580091754,0.14836538580091754,0.14836538580091754,0.14836538580091754,0.14836538580091754
569,Ben Jepson,Gold Coast,0.13665661817781335,0.13665661817781335,,0.13665661817781335,0.13665661817781335,0.13665661817781335,0.13665661817781335,0.13665661817781335
76,Jy Farrar,Gold Coast,0.10838480384820677,0.10838480384820677,,0.10838480384820677,0.10838480384820677,0.10838480384820677,0.10838480384820677,0.10838480384820677
637,Dylan Patterson,Gold Coast,0.09914980839144764,0.09914980839144764,,0.09914980839144764,0.09914980839144764,0.09914980839144764,0.09914980839144764,0.09914980839144764
651,Caleb Lewis,Gold Coast,0.019709045298015867,0.019709045298015867,,0.019709045298015867,0.019709045298015867,0.019709045298015867,0.019709045298015867,0.019709045298015867
93,Clayton Oliver,Greater Western Sydney,7.588130221960715,7.588130221960715,,7.588130221960715,7.588130221960715,7.588130221960715,7.588130221960715,7.588130221960715
101,Lachie Ash,Greater Western Sydney,5.615625496422559,5.615625496422559,,5.615625496422559,5.615625496422559,5.615625496422559,5.615625496422559,5.615625496422559
95,Finn Callaghan,Greater Western Sydney,5.437805713765895,5.437805713765895,,5.437805713765895,5.437805713765895,5.437805713765895,5.437805713765895,5.437805713765895
99,Toby Greene,Greater Western Sydney,5.26023441117609,5.26023441117609,,5.26023441117609,5.26023441117609,5.26023441117609,5.26023441117609,5.26023441117609
98,Lachie Whitfield,Greater Western Sydney,4.624711176378788,4.624711176378788,,4.624711176378788,4.624711176378788,4.624711176378788,4.624711176378788,4.624711176378788
92,Jake Stringer,Greater Western Sydney,3.4860381509373894,3.4860381509373894,,3.4860381509373894,3.4860381509373894,3.4860381509373894,3.4860381509373894,3.4860381509373894
100,Harvey Thomas,Greater Western Sydney,2.9697754526993023,2.9697754526993023,,2.9697754526993023,2.9697754526993023,2.9697754526993023,2.9697754526993023,2.9697754526993023
111,Connor Idun,Greater Western Sydney,2.83669205730322,2.83669205730322,,2.83669205730322,2.83669205730322,2.83669205730322,2.83669205730322,2.83669205730322
94,Stephen Coniglio,Greater Western Sydney,2.4716219907177983,2.4716219907177983,,2.4716219907177983,2.4716219907177983,2.4716219907177983,2.4716219907177983,2.4716219907177983
105,Kieren Briggs,Greater Western Sydney,1.9967801314040854,1.9967801314040854,,1.9967801314040854,1.9967801314040854,1.9967801314040854,1.9967801314040854,1.9967801314040854
525,Brent Daniels,Greater Western Sydney,1.8814582523523586,1.8814582523523586,,1.8814582523523586,1.8814582523523586,1.8814582523523586,1.8814582523523586,1.8814582523523586
103,Harry Himmelberg,Greater Western Sydney,1.8420006954173385,1.8420006954173385,,1.8420006954173385,1.8420006954173385,1.8420006954173385,1.8420006954173385,1.8420006954173385
524,Aaron Cadman,Greater Western Sydney,1.8184386683292224,1.8184386683292224,,1.8184386683292224,1.8184386683292224,1.8184386683292224,1.8184386683292224,1.8184386683292224
117,Ryan Angwin,Greater Western Sydney,1.7751128627707964,1.7751128627707964,,1.7751128627707964,1.7751128627707964,1.7751128627707964,1.7751128627707964,1.7751128627707964
96,Joe Fonti,Greater Western Sydney,1.7466983316999596,1.7466983316999596,,1.7466983316999596,1.7466983316999596,1.7466983316999596,1.7466983316999596,1.7466983316999596
526,Toby Bedford,Greater Western Sydney,1.7239538070643148,1.7239538070643148,,1.7239538070643148,1.7239538070643148,1.7239538070643148,1.7239538070643148,1.7239538070643148
116,Phoenix Gothard,Greater Western Sydney,1.6861754672484304,1.6861754672484304,,1.6861754672484304,1.6861754672484304,1.6861754672484304,1.6861754672484304,1.6861754672484304
122,Callum Brown,Greater Western Sydney,1.5750408402434264,1.5750408402434264,,1.5750408402434264,1.5750408402434264,1.5750408402434264,1.5750408402434264,1.5750408402434264
110,Jayden Laverde,Greater Western Sydney,1.17742168495891,1.17742168495891,,1.17742168495891,1.17742168495891,1.17742168495891,1.17742168495891,1.17742168495891
127,Xavier O'Halloran,Greater Western Sydney,1.0609785445698974,1.0609785445698974,,1.0609785445698974,1.0609785445698974,1.0609785445698974,1.0609785445698974,1.0609785445698974
104,Harry Rowston,Greater Western Sydney,0.9137288517932899,0.9137288517932899,,0.9137288517932899,0.9137288517932899,0.9137288517932899,0.9137288517932899,0.9137288517932899
120,Max Gruzewski,Greater Western Sydney,0.9081599587663624,0.9081599587663624,,0.9081599587663624,0.9081599587663624,0.9081599587663624,0.9081599587663624,0.9081599587663624
523,Nicholas Madden,Greater Western Sydney,0.8104038666836046,0.8104038666836046,,0.8104038666836046,0.8104038666836046,0.8104038666836046,0.8104038666836046,0.8104038666836046
600,Sam Taylor,Greater Western Sydney,0.805487530026552,0.805487530026552,,0.805487530026552,0.805487530026552,0.805487530026552,0.805487530026552,0.805487530026552
97,Jake Riccardi,Greater Western Sydney,0.8004449943473716,0.8004449943473716,,0.8004449943473716,0.8004449943473716,0.8004449943473716,0.8004449943473716,0.8004449943473716
592,Conor Stone,Greater Western Sydney,0.6279857689110613,0.6279857689110613,,0.6279857689110613,0.6279857689110613,0.6279857689110613,0.6279857689110613,0.6279857689110613
109,Jesse Hogan,Greater Western Sydney,0.574265958844471,0.574265958844471,,0.574265958844471,0.574265958844471,0.574265958844471,0.574265958844471,0.574265958844471
133,Josaia Delana,Greater Western Sydney,0.5091799552974321,0.5091799552974321,,0.5091799552974321,0.5091799552974321,0.5091799552974321,0.5091799552974321,0.5091799552974321
114,Jack Buckley,Greater Western Sydney,0.3655831518791786,0.3655831518791786,,0.3655831518791786,0.3655831518791786,0.3655831518791786,0.3655831518791786,0.3655831518791786
530,Toby McMullin,Greater Western Sydney,0.33983179848911693,0.33983179848911693,,0.33983179848911693,0.33983179848911693,0.33983179848911693,0.33983179848911693,0.33983179848911693
636,Riley Hamilton,Greater Western Sydney,0.31301512949247456,0.31301512949247456,,0.31301512949247456,0.31301512949247456,0.31301512949247456,0.31301512949247456,0.31301512949247456
635,Jack Ough,Greater Western Sydney,0.30013829283288646,0.30013829283288646,,0.30013829283288646,0.30013829283288646,0.30013829283288646,0.30013829283288646,0.30013829283288646
529,Leek Aleer,Greater Western Sydney,0.2363658594938569,0.2363658594938569,,0.2363658594938569,0.2363658594938569,0.2363658594938569,0.2363658594938569,0.2363658594938569
459,Oliver Hannaford,Greater Western Sydney,0.20847931392850294,0.20847931392850294,,0.20847931392850294,0.20847931392850294,0.20847931392850294,0.20847931392850294,0.20847931392850294
586,Harrison Oliver,Greater Western Sydney,0.16603929456273214,0.16603929456273214,,0.16603929456273214,0.16603929456273214,0.16603929456273214,0.16603929456273214,0.16603929456273214
458,James Leake,Greater Western Sydney,0.16307250432873951,0.16307250432873951,,0.16307250432873951,0.16307250432873951,0.16307250432873951,0.16307250432873951,0.16307250432873951
664,Cody Angove,Greater Western Sydney,0.09350581928693995,0.09350581928693995,,0.09350581928693995,0.09350581928693995,0.09350581928693995,0.09350581928693995,0.09350581928693995
106,Jai Newcombe,Hawthorn,8.249312846738933,8.249312846738933,,8.249312846738933,8.249312846738933,8.249312846738933,8.249312846738933,8.249312846738933
124,Jarman Impey,Hawthorn,5.36777888135988,5.36777888135988,,5.36777888135988,5.36777888135988,5.36777888135988,5.36777888135988,5.36777888135988
107,Connor Macdonald,Hawthorn,5.2444769181232065,5.2444769181232065,,5.2444769181232065,5.2444769181232065,5.2444769181232065,5.2444769181232065,5.2444769181232065
118,Josh Ward,Hawthorn,4.96392344799655,4.96392344799655,,4.96392344799655,4.96392344799655,4.96392344799655,4.96392344799655,4.96392344799655
112,Nick Watson,Hawthorn,4.502129777563139,4.502129777563139,,4.502129777563139,4.502129777563139,4.502129777563139,4.502129777563139,4.502129777563139
108,Jack Ginnivan,Hawthorn,3.9745077625076175,3.9745077625076175,,3.9745077625076175,3.9745077625076175,3.9745077625076175,3.9745077625076175,3.9745077625076175
121,Jack Gunston,Hawthorn,3.852914411888075,3.852914411888075,,3.852914411888075,3.852914411888075,3.852914411888075,3.852914411888075,3.852914411888075
102,James Sicily,Hawthorn,3.835092827580168,3.835092827580168,,3.835092827580168,3.835092827580168,3.835092827580168,3.835092827580168,3.835092827580168
257,Cam Mackenzie,Hawthorn,3.7669482757218167,3.7669482757218167,,3.7669482757218167,3.7669482757218167,3.7669482757218167,3.7669482757218167,3.7669482757218167
134,Blake Hardwick,Hawthorn,3.5226990272439487,3.5226990272439487,,3.5226990272439487,3.5226990272439487,3.5226990272439487,3.5226990272439487,3.5226990272439487
135,Dylan Moore,Hawthorn,3.4264751889553438,3.4264751889553438,,3.4264751889553438,3.4264751889553438,3.4264751889553438,3.4264751889553438,3.4264751889553438
129,Massimo DAmbrosio,Hawthorn,3.3861147074414255,3.3861147074414255,,3.3861147074414255,3.3861147074414255,3.3861147074414255,3.3861147074414255,3.3861147074414255
113,Josh Battle,Hawthorn,3.0658375170454137,3.0658375170454137,,3.0658375170454137,3.0658375170454137,3.0658375170454137,3.0658375170454137,3.0658375170454137
128,Lloyd Meek,Hawthorn,3.0116933663596255,3.0116933663596255,,3.0116933663596255,3.0116933663596255,3.0116933663596255,3.0116933663596255,3.0116933663596255
125,Mitch Lewis,Hawthorn,2.9058594244769296,2.9058594244769296,,2.9058594244769296,2.9058594244769296,2.9058594244769296,2.9058594244769296,2.9058594244769296
595,Will Day,Hawthorn,2.709698086795366,2.709698086795366,,2.709698086795366,2.709698086795366,2.709698086795366,2.709698086795366,2.709698086795366
132,Karl Amon,Hawthorn,2.5638235211271985,2.5638235211271985,,2.5638235211271985,2.5638235211271985,2.5638235211271985,2.5638235211271985,2.5638235211271985
123,Mabior Chol,Hawthorn,2.0571179749612227,2.0571179749612227,,2.0571179749612227,2.0571179749612227,2.0571179749612227,2.0571179749612227,2.0571179749612227
131,Josh Weddle,Hawthorn,2.0505105596707134,2.0505105596707134,,2.0505105596707134,2.0505105596707134,2.0505105596707134,2.0505105596707134,2.0505105596707134
119,Conor Nash,Hawthorn,1.7828829165896947,1.7828829165896947,,1.7828829165896947,1.7828829165896947,1.7828829165896947,1.7828829165896947,1.7828829165896947
130,Harry Morrison,Hawthorn,1.6293989361069006,1.6293989361069006,,1.6293989361069006,1.6293989361069006,1.6293989361069006,1.6293989361069006,1.6293989361069006
136,Tom Barrass,Hawthorn,1.1809966404707186,1.1809966404707186,,1.1809966404707186,1.1809966404707186,1.1809966404707186,1.1809966404707186,1.1809966404707186
258,Ned Reeves,Hawthorn,1.137884747890686,1.137884747890686,,1.137884747890686,1.137884747890686,1.137884747890686,1.137884747890686,1.137884747890686
587,Bailey Macdonald,Hawthorn,0.7030593472434402,0.7030593472434402,,0.7030593472434402,0.7030593472434402,0.7030593472434402,0.7030593472434402,0.7030593472434402
115,Jack Scrimshaw,Hawthorn,0.6168382739438865,0.6168382739438865,,0.6168382739438865,0.6168382739438865,0.6168382739438865,0.6168382739438865,0.6168382739438865
633,Noah Mraz,Hawthorn,0.4768581549121053,0.4768581549121053,,0.4768581549121053,0.4768581549121053,0.4768581549121053,0.4768581549121053,0.4768581549121053
126,Sam Butler,Hawthorn,0.4508603446109436,0.4508603446109436,,0.4508603446109436,0.4508603446109436,0.4508603446109436,0.4508603446109436,0.4508603446109436
137,Finn Maginness,Hawthorn,0.4194112246744739,0.4194112246744739,,0.4194112246744739,0.4194112246744739,0.4194112246744739,0.4194112246744739,0.4194112246744739
509,Jack Dalton,Hawthorn,0.37464749838084105,0.37464749838084105,,0.37464749838084105,0.37464749838084105,0.37464749838084105,0.37464749838084105,0.37464749838084105
641,Oliver Greeves,Hawthorn,0.3631564965292034,0.3631564965292034,,0.3631564965292034,0.3631564965292034,0.3631564965292034,0.3631564965292034,0.3631564965292034
531,Calsher Dear,Hawthorn,0.333072199790014,0.333072199790014,,0.333072199790014,0.333072199790014,0.333072199790014,0.333072199790014,0.333072199790014
508,Flynn Perez,Hawthorn,0.24477962108190296,0.24477962108190296,,0.24477962108190296,0.24477962108190296,0.24477962108190296,0.24477962108190296,0.24477962108190296
665,Max Beattie,Hawthorn,0.23884204476144175,0.23884204476144175,,0.23884204476144175,0.23884204476144175,0.23884204476144175,0.23884204476144175,0.23884204476144175
588,Cameron Nairn,Hawthorn,0.18628434699698093,0.18628434699698093,,0.18628434699698093,0.18628434699698093,0.18628434699698093,0.18628434699698093,0.18628434699698093
533,William McCabe,Hawthorn,0.17625603186689473,0.17625603186689473,,0.17625603186689473,0.17625603186689473,0.17625603186689473,0.17625603186689473,0.17625603186689473
563,Bodie Ryan,Hawthorn,0.09073891436728249,0.09073891436728249,,0.09073891436728249,0.09073891436728249,0.09073891436728249,0.09073891436728249,0.09073891436728249
634,Matt Hill,Hawthorn,0.06879142841443348,0.06879142841443348,,0.06879142841443348,0.06879142841443348,0.06879142841443348,0.06879142841443348,0.06879142841443348
580,Henry Hustwaite,Hawthorn,0.05099173839112896,0.05099173839112896,,0.05099173839112896,0.05099173839112896,0.05099173839112896,0.05099173839112896,0.05099173839112896
562,Max Ramsden,Hawthorn,0.03531564837963597,0.03531564837963597,,0.03531564837963597,0.03531564837963597,0.03531564837963597,0.03531564837963597,0.03531564837963597
653,Aidan Schubert,Hawthorn,0.032338021415273414,0.032338021415273414,,0.032338021415273414,0.032338021415273414,0.032338021415273414,0.032338021415273414,0.032338021415273414
384,Max Gawn,Melbourne,8.901445667993952,8.901445667993952,,8.901445667993952,8.901445667993952,8.901445667993952,8.901445667993952,8.901445667993952
386,Kysaiah Pickett,Melbourne,7.891797809863765,7.891797809863765,,7.891797809863765,7.891797809863765,7.891797809863765,7.891797809863765,7.891797809863765
406,Tom Sparrow,Melbourne,6.373399809987072,6.373399809987072,,6.373399809987072,6.373399809987072,6.373399809987072,6.373399809987072,6.373399809987072
385,Jack Steele,Melbourne,5.57862630008159,5.57862630008159,,5.57862630008159,5.57862630008159,5.57862630008159,5.57862630008159,5.57862630008159
383,Jacob van Rooyen,Melbourne,4.077321118703523,4.077321118703523,,4.077321118703523,4.077321118703523,4.077321118703523,4.077321118703523,4.077321118703523
392,Kade Chandler,Melbourne,3.8358223193276206,3.8358223193276206,,3.8358223193276206,3.8358223193276206,3.8358223193276206,3.8358223193276206,3.8358223193276206
402,Ed Langdon,Melbourne,3.4040174621245796,3.4040174621245796,,3.4040174621245796,3.4040174621245796,3.4040174621245796,3.4040174621245796,3.4040174621245796
571,Jake Bowey,Melbourne,3.168654941168075,3.168654941168075,,3.168654941168075,3.168654941168075,3.168654941168075,3.168654941168075,3.168654941168075
404,Harvey Langford,Melbourne,3.018835370482653,3.018835370482653,,3.018835370482653,3.018835370482653,3.018835370482653,3.018835370482653,3.018835370482653
393,Bayley Fritsch,Melbourne,2.8837467183824597,2.8837467183824597,,2.8837467183824597,2.8837467183824597,2.8837467183824597,2.8837467183824597,2.8837467183824597
395,Koltyn Tholstrup,Melbourne,2.501652328587207,2.501652328587207,,2.501652328587207,2.501652328587207,2.501652328587207,2.501652328587207,2.501652328587207
396,Trent Rivers,Melbourne,2.2572243127176352,2.2572243127176352,,2.2572243127176352,2.2572243127176352,2.2572243127176352,2.2572243127176352,2.2572243127176352
391,Harry Sharp,Melbourne,2.2430503300052984,2.2430503300052984,,2.2430503300052984,2.2430503300052984,2.2430503300052984,2.2430503300052984,2.2430503300052984
405,Harry Petty,Melbourne,2.1722796370365387,2.1722796370365387,,2.1722796370365387,2.1722796370365387,2.1722796370365387,2.1722796370365387,2.1722796370365387
387,Caleb Windsor,Melbourne,2.1327587339155016,2.1327587339155016,,2.1327587339155016,2.1327587339155016,2.1327587339155016,2.1327587339155016,2.1327587339155016
400,Jake Lever,Melbourne,2.0018523593925397,2.0018523593925397,,2.0018523593925397,2.0018523593925397,2.0018523593925397,2.0018523593925397,2.0018523593925397
397,Daniel Turner,Melbourne,1.844540534888375,1.844540534888375,,1.844540534888375,1.844540534888375,1.844540534888375,1.844540534888375,1.844540534888375
615,Joel Fitzgerald,Melbourne,1.841287957695086,1.841287957695086,,1.841287957695086,1.841287957695086,1.841287957695086,1.841287957695086,1.841287957695086
399,Blake Howes,Melbourne,1.5821236540380303,1.5821236540380303,,1.5821236540380303,1.5821236540380303,1.5821236540380303,1.5821236540380303,1.5821236540380303
502,Bailey Laurie,Melbourne,1.2997255972855095,1.2997255972855095,,1.2997255972855095,1.2997255972855095,1.2997255972855095,1.2997255972855095,1.2997255972855095
389,Changkuoth Jiath,Melbourne,1.2893851976223143,1.2893851976223143,,1.2893851976223143,1.2893851976223143,1.2893851976223143,1.2893851976223143,1.2893851976223143
538,Matthew Jefferson,Melbourne,1.0221379569250661,1.0221379569250661,,1.0221379569250661,1.0221379569250661,1.0221379569250661,1.0221379569250661,1.0221379569250661
390,Christian Salem,Melbourne,0.7853119914572333,0.7853119914572333,,0.7853119914572333,0.7853119914572333,0.7853119914572333,0.7853119914572333,0.7853119914572333
401,Latrelle Pickett,Melbourne,0.6283198898269298,0.6283198898269298,,0.6283198898269298,0.6283198898269298,0.6283198898269298,0.6283198898269298,0.6283198898269298
388,Brody Mihocek,Melbourne,0.6282732722463065,0.6282732722463065,,0.6282732722463065,0.6282732722463065,0.6282732722463065,0.6282732722463065,0.6282732722463065
499,Jake Melksham,Melbourne,0.5436445447997484,0.5436445447997484,,0.5436445447997484,0.5436445447997484,0.5436445447997484,0.5436445447997484,0.5436445447997484
398,Jai Culley,Melbourne,0.512330204176067,0.512330204176067,,0.512330204176067,0.512330204176067,0.512330204176067,0.512330204176067,0.512330204176067
478,Paddy Cross,Melbourne,0.4333764522457442,0.4333764522457442,,0.4333764522457442,0.4333764522457442,0.4333764522457442,0.4333764522457442,0.4333764522457442
477,Tom McDonald,Melbourne,0.4311415802612185,0.4311415802612185,,0.4311415802612185,0.4311415802612185,0.4311415802612185,0.4311415802612185,0.4311415802612185
394,Xavier Lindsay,Melbourne,0.39436803781471375,0.39436803781471375,,0.39436803781471375,0.39436803781471375,0.39436803781471375,0.39436803781471375,0.39436803781471375
540,Max Heath,Melbourne,0.3597728872754912,0.3597728872754912,,0.3597728872754912,0.3597728872754912,0.3597728872754912,0.3597728872754912,0.3597728872754912
539,Xavier Taylor,Melbourne,0.07038469038058852,0.07038469038058852,,0.07038469038058852,0.07038469038058852,0.07038469038058852,0.07038469038058852,0.07038469038058852
612,Luker Kentfield,Melbourne,0.06910242790006424,0.06910242790006424,,0.06910242790006424,0.06910242790006424,0.06910242790006424,0.06910242790006424,0.06910242790006424
643,Aidan Johnson,Melbourne,0.06264210043759413,0.06264210043759413,,0.06264210043759413,0.06264210043759413,0.06264210043759413,0.06264210043759413,0.06264210043759413
616,Lukas Cooke,Melbourne,0.052883576311040084,0.052883576311040084,,0.052883576311040084,0.052883576311040084,0.052883576311040084,0.052883576311040084,0.052883576311040084
572,Andy Moniz-Wakefield,Melbourne,0.03750745485038294,0.03750745485038294,,0.03750745485038294,0.03750745485038294,0.03750745485038294,0.03750745485038294,0.03750745485038294
338,Harry Sheezel,North Melbourne,8.540149069068521,8.540149069068521,,8.540149069068521,8.540149069068521,8.540149069068521,8.540149069068521,8.540149069068521
342,Luke Davies-Uniacke,North Melbourne,6.4505985126273195,6.4505985126273195,,6.4505985126273195,6.4505985126273195,6.4505985126273195,6.4505985126273195,6.4505985126273195
341,Tristan Xerri,North Melbourne,4.667047982317687,4.667047982317687,,4.667047982317687,4.667047982317687,4.667047982317687,4.667047982317687,4.667047982317687
343,Caleb Daniel,North Melbourne,4.461054234007019,4.461054234007019,,4.461054234007019,4.461054234007019,4.461054234007019,4.461054234007019,4.461054234007019
340,Luke Parker,North Melbourne,4.186338116079235,4.186338116079235,,4.186338116079235,4.186338116079235,4.186338116079235,4.186338116079235,4.186338116079235
345,Jy Simpkin,North Melbourne,4.061387270344996,4.061387270344996,,4.061387270344996,4.061387270344996,4.061387270344996,4.061387270344996,4.061387270344996
339,Dylan Stephens,North Melbourne,2.757917672839356,2.757917672839356,,2.757917672839356,2.757917672839356,2.757917672839356,2.757917672839356,2.757917672839356
360,Colby McKercher,North Melbourne,2.7565335405969846,2.7565335405969846,,2.7565335405969846,2.7565335405969846,2.7565335405969846,2.7565335405969846,2.7565335405969846
347,Finn O'Sullivan,North Melbourne,2.598914480799266,2.598914480799266,,2.598914480799266,2.598914480799266,2.598914480799266,2.598914480799266,2.598914480799266
358,Paul Curtis,North Melbourne,2.5569486855198478,2.5569486855198478,,2.5569486855198478,2.5569486855198478,2.5569486855198478,2.5569486855198478,2.5569486855198478
346,Jack Darling,North Melbourne,2.4137827768220985,2.4137827768220985,,2.4137827768220985,2.4137827768220985,2.4137827768220985,2.4137827768220985,2.4137827768220985
349,Nick Larkey,North Melbourne,2.4097265010799003,2.4097265010799003,,2.4097265010799003,2.4097265010799003,2.4097265010799003,2.4097265010799003,2.4097265010799003
351,Cooper Trembath,North Melbourne,2.267217280371611,2.267217280371611,,2.267217280371611,2.267217280371611,2.267217280371611,2.267217280371611,2.267217280371611
466,George Wardlaw,North Melbourne,2.1101232959013614,2.1101232959013614,,2.1101232959013614,2.1101232959013614,2.1101232959013614,2.1101232959013614,2.1101232959013614
353,Cameron Zurhaar,North Melbourne,1.922393782681025,1.922393782681025,,1.922393782681025,1.922393782681025,1.922393782681025,1.922393782681025,1.922393782681025
337,Charlie Comben,North Melbourne,1.6115016600351744,1.6115016600351744,,1.6115016600351744,1.6115016600351744,1.6115016600351744,1.6115016600351744,1.6115016600351744
348,Tom Blamires,North Melbourne,1.4952818449072816,1.4952818449072816,,1.4952818449072816,1.4952818449072816,1.4952818449072816,1.4952818449072816,1.4952818449072816
350,Luke McDonald,North Melbourne,1.2307223782044485,1.2307223782044485,,1.2307223782044485,1.2307223782044485,1.2307223782044485,1.2307223782044485,1.2307223782044485
513,Charlie Spargo,North Melbourne,1.046282468960827,1.046282468960827,,1.046282468960827,1.046282468960827,1.046282468960827,1.046282468960827,1.046282468960827
344,Tom Powell,North Melbourne,0.9576103618556253,0.9576103618556253,,0.9576103618556253,0.9576103618556253,0.9576103618556253,0.9576103618556253,0.9576103618556253
362,Jacob Konstanty,North Melbourne,0.677660598349269,0.677660598349269,,0.677660598349269,0.677660598349269,0.677660598349269,0.677660598349269,0.677660598349269
361,Zane Duursma,North Melbourne,0.6653707218590811,0.6653707218590811,,0.6653707218590811,0.6653707218590811,0.6653707218590811,0.6653707218590811,0.6653707218590811
356,Griffin Logue,North Melbourne,0.6032830334354983,0.6032830334354983,,0.6032830334354983,0.6032830334354983,0.6032830334354983,0.6032830334354983,0.6032830334354983
618,Cooper Harvey,North Melbourne,0.5733165351762676,0.5733165351762676,,0.5733165351762676,0.5733165351762676,0.5733165351762676,0.5733165351762676,0.5733165351762676
473,Aidan Corr,North Melbourne,0.5505923685475199,0.5505923685475199,,0.5505923685475199,0.5505923685475199,0.5505923685475199,0.5505923685475199,0.5505923685475199
487,Zac Banch,North Melbourne,0.34978097087097554,0.34978097087097554,,0.34978097087097554,0.34978097087097554,0.34978097087097554,0.34978097087097554,0.34978097087097554
354,Toby Pink,North Melbourne,0.3259035430493468,0.3259035430493468,,0.3259035430493468,0.3259035430493468,0.3259035430493468,0.3259035430493468,0.3259035430493468
471,Callum Coleman-Jones,North Melbourne,0.2775183695845726,0.2775183695845726,,0.2775183695845726,0.2775183695845726,0.2775183695845726,0.2775183695845726,0.2775183695845726
589,Riley Hardeman,North Melbourne,0.23281950607448604,0.23281950607448604,,0.23281950607448604,0.23281950607448604,0.23281950607448604,0.23281950607448604,0.23281950607448604
359,Lachy Dovaston,North Melbourne,0.2303511263357253,0.2303511263357253,,0.2303511263357253,0.2303511263357253,0.2303511263357253,0.2303511263357253,0.2303511263357253
566,Wil Dawson,North Melbourne,0.22022356373569923,0.22022356373569923,,0.22022356373569923,0.22022356373569923,0.22022356373569923,0.22022356373569923,0.22022356373569923
630,Josh Goater,North Melbourne,0.2012148771799855,0.2012148771799855,,0.2012148771799855,0.2012148771799855,0.2012148771799855,0.2012148771799855,0.2012148771799855
649,Bailey Scott,North Melbourne,0.09458619251215333,0.09458619251215333,,0.09458619251215333,0.09458619251215333,0.09458619251215333,0.09458619251215333,0.09458619251215333
640,Matt Whitlock,North Melbourne,0.04983115996659483,0.04983115996659483,,0.04983115996659483,0.04983115996659483,0.04983115996659483,0.04983115996659483,0.04983115996659483
620,Taylor Goad,North Melbourne,0.04921697191009953,0.04921697191009953,,0.04921697191009953,0.04921697191009953,0.04921697191009953,0.04921697191009953,0.04921697191009953
603,Zac Fisher,North Melbourne,0.022258569456542088,0.022258569456542088,,0.022258569456542088,0.022258569456542088,0.022258569456542088,0.022258569456542088,0.022258569456542088
352,Zak Butters,Port Adelaide,7.470815326990383,7.470815326990383,,7.470815326990383,7.470815326990383,7.470815326990383,7.470815326990383,7.470815326990383
372,Jason Horne-Francis,Port Adelaide,7.458306345191583,7.458306345191583,,7.458306345191583,7.458306345191583,7.458306345191583,7.458306345191583,7.458306345191583
364,Jase Burgoyne,Port Adelaide,4.276261807128775,4.276261807128775,,4.276261807128775,4.276261807128775,4.276261807128775,4.276261807128775,4.276261807128775
445,Jordon Sweet,Port Adelaide,3.5759042120406823,3.5759042120406823,,3.5759042120406823,3.5759042120406823,3.5759042120406823,3.5759042120406823,3.5759042120406823
363,Mitch Georgiades,Port Adelaide,3.443878839822079,3.443878839822079,,3.443878839822079,3.443878839822079,3.443878839822079,3.443878839822079,3.443878839822079
369,Joe Richards,Port Adelaide,3.2516964150702643,3.2516964150702643,,3.2516964150702643,3.2516964150702643,3.2516964150702643,3.2516964150702643,3.2516964150702643
491,Ollie Wines,Port Adelaide,3.1696380263733066,3.1696380263733066,,3.1696380263733066,3.1696380263733066,3.1696380263733066,3.1696380263733066,3.1696380263733066
357,Willem Drew,Port Adelaide,2.9165126837946516,2.9165126837946516,,2.9165126837946516,2.9165126837946516,2.9165126837946516,2.9165126837946516,2.9165126837946516
375,Darcy Byrne-Jones,Port Adelaide,2.8965349599693058,2.8965349599693058,,2.8965349599693058,2.8965349599693058,2.8965349599693058,2.8965349599693058,2.8965349599693058
371,Aliir Aliir,Port Adelaide,2.4571185928273533,2.4571185928273533,,2.4571185928273533,2.4571185928273533,2.4571185928273533,2.4571185928273533,2.4571185928273533
365,Kane Farrell,Port Adelaide,1.8186899834440609,1.8186899834440609,,1.8186899834440609,1.8186899834440609,1.8186899834440609,1.8186899834440609,1.8186899834440609
368,Logan Evans,Port Adelaide,1.6532529936092333,1.6532529936092333,,1.6532529936092333,1.6532529936092333,1.6532529936092333,1.6532529936092333,1.6532529936092333
380,Joe Berry,Port Adelaide,1.6491060478239286,1.6491060478239286,,1.6491060478239286,1.6491060478239286,1.6491060478239286,1.6491060478239286,1.6491060478239286
366,Miles Bergman,Port Adelaide,1.472647763255798,1.472647763255798,,1.472647763255798,1.472647763255798,1.472647763255798,1.472647763255798,1.472647763255798
376,Jack Whitlock,Port Adelaide,1.3688282203012387,1.3688282203012387,,1.3688282203012387,1.3688282203012387,1.3688282203012387,1.3688282203012387,1.3688282203012387
370,Corey Durdin,Port Adelaide,1.231694540107213,1.231694540107213,,1.231694540107213,1.231694540107213,1.231694540107213,1.231694540107213,1.231694540107213
378,Lachie Jones,Port Adelaide,0.9691392304309344,0.9691392304309344,,0.9691392304309344,0.9691392304309344,0.9691392304309344,0.9691392304309344,0.9691392304309344
476,Josh Lai,Port Adelaide,0.8851949941582228,0.8851949941582228,,0.8851949941582228,0.8851949941582228,0.8851949941582228,0.8851949941582228,0.8851949941582228
373,Jacob Wehr,Port Adelaide,0.8045140582798901,0.8045140582798901,,0.8045140582798901,0.8045140582798901,0.8045140582798901,0.8045140582798901,0.8045140582798901
444,Jack Lukosius,Port Adelaide,0.7835001486670186,0.7835001486670186,,0.7835001486670186,0.7835001486670186,0.7835001486670186,0.7835001486670186,0.7835001486670186
374,Ewan Mackinlay,Port Adelaide,0.6916391171992733,0.6916391171992733,,0.6916391171992733,0.6916391171992733,0.6916391171992733,0.6916391171992733,0.6916391171992733
532,Christian Moraes,Port Adelaide,0.6799705063295227,0.6799705063295227,,0.6799705063295227,0.6799705063295227,0.6799705063295227,0.6799705063295227,0.6799705063295227
379,Jack Watkins,Port Adelaide,0.6676209354784773,0.6676209354784773,,0.6676209354784773,0.6676209354784773,0.6676209354784773,0.6676209354784773,0.6676209354784773
381,Esava Ratugolea,Port Adelaide,0.5931175327292625,0.5931175327292625,,0.5931175327292625,0.5931175327292625,0.5931175327292625,0.5931175327292625,0.5931175327292625
446,Jackson Mead,Port Adelaide,0.5389212327045595,0.5389212327045595,,0.5389212327045595,0.5389212327045595,0.5389212327045595,0.5389212327045595,0.5389212327045595
367,Todd Marshall,Port Adelaide,0.4856810469289573,0.4856810469289573,,0.4856810469289573,0.4856810469289573,0.4856810469289573,0.4856810469289573,0.4856810469289573
377,Dante Visentini,Port Adelaide,0.4838024389496782,0.4838024389496782,,0.4838024389496782,0.4838024389496782,0.4838024389496782,0.4838024389496782,0.4838024389496782
621,Xavier Bamert,Port Adelaide,0.3762191168481884,0.3762191168481884,,0.3762191168481884,0.3762191168481884,0.3762191168481884,0.3762191168481884,0.3762191168481884
474,Will Brodie,Port Adelaide,0.3562309293430621,0.3562309293430621,,0.3562309293430621,0.3562309293430621,0.3562309293430621,0.3562309293430621,0.3562309293430621
493,Mitch Zadow,Port Adelaide,0.2795598894823041,0.2795598894823041,,0.2795598894823041,0.2795598894823041,0.2795598894823041,0.2795598894823041,0.2795598894823041
355,Connor Rozee,Port Adelaide,0.2747339931970342,0.2747339931970342,,0.2747339931970342,0.2747339931970342,0.2747339931970342,0.2747339931970342,0.2747339931970342
578,Will Lorenz,Port Adelaide,0.1973524563960274,0.1973524563960274,,0.1973524563960274,0.1973524563960274,0.1973524563960274,0.1973524563960274,0.1973524563960274
579,Tom Anastasopoulos,Port Adelaide,0.11617486173372701,0.11617486173372701,,0.11617486173372701,0.11617486173372701,0.11617486173372701,0.11617486173372701,0.11617486173372701
629,Brandon Zerk-Thatcher,Port Adelaide,0.09883944984644244,0.09883944984644244,,0.09883944984644244,0.09883944984644244,0.09883944984644244,0.09883944984644244,0.09883944984644244
659,Alex Van Wyk,Port Adelaide,0.09595846489435196,0.09595846489435196,,0.09595846489435196,0.09595846489435196,0.09595846489435196,0.09595846489435196,0.09595846489435196
606,Tom Cochrane,Port Adelaide,0.09340049793613671,0.09340049793613671,,0.09340049793613671,0.09340049793613671,0.09340049793613671,0.09340049793613671,0.09340049793613671
648,Balyn O'Brien,Port Adelaide,0.08396613156281883,0.08396613156281883,,0.08396613156281883,0.08396613156281883,0.08396613156281883,0.08396613156281883,0.08396613156281883
622,Harrison Ramm,Port Adelaide,0.07850878667312874,0.07850878667312874,,0.07850878667312874,0.07850878667312874,0.07850878667312874,0.07850878667312874,0.07850878667312874
382,Ollie Lord,Port Adelaide,0.011235498217988188,0.011235498217988188,,0.011235498217988188,0.011235498217988188,0.011235498217988188,0.011235498217988188,0.011235498217988188
231,Tim Taranto,Richmond,5.082935146682667,5.082935146682667,,5.082935146682667,5.082935146682667,5.082935146682667,5.082935146682667,5.082935146682667
233,Jack Ross,Richmond,2.835198876195038,2.835198876195038,,2.835198876195038,2.835198876195038,2.835198876195038,2.835198876195038,2.835198876195038
230,Jayden Short,Richmond,2.229644813596659,2.229644813596659,,2.229644813596659,2.229644813596659,2.229644813596659,2.229644813596659,2.229644813596659
245,Seth Campbell,Richmond,1.7892369741015417,1.7892369741015417,,1.7892369741015417,1.7892369741015417,1.7892369741015417,1.7892369741015417,1.7892369741015417
241,Noah Balta,Richmond,1.5294819887155413,1.5294819887155413,,1.5294819887155413,1.5294819887155413,1.5294819887155413,1.5294819887155413,1.5294819887155413
234,Toby Nankervis,Richmond,1.4605047957180202,1.4605047957180202,,1.4605047957180202,1.4605047957180202,1.4605047957180202,1.4605047957180202,1.4605047957180202
535,Patrick Retschko,Richmond,1.3256619317065907,1.3256619317065907,,1.3256619317065907,1.3256619317065907,1.3256619317065907,1.3256619317065907,1.3256619317065907
235,Tom Lynch,Richmond,1.0808549767881754,1.0808549767881754,,1.0808549767881754,1.0808549767881754,1.0808549767881754,1.0808549767881754,1.0808549767881754
438,Nick Vlastuin,Richmond,1.0691479303424478,1.0691479303424478,,1.0691479303424478,1.0691479303424478,1.0691479303424478,1.0691479303424478,1.0691479303424478
436,Dion Prestia,Richmond,1.0037038633509257,1.0037038633509257,,1.0037038633509257,1.0037038633509257,1.0037038633509257,1.0037038633509257,1.0037038633509257
437,Tyler Sonsie,Richmond,0.9792129580021254,0.9792129580021254,,0.9792129580021254,0.9792129580021254,0.9792129580021254,0.9792129580021254,0.9792129580021254
243,Jacob Hopper,Richmond,0.9633058391091541,0.9633058391091541,,0.9633058391091541,0.9633058391091541,0.9633058391091541,0.9633058391091541,0.9633058391091541
440,Tom Brown,Richmond,0.9551934089546985,0.9551934089546985,,0.9551934089546985,0.9551934089546985,0.9551934089546985,0.9551934089546985,0.9551934089546985
232,Sam Lalor,Richmond,0.8925192301847741,0.8925192301847741,,0.8925192301847741,0.8925192301847741,0.8925192301847741,0.8925192301847741,0.8925192301847741
547,Sam Cumming,Richmond,0.8816584217284523,0.8816584217284523,,0.8816584217284523,0.8816584217284523,0.8816584217284523,0.8816584217284523,0.8816584217284523
246,Kane McAuliffe,Richmond,0.874893137762795,0.874893137762795,,0.874893137762795,0.874893137762795,0.874893137762795,0.874893137762795,0.874893137762795
242,Ben Miller,Richmond,0.8641099836343132,0.8641099836343132,,0.8641099836343132,0.8641099836343132,0.8641099836343132,0.8641099836343132,0.8641099836343132
238,Steely Green,Richmond,0.8553652807867347,0.8553652807867347,,0.8553652807867347,0.8553652807867347,0.8553652807867347,0.8553652807867347,0.8553652807867347
237,Sam Banks,Richmond,0.7622334364501198,0.7622334364501198,,0.7622334364501198,0.7622334364501198,0.7622334364501198,0.7622334364501198,0.7622334364501198
439,Mykelti Lefau,Richmond,0.7189971973298254,0.7189971973298254,,0.7189971973298254,0.7189971973298254,0.7189971973298254,0.7189971973298254,0.7189971973298254
248,James Trezise,Richmond,0.7079622657346037,0.7079622657346037,,0.7079622657346037,0.7079622657346037,0.7079622657346037,0.7079622657346037,0.7079622657346037
251,Hugo Ralphsmith,Richmond,0.6616693099579716,0.6616693099579716,,0.6616693099579716,0.6616693099579716,0.6616693099579716,0.6616693099579716,0.6616693099579716
244,Nathan Broad,Richmond,0.6442596429035592,0.6442596429035592,,0.6442596429035592,0.6442596429035592,0.6442596429035592,0.6442596429035592,0.6442596429035592
239,Sam Grlj,Richmond,0.5753389868284452,0.5753389868284452,,0.5753389868284452,0.5753389868284452,0.5753389868284452,0.5753389868284452,0.5753389868284452
628,Taj Hotton,Richmond,0.40324777875299433,0.40324777875299433,,0.40324777875299433,0.40324777875299433,0.40324777875299433,0.40324777875299433,0.40324777875299433
236,Rhyan Mansell,Richmond,0.3641957137050369,0.3641957137050369,,0.3641957137050369,0.3641957137050369,0.3641957137050369,0.3641957137050369,0.3641957137050369
247,Jonty Faull,Richmond,0.3005613324437253,0.3005613324437253,,0.3005613324437253,0.3005613324437253,0.3005613324437253,0.3005613324437253,0.3005613324437253
464,Luke Trainor,Richmond,0.29669325754573134,0.29669325754573134,,0.29669325754573134,0.29669325754573134,0.29669325754573134,0.29669325754573134,0.29669325754573134
465,Jasper Alger,Richmond,0.2654459180784001,0.2654459180784001,,0.2654459180784001,0.2654459180784001,0.2654459180784001,0.2654459180784001,0.2654459180784001
624,Kye Annand,Richmond,0.24124293629390559,0.24124293629390559,,0.24124293629390559,0.24124293629390559,0.24124293629390559,0.24124293629390559,0.24124293629390559
492,Liam Fawcett,Richmond,0.17074456943568703,0.17074456943568703,,0.17074456943568703,0.17074456943568703,0.17074456943568703,0.17074456943568703,0.17074456943568703
527,Oliver Hayes-Brown,Richmond,0.1698977243347861,0.1698977243347861,,0.1698977243347861,0.1698977243347861,0.1698977243347861,0.1698977243347861,0.1698977243347861
255,Campbell Gray,Richmond,0.14549403287437393,0.14549403287437393,,0.14549403287437393,0.14549403287437393,0.14549403287437393,0.14549403287437393,0.14549403287437393
253,Maurice Rioli,Richmond,0.1386716172567248,0.1386716172567248,,0.1386716172567248,0.1386716172567248,0.1386716172567248,0.1386716172567248,0.1386716172567248
494,Samson Ryan,Richmond,0.11099348934940484,0.11099348934940484,,0.11099348934940484,0.11099348934940484,0.11099348934940484,0.11099348934940484,0.11099348934940484
548,Tom Burton,Richmond,0.10839639759959155,0.10839639759959155,,0.10839639759959155,0.10839639759959155,0.10839639759959155,0.10839639759959155,0.10839639759959155
584,Noah Roberts-Thomson,Richmond,0.08068707414433264,0.08068707414433264,,0.08068707414433264,0.08068707414433264,0.08068707414433264,0.08068707414433264,0.08068707414433264
661,Judson Clarke,Richmond,0.06620381881085757,0.06620381881085757,,0.06620381881085757,0.06620381881085757,0.06620381881085757,0.06620381881085757,0.06620381881085757
254,Harry Armstrong,Richmond,0.04722697477747308,0.04722697477747308,,0.04722697477747308,0.04722697477747308,0.04722697477747308,0.04722697477747308,0.04722697477747308
250,Josh Gibcus,Richmond,0.025013773012166556,0.025013773012166556,,0.025013773012166556,0.025013773012166556,0.025013773012166556,0.025013773012166556,0.025013773012166556
644,Zane Peucker,Richmond,0.020840857593918585,0.020840857593918585,,0.020840857593918585,0.020840857593918585,0.020840857593918585,0.020840857593918585,0.020840857593918585
205,Nasiah Wanganeen-Milera,St Kilda,7.119070640351809,7.119070640351809,,7.119070640351809,7.119070640351809,7.119070640351809,7.119070640351809,7.119070640351809
206,Max Hall,St Kilda,6.4046494632431195,6.4046494632431195,,6.4046494632431195,6.4046494632431195,6.4046494632431195,6.4046494632431195,6.4046494632431195
203,Hugo Garcia,St Kilda,5.797444260941277,5.797444260941277,,5.797444260941277,5.797444260941277,5.797444260941277,5.797444260941277,5.797444260941277
202,Bradley Hill,St Kilda,5.17283289835994,5.17283289835994,,5.17283289835994,5.17283289835994,5.17283289835994,5.17283289835994,5.17283289835994
225,Rowan Marshall,St Kilda,4.48735388490674,4.48735388490674,,4.48735388490674,4.48735388490674,4.48735388490674,4.48735388490674,4.48735388490674
197,Callum Wilkie,St Kilda,4.3017954983031474,4.3017954983031474,,4.3017954983031474,4.3017954983031474,4.3017954983031474,4.3017954983031474,4.3017954983031474
188,Jack Sinclair,St Kilda,3.4807299815563293,3.4807299815563293,,3.4807299815563293,3.4807299815563293,3.4807299815563293,3.4807299815563293,3.4807299815563293
215,Darcy Wilson,St Kilda,3.3925842313442813,3.3925842313442813,,3.3925842313442813,3.3925842313442813,3.3925842313442813,3.3925842313442813,3.3925842313442813
194,Marcus Windhager,St Kilda,3.3662189369404034,3.3662189369404034,,3.3662189369404034,3.3662189369404034,3.3662189369404034,3.3662189369404034,3.3662189369404034
208,Mattaes Phillipou,St Kilda,2.381240579908695,2.381240579908695,,2.381240579908695,2.381240579908695,2.381240579908695,2.381240579908695,2.381240579908695
207,Mitch Owens,St Kilda,2.3339676014496473,2.3339676014496473,,2.3339676014496473,2.3339676014496473,2.3339676014496473,2.3339676014496473,2.3339676014496473
198,Sam Flanders,St Kilda,2.1638524919000846,2.1638524919000846,,2.1638524919000846,2.1638524919000846,2.1638524919000846,2.1638524919000846,2.1638524919000846
220,Mason Wood,St Kilda,2.0712765859573476,2.0712765859573476,,2.0712765859573476,2.0712765859573476,2.0712765859573476,2.0712765859573476,2.0712765859573476
199,Tom De Koning,St Kilda,2.034257462166837,2.034257462166837,,2.034257462166837,2.034257462166837,2.034257462166837,2.034257462166837,2.034257462166837
211,Cooper Sharman,St Kilda,1.902879058043224,1.902879058043224,,1.902879058043224,1.902879058043224,1.902879058043224,1.902879058043224,1.902879058043224
216,Jack Macrae,St Kilda,1.7782908888064468,1.7782908888064468,,1.7782908888064468,1.7782908888064468,1.7782908888064468,1.7782908888064468,1.7782908888064468
212,Jack Silvagni,St Kilda,1.6852240994621954,1.6852240994621954,,1.6852240994621954,1.6852240994621954,1.6852240994621954,1.6852240994621954,1.6852240994621954
217,Jack Higgins,St Kilda,1.4472158572884415,1.4472158572884415,,1.4472158572884415,1.4472158572884415,1.4472158572884415,1.4472158572884415,1.4472158572884415
224,Liam Ryan,St Kilda,1.4257154892523718,1.4257154892523718,,1.4257154892523718,1.4257154892523718,1.4257154892523718,1.4257154892523718,1.4257154892523718
568,Ryan Byrnes,St Kilda,1.0794896710890194,1.0794896710890194,,1.0794896710890194,1.0794896710890194,1.0794896710890194,1.0794896710890194,1.0794896710890194
441,Liam Stocker,St Kilda,0.9100169051838478,0.9100169051838478,,0.9100169051838478,0.9100169051838478,0.9100169051838478,0.9100169051838478,0.9100169051838478
218,Jack Carroll,St Kilda,0.8926093628365311,0.8926093628365311,,0.8926093628365311,0.8926093628365311,0.8926093628365311,0.8926093628365311,0.8926093628365311
228,Hugh Boxshall,St Kilda,0.8553119435486278,0.8553119435486278,,0.8553119435486278,0.8553119435486278,0.8553119435486278,0.8553119435486278,0.8553119435486278
226,Anthony Caminiti,St Kilda,0.6264285505679548,0.6264285505679548,,0.6264285505679548,0.6264285505679548,0.6264285505679548,0.6264285505679548,0.6264285505679548
461,Dan Butler,St Kilda,0.5056147483896692,0.5056147483896692,,0.5056147483896692,0.5056147483896692,0.5056147483896692,0.5056147483896692,0.5056147483896692
559,Liam Henry,St Kilda,0.45116013200820404,0.45116013200820404,,0.45116013200820404,0.45116013200820404,0.45116013200820404,0.45116013200820404,0.45116013200820404
560,Liam O'Connell,St Kilda,0.43323668136348087,0.43323668136348087,,0.43323668136348087,0.43323668136348087,0.43323668136348087,0.43323668136348087,0.43323668136348087
608,Campbell Lake,St Kilda,0.39538637350795997,0.39538637350795997,,0.39538637350795997,0.39538637350795997,0.39538637350795997,0.39538637350795997,0.39538637350795997
528,Hunter Clark,St Kilda,0.36975041630126115,0.36975041630126115,,0.36975041630126115,0.36975041630126115,0.36975041630126115,0.36975041630126115,0.36975041630126115
460,Dougal Howard,St Kilda,0.34515130360329693,0.34515130360329693,,0.34515130360329693,0.34515130360329693,0.34515130360329693,0.34515130360329693,0.34515130360329693
639,Tobie Travaglia,St Kilda,0.29699543232202985,0.29699543232202985,,0.29699543232202985,0.29699543232202985,0.29699543232202985,0.29699543232202985,0.29699543232202985
229,Alix Tauru,St Kilda,0.27530113583152593,0.27530113583152593,,0.27530113583152593,0.27530113583152593,0.27530113583152593,0.27530113583152593,0.27530113583152593
609,Angus Hastie,St Kilda,0.2603900207463621,0.2603900207463621,,0.2603900207463621,0.2603900207463621,0.2603900207463621,0.2603900207463621,0.2603900207463621
583,Charlie Banfield,St Kilda,0.13097371305641825,0.13097371305641825,,0.13097371305641825,0.13097371305641825,0.13097371305641825,0.13097371305641825,0.13097371305641825
403,Isaac Keeler,St Kilda,0.04282676320385406,0.04282676320385406,,0.04282676320385406,0.04282676320385406,0.04282676320385406,0.04282676320385406,0.04282676320385406
652,Max King,St Kilda,0.027726604376123835,0.027726604376123835,,0.027726604376123835,0.027726604376123835,0.027726604376123835,0.027726604376123835,0.027726604376123835
2,Isaac Heeney,Sydney,9.533626720218525,9.533626720218525,,9.533626720218525,9.533626720218525,9.533626720218525,9.533626720218525,9.533626720218525
5,Brodie Grundy,Sydney,7.66211930317493,7.66211930317493,,7.66211930317493,7.66211930317493,7.66211930317493,7.66211930317493,7.66211930317493
4,Chad Warner,Sydney,7.466897263442821,7.466897263442821,,7.466897263442821,7.466897263442821,7.466897263442821,7.466897263442821,7.466897263442821
1,Errol Gulden,Sydney,5.624599064230384,5.624599064230384,,5.624599064230384,5.624599064230384,5.624599064230384,5.624599064230384,5.624599064230384
13,Nick Blakey,Sydney,5.55443959773364,5.55443959773364,,5.55443959773364,5.55443959773364,5.55443959773364,5.55443959773364,5.55443959773364
12,Charlie Curnow,Sydney,4.74531853974298,4.74531853974298,,4.74531853974298,4.74531853974298,4.74531853974298,4.74531853974298,4.74531853974298
10,Callum Mills,Sydney,4.004606637042303,4.004606637042303,,4.004606637042303,4.004606637042303,4.004606637042303,4.004606637042303,4.004606637042303
0,Justin McInerney,Sydney,3.968924932621197,3.968924932621197,,3.968924932621197,3.968924932621197,3.968924932621197,3.968924932621197,3.968924932621197
11,Jai Serong,Sydney,3.219459811081174,3.219459811081174,,3.219459811081174,3.219459811081174,3.219459811081174,3.219459811081174,3.219459811081174
22,Tom Papley,Sydney,3.038201912353776,3.038201912353776,,3.038201912353776,3.038201912353776,3.038201912353776,3.038201912353776,3.038201912353776
3,James Rowbottom,Sydney,3.0344851221063704,3.0344851221063704,,3.0344851221063704,3.0344851221063704,3.0344851221063704,3.0344851221063704,3.0344851221063704
17,Jake Lloyd,Sydney,3.023180356429839,3.023180356429839,,3.023180356429839,3.023180356429839,3.023180356429839,3.023180356429839,3.023180356429839
14,Tom McCartin,Sydney,2.814581393608797,2.814581393608797,,2.814581393608797,2.814581393608797,2.814581393608797,2.814581393608797,2.814581393608797
16,Riley Bice,Sydney,2.7746194256480767,2.7746194256480767,,2.7746194256480767,2.7746194256480767,2.7746194256480767,2.7746194256480767,2.7746194256480767
8,Angus Sheldrick,Sydney,2.7638837046141695,2.7638837046141695,,2.7638837046141695,2.7638837046141695,2.7638837046141695,2.7638837046141695,2.7638837046141695
6,Matt Roberts,Sydney,2.5799708270342663,2.5799708270342663,,2.5799708270342663,2.5799708270342663,2.5799708270342663,2.5799708270342663,2.5799708270342663
20,Logan McDonald,Sydney,2.4173522830597505,2.4173522830597505,,2.4173522830597505,2.4173522830597505,2.4173522830597505,2.4173522830597505,2.4173522830597505
19,James Jordon,Sydney,2.107108657973247,2.107108657973247,,2.107108657973247,2.107108657973247,2.107108657973247,2.107108657973247,2.107108657973247
26,Sam Wicks,Sydney,1.6903951615382298,1.6903951615382298,,1.6903951615382298,1.6903951615382298,1.6903951615382298,1.6903951615382298,1.6903951615382298
15,Joel Amartey,Sydney,1.5418834093087135,1.5418834093087135,,1.5418834093087135,1.5418834093087135,1.5418834093087135,1.5418834093087135,1.5418834093087135
21,Malcolm Rosas,Sydney,1.3665201180996827,1.3665201180996827,,1.3665201180996827,1.3665201180996827,1.3665201180996827,1.3665201180996827,1.3665201180996827
18,Dane Rampe,Sydney,1.048704017747131,1.048704017747131,,1.048704017747131,1.048704017747131,1.048704017747131,1.048704017747131,1.048704017747131
647,Braeden Campbell,Sydney,0.9840163844746073,0.9840163844746073,,0.9840163844746073,0.9840163844746073,0.9840163844746073,0.9840163844746073,0.9840163844746073
495,Harry Cunningham,Sydney,0.8631345519298602,0.8631345519298602,,0.8631345519298602,0.8631345519298602,0.8631345519298602,0.8631345519298602,0.8631345519298602
543,Billy Cootee,Sydney,0.8457574949778978,0.8457574949778978,,0.8457574949778978,0.8457574949778978,0.8457574949778978,0.8457574949778978,0.8457574949778978
565,Hayden McLean,Sydney,0.8123496158496403,0.8123496158496403,,0.8123496158496403,0.8123496158496403,0.8123496158496403,0.8123496158496403,0.8123496158496403
432,Caiden Cleary,Sydney,0.8111238283598896,0.8111238283598896,,0.8111238283598896,0.8111238283598896,0.8111238283598896,0.8111238283598896,0.8111238283598896
657,Jesse Dattoli,Sydney,0.6478029658384381,0.6478029658384381,,0.6478029658384381,0.6478029658384381,0.6478029658384381,0.6478029658384381,0.6478029658384381
27,Lewis Melican,Sydney,0.536706802437454,0.536706802437454,,0.536706802437454,0.536706802437454,0.536706802437454,0.536706802437454,0.536706802437454
542,William Edwards,Sydney,0.5310595365822574,0.5310595365822574,,0.5310595365822574,0.5310595365822574,0.5310595365822574,0.5310595365822574,0.5310595365822574
598,Harry Kyle,Sydney,0.5195466619150706,0.5195466619150706,,0.5195466619150706,0.5195466619150706,0.5195466619150706,0.5195466619150706,0.5195466619150706
517,Joel Hamling,Sydney,0.41426958277241044,0.41426958277241044,,0.41426958277241044,0.41426958277241044,0.41426958277241044,0.41426958277241044,0.41426958277241044
597,Peter Ladhams,Sydney,0.3580231154211964,0.3580231154211964,,0.3580231154211964,0.3580231154211964,0.3580231154211964,0.3580231154211964,0.3580231154211964
590,Tom Hanily,Sydney,0.3420829793211703,0.3420829793211703,,0.3420829793211703,0.3420829793211703,0.3420829793211703,0.3420829793211703,0.3420829793211703
658,William Green,Sydney,0.27060740702044916,0.27060740702044916,,0.27060740702044916,0.27060740702044916,0.27060740702044916,0.27060740702044916,0.27060740702044916
431,Corey Warner,Sydney,0.24339532457203863,0.24339532457203863,,0.24339532457203863,0.24339532457203863,0.24339532457203863,0.24339532457203863,0.24339532457203863
411,Harley Reid,West Coast,5.980582122042149,5.980582122042149,,5.980582122042149,5.980582122042149,5.980582122042149,5.980582122042149,5.980582122042149
448,Tim Kelly,West Coast,3.87347950018039,3.87347950018039,,3.87347950018039,3.87347950018039,3.87347950018039,3.87347950018039,3.87347950018039
414,Jake Waterman,West Coast,2.9139423439734893,2.9139423439734893,,2.9139423439734893,2.9139423439734893,2.9139423439734893,2.9139423439734893,2.9139423439734893
520,Bailey Williams,West Coast,2.709154713260873,2.709154713260873,,2.709154713260873,2.709154713260873,2.709154713260873,2.709154713260873,2.709154713260873
415,Tom McCarthy,West Coast,2.657840982865749,2.657840982865749,,2.657840982865749,2.657840982865749,2.657840982865749,2.657840982865749,2.657840982865749
412,Elliot Yeo,West Coast,2.3678280956785818,2.3678280956785818,,2.3678280956785818,2.3678280956785818,2.3678280956785818,2.3678280956785818,2.3678280956785818
417,Willem Duursma,West Coast,2.1557147983226415,2.1557147983226415,,2.1557147983226415,2.1557147983226415,2.1557147983226415,2.1557147983226415,2.1557147983226415
407,Milan Murdock,West Coast,1.8930291456659514,1.8930291456659514,,1.8930291456659514,1.8930291456659514,1.8930291456659514,1.8930291456659514,1.8930291456659514
413,Liam Duggan,West Coast,1.63340812758984,1.63340812758984,,1.63340812758984,1.63340812758984,1.63340812758984,1.63340812758984,1.63340812758984
449,Liam Baker,West Coast,1.4111889139751534,1.4111889139751534,,1.4111889139751534,1.4111889139751534,1.4111889139751534,1.4111889139751534,1.4111889139751534
423,Jobe Shanahan,West Coast,1.2797606287439725,1.2797606287439725,,1.2797606287439725,1.2797606287439725,1.2797606287439725,1.2797606287439725,1.2797606287439725
410,Jack Graham,West Coast,1.127663756910859,1.127663756910859,,1.127663756910859,1.127663756910859,1.127663756910859,1.127663756910859,1.127663756910859
426,Reuben Ginbey,West Coast,1.033715810772202,1.033715810772202,,1.033715810772202,1.033715810772202,1.033715810772202,1.033715810772202,1.033715810772202
420,Tylar Young,West Coast,0.9891736913700269,0.9891736913700269,,0.9891736913700269,0.9891736913700269,0.9891736913700269,0.9891736913700269,0.9891736913700269
419,Josh Lindsay,West Coast,0.9379908643015452,0.9379908643015452,,0.9379908643015452,0.9379908643015452,0.9379908643015452,0.9379908643015452,0.9379908643015452
429,Brady Hough,West Coast,0.9318086261870343,0.9318086261870343,,0.9318086261870343,0.9318086261870343,0.9318086261870343,0.9318086261870343,0.9318086261870343
617,Marcus Herbert,West Coast,0.9210655824300876,0.9210655824300876,,0.9210655824300876,0.9210655824300876,0.9210655824300876,0.9210655824300876,0.9210655824300876
418,Hamish Davis,West Coast,0.8707841481376296,0.8707841481376296,,0.8707841481376296,0.8707841481376296,0.8707841481376296,0.8707841481376296,0.8707841481376296
421,Bo Allan,West Coast,0.768081545626186,0.768081545626186,,0.768081545626186,0.768081545626186,0.768081545626186,0.768081545626186,0.768081545626186
428,Tom Cole,West Coast,0.7021776188743586,0.7021776188743586,,0.7021776188743586,0.7021776188743586,0.7021776188743586,0.7021776188743586,0.7021776188743586
416,Ryan Maric,West Coast,0.6859893237007207,0.6859893237007207,,0.6859893237007207,0.6859893237007207,0.6859893237007207,0.6859893237007207,0.6859893237007207
409,Deven Robertson,West Coast,0.5278021641440989,0.5278021641440989,,0.5278021641440989,0.5278021641440989,0.5278021641440989,0.5278021641440989,0.5278021641440989
430,Cooper Duff-Tytler,West Coast,0.47167975096269843,0.47167975096269843,,0.47167975096269843,0.47167975096269843,0.47167975096269843,0.47167975096269843,0.47167975096269843
552,Jack Williams,West Coast,0.46700883355977735,0.46700883355977735,,0.46700883355977735,0.46700883355977735,0.46700883355977735,0.46700883355977735,0.46700883355977735
585,Rhett Bazzo,West Coast,0.4541876214332161,0.4541876214332161,,0.4541876214332161,0.4541876214332161,0.4541876214332161,0.4541876214332161,0.4541876214332161
607,Brandon Starcevich,West Coast,0.3123744128725542,0.3123744128725542,,0.3123744128725542,0.3123744128725542,0.3123744128725542,0.3123744128725542,0.3123744128725542
427,Matt Flynn,West Coast,0.29717902348329794,0.29717902348329794,,0.29717902348329794,0.29717902348329794,0.29717902348329794,0.29717902348329794,0.29717902348329794
631,Oliver Francou,West Coast,0.2851057062890705,0.2851057062890705,,0.2851057062890705,0.2851057062890705,0.2851057062890705,0.2851057062890705,0.2851057062890705
574,Harvey Johnston,West Coast,0.23960630129285732,0.23960630129285732,,0.23960630129285732,0.23960630129285732,0.23960630129285732,0.23960630129285732,0.23960630129285732
497,Malakai Champion,West Coast,0.2389367770232911,0.2389367770232911,,0.2389367770232911,0.2389367770232911,0.2389367770232911,0.2389367770232911,0.2389367770232911
422,Jamie Cripps,West Coast,0.1890794725021361,0.1890794725021361,,0.1890794725021361,0.1890794725021361,0.1890794725021361,0.1890794725021361,0.1890794725021361
573,Jack Hutchinson,West Coast,0.16595281584685118,0.16595281584685118,,0.16595281584685118,0.16595281584685118,0.16595281584685118,0.16595281584685118,0.16595281584685118
425,Archer Reid,West Coast,0.15735637329417407,0.15735637329417407,,0.15735637329417407,0.15735637329417407,0.15735637329417407,0.15735637329417407,0.15735637329417407
522,Elijah Hewett,West Coast,0.13780423798257752,0.13780423798257752,,0.13780423798257752,0.13780423798257752,0.13780423798257752,0.13780423798257752,0.13780423798257752
619,Tom Gross,West Coast,0.13531243983840258,0.13531243983840258,,0.13531243983840258,0.13531243983840258,0.13531243983840258,0.13531243983840258,0.13531243983840258
475,Harry Schoenberg,West Coast,0.13212126948314679,0.13212126948314679,,0.13212126948314679,0.13212126948314679,0.13212126948314679,0.13212126948314679,0.13212126948314679
498,Matthew Owies,West Coast,0.0957772382589081,0.0957772382589081,,0.0957772382589081,0.0957772382589081,0.0957772382589081,0.0957772382589081,0.0957772382589081
496,Sandy Brock,West Coast,0.0894086714556846,0.0894086714556846,,0.0894086714556846,0.0894086714556846,0.0894086714556846,0.0894086714556846,0.0894086714556846
424,Jacob Newton,West Coast,0.05710857946626147,0.05710857946626147,,0.05710857946626147,0.05710857946626147,0.05710857946626147,0.05710857946626147,0.05710857946626147
450,Harry Edwards,West Coast,0.023320603765759007,0.023320603765759007,,0.023320603765759007,0.023320603765759007,0.023320603765759007,0.023320603765759007,0.023320603765759007
143,Marcus Bontempelli,Western Bulldogs,9.671827737423955,9.671827737423955,,9.671827737423955,9.671827737423955,9.671827737423955,9.671827737423955,9.671827737423955
138,Ed Richards,Western Bulldogs,7.669102096214125,7.669102096214125,,7.669102096214125,7.669102096214125,7.669102096214125,7.669102096214125,7.669102096214125
141,Matthew Kennedy,Western Bulldogs,5.013365431075446,5.013365431075446,,5.013365431075446,5.013365431075446,5.013365431075446,5.013365431075446,5.013365431075446
164,Bailey Dale,Western Bulldogs,3.6901859027376807,3.6901859027376807,,3.6901859027376807,3.6901859027376807,3.6901859027376807,3.6901859027376807,3.6901859027376807
281,Ryley Sanders,Western Bulldogs,3.523155975147656,3.523155975147656,,3.523155975147656,3.523155975147656,3.523155975147656,3.523155975147656,3.523155975147656
162,Joel Freijah,Western Bulldogs,3.386669685061536,3.386669685061536,,3.386669685061536,3.386669685061536,3.386669685061536,3.386669685061536,3.386669685061536
158,Aaron Naughton,Western Bulldogs,2.885374844749353,2.885374844749353,,2.885374844749353,2.885374844749353,2.885374844749353,2.885374844749353,2.885374844749353
146,Tom Liberatore,Western Bulldogs,2.548301374887559,2.548301374887559,,2.548301374887559,2.548301374887559,2.548301374887559,2.548301374887559,2.548301374887559
147,Tim English,Western Bulldogs,2.4315315167454044,2.4315315167454044,,2.4315315167454044,2.4315315167454044,2.4315315167454044,2.4315315167454044,2.4315315167454044
145,Bailey Williams,Western Bulldogs,2.3737681002835016,2.3737681002835016,,2.3737681002835016,2.3737681002835016,2.3737681002835016,2.3737681002835016,2.3737681002835016
163,Rhylee West,Western Bulldogs,1.8798103803772925,1.8798103803772925,,1.8798103803772925,1.8798103803772925,1.8798103803772925,1.8798103803772925,1.8798103803772925
161,Lachlan Bramble,Western Bulldogs,1.6710343348985055,1.6710343348985055,,1.6710343348985055,1.6710343348985055,1.6710343348985055,1.6710343348985055,1.6710343348985055
157,Rory Lobb,Western Bulldogs,1.6484946104101303,1.6484946104101303,,1.6484946104101303,1.6484946104101303,1.6484946104101303,1.6484946104101303,1.6484946104101303
148,Connor Budarick,Western Bulldogs,1.4428880659213337,1.4428880659213337,,1.4428880659213337,1.4428880659213337,1.4428880659213337,1.4428880659213337,1.4428880659213337
180,Arthur Jones,Western Bulldogs,1.4104424916976268,1.4104424916976268,,1.4104424916976268,1.4104424916976268,1.4104424916976268,1.4104424916976268,1.4104424916976268
176,Cooper Hynes,Western Bulldogs,1.2564177212885446,1.2564177212885446,,1.2564177212885446,1.2564177212885446,1.2564177212885446,1.2564177212885446,1.2564177212885446
173,Michael Sellwood,Western Bulldogs,1.2404505889563553,1.2404505889563553,,1.2404505889563553,1.2404505889563553,1.2404505889563553,1.2404505889563553,1.2404505889563553
179,Buku Khamis,Western Bulldogs,1.0901401405782916,1.0901401405782916,,1.0901401405782916,1.0901401405782916,1.0901401405782916,1.0901401405782916,1.0901401405782916
171,Sam Davidson,Western Bulldogs,0.833345179811745,0.833345179811745,,0.833345179811745,0.833345179811745,0.833345179811745,0.833345179811745,0.833345179811745
159,Sam Darcy,Western Bulldogs,0.7944400853278797,0.7944400853278797,,0.7944400853278797,0.7944400853278797,0.7944400853278797,0.7944400853278797,0.7944400853278797
178,James O'Donnell,Western Bulldogs,0.7840423287397824,0.7840423287397824,,0.7840423287397824,0.7840423287397824,0.7840423287397824,0.7840423287397824,0.7840423287397824
282,Will Lewis,Western Bulldogs,0.6611102962524827,0.6611102962524827,,0.6611102962524827,0.6611102962524827,0.6611102962524827,0.6611102962524827,0.6611102962524827
166,Lachie Jaques,Western Bulldogs,0.6592753632739989,0.6592753632739989,,0.6592753632739989,0.6592753632739989,0.6592753632739989,0.6592753632739989,0.6592753632739989
602,Cody Weightman,Western Bulldogs,0.6261473015065797,0.6261473015065797,,0.6261473015065797,0.6261473015065797,0.6261473015065797,0.6261473015065797,0.6261473015065797
554,Nick Coffield,Western Bulldogs,0.6158758090124249,0.6158758090124249,,0.6158758090124249,0.6158758090124249,0.6158758090124249,0.6158758090124249,0.6158758090124249
174,Oskar Baker,Western Bulldogs,0.6108972228166197,0.6108972228166197,,0.6108972228166197,0.6108972228166197,0.6108972228166197,0.6108972228166197,0.6108972228166197
181,Jordan Croft,Western Bulldogs,0.5772650117987106,0.5772650117987106,,0.5772650117987106,0.5772650117987106,0.5772650117987106,0.5772650117987106,0.5772650117987106
504,Josh Dolan,Western Bulldogs,0.539276441486157,0.539276441486157,,0.539276441486157,0.539276441486157,0.539276441486157,0.539276441486157,0.539276441486157
506,Lachlan McNeil,Western Bulldogs,0.5134816197847433,0.5134816197847433,,0.5134816197847433,0.5134816197847433,0.5134816197847433,0.5134816197847433,0.5134816197847433
544,Jedd Busslinger,Western Bulldogs,0.45837604128145437,0.45837604128145437,,0.45837604128145437,0.45837604128145437,0.45837604128145437,0.45837604128145437,0.45837604128145437
541,Adam Treloar,Western Bulldogs,0.31263411583845013,0.31263411583845013,,0.31263411583845013,0.31263411583845013,0.31263411583845013,0.31263411583845013,0.31263411583845013
613,Luke Kennedy,Western Bulldogs,0.24315214964514467,0.24315214964514467,,0.24315214964514467,0.24315214964514467,0.24315214964514467,0.24315214964514467,0.24315214964514467
519,Louis Emmett,Western Bulldogs,0.0711330213911601,0.0711330213911601,,0.0711330213911601,0.0711330213911601,0.0711330213911601,0.0711330213911601,0.0711330213911601
518,Harvey Gallagher,Western Bulldogs,0.06379777876514611,0.06379777876514611,,0.06379777876514611,0.06379777876514611,0.06379777876514611,0.06379777876514611,0.06379777876514611
594,Luke Cleary,Western Bulldogs,0.05277792937430499,0.05277792937430499,,0.05277792937430499,0.05277792937430499,0.05277792937430499,0.05277792937430499,0.05277792937430499
555,Laitham Vandermeer,Western Bulldogs,0.04606561725152919,0.04606561725152919,,0.04606561725152919,0.04606561725152919,0.04606561725152919,0.04606561725152919,0.04606561725152919
546,Ryan Gardner,Western Bulldogs,0.0432183393674243,0.0432183393674243,,0.0432183393674243,0.0432183393674243,0.0432183393674243,0.0432183393674243,0.0432183393674243
545,Lachlan Smith,Western Bulldogs,0.03860857019683518,0.03860857019683518,,0.03860857019683518,0.03860857019683518,0.03860857019683518,0.03860857019683518,0.03860857019683518
663,Lachlan Carmichael,Western Bulldogs,0.03264013037761476,0.03264013037761476,,0.03264013037761476,0.03264013037761476,0.03264013037761476,0.03264013037761476,0.03264013037761476
