,Name,Team,Sample 0,Sample 1,Sample 2,Sample 3,Sample 4,Sample 5,Sample 6,Sample 7,Sample 8,Sample 9,Sample 10,Sample 11,Sample 12,Sample 13,Sample 14,Sample 15,Sample 16,Sample 17,Sample 18,Sample 19,Sample 20,Sample 21,Sample 22,Sample 23,Sample 24,Sample 25,Sample 26,Sample 27,Sample 28,Sample 29,Sample 30,Sample 31,Sample 32,Sample 33,Sample 34,Sample 35,Sample 36,Sample 37,Sample 38,Sample 39,Sample 40,Sample 41,Sample 42,Sample 43,Sample 44,Sample 45,Sample 46,Sample 47,Sample 48,Sample 49,Mean,Std,Median,5th,16th,84th,95th
323,Jordan Dawson,Adelaide,18.178184285759926,18.126722436398268,18.272359985858202,18.00586226209998,18.145196110010147,18.119892224669456,18.09226331114769,18.001718118786812,18.381277911365032,18.11374467983842,18.202477674931288,18.157080065459013,18.033800069242716,18.247066620737314,18.208823278546333,18.20684042572975,18.0494136326015,18.2121093980968,18.029906421899796,18.139086663722992,18.054898142814636,18.137748524546623,18.376926630735397,18.19324381649494,18.216933481395245,18.13138025254011,18.21717517822981,17.928169310092926,18.077990394085646,18.143831722438335,17.89461349695921,18.01339191570878,18.257362637668848,18.13449414819479,18.010736752301455,17.973907604813576,18.134714744985104,18.202076707035303,18.387774664908648,18.460784077644348,18.133600294589996,18.02924321219325,18.16821851953864,18.245939653366804,18.200927734375,18.0001239515841,18.133604660630226,18.1366158798337,18.096614446491003,18.27524496242404,18.14584226191044,0.11737723105268168,18.13718220219016,17.979281955901534,18.025930291227997,18.24617518954724,18.380385898835957
434,Izak Rankine,Adelaide,17.848516693338752,17.79299335181713,17.844260862097144,17.810493256896734,17.609500912949443,17.99770638719201,17.921895312145352,18.02427981235087,17.653306188061833,17.695111835375428,17.594736812636256,17.841747460886836,17.839650304988027,17.66757028363645,17.744441563263535,17.932652050629258,17.879041485488415,17.639771258458495,18.087958358228207,17.768719485029578,17.793061746284366,17.983456077054143,17.793013097718358,17.90507752634585,17.80621218122542,17.66094701178372,17.721540654078126,18.017680810764432,17.921155724674463,17.93450716510415,17.999034957960248,17.798444477841258,17.77878901734948,17.847316164523363,17.8223548065871,17.800874484702945,17.82365675456822,17.818126682192087,17.582407077774405,17.757439887151122,17.650160809978843,17.91928922943771,17.789446271955967,17.74833203293383,17.660299606621265,17.91464008577168,17.856108160689473,17.899021059274673,17.844123266637325,17.87819185294211,17.81838124714792,0.11923168633928645,17.820240744389594,17.6157063337788,17.66618601981923,17.924143470488488,18.013858410939573
322,Sam Berry,Adelaide,7.01651650480926,6.9250576458871365,7.1368612293154,7.192098084837198,7.0364934876561165,7.130725227296352,6.928077626973391,7.136302389204502,7.01145388931036,7.007115200161934,7.235456887632608,7.143558917567134,7.101068381220102,6.964807081967592,6.984391761943698,7.021017424762249,6.965073987841606,7.088262664154172,7.016490396112204,7.168430887162685,7.135830622166395,7.139647651463747,7.106963161379099,6.980845745652914,7.104888707399368,7.201764214783907,7.134688138961792,7.113159723579884,6.893500719219446,7.1046550162136555,7.061550013720989,7.053910218179226,7.069701204076409,7.141275867819786,7.110251564532518,7.211683806031942,7.174343636259437,7.133933488279581,7.099881138652563,6.942824028432369,7.149407848715782,7.026488292962313,6.942300219088793,7.238515198230743,7.0747684594243765,7.01645715162158,7.03212958574295,7.0662818886339664,6.9806719571352005,7.0974558256566525,7.074980695396662,0.08544929257757226,7.092859244905412,6.930993258357048,6.980809423852712,7.1447813441772015,7.2096502898260955
314,Wayne Milera,Adelaide,6.339883787557483,6.069619700312614,6.061146205291152,6.2334890104830265,6.151404896751046,5.832542492076755,6.311378255486488,5.974416779354215,6.0141492411494255,5.986275242641568,6.003983581438661,6.07061979547143,5.970455918461084,6.127981189638376,6.040718587115407,5.772021424025297,6.126885389909148,6.1885450929403305,5.883631309494376,6.040716914460063,6.17374412715435,6.111593941226602,5.987532148137689,6.045013038441539,6.109369266778231,5.854746012017131,5.992992240935564,5.962946144863963,6.066071389243007,6.122532365843654,5.90317309089005,6.11454438790679,6.160102650523186,6.0960889626294374,6.097002534195781,6.045513462275267,6.0081181693822145,5.810693563893437,6.0656268410384655,6.108614578843117,6.1085665710270405,5.955925168469548,6.191798297688365,5.945005534216762,6.100321063771844,6.100812640041113,6.134708918631077,6.194772768765688,6.019616909325123,6.0689063016325235,6.05712635807693,0.11620450858080685,6.067488845437765,5.837094213664532,5.96147876079753,6.153222727289423,6.225552180930972
319,Josh Rachele,Adelaide,3.631726449355483,3.709218805655837,3.6824108213186264,3.68346862308681,3.67778199352324,3.6718240678310394,3.7487216014415026,3.771972032263875,3.6041002217680216,3.7526228707283735,3.669486876577139,3.7856574822217226,3.634141966700554,3.705711977556348,3.7157951928675175,3.6193798817694187,3.6077789328992367,3.6428275238722563,3.6706142518669367,3.705787628889084,3.6845131926238537,3.634552052244544,3.5721197351813316,3.710723353549838,3.6341106817126274,3.7223592661321163,3.6722597554326057,3.7239712737500668,3.6727123707532883,3.6790199540555477,3.707650475203991,3.666042696684599,3.7151887584477663,3.685527551919222,3.734629973769188,3.7121642902493477,3.6435052417218685,3.709953561425209,3.6688241828233004,3.631635282188654,3.67177377641201,3.7737258188426495,3.6729445848613977,3.721493002027273,3.718990383669734,3.637307172641158,3.647449593991041,3.6685859244316816,3.634872393682599,3.6312695052474737,3.68101810015738,0.04627040025930405,3.675363289192319,3.610157127417624,3.634135428138077,3.7216740512251856,3.768005454149097
315,Riley Thilthorpe,Adelaide,3.6268226765096188,3.688895396888256,3.585457544773817,3.6243264358490705,3.546614397317171,3.6335418932139874,3.6374071668833494,3.5762273650616407,3.6234967298805714,3.6050882134586573,3.666691305115819,3.6081577725708485,3.6046586520969868,3.650944145396352,3.647445607930422,3.6391173861920834,3.677283376455307,3.651262529194355,3.590452155098319,3.610560918226838,3.6321801990270615,3.580962536856532,3.6599363163113594,3.5767893362790346,3.6557583771646023,3.5862005185335875,3.668767374008894,3.5858110450208187,3.5866369362920523,3.6660875398665667,3.6401410810649395,3.5702250134199858,3.513609427958727,3.610604340210557,3.5608553551137447,3.6368625219911337,3.574222171679139,3.605350114405155,3.668827848508954,3.6125148870050907,3.5665254537016153,3.6220854464918375,3.6317868288606405,3.633979609236121,3.679778480902314,3.591857196763158,3.608904682099819,3.563558552414179,3.678684987127781,3.5497788712382317,3.616274694353342,0.04030416395062908,3.617300166748464,3.5520495504327116,3.575808279644698,3.6612219220343976,3.6783976569399237
324,Taylor Walker,Adelaide,3.385397519916296,3.44186126627028,3.406685598194599,3.3817226849496365,3.468612788245082,3.4561327379196882,3.440319698303938,3.3858732599765062,3.4675824232399464,3.436307506635785,3.537885317578912,3.461618959903717,3.4144694171845913,3.487994274124503,3.410252185538411,3.4374216850847006,3.386096453294158,3.472190499305725,3.281272927299142,3.513716684654355,3.3693657591938972,3.442992515861988,3.471143774688244,3.4954311177134514,3.298525767400861,3.443407403305173,3.5009105037897825,3.3890812639147043,3.418675696477294,3.3948375191539526,3.459843972697854,3.4516166672110558,3.446722200140357,3.430489208549261,3.4952465873211622,3.4788938891142607,3.4184813164174557,3.4538633190095425,3.390105467289686,3.3934208787977695,3.4207441452890635,3.325362114235759,3.488146238029003,3.4506431967020035,3.4593817982822657,3.482733240351081,3.4449619613587856,3.4154149144887924,3.507078105583787,3.406447583809495,3.434347640275955,0.051892910095351664,3.442426891066134,3.3343828614521773,3.3884574384950104,3.483832796409726,3.505813747216016
328,Darcy Fogarty,Adelaide,2.661821672692895,2.624553022906184,2.7393747996538877,2.563876746222377,2.5915988627821207,2.6707594767212868,2.672606525942683,2.7663130294531584,2.6774668972939253,2.7313846480101347,2.723013451322913,2.6982187274843454,2.678043330088258,2.603752199560404,2.6664013620465994,2.600591951981187,2.6666127555072308,2.619171902537346,2.73568432405591,2.668232837691903,2.65481817163527,2.6067395247519016,2.62897158972919,2.715359950438142,2.6719568222761154,2.7194940391927958,2.7115596644580364,2.644088540226221,2.6635695341974497,2.761533649638295,2.6793740019202232,2.573029600083828,2.5836564898490906,2.621451288461685,2.5609410908073187,2.6139369308948517,2.6406257674098015,2.5877639651298523,2.6407169066369534,2.6660509537905455,2.629457861185074,2.6085301861166954,2.708381589502096,2.6027490962296724,2.6782481223344803,2.778126334771514,2.5873165912926197,2.6193097978830338,2.688186353072524,2.708841385319829,2.658285286463797,0.05512688484967239,2.6648102439939976,2.575208112485707,2.602298253081739,2.7162239749878645,2.7569910853914914
321,James Peatling,Adelaide,2.634723147377372,2.6454377081245184,2.619059029966593,2.6359755881130695,2.7244621105492115,2.4901764690876007,2.601602617651224,2.6380468904972076,2.594226447865367,2.592431044206023,2.5536131374537945,2.539520276710391,2.6883704978972673,2.7636973802000284,2.5270511265844107,2.636802202090621,2.7139591202139854,2.6695338804274797,2.7334311679005623,2.706116745248437,2.651571622118354,2.6314471773803234,2.645985595881939,2.5573250744491816,2.7832353617995977,2.6672911290079355,2.649479830637574,2.644986607134342,2.6071202475577593,2.5426877569407225,2.7882469706237316,2.6492191944271326,2.6364537943154573,2.7663198802620173,2.5806525126099586,2.6949465107172728,2.6933527253568172,2.617914831265807,2.5675531905144453,2.5313433054834604,2.629183754324913,2.645585911348462,2.7360312938690186,2.563157821074128,2.7339617237448692,2.6776521895080805,2.67037689127028,2.643215710297227,2.6311656832695007,2.6480823177844286,2.643875664062798,0.06897986458249525,2.6441011587157845,2.533019584584981,2.566634558301419,2.7161542451940477,2.7657822677493096
326,Lachlan McAndrew,Adelaide,1.5270910020917654,1.4790354240685701,1.4592989310622215,1.5374219119548798,1.5285355430096388,1.4883893616497517,1.4653874579817057,1.4679816700518131,1.4806515406817198,1.4991603568196297,1.4722671024501324,1.4287115521728992,1.5200776848942041,1.503880923613906,1.5393994562327862,1.5841534230858088,1.508450536057353,1.4830375276505947,1.4543050769716501,1.483288235962391,1.5118971727788448,1.4869575686752796,1.4498651325702667,1.550583017989993,1.522025579586625,1.4949899576604366,1.5075404550880194,1.5082012172788382,1.4887579325586557,1.4083670265972614,1.5153355728834867,1.5526886954903603,1.4936817083507776,1.5007019843906164,1.5028570033609867,1.5139281991869211,1.4455806985497475,1.504900911822915,1.472824677824974,1.4770445507019758,1.5036083981394768,1.4689597059041262,1.5075186379253864,1.5048340279608965,1.5409344583749771,1.4875178132206202,1.5164796616882086,1.560456294566393,1.4539260640740395,1.4986555222421885,1.4972428873181343,0.033809940363176604,1.499931170605123,1.4464590075239538,1.4674394797291608,1.5273929111436009,1.552257031602785
318,Rory Laird,Adelaide,1.419985193759203,1.4854669142514467,1.4541113693267107,1.4882429540157318,1.4667295198887587,1.4608497358858585,1.4504799749702215,1.4555638544261456,1.4612946044653654,1.503421563655138,1.4434848837554455,1.3570767547935247,1.4345834739506245,1.4263415299355984,1.4501503221690655,1.4877268876880407,1.4310224130749702,1.4249403420835733,1.5280787702649832,1.411753075197339,1.453384906053543,1.4362025428563356,1.4493223335593939,1.498574674129486,1.4777705781161785,1.4265945870429277,1.4255181476473808,1.5071295872330666,1.4327975921332836,1.4820599723607302,1.53819696046412,1.458907786756754,1.4875437188893557,1.5027438588440418,1.4919883701950312,1.3759739100933075,1.468856580555439,1.4588769786059856,1.48149704746902,1.5244115367531776,1.467322489246726,1.5401635151356459,1.436815220862627,1.4287091698497534,1.425842259079218,1.4646965861320496,1.4488013591617346,1.4444055072963238,1.5002572797238827,1.4699628688395023,1.4609326412528754,0.037431400052029856,1.4588923826813698,1.413440659502521,1.4265416981074959,1.498926338698715,1.527326987395063
626,Mark Keane,Adelaide,1.1026883330196142,1.0998885184526443,1.0717790313065052,1.025061460211873,1.072616197168827,1.1426365710794926,1.0505727417767048,1.0778009947389364,1.0247820317745209,1.0658636447042227,1.1972236838191748,1.150447839871049,1.1395150255411863,1.0112728718668222,1.0834907181560993,1.069657789543271,1.1066220942884684,1.0819999929517508,1.0435700509697199,1.0505209416151047,1.1292380709201097,1.043478710576892,1.102361949160695,1.1464443244040012,1.0961397923529148,0.9564319215714931,1.1454565580934286,1.1036096476018429,1.1450714245438576,1.0068958923220634,1.0995991080999374,1.0945561435073614,1.1070192158222198,1.0863230247050524,1.067125866189599,1.0012855157256126,1.069160321727395,1.2101116869598627,1.0925720930099487,1.10074333101511,1.0879226252436638,1.039197226986289,1.1314209513366222,1.1160836834460497,1.118531908839941,1.1982081532478333,1.1212405320256948,1.0941879749298096,1.0359790921211243,1.1521453280001879,1.091331052146852,0.05147499949197906,1.0943720592185855,1.007793173128739,1.042583880506456,1.143145455453545,1.1879826208762823
317,Josh Worrell,Adelaide,1.048654954880476,1.0285230427980423,1.0111749023199081,1.0598795730620623,1.0564625523984432,1.086129454895854,1.0415951330214739,1.0553986337035894,1.0371110662817955,1.048793476074934,1.0481033604592085,1.051285119727254,1.0432415548712015,0.9992659613490105,1.05159180611372,1.0823166724294424,1.0423570778220892,1.0255657751113176,1.0737674534320831,1.0647968612611294,1.0585795436054468,1.0411201007664204,1.0574450828135014,1.0553805883973837,1.0320494789630175,1.0431933477520943,1.035092543810606,1.0253611616790295,1.0305402968078852,1.0468553248792887,1.0697347931563854,1.062362952157855,1.0277454107999802,1.0539174620062113,1.0651804972440004,1.0715524572879076,1.0573444180190563,1.0428658425807953,1.040136929601431,1.038151366636157,1.054376294836402,1.0846823677420616,1.034220326691866,1.0813881903886795,1.0431106891483068,1.0390169322490692,1.038360906764865,1.0274575557559729,1.0369843766093254,1.0582529716193676,1.048169492855668,0.01809564695120337,1.0474793426692486,1.0254031074326486,1.0317340598925948,1.0648770411815494,1.082126333611086
556,Daniel Curtin,Adelaide,0.9372298661619425,0.9572720974683762,0.9554049465805292,1.0186830814927816,0.9514499213546515,0.9567245170474052,0.9025718551129103,0.9297145158052444,0.9376457259058952,1.0077116079628468,0.917808884754777,0.9881642647087574,0.9121033120900393,0.9986008629202843,0.9268958065658808,0.9608103688806295,0.9425257407128811,0.8610252924263477,0.9485335350036621,0.9896848648786545,0.9769130852073431,0.8899845890700817,0.9652199558913708,0.9121653828769922,0.9320484586060047,0.9890202842652798,0.9611183572560549,0.9476826228201389,0.9764841999858618,0.9445002246648073,0.9235237929970026,0.9358614180237055,0.9699470140039921,0.9324901942163706,0.9239191841334105,0.990905025973916,0.9476994294673204,0.9042347930371761,0.9376061428338289,0.9764644838869572,0.9433669690042734,0.8931013625115156,0.9782655257731676,0.9169181119650602,0.9703943189233541,0.8648545108735561,0.9672398492693901,0.9721363056451082,0.8912981916218996,1.0296184942126274,0.9473108669370413,0.03678495871050361,0.9476910261437297,0.8902538775932044,0.912152410082519,0.9803343622107058,1.0058439052291215
327,Jake Soligo,Adelaide,0.8766426239162683,0.8891490772366524,0.9100801441818476,0.8852208741009235,0.895654821768403,0.8936660941690207,0.8980545476078987,0.8848314378410578,0.9092758726328611,0.8809025548398495,0.8742200881242752,0.8662029560655355,0.9102708268910646,0.9168910458683968,0.8794137351214886,0.9123798161745071,0.9132750276476145,0.8889865577220917,0.885388683527708,0.8749168030917645,0.896943187341094,0.9080496467649937,0.9006479792296886,0.9154224302619696,0.9296071734279394,0.8659952078014612,0.8821848481893539,0.9104020614176989,0.8937254678457975,0.8937371727079153,0.8846656680107117,0.881194656714797,0.8873009476810694,0.899913614615798,0.9299151729792356,0.9042648710310459,0.8801584001630545,0.9186493419110775,0.9031146969646215,0.9111960399895906,0.9066098481416702,0.9224371965974569,0.8747495636343956,0.8832961954176426,0.917297039180994,0.9186286889016628,0.9051262810826302,0.8995766825973988,0.9239698834717274,0.8975509628653526,0.8978350903093815,0.016606886145693268,0.8978027552366257,0.8743286306038499,0.8807470265123993,0.9157293709237129,0.923655682662502
331,Ben Keays,Adelaide,0.8803376611322165,0.8750944156199694,0.8748830258846283,0.8604604173451662,0.8762707188725471,0.8847721088677645,0.8859516065567732,0.8945710901170969,0.9096905663609505,0.8644220530986786,0.8896947726607323,0.8830611817538738,0.8776044491678476,0.8822100982069969,0.8926884457468987,0.8957586996257305,0.8844341114163399,0.8805289696902037,0.9039537999778986,0.8662756141275167,0.873988714069128,0.8879121746867895,0.8754748348146677,0.8887008130550385,0.8942846357822418,0.8863075450062752,0.8775485716760159,0.8897885382175446,0.8949225842952728,0.8830854464322329,0.8818140216171741,0.9021940734237432,0.8743180762976408,0.8806485570967197,0.8771713692694902,0.8829219378530979,0.8827615194022655,0.8773720227181911,0.8854427691549063,0.9048901665955782,0.8663517720997334,0.906934441998601,0.8879826962947845,0.8893522284924984,0.8697600904852152,0.8979896083474159,0.8697125557810068,0.8805770501494408,0.8784857448190451,0.8750126399099827,0.8837274201214314,0.011118844262419054,0.8828417286276817,0.8662912265118211,0.8747649514209479,0.8946445524003357,0.9046982114389539
320,Brayden Cook,Adelaide,0.8419810570776463,0.8541874215006828,0.8468744698911905,0.8381261732429266,0.837483050301671,0.8374891169369221,0.8495366014540195,0.8586432635784149,0.839547773823142,0.8317965157330036,0.8477231580764055,0.8329239580780268,0.8414967227727175,0.8477609604597092,0.8476710710674524,0.8468941487371922,0.8369304295629263,0.8544786367565393,0.8470918443053961,0.8295522704720497,0.8549992274492979,0.8389271721243858,0.8405822440981865,0.8357394281774759,0.8427623491734266,0.8328808285295963,0.8555612247437239,0.8593575917184353,0.8507948070764542,0.8502700980752707,0.8590419255197048,0.861079066991806,0.8393712379038334,0.8593609221279621,0.8346515446901321,0.8404528181999922,0.8448818903416395,0.8363021835684776,0.8319862112402916,0.8590336330235004,0.8233945220708847,0.8444713149219751,0.8470770996063948,0.8464408311992884,0.8509805873036385,0.8545050285756588,0.8354443032294512,0.8458871487528086,0.8459915462881327,0.8385805729776621,0.8445799600705505,0.009047815461053963,0.845384519547224,0.8318354033119977,0.8356777470633387,0.8546083161402493,0.8592928801476956
316,Alex Neal-Bullen,Adelaide,0.8292867131531239,0.8278505746275187,0.7985948026180267,0.7959280926734209,0.8257859107106924,0.8142287135124207,0.8293582051992416,0.8226257991045713,0.8277027606964111,0.7972054574638605,0.8237698171287775,0.794837212190032,0.8270071595907211,0.805073693394661,0.7928722891956568,0.8156661707907915,0.8239057175815105,0.8222906198352575,0.8117137625813484,0.8248310647904873,0.8161404933780432,0.8117544017732143,0.8213425874710083,0.8196349088102579,0.8046875782310963,0.8265773989260197,0.7878488469868898,0.8231691420078278,0.8294384069740772,0.8200874421745539,0.8218772038817406,0.8429775144904852,0.8083626236766577,0.822046922519803,0.7957877423614264,0.8172959070652723,0.7998809702694416,0.8232664056122303,0.8087756764143705,0.78787593357265,0.7975042089819908,0.8239545896649361,0.8044107630848885,0.8170752357691526,0.8137806318700314,0.8261787630617619,0.8047385644167662,0.8230846505612135,0.8270212952047586,0.8045187313109636,0.8148326015472412,0.012850805960939134,0.8184654079377651,0.7932750984095037,0.7983668685480952,0.8266672189049423,0.8293435493297875
330,Max Michalanney,Adelaide,0.722219156101346,0.7250164467841387,0.7248988673090935,0.7252880297601223,0.7224626708775759,0.7216382641345263,0.7225454431027174,0.726109741255641,0.7242051735520363,0.7174150962382555,0.7233383189886808,0.7178266495466232,0.728211460635066,0.7308782413601875,0.7331985030323267,0.7303397692739964,0.7258831821382046,0.7215763553977013,0.726928848773241,0.7246016394346952,0.7156698126345873,0.7218708042055368,0.7267940826714039,0.7282090969383717,0.7261878903955221,0.7265143357217312,0.7203860189765692,0.7427651900798082,0.7235746197402477,0.7279976066201925,0.7310851328074932,0.7272173501551151,0.7268902081996202,0.7184011545032263,0.7367731146514416,0.7247697524726391,0.729258431121707,0.7341583166271448,0.7128146719187498,0.7258704584091902,0.726949218660593,0.733079319819808,0.7199598290026188,0.7229135558009148,0.7251505106687546,0.7247363552451134,0.7145057320594788,0.7221357766538858,0.7346550952643156,0.7287192326039076,0.7254918906465173,0.005633965847858974,0.7252192702144384,0.7160275957733393,0.7213275750856847,0.7304523099400103,0.7345532556436956
451,Zac Taylor,Adelaide,0.6651382260024548,0.664936438202858,0.6623380687087774,0.6611200086772442,0.6585517320781946,0.6646636631339788,0.669905710965395,0.6681611612439156,0.667188685387373,0.663954995572567,0.6653296630829573,0.6609358843415976,0.663204288110137,0.6637073382735252,0.6632758397608995,0.6663967669010162,0.6626788005232811,0.6616035159677267,0.6681600231677294,0.6634546257555485,0.6629659812897444,0.6654615718871355,0.6627479624003172,0.6663412787020206,0.6677312944084406,0.6609422694891691,0.6640855763107538,0.6720626335591078,0.6729652751237154,0.6666861902922392,0.6638412084430456,0.6683534532785416,0.6663740817457438,0.6620325371623039,0.6628380846232176,0.6669651623815298,0.6649844143539667,0.6646460480988026,0.6619739197194576,0.6635100357234478,0.6627031154930592,0.6664262991398573,0.6648202501237392,0.6625934578478336,0.6654237080365419,0.6636603828519583,0.6585361678153276,0.6658112909644842,0.6681707017123699,0.6661645639687777,0.6647304870560765,0.0029288799017938914,0.6646548556163907,0.6609371932968497,0.6622742126155645,0.6673020906727761,0.6695874981395901
334,Toby Murray,Adelaide,0.6103703677654266,0.5888949017971754,0.5849273204803467,0.6037100683897734,0.6172970496118069,0.5674956776201725,0.5981666781008244,0.5785726048052311,0.6401531640440226,0.6429412048310041,0.6173533983528614,0.5985499527305365,0.6428027916699648,0.6311957389116287,0.6309341099113226,0.6136412490159273,0.5791035499423742,0.5755265299230814,0.5935371946543455,0.6342859007418156,0.6086573917418718,0.5879093520343304,0.6019661463797092,0.600305849686265,0.6028271466493607,0.6076531372964382,0.6303996089845896,0.5909942984580994,0.6076145730912685,0.6246273592114449,0.6111573092639446,0.6284293923527002,0.6038839425891638,0.5807735733687878,0.6311115901917219,0.5983852725476027,0.6263596396893263,0.5993791669607162,0.5617230702191591,0.6109251845628023,0.6251273974776268,0.5917470566928387,0.6341302823275328,0.6140424944460392,0.6002831198275089,0.6035490222275257,0.5876475889235735,0.604591378942132,0.6218102760612965,0.5986147560179234,0.6069217166304588,0.019748282091255596,0.6042376607656479,0.5761509752739221,0.5878546435441822,0.6305113196782768,0.6389503750670701
453,Luke Nankervis,Adelaide,0.5361014772206545,0.5400388687849045,0.5394916832447052,0.5376528855413198,0.5374500267207623,0.5378946978598833,0.5427626520395279,0.545919694006443,0.5455260314047337,0.5437476523220539,0.5369555465877056,0.5348234083503485,0.5455973222851753,0.536200812086463,0.5445692762732506,0.540277261286974,0.5408141370862722,0.5414515007287264,0.551647586748004,0.5436204001307487,0.5438691303133965,0.5449503306299448,0.5392003916203976,0.5344135612249374,0.5488334037363529,0.5383955594152212,0.5438291933387518,0.5490151736885309,0.5471391659229994,0.5396772380918264,0.5380939207971096,0.5515417531132698,0.5423230435699224,0.5418170560151339,0.532376728951931,0.5371478423476219,0.5327661000192165,0.543719295412302,0.540545592084527,0.5393847431987524,0.5478553846478462,0.5486527420580387,0.5431170407682657,0.5463193971663713,0.5487289242446423,0.5408388264477253,0.5318212918937206,0.544391792267561,0.5482130013406277,0.5329785067588091,0.5416899810358882,0.005099640868258861,0.5416342783719301,0.532809643400833,0.5367978070769459,0.5472888556364923,0.5489779108483345
489,James Borlase,Adelaide,0.5116853602230549,0.513688100501895,0.5100966934114695,0.5125747360289097,0.5071311425417662,0.5161413159221411,0.5155021138489246,0.5110995694994926,0.5134603548794985,0.5072941519320011,0.5092016626149416,0.5105898175388575,0.5139289293438196,0.5132593475282192,0.5107115041464567,0.5091920793056488,0.5118617992848158,0.5123413745313883,0.513817498460412,0.5125218089669943,0.5131584648042917,0.5129215382039547,0.5116596315056086,0.513004582375288,0.5100419037044048,0.5127135384827852,0.510662017390132,0.5167038757354021,0.5151762440800667,0.5092002712190151,0.5144943967461586,0.5115082766860723,0.5154832135885954,0.510891092941165,0.5094796307384968,0.5138210654258728,0.511867867782712,0.5118459239602089,0.5082786828279495,0.5110664833337069,0.5099160745739937,0.5167315658181906,0.5134454369544983,0.5112372934818268,0.5134151447564363,0.5114389415830374,0.5087151564657688,0.5110829453915358,0.5137397106736898,0.5097011905163527,0.5119900304451585,0.002298660121520181,0.5118538616225123,0.5083681599237024,0.5096548845227807,0.5138436089847237,0.5160102794971317
325,Isaac Cumming,Adelaide,0.5010263118892908,0.501399664208293,0.502329284325242,0.5032587815076113,0.49722446501255035,0.5016242749989033,0.5062502305954695,0.5080649349838495,0.5078439805656672,0.506079189479351,0.4983385391533375,0.4987125229090452,0.5031900461763144,0.5014878436923027,0.5069932192564011,0.5047941617667675,0.5055751707404852,0.4993402697145939,0.5066160876303911,0.5017100907862186,0.5030303467065096,0.5007092617452145,0.5033552031964064,0.49861836805939674,0.5077327955514193,0.4986831974238157,0.5067235939204693,0.5077617429196835,0.5043656025081873,0.5059139393270016,0.5092173889279366,0.5100206770002842,0.5031502153724432,0.5077232792973518,0.5091066285967827,0.5058280229568481,0.504975376650691,0.5115178879350424,0.4991461578756571,0.5045489240437746,0.5045657977461815,0.5045662596821785,0.5039339978247881,0.498597988858819,0.5031448863446712,0.506643632426858,0.5016634184867144,0.4948644544929266,0.49974722042679787,0.49925075843930244,0.5036193218827247,0.003729124230645147,0.5036446005105972,0.4983917263429612,0.4992288969215006,0.507725268194452,0.50919468306005
601,Hugo Hall-Kahan,Adelaide,0.3767540194094181,0.38150235638022423,0.3857080154120922,0.381125308573246,0.3807331509888172,0.383494284003973,0.3838103786110878,0.3830031808465719,0.3875414580106735,0.3809913881123066,0.37978110648691654,0.3854787088930607,0.3820468056946993,0.3865048922598362,0.3838661499321461,0.3799802679568529,0.38265026547014713,0.38174243085086346,0.3844215292483568,0.38161054998636246,0.3841569498181343,0.3861854337155819,0.3883119374513626,0.3775928970426321,0.3813664875924587,0.38333663530647755,0.38108778931200504,0.3813995849341154,0.3895440921187401,0.3821762017905712,0.3821913320571184,0.38224018551409245,0.3874919693917036,0.3861257825046778,0.37953211925923824,0.38038375601172447,0.39268654957413673,0.3867617081850767,0.3771082442253828,0.3816669676452875,0.3871580809354782,0.3866960499435663,0.38719649612903595,0.38308536261320114,0.3829630669206381,0.38266063667833805,0.38063490204513073,0.38498455099761486,0.3837730009108782,0.38594516180455685,0.38338380359113217,0.003207483992748083,0.382983123883605,0.3779904375970364,0.38071261695958675,0.386709772516042,0.38815398916602134
335,Nick Murray,Adelaide,0.33215133659541607,0.3324896153062582,0.3329304624348879,0.3278160486370325,0.32755909860134125,0.33176925405859947,0.3322400785982609,0.33078874461352825,0.33209792897105217,0.3323023021221161,0.3272974956780672,0.33117587864398956,0.33304136246442795,0.32935894280672073,0.3308425061404705,0.33088106475770473,0.33159094490110874,0.3290531560778618,0.33140743523836136,0.33053794503211975,0.33074459061026573,0.3307815454900265,0.33055268973112106,0.333180857822299,0.328868942335248,0.33072077855467796,0.3308701142668724,0.33282675221562386,0.3296089004725218,0.3325037620961666,0.33204904943704605,0.33443096466362476,0.3333378415554762,0.32726459577679634,0.33057814836502075,0.33244556188583374,0.33270241506397724,0.3329005688428879,0.3319105710834265,0.3288368657231331,0.3292364180088043,0.3310808464884758,0.33285955153405666,0.3287647534161806,0.3315216153860092,0.332008583471179,0.3297467026859522,0.33169046975672245,0.33092848025262356,0.33080217242240906,0.3310617342218757,0.001678551593159345,0.3311283625662327,0.32761177335865793,0.3291981162652373,0.3327284015286714,0.33315226127393543
329,Jordon Butts,Adelaide,0.2973972409963608,0.30380300991237164,0.2945331949740648,0.2972656227648258,0.2941753938794136,0.30125216767191887,0.2942151390016079,0.29694000259041786,0.3033372350037098,0.294079078361392,0.3001163937151432,0.2991900872439146,0.30425999499857426,0.3000850360840559,0.2996956016868353,0.2935099098831415,0.29577865824103355,0.2968855984508991,0.2990950867533684,0.3004421107470989,0.3008311241865158,0.29656379483640194,0.29802290722727776,0.297431206330657,0.2972737979143858,0.2983482200652361,0.3020807020366192,0.3015292789787054,0.2930128015577793,0.3022609408944845,0.30092295445501804,0.2966199815273285,0.3021251019090414,0.3002139460295439,0.2956418227404356,0.30381310172379017,0.2986579816788435,0.3030492849647999,0.2979644946753979,0.2968797255307436,0.2942187711596489,0.29910423420369625,0.29445680789649487,0.2955612987279892,0.2965798191726208,0.29919567331671715,0.2938900012522936,0.2936656288802624,0.29887102730572224,0.30049818381667137,0.29830682355910537,0.0031116674922420733,0.2981855636462569,0.29371162521652877,0.29440705821849406,0.30164452639780936,0.30370752605609597
332,Luke Pedlar,Adelaide,0.2991846688091755,0.29906395077705383,0.29916233755648136,0.29641311801970005,0.29774691350758076,0.30018412694334984,0.29651484824717045,0.2995595484972,0.2969424854964018,0.29738335497677326,0.29685935378074646,0.2986949756741524,0.30058727599680424,0.29798567295074463,0.2992537524551153,0.29870113357901573,0.29562587663531303,0.29674641229212284,0.296093113720417,0.29865010268986225,0.2969096601009369,0.30024566501379013,0.29772622510790825,0.2962915953248739,0.29694997891783714,0.2965970877557993,0.3001871816813946,0.30020477809011936,0.29909960366785526,0.29867841489613056,0.29801927506923676,0.2996688764542341,0.2981557324528694,0.2961077634245157,0.2989903874695301,0.29955889470875263,0.2988893836736679,0.2988677602261305,0.2981448732316494,0.2972630299627781,0.2975556682795286,0.29818249493837357,0.2973174415528774,0.2982741966843605,0.29846992902457714,0.2976624611765146,0.2963379696011543,0.2959122806787491,0.29756586998701096,0.2996354289352894,0.2980964586138725,0.0013196266307983037,0.2981503028422594,0.29609611690975723,0.29657989969849585,0.29955903135053813,0.3002011708263308
336,Hugh Bond,Adelaide,0.21987123414874077,0.22114210203289986,0.22060074657201767,0.21862071752548218,0.21977654471993446,0.22119435481727123,0.21873370371758938,0.22118203528225422,0.22048580460250378,0.21901043318212032,0.2193357553333044,0.2192402146756649,0.22189109958708286,0.22011734172701836,0.2204098217189312,0.22066110745072365,0.21907904744148254,0.22015462256968021,0.2196597456932068,0.22053557820618153,0.21938185393810272,0.22106181271374226,0.22021196596324444,0.2199121043086052,0.21918167360126972,0.21961577981710434,0.2222121860831976,0.2211371846497059,0.2202966772019863,0.2204233966767788,0.2212105318903923,0.22148535586893559,0.22195298224687576,0.21930809319019318,0.22090967372059822,0.2231228593736887,0.22125094197690487,0.22166006080806255,0.21933391503989697,0.21981967613101006,0.21992890536785126,0.22085974551737309,0.21871760860085487,0.2192426361143589,0.2198523562401533,0.2200712487101555,0.21866351552307606,0.21919609978795052,0.22097484208643436,0.2221625093370676,0.22029720406979322,0.0010553235152069927,0.22018329426646233,0.21872090809978545,0.2192309946641326,0.22121897759847342,0.22211955628357827
333,Callum Ah Chee,Adelaide,0.20879586786031723,0.2072633095085621,0.20556277222931385,0.20754751563072205,0.20670552738010883,0.20852811448276043,0.20787417888641357,0.2077355943620205,0.20756980031728745,0.20638130232691765,0.20615394972264767,0.20839511416852474,0.20826693065464497,0.20832600444555283,0.20702793821692467,0.20970653928816319,0.20586944371461868,0.20618413761258125,0.21074175275862217,0.2098702471703291,0.2088147010654211,0.20935003459453583,0.20882346667349339,0.20874279737472534,0.20871362835168839,0.20651325583457947,0.2085947897285223,0.2090801876038313,0.20905441045761108,0.20947307348251343,0.2125798873603344,0.20900998078286648,0.210273128002882,0.2086169719696045,0.20659461431205273,0.20818299427628517,0.2077524345368147,0.20937007665634155,0.20615221373736858,0.2084536124020815,0.20796565152704716,0.21143030934035778,0.20990364998579025,0.2059322502464056,0.21010351553559303,0.20928341522812843,0.20835751481354237,0.20802081190049648,0.20973099768161774,0.20969011634588242,0.20838141065090895,0.00149429056068439,0.20849086344242096,0.205977342762053,0.20657761039026082,0.20971165109239517,0.21064568468369543
454,Finnbar Maley,Adelaide,0.18054327741265297,0.18035139702260494,0.18140410631895065,0.1791413463652134,0.17931444570422173,0.18065243028104305,0.18058929406106472,0.18168959766626358,0.18163255788385868,0.1797048207372427,0.1792677789926529,0.17938203178346157,0.18172148428857327,0.1792879644781351,0.18098150379955769,0.17999710328876972,0.18051867932081223,0.1793465670198202,0.1793245580047369,0.17906050570309162,0.179971756413579,0.17996606975793839,0.18117753230035305,0.18023588508367538,0.17978301644325256,0.18103927187621593,0.18041765503585339,0.18121096678078175,0.18025197461247444,0.1811347510665655,0.1798633523285389,0.18233679607510567,0.1821355577558279,0.1785783600062132,0.18278164975345135,0.18346295692026615,0.18100996688008308,0.1805580798536539,0.1821277868002653,0.18033980578184128,0.17836305126547813,0.1807775590568781,0.17991688661277294,0.1800123918801546,0.1800245437771082,0.18130194395780563,0.18029293045401573,0.17932294122874737,0.18100793845951557,0.17976332269608974,0.1804615630209446,0.0010751716134991395,0.1803456014022231,0.17907707803882658,0.1793242200985551,0.18145185269601644,0.18229554221965372
632,Billy Dowling,Adelaide,0.16268602386116982,0.14863177575170994,0.14914031699299812,0.1493561454117298,0.15596530213952065,0.14588593691587448,0.15318074636161327,0.14916413091123104,0.15059286169707775,0.15910816006362438,0.1600942350924015,0.14355181716382504,0.1647551842033863,0.14868495240807533,0.14725431241095066,0.16767405532300472,0.1495291031897068,0.1547448392957449,0.15827283263206482,0.15631248615682125,0.14986584708094597,0.15672313421964645,0.14745846949517727,0.15271479450166225,0.15690025687217712,0.15471003763377666,0.1463777795433998,0.15061883628368378,0.16942539438605309,0.16510041803121567,0.15010522678494453,0.167598657310009,0.14443159103393555,0.1471210289746523,0.16249990835785866,0.15510345995426178,0.14355580136179924,0.15416378155350685,0.1513927634805441,0.15528193302452564,0.1551550142467022,0.1585118118673563,0.14263395592570305,0.16784265264868736,0.1584131009876728,0.15274433232843876,0.15497912093997002,0.15060958825051785,0.16773426160216331,0.14290453121066093,0.1541452541574836,0.007246383878405377,0.15367226395756006,0.14355263392440976,0.1472264561727643,0.1625388064980507,0.1677219193149358
433,Chayce Jones,Adelaide,0.0982257779687643,0.10050187073647976,0.09879316203296185,0.09885714016854763,0.10130401886999607,0.10097968205809593,0.10113240592181683,0.09867607802152634,0.10217747464776039,0.09846908412873745,0.09787438809871674,0.09846683777868748,0.10033448413014412,0.09922718070447445,0.09950897842645645,0.0985482968389988,0.09997628629207611,0.09963253326714039,0.09908120892941952,0.09916265867650509,0.09852955304086208,0.10108448565006256,0.09783098101615906,0.1038644053041935,0.0985651146620512,0.10088876448571682,0.09855888225138187,0.09960736706852913,0.09968035854399204,0.10275212302803993,0.10277284309267998,0.10268764942884445,0.10097938403487206,0.09777769818902016,0.09907449781894684,0.10001727007329464,0.0999233853071928,0.10037257522344589,0.10243666544556618,0.10226176679134369,0.09931744635105133,0.10077644139528275,0.0997243169695139,0.1008061058819294,0.09942777268588543,0.0996938943862915,0.09778755344450474,0.10065142996609211,0.10083798691630363,0.09771382808685303,0.09994664188474417,0.0015150181839407855,0.09968712646514177,0.09779645609669388,0.09851691503822803,0.10116827302798628,0.10273890594020486
490,Reilly OBrien,Adelaide,0.0971905067563057,0.09107451885938644,0.09551126882433891,0.09813077375292778,0.09271416068077087,0.0964348167181015,0.09030726179480553,0.09036965295672417,0.09207167848944664,0.09169276803731918,0.08990663662552834,0.09083814173936844,0.09418795630335808,0.09279345721006393,0.09691395610570908,0.09678948298096657,0.09381946176290512,0.09167535603046417,0.09470946341753006,0.09377694502472878,0.09347283840179443,0.08976373821496964,0.0905921421945095,0.08815959841012955,0.09068434685468674,0.09335820749402046,0.09172805771231651,0.09034454450011253,0.09492557868361473,0.09557515382766724,0.093688003718853,0.09657939150929451,0.09391095489263535,0.09675977751612663,0.09269576147198677,0.09270044788718224,0.08790456131100655,0.09088652953505516,0.09380553662776947,0.09331246837973595,0.08986242488026619,0.09792328625917435,0.09175877273082733,0.09669798985123634,0.09952115640044212,0.09416669979691505,0.09290627017617226,0.09104407206177711,0.09340209141373634,0.08828524872660637,0.09314647831022739,0.0027709061450363276,0.0931093692779541,0.08858833907172084,0.09036440528929233,0.09660417856276035,0.09777306646108627
654,Oscar Ryan,Adelaide,0.06384407356381416,0.06239847280085087,0.06371936202049255,0.06252091005444527,0.06340785324573517,0.06452790275216103,0.06410790979862213,0.0658735353499651,0.06302477046847343,0.06293509155511856,0.06300409510731697,0.06355113908648491,0.061821578070521355,0.06308433599770069,0.06324560008943081,0.06441578269004822,0.06340604834258556,0.06348581239581108,0.06405252404510975,0.06225937232375145,0.063615707680583,0.062290532514452934,0.06655780598521233,0.06161799281835556,0.06574591621756554,0.06187517009675503,0.06451650150120258,0.06389030441641808,0.06494918651878834,0.06464109197258949,0.06518900953233242,0.06498243473470211,0.06226727552711964,0.062987320125103,0.0626077950000763,0.06476776674389839,0.0642436183989048,0.06346607208251953,0.0651705302298069,0.06250053644180298,0.06448950618505478,0.06351956352591515,0.06408489309251308,0.06239970587193966,0.06497963704168797,0.0634855180978775,0.06454406678676605,0.06304122321307659,0.06462183222174644,0.06313260644674301,0.06369734581559897,0.0011215491032591932,0.06353535130620003,0.06195393155328929,0.06247946285270155,0.0648056834768504,0.06563175034709275
534,Charlie Edwards,Adelaide,0.06363078951835632,0.06305921077728271,0.06460192240774632,0.06394434347748756,0.061651259660720825,0.06371943466365337,0.0622627679258585,0.06427475437521935,0.06447073817253113,0.06449100933969021,0.06177107244729996,0.06256451644003391,0.06348283216357231,0.06497272849082947,0.06289699859917164,0.06429065391421318,0.06328336894512177,0.06299713999032974,0.06359457597136497,0.06343400478363037,0.06262348219752312,0.06313022784888744,0.0626146774739027,0.0631262268871069,0.06624516099691391,0.06345309503376484,0.06475166231393814,0.06402043625712395,0.06313426792621613,0.06404323317110538,0.06274944543838501,0.06291136331856251,0.06351345218718052,0.06476007029414177,0.06244337558746338,0.06352411024272442,0.06219689920544624,0.06345844082534313,0.06256585195660591,0.06362654455006123,0.06193276308476925,0.06344064511358738,0.06490164808928967,0.061978526413440704,0.06307332776486874,0.06276301853358746,0.06276224739849567,0.06265473365783691,0.06243285909295082,0.06358025595545769,0.06335612341761589,0.0009384044669032063,0.06335868686437607,0.061942144567146896,0.06253919800184667,0.06432829152420164,0.06487262464128435
655,Archie Ludowyke,Adelaide,0.05766070634126663,0.05682319588959217,0.05641120299696922,0.05701764114201069,0.0565333291888237,0.05792473442852497,0.05741867050528526,0.05739208310842514,0.05652918107807636,0.057075973600149155,0.0567384697496891,0.05711381882429123,0.0568341426551342,0.05683692917227745,0.05682552605867386,0.05743979103863239,0.05716643109917641,0.057136863470077515,0.05761948972940445,0.056876931339502335,0.057294055819511414,0.05667375400662422,0.057197632268071175,0.056642450392246246,0.05721796303987503,0.0564279779791832,0.057703979313373566,0.05748104676604271,0.05737355351448059,0.057045213878154755,0.058394284918904305,0.057252807542681694,0.056220073252916336,0.05671262927353382,0.057280706241726875,0.05740964785218239,0.0567755401134491,0.057194167748093605,0.05708976089954376,0.05696946196258068,0.0572899766266346,0.05730590224266052,0.05717725120484829,0.05691429600119591,0.057270996272563934,0.056743232533335686,0.057158542796969414,0.0566457137465477,0.05727900192141533,0.05624664947390556,0.057075267620384694,0.0004228902533965924,0.05712534114718437,0.05641464186832309,0.05666789359226823,0.05741153358668089,0.05769510835409165
511,Mitchell Hinge,Adelaide,0.02221500128507614,0.022290971130132675,0.022591007873415947,0.022668303921818733,0.022402847185730934,0.02324032224714756,0.022745437920093536,0.023081503808498383,0.022381896153092384,0.023049192503094673,0.0227389857172966,0.023012381047010422,0.02274489589035511,0.02303391508758068,0.023458637297153473,0.022879019379615784,0.022923272103071213,0.022586200386285782,0.02267145924270153,0.02300337888300419,0.0230010524392128,0.022115487605333328,0.022242829203605652,0.02300768904387951,0.022607581689953804,0.023011982440948486,0.022682281211018562,0.022966740652918816,0.022583166137337685,0.02261907421052456,0.022425565868616104,0.022983822971582413,0.022813409566879272,0.0226501002907753,0.02293192595243454,0.02331998385488987,0.023303916677832603,0.022532189264893532,0.022488337010145187,0.0227353535592556,0.02210335060954094,0.023293910548090935,0.022542830556631088,0.02328013814985752,0.022794056683778763,0.022914793342351913,0.02269720286130905,0.022656789049506187,0.022565023973584175,0.022395148873329163,0.022759687267243863,0.0003252606569416496,0.0227371696382761,0.02222070600837469,0.022420817663893103,0.023037108067423106,0.023301865421235562
145,Will Ashcroft,Brisbane,23.16259098984301,23.162341447547078,23.195097403600812,23.135612927377224,23.38634634204209,23.2160336766392,23.365785928443074,23.344173420220613,23.102713791653514,23.268869530409575,23.161363944411278,23.31756150536239,23.2433828599751,23.111096370965242,23.175279073417187,23.170625269412994,23.177965600043535,23.232910700142384,23.199903720989823,23.21458568610251,22.8874715231359,23.238843413069844,23.136334287002683,23.231665827333927,23.32402258180082,23.136577801778913,23.304691223427653,22.94108433276415,23.326977929100394,23.390355510637164,23.167836779728532,23.208997827023268,23.164207255467772,23.181133957579732,23.044504268094897,23.003363953903317,23.134170044213533,22.99806015752256,23.22949669137597,23.18846471607685,23.1118251606822,23.24378182180226,23.20659173093736,23.186484636738896,23.269102934747934,23.561536284163594,23.38350965641439,23.30667962320149,23.208285151049495,23.343276780098677,23.208071480989457,0.12006057578303411,23.203247725963593,22.999147435780614,23.129499963555485,23.32464024938643,23.38576482148841
140,Lachie Neale,Brisbane,18.763001944869757,18.67734371125698,18.572560178115964,18.316855035722256,18.662833008915186,18.441706333309412,18.81335805170238,18.75404421426356,18.89353722333908,18.454400897026062,18.46412806585431,18.276802262291312,18.590666538104415,18.80588140897453,18.6414195317775,18.790940083563328,18.68742135539651,18.783505022525787,18.608841994777322,18.808849308639765,18.96917330659926,18.729747595265508,18.926536755636334,18.579302582889795,18.855727998539805,18.67232001759112,18.618794552981853,18.997570678591728,18.467956099659204,18.737912440672517,18.59935305826366,18.87811490148306,18.80853217281401,18.69262507930398,18.769227515906096,18.747581239789724,18.710685770958662,18.6748101208359,18.61588805168867,18.627643395215273,18.579842038452625,19.109361117705703,18.518947333097458,18.477389574050903,18.588357592001557,18.579905847087502,18.605800142511725,18.616139644756913,18.691897962242365,18.698239892721176,18.67906961299479,0.16412000640439914,18.67607691604644,18.444308718871326,18.561355093507096,18.809791635939852,18.96043281365186
152,Logan Morris,Brisbane,6.666524650529027,6.589099885895848,6.7265773098915815,6.672062702476978,6.601786639541388,6.657168708741665,6.669331233948469,6.637860776856542,6.776204453781247,6.661059686914086,6.743831649422646,6.656443567946553,6.766883859410882,6.625850941985846,6.667772447690368,6.63757836073637,6.62204379402101,6.6250218618661165,6.699653025716543,6.667709309607744,6.789943298324943,6.680460546165705,6.669805038720369,6.650372872129083,6.700402619317174,6.700699796900153,6.648681215941906,6.651388123631477,6.740461640059948,6.67043536528945,6.69119019806385,6.5596656538546085,6.6023447047919035,6.6516413651406765,6.67217425070703,6.709724452346563,6.641689237207174,6.663093129172921,6.660002388060093,6.676286291331053,6.658327283337712,6.655893569812179,6.712184639647603,6.640823654830456,6.621927825734019,6.653832754120231,6.66421471722424,6.68242228217423,6.640053506940603,6.660882079973817,6.667829787358642,0.04501685666031484,6.662076408043504,6.601901042917743,6.635127330217511,6.702585949888453,6.762158156363293
161,Zac Bailey,Brisbane,6.229873789474368,6.467235270887613,6.20903660543263,6.42575697787106,6.165073847398162,6.278404558077455,6.215875279158354,6.3260028548538685,6.348001457750797,6.433852296322584,6.291522553190589,6.253182759508491,6.195084730163217,6.385182581841946,6.32304784655571,6.13637325912714,6.387189824134111,6.190294057130814,6.400069488212466,6.251022722572088,6.365476967766881,6.42736847139895,6.224862661212683,6.334976941347122,6.288031419739127,6.33327129483223,6.269486382603645,6.137510819360614,6.175744634121656,6.196764217689633,6.3547971714288,6.448020996525884,6.351695530116558,6.313941838219762,6.316419487819076,6.32067708298564,6.363359402865171,6.4135327115654945,6.185343582183123,6.196425199508667,6.063097519800067,6.209430335089564,6.241153005510569,6.286428099498153,6.3520851247012615,6.280425621196628,6.288710955530405,6.269554818049073,6.259664334356785,6.087735593318939,6.285361499600112,0.0950733920761599,6.28722975961864,6.1366064589750025,6.194083479499445,6.385602095481008,6.432523112213239
153,Kai Lohmann,Brisbane,4.067820947617292,3.9835491199046373,4.048224167898297,4.074916422367096,4.011544810608029,4.037763066589832,4.0115074291825294,3.9234715178608894,3.9952838607132435,4.131882663816214,3.9951484631747007,3.9628949090838432,3.9843874759972095,3.94543862529099,3.9276388082653284,4.047673745080829,4.022574983537197,4.007710751146078,3.974011329934001,3.984538184478879,3.9418465178459883,3.9961239974945784,3.9438248239457607,4.014714442193508,3.777396969497204,3.978225387632847,3.9526227954775095,3.9462058562785387,4.084112340584397,3.837257331237197,3.9252699557691813,3.850005604326725,3.989652421325445,3.96591305360198,4.0091494508087635,3.955477273091674,3.904924003407359,3.9917267821729183,3.9819307904690504,4.073068859055638,3.909764278680086,3.9087301176041365,3.9672397803515196,4.055423319339752,4.058980960398912,3.9095166511833668,3.9307219106703997,4.004196340218186,3.963048540055752,3.9994098991155624,3.979289234727621,0.06547943014253459,3.9839682979509234,3.861263876138255,3.924894082246348,4.04778878344968,4.074537671888248
165,Darcy Wilmot,Brisbane,3.2260490879416466,3.1859109196811914,3.1728184279054403,3.1824708580970764,3.262284381315112,3.152897296473384,3.2326393090188503,3.1383240707218647,3.2259127013385296,3.1788857094943523,3.108378479257226,3.150995597243309,3.1725204214453697,3.2306910436600447,3.2317611407488585,3.111273704096675,3.1609842255711555,3.1403684187680483,3.2154912874102592,3.162434509024024,3.1488089598715305,3.2362425066530704,3.2116711903363466,3.1505313459783792,3.2546933218836784,3.1938227098435163,3.2313034385442734,3.2255964782088995,3.1896494142711163,3.2051279209554195,3.2446269281208515,3.1718484107404947,3.2340738866478205,3.214782141149044,3.175601461902261,3.185442229732871,3.162631845101714,3.1719944067299366,3.2064161468297243,3.1297904308885336,3.191386418417096,3.2163409162312746,3.228214530274272,3.2437467761337757,3.199608165770769,3.1732311695814133,3.170162606984377,3.191989777609706,3.2178677320480347,3.0748159140348434,3.189902215413749,0.04069872189291128,3.190517916344106,3.1150696330890058,3.150898568728939,3.231399098305032,3.244446496963501
148,Jarrod Berry,Brisbane,3.034965982660651,3.0008541624993086,2.9617624897509813,3.009644327685237,3.0241440534591675,2.977180551737547,3.0465769302099943,3.010641235858202,3.0515929497778416,3.0181669499725103,3.0681550297886133,3.0228711795061827,3.002005025744438,3.090729160234332,3.0158349610865116,3.031461700797081,3.06491363607347,3.006238805130124,3.0458642579615116,3.0359521005302668,3.0268647763878107,2.9906378723680973,3.0323121063411236,2.987414935603738,3.0322198383510113,3.0156882610172033,3.0192684028297663,3.0211370065808296,3.006878348067403,3.0015196334570646,2.988647200167179,3.0730661004781723,3.05920990370214,3.0437936019152403,3.052714914083481,3.0792388450354338,2.9948793835937977,3.042736878618598,2.9947774093598127,3.063782677054405,3.0401996932923794,3.0349154639989138,3.0335787516087294,3.0192796047776937,3.0072344951331615,2.9753311667591333,3.0338233932852745,2.9851349871605635,3.0639026314020157,3.0355038344860077,3.025504952147603,0.02881679048318125,3.025504414923489,2.9788112109992655,2.994858070978895,3.0540723669137804,3.0720593309868125
182,Hugh McCluggage,Brisbane,2.7588016781955957,2.851024556905031,2.747239623218775,2.82053398899734,2.6478893756866455,2.843470737338066,2.69963351637125,2.7818437051028013,2.731158943846822,2.745265843346715,2.8824580926448107,2.737067773938179,2.7551527991890907,2.849600424990058,2.789479047060013,2.769982524216175,2.7822181843221188,2.7576627768576145,2.7156853582710028,2.7655511181801558,2.7963944878429174,2.7376031577587128,2.893253279849887,2.7889648247510195,2.8097652848809958,2.855260919779539,2.7945678047835827,2.6714914925396442,2.8080865032970905,2.713474651798606,2.7438886407762766,2.7938159126788378,2.831043181940913,2.779058212414384,2.7726135551929474,2.8543680608272552,2.741502210497856,2.7650450579822063,2.8676646817475557,2.7779429499059916,2.8084396924823523,2.7241600956767797,2.79870424605906,2.9047656655311584,2.845862803980708,2.8791166469454765,2.822175335139036,2.732073726132512,2.791809231042862,2.8413436003029346,2.787519519664347,0.05706230188784957,2.785591504536569,2.702470949133858,2.7360240179467947,2.8498980685602873,2.881773096276447
139,Charlie Cameron,Brisbane,2.542779805138707,2.631486978381872,2.642182797193527,2.653397861868143,2.6183044649660587,2.5726468600332737,2.5965780075639486,2.4937839917838573,2.520919531583786,2.59341262280941,2.639632122591138,2.6789748910814524,2.61277468316257,2.6349149364978075,2.6599673610180616,2.5851871613413095,2.606415105983615,2.644293377175927,2.5372366346418858,2.701551668345928,2.521761128678918,2.6067769657820463,2.6282099708914757,2.5896468237042427,2.660985143855214,2.6390068978071213,2.639353597536683,2.619561217725277,2.6055547762662172,2.6448484901338816,2.649130344390869,2.613717896863818,2.61208887770772,2.549130691215396,2.4671317767351866,2.669928140938282,2.6301664896309376,2.5855751298367977,2.5944176707416773,2.55303293466568,2.5536831878125668,2.537052560597658,2.6670909505337477,2.547668483108282,2.610690116882324,2.580950478091836,2.6209955234080553,2.6123915296047926,2.519373429939151,2.616525251418352,2.6022577467933297,0.05056576966441311,2.612240203656256,2.519690380776301,2.546646749412641,2.645743397673592,2.6693465169053523
159,Josh Dunkley,Brisbane,2.196309207007289,2.1717411782592535,2.1748637594282627,2.1804467979818583,2.1615017540752888,2.3163329996168613,2.1677753068506718,2.2207964807748795,2.257133411243558,2.2141270339488983,2.2250380851328373,2.278496762737632,2.222182447090745,2.2642661072313786,2.2180552277714014,2.154811630025506,2.2217250131070614,2.134725872427225,2.181618707254529,2.196350757032633,2.156534405425191,2.1824556905776262,2.23297300375998,2.2021444886922836,2.260397721081972,2.1881957445293665,2.176496336236596,2.341063965111971,2.1304996628314257,2.239953299984336,2.324614094570279,2.2930216435343027,2.159064121544361,2.2120584696531296,2.211377190425992,2.123584745451808,2.228495094925165,2.33853767439723,2.2584276385605335,2.2819816414266825,2.356413520872593,2.2275662645697594,2.233277413994074,2.2998136449605227,2.234819382429123,2.1798371113836765,2.201772090047598,2.1646957956254482,2.146427432075143,2.205451473593712,2.219004986025393,0.05726920968301645,2.213092751801014,2.1371246921550484,2.164028240941465,2.279225102383643,2.335683340532705
150,Harris Andrews,Brisbane,1.6099269539117813,1.6571074035018682,1.6424092445522547,1.7120932526886463,1.652889622375369,1.6727969776839018,1.586970515549183,1.6649911794811487,1.517255898565054,1.5469656977802515,1.631243197247386,1.5787889454513788,1.6046390775591135,1.5594852082431316,1.6360498517751694,1.6528038289397955,1.6276890896260738,1.6302096135914326,1.6291932463645935,1.5527703650295734,1.6442035678774118,1.573874918743968,1.6515656020492315,1.6793083641678095,1.6260018236935139,1.6628541965037584,1.5761992372572422,1.572889169678092,1.6271266471594572,1.5975911542773247,1.514611005783081,1.5451378673315048,1.5769963320344687,1.5858989972621202,1.66079780459404,1.6270824316889048,1.6039326824247837,1.606081297621131,1.7566399164497852,1.6058931481093168,1.5747527536004782,1.5446335524320602,1.6590975485742092,1.522004121914506,1.5248669926077127,1.635922685265541,1.6708966735750437,1.6147996857762337,1.6333700194954872,1.5870292745530605,1.6125667728483677,0.051308264492372906,1.6204007547348738,1.5225910104066134,1.558081806011498,1.6594529020823539,1.6779735299386083
141,Dayne Zorko,Brisbane,1.5468773674219847,1.4800598565489054,1.506853872910142,1.511116910725832,1.5772530902177095,1.6054495945572853,1.4938057102262974,1.5471703596413136,1.5165173225104809,1.4441116489470005,1.4992923084646463,1.5118629802018404,1.603776440024376,1.4561849795281887,1.5597114097326994,1.5585650335997343,1.5035191923379898,1.5667474046349525,1.6555818784981966,1.541990041732788,1.5937200486660004,1.4966672491282225,1.5588117614388466,1.544519655406475,1.568202644586563,1.4218879640102386,1.524553844705224,1.6095312014222145,1.5756273157894611,1.57636534050107,1.540895503014326,1.46467643417418,1.5319580379873514,1.4941799957305193,1.5858768615871668,1.5362045746296644,1.5506836101412773,1.524031387642026,1.5045708660036325,1.5647388603538275,1.6341586951166391,1.6209526509046555,1.4584640003740788,1.584749473258853,1.5349828097969294,1.5519716460257769,1.4839509837329388,1.6232788134366274,1.5972894057631493,1.520799035206437,1.5412949614599347,0.05160374308888729,1.5432548485696316,1.4566521788015963,1.494101770060137,1.5944660442993044,1.6228019501175732
167,Levi Ashcroft,Brisbane,1.5244674254208803,1.4984598476439714,1.5100832525640726,1.5260206051170826,1.4505368787795305,1.5337294768542051,1.4591262713074684,1.589253207668662,1.4884004723280668,1.572003047913313,1.5464497301727533,1.5530117228627205,1.500567700713873,1.508381998166442,1.5608554426580667,1.5657710786908865,1.602750038728118,1.5654064156115055,1.5853602886199951,1.525957178324461,1.4886476676911116,1.5030538942664862,1.4885287433862686,1.542527312412858,1.5185432732105255,1.5500534437596798,1.514909079298377,1.64829764328897,1.5454593785107136,1.5388453025370836,1.4949912149459124,1.574990026652813,1.481232525780797,1.565588166937232,1.5323704741895199,1.5415370129048824,1.6077451780438423,1.5330887828022242,1.479994710534811,1.493235221132636,1.581973982974887,1.5588056594133377,1.5238504372537136,1.4191725570708513,1.5132095571607351,1.467580670490861,1.4166612513363361,1.4779450483620167,1.547561228275299,1.485749028623104,1.526054811067879,0.04677037093945895,1.5259888917207718,1.4522977042477578,1.484805079529062,1.5670735602583736,1.5999831883609295
156,Ryan Lester,Brisbane,1.032963752746582,1.0958165284246206,1.1324993688613176,1.1076232697814703,1.078337635844946,1.1680077500641346,1.0548052228987217,1.1286378260701895,1.1331364195793867,1.1253165807574987,1.1608301643282175,1.2255847621709108,1.1491278484463692,1.161462789401412,1.064490457996726,1.0967139769345522,1.1351060066372156,1.1193138007074594,1.0570303574204445,1.1397511791437864,1.1172927226871252,1.0456685945391655,1.1675564926117659,1.136036228388548,1.125153936445713,1.0926127526909113,1.1307127103209496,1.0794571656733751,1.0962848141789436,1.1611552312970161,1.0696056112647057,1.184268170967698,1.044093856588006,1.1503396462649107,1.149578245356679,1.100311828777194,1.1271394696086645,1.1215123478323221,1.122245617210865,1.1406786851584911,1.0811292994767427,1.077173076570034,1.0485579334199429,1.1694142762571573,1.1401857286691666,1.1180568896234035,1.1361190918833017,1.1167506612837315,1.1788557693362236,1.096364825963974,1.1178173475712538,0.041385750684554815,1.123699776828289,1.0462609090097248,1.0755914763212204,1.1608981033246963,1.1769202632550149
312,Sam Draper,Brisbane,0.9914480093866587,0.980111638084054,0.9827479403465986,0.9995028991252184,0.9823867287486792,0.982174851000309,0.9885544758290052,0.9822240248322487,0.9903988353908062,0.995651014149189,0.9885353725403547,0.972216023132205,1.003012727946043,0.981560530140996,0.9820914156734943,0.9784834366291761,0.996837992221117,1.007249291986227,0.9935651272535324,0.9751733634620905,0.9861602317541838,0.9825299847871065,0.9802239220589399,0.9728176798671484,0.9949371367692947,0.9736845586448908,0.9900331757962704,0.9956095777451992,0.9866676311939955,1.0030368771404028,1.0022414810955524,0.979219876229763,0.9987420942634344,0.9760532062500715,0.9686420876532793,0.9808358047157526,0.9887724462896585,0.982708876952529,0.9789524096995592,0.9846108462661505,0.9950270615518093,1.0032626874744892,0.9701731819659472,0.9955125879496336,0.9868834316730499,0.986885279417038,0.9681313447654247,1.0040176156908274,1.0012670438736677,0.9821318332105875,0.9870739534124732,0.01021656371956065,0.9864139314740896,0.97059196440503,0.9779755184799432,0.9989011024795472,1.0032163963560015
164,Cam Rayner,Brisbane,0.9271406549960375,0.9063036199659109,0.915312809869647,0.912230558693409,0.9117760732769966,0.9305027276277542,0.9002357944846153,0.9129563122987747,0.9265149068087339,0.9095989596098661,0.9270162228494883,0.9220395386219025,0.9044972229748964,0.8975735697895288,0.9181830659508705,0.9441065415740013,0.9099544771015644,0.8991959374397993,0.9224304724484682,0.9226264581084251,0.9109835885465145,0.941151138395071,0.9197317119687796,0.9097270052880049,0.9260850213468075,0.9166344814002514,0.9314005542546511,0.9093307740986347,0.8989555854350328,0.9110016748309135,0.9156264327466488,0.9094100277870893,0.9405495524406433,0.9207097757607698,0.9064269214868546,0.9266769550740719,0.919226074591279,0.9075718075037003,0.9055748116225004,0.9121473822742701,0.9244486186653376,0.9329947475343943,0.9371835105121136,0.9241860248148441,0.9137018043547869,0.9166394267231226,0.9173363875597715,0.9274588879197836,0.9033116437494755,0.9053914416581392,0.917235393896699,0.011428740182133327,0.9161304570734501,0.8994091081339866,0.9061512990221381,0.9272071656771004,0.9398595138452946
166,Jaspa Fletcher,Brisbane,0.7982220016419888,0.7969731148332357,0.8031754344701767,0.8036660794168711,0.7947436273097992,0.7898566592484713,0.7960974145680666,0.7976492792367935,0.7826365511864424,0.7807976640760899,0.78305927477777,0.7995981462299824,0.7908469475805759,0.7879883609712124,0.7962170001119375,0.803833331912756,0.7913753390312195,0.7957898154854774,0.7804886847734451,0.7893344052135944,0.7839110922068357,0.7978291735053062,0.7922734636813402,0.793968440964818,0.7914966307580471,0.7908576261252165,0.7960476018488407,0.7994363028556108,0.797198073938489,0.7970226034522057,0.802261408418417,0.7925262041389942,0.8033741489052773,0.7865435034036636,0.7803037706762552,0.7907928358763456,0.7917152401059866,0.786226287484169,0.7807316444814205,0.7957788426429033,0.7929289229214191,0.792215233668685,0.7865828219801188,0.8007672782987356,0.7939284332096577,0.7976103331893682,0.785178154706955,0.7933359276503325,0.8017985802143812,0.7702997028827667,0.7925457883253694,0.007305083321240285,0.7931324252858758,0.7805384915135801,0.78491333864443,0.7994701281208545,0.8033334124460816
160,Darcy Fort,Brisbane,0.7435670159757137,0.7273200023919344,0.7355046160519123,0.7332188412547112,0.7381767462939024,0.7319118697196245,0.7275346796959639,0.7334265913814306,0.7346783485263586,0.731115909293294,0.727094255387783,0.7365266941487789,0.7292688097804785,0.7425072658807039,0.7277570087462664,0.7390241734683514,0.7325860317796469,0.7291838973760605,0.7422966472804546,0.7320526670664549,0.7257256470620632,0.7396321464329958,0.7405341733247042,0.7333181258291006,0.7288444228470325,0.7315527871251106,0.7381637487560511,0.7350943740457296,0.733425946906209,0.7326546795666218,0.731774328276515,0.7332417257130146,0.7367313206195831,0.7339545879513025,0.7268332485109568,0.7401060871779919,0.7236376870423555,0.7335105556994677,0.7296061962842941,0.7339468784630299,0.7301343064755201,0.7346664741635323,0.7423675935715437,0.7254905626177788,0.7258893065154552,0.7396080624312162,0.7389667984098196,0.7289816662669182,0.7374720778316259,0.7313040029257536,0.7334384318068623,0.005063303753062606,0.7332799257710576,0.7257591972500086,0.7277105419747532,0.7391462062615901,0.7423530495818704
553,Conor McKenna,Brisbane,0.5775991324335337,0.5683108624070883,0.5705495364964008,0.5617260783910751,0.5672530978918076,0.570315157994628,0.5706129427999258,0.5712426099926233,0.5629058815538883,0.5580779071897268,0.5664959326386452,0.5733833238482475,0.5677348151803017,0.567505044862628,0.5719769727438688,0.5768090132623911,0.5695406682789326,0.5650360975414515,0.5622904393821955,0.5676239728927612,0.5655068662017584,0.5718810744583607,0.5683475118130445,0.5650049913674593,0.5746088083833456,0.5801920965313911,0.5730950888246298,0.5696719381958246,0.578536119312048,0.5699114687740803,0.5743755679577589,0.573772182688117,0.5737036000937223,0.5639771819114685,0.5662336032837629,0.5672006625682116,0.5689568594098091,0.57132831774652,0.5611714348196983,0.5682660024613142,0.5741839166730642,0.5658407956361771,0.5789280198514462,0.570793779566884,0.5679400376975536,0.5797890387475491,0.5736029930412769,0.5821815375238657,0.562717953696847,0.563547495752573,0.5698451286554337,0.005392738828659219,0.5696063032373786,0.5618417723942548,0.5647901791911573,0.5744243152067066,0.5796125298738479
162,Bruce Reville,Brisbane,0.5763680916279554,0.5660902336239815,0.5693951454013586,0.5669230464845896,0.5626793764531612,0.571433762088418,0.5598711855709553,0.5676357392221689,0.5669928211718798,0.563327768817544,0.5577314738184214,0.5630862284451723,0.5659454949200153,0.5625076834112406,0.5681552179157734,0.5717404969036579,0.570156978443265,0.5724368710070848,0.5656641274690628,0.5663858875632286,0.568413520231843,0.5706036444753408,0.5698147602379322,0.5570221673697233,0.5672566071152687,0.5661407262086868,0.5646737236529589,0.5684949588030577,0.5678961016237736,0.5722851399332285,0.5686405654996634,0.5664951335638762,0.5749204438179731,0.5650965571403503,0.5614518206566572,0.5717378798872232,0.5758875496685505,0.5713813602924347,0.5633215885609388,0.5683303009718657,0.5669855177402496,0.5669032242149115,0.5603305455297232,0.5666060503572226,0.5652732383459806,0.5735630970448256,0.5662209670990705,0.5674966294318438,0.5627629179507494,0.5627622846513987,0.5670659330487251,0.004305421113743592,0.5669542821124196,0.5599653543625027,0.5627627855911851,0.5714973227083683,0.5746421877294778
174,Ty Gallop,Brisbane,0.5210650600492954,0.5152333602309227,0.5193258170038462,0.5136847887188196,0.5177186150103807,0.5136387534439564,0.5167871713638306,0.5191973503679037,0.5174077060073614,0.5186655838042498,0.5122997481375933,0.5164935011416674,0.5169338565319777,0.5196662023663521,0.5144002716988325,0.5240078754723072,0.521127438172698,0.5212234929203987,0.5174015127122402,0.5131603609770536,0.5138350818306208,0.5171762593090534,0.5173767767846584,0.5174082014709711,0.5179791450500488,0.5177473276853561,0.5183276645839214,0.5204050038009882,0.5215797461569309,0.5208495501428843,0.5172423664480448,0.5206542499363422,0.5168921574950218,0.516118859872222,0.5124643091112375,0.5191853810101748,0.5143213234841824,0.517254464328289,0.5111833456903696,0.5196171831339598,0.5165439937263727,0.5247675739228725,0.5168518219143152,0.5160704273730516,0.5142862740904093,0.522408127784729,0.5164717212319374,0.5195772983133793,0.5192773062735796,0.5153753142803907,0.51757373444736,0.00298160381201964,0.5173891447484493,0.5126069997437298,0.5143139981608837,0.5206950676795096,0.5222383095510303
170,Keidean Coleman,Brisbane,0.4634889308363199,0.4756574612110853,0.46896266005933285,0.45672887936234474,0.46210519410669804,0.461208064109087,0.4712074548006058,0.46247829124331474,0.4664268437772989,0.4663337469100952,0.4651860073208809,0.47118065878748894,0.47272974625229836,0.46555100567638874,0.4597013499587774,0.48341005481779575,0.47594999335706234,0.4785014260560274,0.4730113819241524,0.46261495910584927,0.4589796792715788,0.4645662438124418,0.47567964904010296,0.4584403410553932,0.4714038521051407,0.47674237564206123,0.4731624387204647,0.48083805851638317,0.48085443675518036,0.4711915496736765,0.47047417238354683,0.48858609423041344,0.4789252020418644,0.46870944276452065,0.47582862712442875,0.4720630832016468,0.45983459427952766,0.4734118189662695,0.4633339196443558,0.46896752901375294,0.4766858797520399,0.484888581559062,0.4616009648889303,0.46146308444440365,0.4609131198376417,0.46384410187602043,0.46959153190255165,0.46849220991134644,0.4789893738925457,0.47196389734745026,0.46985719926655295,0.007609735248252462,0.47003285214304924,0.45912762176245453,0.46157214787602424,0.47711001717858015,0.4828861531149596
311,Noah Answerth,Brisbane,0.43535485304892063,0.4324360266327858,0.4363482240587473,0.4335075505077839,0.43455879390239716,0.43203843384981155,0.43329980224370956,0.43323560431599617,0.4339442513883114,0.4322117269039154,0.4313120674341917,0.4334596339613199,0.43476024828851223,0.4327485430985689,0.4298274964094162,0.4380202889442444,0.43395090848207474,0.4345888737589121,0.4344163164496422,0.42951225116848946,0.4299189019948244,0.4329738076776266,0.4326059576123953,0.4288355950266123,0.4343326725065708,0.43286015652120113,0.431240102276206,0.4347533117979765,0.43134183064103127,0.43580482341349125,0.43381825648248196,0.43472535349428654,0.4319393169134855,0.4306803811341524,0.427881034091115,0.4346710853278637,0.4353023301810026,0.4345928505063057,0.4271460063755512,0.43315141648054123,0.4309354815632105,0.4359939582645893,0.43119556829333305,0.4330679941922426,0.43222407437860966,0.4363401159644127,0.42770802415907383,0.4327012225985527,0.4337610751390457,0.42635453306138515,0.43276778265833854,0.0025017201351236447,0.4331097053363919,0.42774349119514227,0.43052123199403286,0.4347547615244985,0.43626915363594887
181,Oscar Allen,Brisbane,0.3968813642859459,0.39543313160538673,0.4043377507477999,0.38772907853126526,0.3991600554436445,0.40506275184452534,0.3991034757345915,0.4048845265060663,0.4013985488563776,0.4019768889993429,0.40174907073378563,0.4025544710457325,0.3830801174044609,0.395047839730978,0.3904904704540968,0.4036152958869934,0.40202211402356625,0.41157907992601395,0.4200784433633089,0.3936464302241802,0.392422117292881,0.40647065453231335,0.3905245400965214,0.4028613567352295,0.39577325247228146,0.3947627730667591,0.3934905678033829,0.40806592628359795,0.3964699488133192,0.4000083766877651,0.3908234126865864,0.4124755058437586,0.3941684979945421,0.4160057120025158,0.40961518697440624,0.40811682492494583,0.38801669515669346,0.4015157949179411,0.4005482606589794,0.40001644007861614,0.40410033240914345,0.3929577600210905,0.40132818929851055,0.396844532340765,0.40634750574827194,0.40165821090340614,0.3930398616939783,0.39677770249545574,0.396776145324111,0.4133815821260214,0.40010389145463704,0.007597451603020095,0.4002823503687978,0.38852381909266115,0.3930227024443448,0.4068040663283318,0.4131958364881575
177,Darcy Gardiner,Brisbane,0.3919709138572216,0.3953669127076864,0.3978073336184025,0.39174055866897106,0.3899962566792965,0.388574680313468,0.39666385017335415,0.38823844119906425,0.3884628526866436,0.3875960726290941,0.38970748893916607,0.3932562470436096,0.39016140066087246,0.3937854655086994,0.3929991275072098,0.39468383602797985,0.3938928712159395,0.3920964431017637,0.39805485494434834,0.3857219461351633,0.3879934139549732,0.3985493816435337,0.39597902446985245,0.3908030390739441,0.3941942807286978,0.3941636048257351,0.3877647705376148,0.3987487778067589,0.39231564477086067,0.3960617296397686,0.3955886382609606,0.3996412269771099,0.39164878986775875,0.38618806935846806,0.3941104765981436,0.39177946373820305,0.38920165970921516,0.39407055266201496,0.3946974612772465,0.3885786905884743,0.3936709053814411,0.40047904662787914,0.3855748251080513,0.39096797443926334,0.39134813100099564,0.3946203254163265,0.3911602143198252,0.3973441384732723,0.3898920342326164,0.387860594317317,0.3925154887884855,0.0037753135461899606,0.3922060439363122,0.3864767100289464,0.38841595068573953,0.39618757283128797,0.3987079015932977
309,James Tunstill,Brisbane,0.31635657511651516,0.3159019313752651,0.31734996289014816,0.3136923089623451,0.31653418578207493,0.31318304128944874,0.31503341533243656,0.31599877774715424,0.31520096585154533,0.3156757615506649,0.3121724762022495,0.313832052052021,0.3140091747045517,0.31588309817016125,0.3131552543491125,0.31869081407785416,0.3164611663669348,0.3154248483479023,0.3146258629858494,0.313581470400095,0.31159085407853127,0.31679971516132355,0.31470237486064434,0.3130332138389349,0.3157057408243418,0.31473444774746895,0.316043209284544,0.3161330260336399,0.31483537517488003,0.3174514230340719,0.31325388327240944,0.3128117322921753,0.314581960439682,0.315620856359601,0.3117108177393675,0.31514922343194485,0.3125484213232994,0.3130499944090843,0.3144021425396204,0.31616841442883015,0.3130752630531788,0.31382246501743793,0.31657174229621887,0.312808308750391,0.31330684944987297,0.31920639239251614,0.31378417648375034,0.3158161826431751,0.31321814842522144,0.31215520203113556,0.31473709400743244,0.0017560484061957492,0.31471841130405664,0.3121587432362139,0.31304648726992307,0.31637843468785287,0.31743062370456754
623,Eric Hipwood,Brisbane,0.31426193565130234,0.3106875326484442,0.31340994499623775,0.31491998210549355,0.30832731164991856,0.3092105370014906,0.31000252440571785,0.3151277434080839,0.31016524508595467,0.31062156334519386,0.31523605063557625,0.3129376582801342,0.31642082892358303,0.306297954171896,0.30577108822762966,0.3123307414352894,0.31284523010253906,0.306127579882741,0.3128162231296301,0.3093598447740078,0.3034711554646492,0.3136983048170805,0.31306583620607853,0.30873188376426697,0.3066429700702429,0.30890558660030365,0.3138505145907402,0.3109047971665859,0.3105978574603796,0.3106622453778982,0.31693526916205883,0.3090487737208605,0.31676926277577877,0.31007080525159836,0.30695352517068386,0.30827057361602783,0.3121018558740616,0.30876966565847397,0.3129938133060932,0.3139871209859848,0.31121305748820305,0.3085457943379879,0.31472428143024445,0.31552185118198395,0.3135493714362383,0.3130200207233429,0.3142787963151932,0.30904965847730637,0.3071776144206524,0.309341749176383,0.3111946306377649,0.0031905686572309636,0.31079616490751505,0.30616250661201777,0.3083154534008354,0.31437190270423887,0.3162365384865552
313,Lincoln McCarthy,Brisbane,0.25707401894032955,0.254391947761178,0.2524480428546667,0.2555400636047125,0.25526125729084015,0.2541416361927986,0.25123928487300873,0.2531786151230335,0.25550810992717743,0.2506174836307764,0.25499679893255234,0.2562906052917242,0.2529035918414593,0.2544521000236273,0.2537381276488304,0.25579792633652687,0.2504256907850504,0.25700927153229713,0.2551042176783085,0.25781732238829136,0.255056606605649,0.2561324071139097,0.25507752597332,0.25430861860513687,0.25764705799520016,0.25763351656496525,0.2591202948242426,0.2549073901027441,0.25930231623351574,0.2566625624895096,0.25844558887183666,0.2525802683085203,0.24946683831512928,0.2550827693194151,0.25743037834763527,0.2519939951598644,0.2558324057608843,0.25624230690300465,0.2535168118774891,0.25580295361578465,0.253210773691535,0.25770172104239464,0.2549881152808666,0.2575904633849859,0.2531224451959133,0.2567390948534012,0.25934832356870174,0.2549665682017803,0.2584712654352188,0.2504320312291384,0.25513499055057764,0.002423207115428102,0.2550934934988618,0.2504700489714742,0.252836017223075,0.25763634672388436,0.25898724379949273
557,Cody Curtin,Brisbane,0.119638005271554,0.11773308366537094,0.11780762113630772,0.11616477556526661,0.11861755140125751,0.11784838140010834,0.11766253598034382,0.11788247153162956,0.11791077069938183,0.11644007451832294,0.11602992378175259,0.11762505397200584,0.11668151617050171,0.11958697624504566,0.1174473762512207,0.11943022534251213,0.11957627534866333,0.11882684752345085,0.11956813745200634,0.11832938902080059,0.11704512499272823,0.11793219111859798,0.11845935322344303,0.11730689369142056,0.11758588068187237,0.11994445323944092,0.11702023632824421,0.1203443892300129,0.11827293038368225,0.11772158183157444,0.11984582245349884,0.11772780120372772,0.1184984389692545,0.11842577904462814,0.11655604280531406,0.11876646615564823,0.11762400157749653,0.11902571655809879,0.11621884815394878,0.11970934085547924,0.11733049713075161,0.12009772285819054,0.11924797482788563,0.11870520934462547,0.11685247719287872,0.11902926303446293,0.11806771717965603,0.11883553490042686,0.11848435178399086,0.11678241938352585,0.11816542904824018,0.0011236674098370337,0.117999954149127,0.11626419955864549,0.11698517466895282,0.11956983827240765,0.11992423392832278
310,Daniel Annable,Brisbane,0.09501858428120613,0.09557650424540043,0.09713806584477425,0.09573271870613098,0.09556037373840809,0.09661233983933926,0.09638506546616554,0.09434861317276955,0.09515023790299892,0.09584206156432629,0.09466972574591637,0.09670085832476616,0.095477145165205,0.09615767188370228,0.09438256546854973,0.0983857810497284,0.09615200012922287,0.09580269642174244,0.09571206010878086,0.09472314827144146,0.09524082764983177,0.0951969288289547,0.09476776048541069,0.09523851796984673,0.09640641510486603,0.09548387676477432,0.09529685415327549,0.09577536582946777,0.09572423622012138,0.09659853018820286,0.0966524388641119,0.09595800563693047,0.09487257525324821,0.09627115167677402,0.09523067623376846,0.09486864134669304,0.09538494609296322,0.09544648230075836,0.09612002596259117,0.0955636277794838,0.09471009112894535,0.0956133734434843,0.09433239698410034,0.09484364278614521,0.09534206055104733,0.09604231640696526,0.09603296592831612,0.09694810211658478,0.0967803094536066,0.09487663768231869,0.09566295996308327,0.0008089160775224282,0.09557006601244211,0.09444143332540988,0.09486341664753854,0.09644656715728342,0.09691370462067425
175,Zane Zakostelsky,Brisbane,0.08759238198399544,0.08724117837846279,0.0876784659922123,0.08709164708852768,0.08817672170698643,0.0884629376232624,0.08719517104327679,0.0871182456612587,0.08735785633325577,0.08807387389242649,0.08707358874380589,0.08768379501998425,0.08680565655231476,0.08723958767950535,0.08656037412583828,0.08866816759109497,0.08816608972847462,0.08801864087581635,0.08806316182017326,0.08654958568513393,0.08696498349308968,0.08745765313506126,0.08698742091655731,0.08701564930379391,0.08761236257851124,0.0878556314855814,0.08747199922800064,0.08758998662233353,0.08903388492763042,0.0889872033149004,0.08776503428816795,0.08854000270366669,0.08677672408521175,0.08821836300194263,0.08772363141179085,0.08796856366097927,0.08629174716770649,0.08747679926455021,0.08677682280540466,0.08731617964804173,0.08705824054777622,0.08901476860046387,0.08653831109404564,0.08644109964370728,0.08725723810493946,0.08756253123283386,0.08828198723495007,0.08857093937695026,0.08736383728682995,0.08613845892250538,0.08753750365227461,0.0007189622110006221,0.08747439924627542,0.08646102799102665,0.08679963029921055,0.08823166046664119,0.08892180099152028
481,Darragh Joyce,Brisbane,0.08833465725183487,0.08625493198633194,0.0871704462915659,0.08809766545891762,0.08793002925813198,0.08601792901754379,0.08714030310511589,0.08704184368252754,0.08683816343545914,0.08711025677621365,0.08682920783758163,0.08730771206319332,0.08578591793775558,0.08661757409572601,0.08746924065053463,0.08900406584143639,0.08724837750196457,0.08819170109927654,0.08744478784501553,0.08741149492561817,0.0859913770109415,0.08654689602553844,0.08758784644305706,0.08689644746482372,0.08752373605966568,0.08725342340767384,0.08654540032148361,0.08758609183132648,0.08762741647660732,0.08662109635770321,0.08609257265925407,0.08656175620853901,0.08724850416183472,0.08755670674145222,0.08625244721770287,0.08768998831510544,0.08671433292329311,0.08613426610827446,0.08792354539036751,0.08833238668739796,0.08649189211428165,0.08639722503721714,0.08725858852267265,0.0874880962073803,0.08580601774156094,0.0866817943751812,0.08799406886100769,0.08688966743648052,0.08642854727804661,0.08743078447878361,0.08709598451852799,0.0007239434840258756,0.08715537469834089,0.08599682017229497,0.08636748578958213,0.0877388017438352,0.08830354614183307
604,Shadeau Brain,Brisbane,0.05956635624170303,0.059715183451771736,0.05974487215280533,0.058792565017938614,0.059933075681328773,0.05862231366336346,0.059364767745137215,0.05983753316104412,0.05912085622549057,0.05920087918639183,0.05949742719531059,0.05907401628792286,0.05966445803642273,0.05883277393877506,0.05988364852964878,0.06040830537676811,0.05974530056118965,0.05911106802523136,0.05955124460160732,0.05937884375452995,0.058926504105329514,0.05996847525238991,0.05993289686739445,0.05930393189191818,0.06012402102351189,0.05845181085169315,0.05846754275262356,0.05958947911858559,0.0595734640955925,0.05892973206937313,0.05978034436702728,0.05877118930220604,0.05880814604461193,0.058963995426893234,0.05865602381527424,0.05878894776105881,0.05835903435945511,0.05927141010761261,0.05931202322244644,0.059790199622511864,0.059447281062603,0.05987943895161152,0.05962075851857662,0.05924093350768089,0.05958444997668266,0.05963548831641674,0.05895552411675453,0.05955237336456776,0.05944119952619076,0.05952037498354912,0.05935384966433048,0.0004740670423566148,0.05944424029439688,0.058499270789325236,0.05880488961003721,0.059800092332065104,0.05996121834032238
575,Sam Marshall,Brisbane,0.054185958579182625,0.05341423489153385,0.05287677235901356,0.052904555574059486,0.05279870145022869,0.05300200171768665,0.05282295122742653,0.052694905549287796,0.05411025881767273,0.05283217132091522,0.05262404680252075,0.05334036238491535,0.053004538640379906,0.053058601915836334,0.05309363827109337,0.05279799923300743,0.05390302091836929,0.05377362668514252,0.05321590229868889,0.05253460071980953,0.05262792482972145,0.05271231196820736,0.05344601720571518,0.05329077132046223,0.05288105458021164,0.052885161712765694,0.05398206599056721,0.053873784840106964,0.053754525259137154,0.053477128967642784,0.053193073719739914,0.05303049832582474,0.05335499159991741,0.053622862324118614,0.05342250317335129,0.05362478643655777,0.05270637385547161,0.053816575556993484,0.05286153219640255,0.053212856873869896,0.052707284688949585,0.053637413308024406,0.05311990715563297,0.05253081023693085,0.05300796590745449,0.053384194150567055,0.05271773412823677,0.05253593437373638,0.052847279235720634,0.05299884267151356,0.053165060319006446,0.00044815494161317603,0.053044550120830536,0.052553997421637175,0.05271126126684249,0.05366188970580697,0.05396586175076663
593,Will McLachlan,Brisbane,0.028871582821011543,0.028626924380660057,0.028094874694943428,0.027821866795420647,0.028046876192092896,0.027857793495059013,0.02768506482243538,0.02775738202035427,0.028567995876073837,0.027596252039074898,0.027260828763246536,0.02792263589799404,0.027901871129870415,0.02787737175822258,0.027906782925128937,0.027866682037711143,0.028325755149126053,0.02846793830394745,0.028192128986120224,0.027435757219791412,0.027452925220131874,0.02794092707335949,0.02795892208814621,0.0275554396212101,0.027983741834759712,0.02763010933995247,0.02877553179860115,0.02839592471718788,0.028418170288205147,0.028289223089814186,0.0276931319385767,0.02782117947936058,0.028156820684671402,0.028145140036940575,0.028116555884480476,0.028526421636343002,0.027706820517778397,0.028220737352967262,0.027319353073835373,0.028120355680584908,0.027930600568652153,0.028542906045913696,0.027647824957966805,0.02740263193845749,0.02795575186610222,0.028265107423067093,0.027467669919133186,0.027697522193193436,0.027731789276003838,0.02756023406982422,0.027970276698470117,0.0003865848226308675,0.027926618233323097,0.027409422621130945,0.027588724283501505,0.02840057404153049,0.02861484403721988
25,Patrick Cripps,Carlton,17.43274520151317,17.623493591323495,17.574338525533676,17.39787183701992,17.680655570700765,17.743360007181764,17.6736744903028,17.73377187177539,17.644162721931934,17.596322514116764,17.63867503963411,17.615069419145584,17.509742941707373,17.48422023281455,17.674088476225734,17.372920911759138,17.53566704131663,17.545041527599096,17.615144381299615,17.590137694031,17.582567239180207,17.70139028504491,17.464645728468895,17.44947713240981,17.676573619246483,17.516677239909768,17.542329262942076,17.598709523677826,17.57789907231927,17.612672060728073,17.512285824865103,17.559985304251313,17.48470913991332,17.679236125200987,17.536446081474423,17.424263598397374,17.6740805208683,17.712017714977264,17.7538723051548,17.714405711740255,17.507985150441527,17.651399107649922,17.604345001280308,17.420983297750354,17.60154497437179,17.461650136858225,17.650249231606722,17.753406839445233,17.529611265286803,17.451673563569784,17.581763921119272,0.10059372485002788,17.593230104073882,17.421655759382993,17.464019649822266,17.67953278931044,17.741394439423456
4,Sam Walsh,Carlton,9.43314597196877,9.44360388442874,9.436419585719705,9.424409627914429,9.634463649243116,9.070567006245255,9.564514197409153,9.269276631996036,9.320713337510824,9.519907217472792,9.220478158444166,9.463911689817905,9.315829753875732,9.465116323903203,9.25996371731162,9.40462939441204,9.40384429693222,9.54326917603612,9.444181848317385,9.51783474907279,9.301092099398375,9.40355696156621,9.403711527585983,9.358815288171172,9.433096542954445,9.449330445379019,9.26312766969204,9.299112832173705,9.465508438646793,9.365532288327813,9.524274816736579,9.518132975324988,9.378046348690987,9.452751291915774,9.43986526504159,9.448062181472778,9.177053183317184,9.430207204073668,9.345069367438555,9.220852164551616,9.53742541372776,9.361067559570074,9.38278646580875,9.323991345241666,9.383298724889755,9.496942961588502,9.429102124646306,9.404475312680006,9.528845880180597,9.588824715465307,9.4054007922858,0.11032615568291552,9.426755876280367,9.220554829696193,9.300678432548418,9.51850379193388,9.56015896802768
23,Jagga Smith,Carlton,9.398428881540895,9.202078472822905,9.32467077486217,9.375803312286735,9.396597428247333,9.260268036276102,9.254486348479986,9.174339275807142,9.342758752405643,9.354992913082242,9.229667047038674,9.295526530593634,9.309050790965557,9.28390009328723,9.334644466638565,9.264926163479686,9.258204530924559,9.105073444545269,9.128542825579643,9.392193298786879,9.390335392206907,9.079966872930527,9.225302269682288,9.043716069310904,9.21429842337966,9.231480237096548,9.410116724669933,9.10963355563581,9.256749391555786,9.242013463750482,9.195520484820008,9.281285375356674,9.289169197902083,9.092226512730122,9.126221062615514,9.436390040442348,9.326852286234498,9.226051900535822,9.238236846402287,9.499422123655677,9.406685473397374,9.085807781666517,9.386594101786613,9.2521881647408,9.274982875213027,9.28203229419887,9.371189039200544,9.291085811331868,9.113893788307905,9.260248970240355,9.266516998372971,0.10541825758902297,9.262597099877894,9.087123621534555,9.12805757712014,9.387376031484456,9.409413318159059
30,George Hewett,Carlton,8.875999264419079,8.45991617999971,8.858395714312792,8.633113786578178,8.5059370175004,8.682017903774977,8.686789834871888,8.736954694613814,8.83781342767179,8.61476081237197,8.710828598588705,8.4295240547508,8.65039325505495,8.771844360977411,8.684864930808544,8.75111368112266,8.684825979173183,8.75999378040433,8.869280824437737,8.779795791953802,8.832501467317343,8.715858932584524,8.710338724777102,8.68667234480381,8.829153271391988,8.641158856451511,8.559512874111533,8.819039402529597,8.71187094412744,8.619154326617718,8.73130651935935,8.798870308324695,8.685966094955802,8.713081436231732,8.735878134146333,8.706097049638629,8.72708678431809,8.763036906719208,8.751893559470773,8.584928026422858,8.654314991086721,8.772821471095085,8.522302554920316,8.77802094258368,8.654241537675261,8.702284703031182,8.667208563536406,8.817763106897473,8.928516827523708,8.794998290017247,8.712000856921076,0.10445208758133794,8.712476190179586,8.509291952671482,8.630196259446443,8.818029852684587,8.867049376862123
480,Francis Evans,Carlton,3.6139759700745344,3.626111416146159,3.5565284490585327,3.7117865551263094,3.7042337357997894,3.731264067813754,3.6549286171793938,3.694790141656995,3.642601354047656,3.7237481586635113,3.7395319379866123,3.6865522656589746,3.6692644469439983,3.5823372900485992,3.696302119642496,3.6486041974276304,3.6472764685750008,3.6705804392695427,3.6604189462959766,3.6577732767909765,3.646452371031046,3.6599620152264833,3.6556941755115986,3.6247457079589367,3.6608884688466787,3.6675792168825865,3.7084237430244684,3.6868958435952663,3.6291481852531433,3.6237963400781155,3.69114357419312,3.560477502644062,3.6863174717873335,3.6507239937782288,3.672551080584526,3.6546215396374464,3.646765513345599,3.6664938796311617,3.717093236744404,3.68681425973773,3.741415712982416,3.668843377381563,3.7870070841163397,3.759537011384964,3.6588334683328867,3.596041850745678,3.5948560032993555,3.6114812530577183,3.669249504804611,3.700160127133131,3.6660524673387407,0.04745318412503655,3.66369117423892,3.5849036262650045,3.624547290071845,3.709126570753753,3.7410295391082764
16,Oliver Florent,Carlton,2.501237230375409,2.486869176849723,2.4763807598501444,2.5349754095077515,2.4696357119828463,2.4679806865751743,2.4372951835393906,2.5670626498758793,2.3833186235278845,2.5045885872095823,2.45276621542871,2.441155679523945,2.4412083737552166,2.4518435169011354,2.503660887479782,2.535167757421732,2.405243953689933,2.4275666512548923,2.4380502719432116,2.3173731584101915,2.3875936511904,2.4437743686139584,2.465283304452896,2.448906911537051,2.4600259885191917,2.4738145638257265,2.5856662672013044,2.4707906786352396,2.54798218421638,2.3986345008015633,2.433580057695508,2.440770586952567,2.42769674025476,2.5019115544855595,2.5116800889372826,2.352431522682309,2.364953199401498,2.4325377382338047,2.455387966707349,2.4585741851478815,2.460560206323862,2.2885785195976496,2.545973578467965,2.5323756709694862,2.387611076235771,2.3636151794344187,2.31067387573421,2.4647848587483168,2.476226858794689,2.502397056668997,2.4527634685114026,0.06405763533500386,2.456981075927615,2.3245601230859756,2.3876074344012888,2.5060707110706715,2.547570420037955
38,Ben Ainsworth,Carlton,2.2570313569158316,2.3019366301596165,2.241265060380101,2.3592303600162268,2.266234338283539,2.3129051718860865,2.2724654730409384,2.2735875472426414,2.267546998336911,2.238338243216276,2.2912427317351103,2.2766469065099955,2.3160309828817844,2.2483231220394373,2.297398606315255,2.3063977621495724,2.278986394405365,2.2534217461943626,2.307802965864539,2.2217028364539146,2.2781973239034414,2.2861010134220123,2.2773487642407417,2.278852829709649,2.354795692488551,2.2828599214553833,2.301302829757333,2.2723803743720055,2.2386751361191273,2.231973920017481,2.2540294863283634,2.3036094307899475,2.286535596475005,2.3536845054477453,2.270619424059987,2.309707138687372,2.30247450619936,2.3093669675290585,2.223588027060032,2.2278816662728786,2.2686724942177534,2.284207070246339,2.28592705540359,2.3363586589694023,2.213677518069744,2.208132952451706,2.2598362490534782,2.308305701240897,2.3150613605976105,2.3054348081350327,2.2803618731349706,0.03542223423978646,2.278919612057507,2.2220893005281686,2.2407237662095576,2.309438063301146,2.350132706919685
28,Harry McKay,Carlton,1.980645153671503,2.0201907251030207,1.9761423338204622,1.9672055430710316,2.072009574621916,2.150258645415306,2.0773245710879564,1.9548077248036861,2.093608945608139,2.0229786448180676,2.079292608425021,1.9943914040923119,2.110583884641528,2.071901246905327,2.0844303965568542,2.0704332944005728,2.0045766048133373,2.054636685177684,2.005396606400609,1.9132644664496183,1.9559334591031075,2.1049810722470284,2.0523326247930527,2.216438302770257,2.001499690115452,2.013227501884103,2.059287814423442,2.102527042850852,2.0986300464719534,2.1046501453965902,2.0970378685742617,2.1502278707921505,2.1558883283287287,2.1184167619794607,2.02081729285419,2.071420332416892,2.0308758933097124,2.15700826048851,1.9888247903436422,2.0410084761679173,2.0604458786547184,2.1941077932715416,2.1589338686317205,2.004351932555437,2.1730458214879036,2.053150186315179,2.0135843344032764,1.9530055541545153,2.063236430287361,2.0476200245320797,2.05933188918978,0.0680003118053638,2.05986684653908,1.9550385003350674,1.9932279818188399,2.125065283721313,2.170152871152386
34,Brodie Kemp,Carlton,1.6628056708723307,1.7501531019806862,1.6939608752727509,1.7242268286645412,1.7043661661446095,1.7247612569481134,1.722783925011754,1.7105734329670668,1.6903001386672258,1.6933803874999285,1.7058455497026443,1.7068642228841782,1.6816638801246881,1.704198855906725,1.7221431378275156,1.740655567497015,1.7246681544929743,1.6622524578124285,1.6659780349582434,1.6732370723038912,1.7195757441222668,1.70430495031178,1.7176408525556326,1.7190245669335127,1.6670476533472538,1.7639545146375895,1.67942750826478,1.690668061375618,1.7094079963862896,1.698578355833888,1.7029964458197355,1.6697387900203466,1.671880230307579,1.6776068322360516,1.7380432896316051,1.750158116221428,1.6582409497350454,1.700966503471136,1.7364404704421759,1.7063968367874622,1.6921716276556253,1.6578410975635052,1.695714296773076,1.6605234183371067,1.7405909318476915,1.7055613361299038,1.7187637779861689,1.6923889555037022,1.6826012395322323,1.6921193208545446,1.701703867763281,0.02644888530128683,1.7035976508632302,1.6608778714295476,1.6714326692875474,1.7246876129060984,1.7482061074115336
479,Talor Byrne,Carlton,1.510114485397935,1.5232768561691046,1.4882160406559706,1.4799490347504616,1.4714465737342834,1.5206771567463875,1.5475536473095417,1.4775667246431112,1.4997410401701927,1.5256974063813686,1.4763873349875212,1.497699473053217,1.4305289834737778,1.4882538430392742,1.487965539097786,1.497958479449153,1.5166794173419476,1.5016597863286734,1.4905131552368402,1.5164338387548923,1.4760797712951899,1.5136322621256113,1.5028738845139742,1.503431836143136,1.465841991826892,1.5295106749981642,1.4913593623787165,1.4262891169637442,1.506612515076995,1.4554070085287094,1.475663524121046,1.4020005445927382,1.4296072367578745,1.503474097698927,1.4784050192683935,1.4941012132912874,1.4616212137043476,1.5246583987027407,1.5198616329580545,1.469465546309948,1.4392287116497755,1.495194360613823,1.4780481550842524,1.478098090738058,1.5069086123257875,1.4814193230122328,1.4835275616496801,1.4720071870833635,1.4293710328638554,1.54613540135324,1.48776308208704,0.031087018417955855,1.4893834991380572,1.4294194546621293,1.4649598491992801,1.517344500405714,1.5287289549317211
7,Marc Pittonet,Carlton,1.26834487169981,1.293281627818942,1.2972220797091722,1.287239022552967,1.2959071658551693,1.2353844232857227,1.226869909092784,1.2419151682406664,1.2756189480423927,1.2335965223610401,1.2234404757618904,1.339266275987029,1.3177515231072903,1.313147772103548,1.2637490388005972,1.333765296265483,1.2613268475979567,1.2880327627062798,1.2350003849714994,1.2630666065961123,1.2781996373087168,1.2836635690182447,1.2428704928606749,1.3454989697784185,1.2283718399703503,1.3471009843051434,1.2561383228749037,1.2748894598335028,1.3091610949486494,1.2802940364927053,1.2465361133217812,1.2360114976763725,1.3086325228214264,1.2581733148545027,1.2545902114361525,1.2821318060159683,1.302061339840293,1.28539845533669,1.2276787366718054,1.3380549848079681,1.279941724613309,1.2764970902353525,1.301347279921174,1.2124006543308496,1.2970160208642483,1.2744042687118053,1.364367974922061,1.3084296882152557,1.2594333738088608,1.2831664849072695,1.2787277734652163,0.036147893331554076,1.2790706809610128,1.2270357187464833,1.2358804391287268,1.3099943104740233,1.3442212675511838
42,Will Hayward,Carlton,0.9662212282419205,0.9369142912328243,0.9516216572374105,0.9432362969964743,0.9536298457533121,0.9536370560526848,0.9209469053894281,0.9499806612730026,0.9675256367772818,0.9376675765961409,0.9507075995206833,0.9377992451190948,0.947637889534235,0.9502907488495111,0.9391533583402634,0.9464366659522057,0.9213053844869137,0.9525426514446735,0.9486946426331997,0.9512884188443422,0.9243246261030436,0.9303326793015003,0.9355647265911102,0.9410086199641228,0.9296824019402266,0.9542174004018307,0.9296170026063919,0.9698247592896223,0.9492325875908136,0.9582593534141779,0.950736615806818,0.9406614471226931,0.9482640568166971,0.9362211097031832,0.9559699799865484,0.9337787497788668,0.9547114465385675,0.974144397303462,0.9411597847938538,0.9431114513427019,0.940955450758338,0.9646705947816372,0.9658604450523853,0.9356843829154968,0.9662706032395363,0.9509339034557343,0.935252333059907,0.9196222331374884,0.9219566285610199,0.9399844128638506,0.9453850388899445,0.013451045501611964,0.9470372777432203,0.9214388895221055,0.9330585210490971,0.956448459032923,0.9672683549020439
239,Matthew Carroll,Carlton,0.8871495686471462,0.967365862801671,0.8958533592522144,0.9871976282447577,0.9022534042596817,0.9080488383769989,0.9031577445566654,0.920409232378006,0.902485828846693,0.9333768729120493,0.96086286008358,0.9635549485683441,0.8966490235179663,0.9261216949671507,0.9012781642377377,0.9463219121098518,0.9503397289663553,0.9661581665277481,0.934978885576129,0.9381783958524466,0.9662222284823656,0.958695674315095,0.8471522890031338,0.9044993799179792,0.9597822483628988,1.0037350598722696,0.914213826879859,0.9771567918360233,0.8737076725810766,1.005478946492076,0.9260710757225752,0.9387722965329885,0.8805266991257668,0.9078611526638269,0.9368990752846003,1.0212020687758923,0.9248153120279312,0.8884521331638098,0.9375860542058945,0.9754485599696636,0.9164317455142736,0.9569298271089792,0.8569358289241791,0.9364529233425856,1.013726469129324,0.9209517035633326,0.9757619872689247,0.853578232228756,0.9264390487223864,0.8386606723070145,0.9307177820801735,0.042580546950246184,0.9299079608172178,0.8542665395513177,0.8943065029997379,0.9690551465097814,1.0051214497350156
41,Mitch McGovern,Carlton,0.7435594629496336,0.7608339358121157,0.7477434184402227,0.7379908747971058,0.7454074751585722,0.7532058469951153,0.7449215017259121,0.748483195900917,0.7533368710428476,0.7402447424829006,0.7520765028893948,0.7465315088629723,0.7599399946630001,0.7459578905254602,0.7565114349126816,0.7428797800093889,0.7450171262025833,0.7466838750988245,0.752941969782114,0.74260095320642,0.7436319682747126,0.739339517429471,0.7568125873804092,0.7533500120043755,0.7449174616485834,0.7471650019288063,0.7489670347422361,0.7649975586682558,0.7591890469193459,0.7500557228922844,0.7568963300436735,0.764363132417202,0.741424635052681,0.7399385962635279,0.7512797191739082,0.7427575998008251,0.7415777333080769,0.744862312451005,0.7400632612407207,0.7646508198231459,0.7316018603742123,0.7681680470705032,0.7432099971920252,0.7391498610377312,0.7370015140622854,0.7716715782880783,0.7444520369172096,0.7525661587715149,0.7503616251051426,0.7437417581677437,0.7489006569981576,0.008730143081104938,0.7466076919808984,0.738228466976434,0.7411780375055969,0.7573755078706891,0.7649264772050083
485,Adam Cerra,Carlton,0.7289322596043348,0.7282198127359152,0.7286815568804741,0.7267960701137781,0.7193991467356682,0.731872171163559,0.7126422375440598,0.7351526636630297,0.7243620473891497,0.7417638245970011,0.7370699476450682,0.7262171786278486,0.735341502353549,0.7378456760197878,0.7376920711249113,0.7538095023483038,0.7390832472592592,0.739927688613534,0.7432892601937056,0.7404697090387344,0.7478705532848835,0.7368964925408363,0.736370138823986,0.7324189525097609,0.7329873070120811,0.7301614992320538,0.7223461978137493,0.7445432059466839,0.7311304043978453,0.7292642239481211,0.7332928013056517,0.7274496518075466,0.7393922321498394,0.7371393032371998,0.7321397010236979,0.7307007238268852,0.7290742304176092,0.7392199020832777,0.7188664469867945,0.7252674289047718,0.7261042427271605,0.7442417666316032,0.7281168475747108,0.7343982961028814,0.7296924013644457,0.7091552410274744,0.7240498065948486,0.7334430571645498,0.7301181238144636,0.7276801746338606,0.7322419785708189,0.008382174829653578,0.7320059360936284,0.7189756504353135,0.7259293486382812,0.7395041425507516,0.7444814108870923
244,Lachlan Cowan,Carlton,0.6506904624402523,0.6497656628489494,0.6404503248631954,0.6464464701712132,0.6447953842580318,0.6489845458418131,0.6388077270239592,0.6483309771865606,0.6403436958789825,0.6474769152700901,0.6447470244020224,0.6435083281248808,0.6484553646296263,0.6519089136272669,0.642865726724267,0.64949388243258,0.6451318506151438,0.6417342312633991,0.6526836398988962,0.6431652773171663,0.6429311037063599,0.6410899702459574,0.6420443579554558,0.6402523424476385,0.643336109817028,0.6494095362722874,0.639646977186203,0.6437864117324352,0.644035579636693,0.6411666180938482,0.6451159343123436,0.6385579984635115,0.6499135252088308,0.6376419179141521,0.645212072879076,0.6419995091855526,0.6487402692437172,0.646040290594101,0.6450773552060127,0.6413084361702204,0.6417092829942703,0.6460941173136234,0.6444335803389549,0.6455980706959963,0.6395274884998798,0.649217389523983,0.6428058054298162,0.6451970748603344,0.6444338504225016,0.6431310102343559,0.6445848078280687,0.0036914274214031226,0.6444337153807282,0.6389552781265229,0.6409562843609601,0.6490332101713866,0.6505311903078109
484,Nic Newman,Carlton,0.6290245037525892,0.6195912454277277,0.6100050713866949,0.6278618853539228,0.6262941807508469,0.6170210596174002,0.617967015132308,0.6144314836710691,0.6321189813315868,0.6154646743088961,0.6236704047769308,0.6345685385167599,0.637089915573597,0.6401259396225214,0.637598505243659,0.6110252905637026,0.62611323595047,0.6208378914743662,0.6247778199613094,0.6190047394484282,0.630380792543292,0.6270375791937113,0.6210066210478544,0.6180042587220669,0.6188563667237759,0.6093241833150387,0.6221890710294247,0.6372403018176556,0.6310033928602934,0.6262542568147182,0.6352046690881252,0.6331056021153927,0.635700985789299,0.6093466207385063,0.6153263933956623,0.6197882778942585,0.6423349399119616,0.6275957375764847,0.6238391641527414,0.6151582766324282,0.6114123780280352,0.6160254962742329,0.6198250651359558,0.6202549282461405,0.6265736408531666,0.6117818672209978,0.627165574580431,0.6236625779420137,0.6309719327837229,0.6272554732859135,0.6239643761515618,0.008620183061604452,0.6237547844648361,0.6102142163179815,0.6152912569921464,0.6334113558232785,0.6375250735413283
510,Nick Haynes,Carlton,0.6312889233231544,0.6128525882959366,0.6128265950828791,0.6161633301526308,0.6134917102754116,0.6256744042038918,0.6148381475359201,0.6195156909525394,0.6126611474901438,0.6151848956942558,0.619370823726058,0.6227288097143173,0.619228657335043,0.6157299540936947,0.6223074141889811,0.6198536306619644,0.6216252818703651,0.6276930868625641,0.6267774365842342,0.6225381027907133,0.6234004311263561,0.6223274245858192,0.6096224561333656,0.6194275934249163,0.6212384235113859,0.6166597548872232,0.6119877845048904,0.6233875248581171,0.6114109475165606,0.6197201982140541,0.6230886988341808,0.6262145731598139,0.6114665865898132,0.6077011097222567,0.6222951859235764,0.6145941782742739,0.6204344015568495,0.627664040774107,0.6327372658997774,0.6165861990302801,0.6066333893686533,0.6140475943684578,0.6277377922087908,0.615128543227911,0.619448084384203,0.6114166900515556,0.615389758720994,0.622874004766345,0.6231744643300772,0.6268271300941706,0.6191398572176695,0.006089558112587283,0.6194818876683712,0.6099890968669206,0.6127920165359974,0.6257872995156795,0.6277286276128143
39,Harry Dean,Carlton,0.5620075818151236,0.5628158170729876,0.5624587666243315,0.5626580845564604,0.5615948904305696,0.5654806736856699,0.5588327888399363,0.5640812516212463,0.56115154735744,0.5589624922722578,0.5621903706341982,0.5610954500734806,0.5605561845004559,0.5684451628476381,0.5640346277505159,0.5610411800444126,0.5579112004488707,0.56246024556458,0.56493354216218,0.5594773702323437,0.5593836922198534,0.5634468290954828,0.5579404346644878,0.5561337545514107,0.5614872220903635,0.5575965959578753,0.5584780927747488,0.5604340080171824,0.5588030554354191,0.5569690894335508,0.5592061430215836,0.5567435938864946,0.5621832739561796,0.5550185721367598,0.5597435794770718,0.5576837845146656,0.5632390640676022,0.5625892169773579,0.5628851093351841,0.5578635185956955,0.560065945610404,0.5569218173623085,0.5648501981049776,0.5591696705669165,0.5563778188079596,0.5614893157035112,0.562971530482173,0.5625180117785931,0.5616387240588665,0.5585563145577908,0.5606915441155433,0.0027922794487644283,0.5610683150589466,0.5564528026990593,0.5578259541727603,0.5630274450015277,0.5649164566304534
564,Billy Wilson,Carlton,0.5005236659198999,0.5023351833224297,0.5000013150274754,0.507170157507062,0.5086352899670601,0.515897911041975,0.5097909197211266,0.5051558185368776,0.5055627170950174,0.5054064281284809,0.5117823034524918,0.5049193166196346,0.5084494426846504,0.517954034730792,0.5145628526806831,0.5085690934211016,0.5074448697268963,0.5015276130288839,0.5139644555747509,0.5116256009787321,0.508662199601531,0.5098079051822424,0.5016703885048628,0.5050459131598473,0.5085589662194252,0.5070599894970655,0.5017096810042858,0.5151646099984646,0.4972814079374075,0.5078276600688696,0.5166518446058035,0.4999122601002455,0.5022347755730152,0.4932445399463177,0.5119070243090391,0.49587482772767544,0.5109036024659872,0.5229249782860279,0.507715655490756,0.5075241327285767,0.5033780559897423,0.5006383005529642,0.5075607355684042,0.5105727482587099,0.5059113055467606,0.503688458353281,0.5067342687398195,0.5038048811256886,0.5089722406119108,0.5070886332541704,0.5070262195914984,0.005750236100071634,0.5073075136169791,0.4978207326307893,0.5016405484303832,0.5118083701115101,0.5164972882252187
596,Blake Acres,Carlton,0.5051647592335939,0.47729941084980965,0.5174298603087664,0.4862805251032114,0.5009739492088556,0.49225467070937157,0.5232506841421127,0.5133394990116358,0.52460209839046,0.4949381351470947,0.49878073297441006,0.49074642546474934,0.5026723332703114,0.49659239128232,0.4665648993104696,0.4869090151041746,0.5001399572938681,0.4910822622478008,0.5284688267856836,0.4935713820159435,0.5094304494559765,0.49978450499475,0.5162643324583769,0.5234371554106474,0.5060551520437002,0.49932945892214775,0.4873899891972542,0.4976828508079052,0.4914571214467287,0.519743375480175,0.5121746324002743,0.5098489578813314,0.5045280251652002,0.5039051976054907,0.5104578491300344,0.5162008367478848,0.4943809062242508,0.5053661465644836,0.4853025022894144,0.5112223569303751,0.49503028579056263,0.512085597962141,0.476210106164217,0.49139865301549435,0.48186756297945976,0.49584077298641205,0.4874139279127121,0.487306198105216,0.4898911379277706,0.51307512819767,0.500502859801054,0.013650094701231817,0.4995569819584489,0.4782358820363879,0.4873724768590182,0.5139375185985118,0.5233989288005978
488,Wade Derksen,Carlton,0.3937187232077122,0.39511498622596264,0.39268522895872593,0.3933939654380083,0.3948682025074959,0.3994284402579069,0.3936645835638046,0.3983144313097,0.39498318918049335,0.39046344347298145,0.39582418091595173,0.40103417821228504,0.3969713840633631,0.39620631001889706,0.3963058926165104,0.3973900191485882,0.39572190307080746,0.3938575331121683,0.39664955623447895,0.39131365343928337,0.39397017285227776,0.38872235640883446,0.3917897790670395,0.39695314317941666,0.3973281178623438,0.3979337103664875,0.39213597401976585,0.3952526394277811,0.3944960702210665,0.3927505388855934,0.3956639524549246,0.3931878339499235,0.3934247214347124,0.3916906248778105,0.39586071483790874,0.39078550785779953,0.39322048239409924,0.3951298091560602,0.39367916248738766,0.38948051631450653,0.3941933363676071,0.3926660194993019,0.3965352103114128,0.3932752925902605,0.3893631510436535,0.394673403352499,0.38990179263055325,0.3922297954559326,0.39344120770692825,0.3924036789685488,0.39420097041875124,0.002626519907262911,0.39391385298222303,0.3895668779592961,0.39176905584149063,0.3967130059059709,0.39823638351634144
37,Oliver Hollands,Carlton,0.3553583063185215,0.3529000896960497,0.35804856941103935,0.3585935868322849,0.35916440561413765,0.35433620028197765,0.35121954418718815,0.35809567756950855,0.3609418738633394,0.35691024363040924,0.3519440181553364,0.35026086308062077,0.3579449411481619,0.3570535331964493,0.35868716053664684,0.3632062654942274,0.3563411124050617,0.35180102102458477,0.35629263520240784,0.3512120936065912,0.3602827303111553,0.3577777296304703,0.35409644804894924,0.35499936901032925,0.3571822941303253,0.35640830360352993,0.35200134105980396,0.3585578426718712,0.35390577279031277,0.3540692590177059,0.35590752586722374,0.3543334361165762,0.35364849120378494,0.3568863160908222,0.35189832001924515,0.3601936101913452,0.353668050840497,0.35368749499320984,0.34900467842817307,0.351530147716403,0.35327962040901184,0.35812462121248245,0.3548871725797653,0.35442171804606915,0.3582696672528982,0.35659906826913357,0.3565669674426317,0.3529663309454918,0.35279715061187744,0.35488823242485523,0.3554630370438099,0.003029500690775516,0.3551788376644254,0.3512136209756136,0.35198936057277025,0.35832989591546355,0.36026446068659423
36,Jacob Weitering,Carlton,0.3482350129634142,0.3478058185428381,0.3429312091320753,0.34697733633220196,0.3470323160290718,0.3451295234262943,0.3384157158434391,0.345708129927516,0.3436064328998327,0.3425771426409483,0.3462278116494417,0.34583265520632267,0.34275433234870434,0.350002758204937,0.3459013104438782,0.34576227329671383,0.3414973560720682,0.34119002521038055,0.3472069762647152,0.3427876140922308,0.3471939377486706,0.34481680765748024,0.3440652024000883,0.3439577091485262,0.34493118338286877,0.342524828389287,0.3415811061859131,0.34708315692842007,0.344300527125597,0.3426041919738054,0.34820354729890823,0.34678599797189236,0.34613161720335484,0.34431635402143,0.3406233489513397,0.34344732761383057,0.3469526767730713,0.34314519353210926,0.3444446846842766,0.34247306920588017,0.3442093674093485,0.3454916663467884,0.34869944490492344,0.3464534245431423,0.34308869019150734,0.34423783607780933,0.3481065798550844,0.3436325956135988,0.34213737957179546,0.34106392227113247,0.3446857025101781,0.0024312301454240707,0.3443805193528533,0.34108977337367835,0.34251401071995496,0.34710631011985243,0.3482285625021905
551,Matthew Cottrell,Carlton,0.3227010499686003,0.32330560125410557,0.3208549339324236,0.32442514412105083,0.32346493005752563,0.3217838443815708,0.32600427232682705,0.32242931611835957,0.3224684949964285,0.3219046462327242,0.3219666685909033,0.32221767492592335,0.32253522239625454,0.32196246832609177,0.32489517889916897,0.3248718921095133,0.3238435219973326,0.3216648381203413,0.3227179851382971,0.3158534839749336,0.32207041233778,0.3193666823208332,0.31865730695426464,0.31865875609219074,0.32426198199391365,0.32728572748601437,0.32139141857624054,0.3238723408430815,0.3234413340687752,0.3187627475708723,0.32110438868403435,0.32300797291100025,0.3272042702883482,0.3157937712967396,0.3240424767136574,0.3215457331389189,0.3192402310669422,0.3208495583385229,0.3244166038930416,0.3185784425586462,0.32274228520691395,0.3204878307878971,0.32437623478472233,0.3186550009995699,0.317113408818841,0.32547955587506294,0.3213622812181711,0.32166492007672787,0.32139846310019493,0.31783883832395077,0.3219308428838849,0.0026243257293894523,0.32201854046434164,0.3172621218673885,0.31874101335182786,0.32438467192836107,0.3258967054542154
40,Lewis Young,Carlton,0.3234442565590143,0.32386594265699387,0.32042103074491024,0.32240646332502365,0.318702956661582,0.32648089341819286,0.3178478516638279,0.32481699250638485,0.3189905285835266,0.32285943254828453,0.31898175552487373,0.32250602543354034,0.3232418689876795,0.3248564824461937,0.32245450653135777,0.3217477910220623,0.3218512311577797,0.3215079251676798,0.32109582982957363,0.3206434063613415,0.3198742289096117,0.32019572891294956,0.3219998963177204,0.3233014363795519,0.32242428697645664,0.3233701214194298,0.3218093831092119,0.32585768960416317,0.31760697066783905,0.31970641016960144,0.32006276585161686,0.3198885824531317,0.3209410719573498,0.3237987086176872,0.3199996370822191,0.321308808401227,0.3216889649629593,0.321393258869648,0.32583877071738243,0.32032679580152035,0.3203239757567644,0.31967711821198463,0.31934759579598904,0.32111886143684387,0.32070251554250717,0.3230376038700342,0.3241426423192024,0.3204190246760845,0.32050035521388054,0.3168118577450514,0.3215239647775888,0.002148366791204006,0.3213510336354375,0.31802314818836747,0.31970028815045953,0.32351833703927696,0.3256374016217887
20,Cooper Lord,Carlton,0.2751955147832632,0.2706186007708311,0.27193616330623627,0.26962284184992313,0.2700051926076412,0.27714514546096325,0.26787388138473034,0.271911533549428,0.26932185143232346,0.2727952394634485,0.2710045352578163,0.2716412376612425,0.2666837275028229,0.2711819354444742,0.270995257422328,0.27312010899186134,0.2788727227598429,0.2758223731070757,0.2708127833902836,0.27101352624595165,0.2684392221271992,0.2750835157930851,0.27205380983650684,0.27053210884332657,0.2708410881459713,0.2673041559755802,0.2694075256586075,0.26810304820537567,0.26170290634036064,0.2748162616044283,0.27344498969614506,0.27054844982922077,0.27256933972239494,0.2680310793220997,0.2699495516717434,0.2726817615330219,0.2729148492217064,0.27100350335240364,0.27180434949696064,0.2740442883223295,0.27579234167933464,0.2688733246177435,0.27502493746578693,0.2710446920245886,0.2674187198281288,0.26456380262970924,0.2730250880122185,0.27172313816845417,0.27176409028470516,0.2741715908050537,0.27132503405213354,0.003122755523561748,0.2711133137345314,0.2668109153397381,0.26836896177753805,0.274306327002123,0.27581621666438877
19,Zac Williams,Carlton,0.2653949875384569,0.2669542673975229,0.2709745727479458,0.27769057638943195,0.27114308811724186,0.27511556074023247,0.26788865961134434,0.27155911549925804,0.2727655041962862,0.2692620102316141,0.26415625028312206,0.27153295651078224,0.2719658799469471,0.2704632170498371,0.26798349246382713,0.27482046745717525,0.27126437798142433,0.26679107546806335,0.27601481042802334,0.2699409667402506,0.26714964769780636,0.27159625478088856,0.266071742400527,0.2737495247274637,0.2700607180595398,0.2699132673442364,0.27175883762538433,0.2719932422041893,0.26807612366974354,0.2669642325490713,0.2737261615693569,0.2683405913412571,0.26760969683527946,0.26875738240778446,0.2696429528295994,0.2722516804933548,0.2725408002734184,0.2716418616473675,0.26788527332246304,0.27428288385272026,0.27021562308073044,0.26941334642469883,0.2694227807223797,0.2720706481486559,0.2661339472979307,0.2692681383341551,0.27325739338994026,0.2679829578846693,0.26933334954082966,0.26622690819203854,0.27022039610892534,0.002919795194064524,0.2700008423998952,0.2660844944044948,0.2671108959317207,0.2728683090377599,0.27505506661720575
581,Jack Ison,Carlton,0.24483479000627995,0.24764332920312881,0.24282771348953247,0.2423096913844347,0.2438833899796009,0.2447342947125435,0.2417637947946787,0.24499943107366562,0.24489114247262478,0.2450609803199768,0.24289874359965324,0.24695918895304203,0.2478095330297947,0.24400252476334572,0.24411979131400585,0.24811186268925667,0.24221158772706985,0.24583390355110168,0.24689019657671452,0.24517310038208961,0.24845722131431103,0.24397379718720913,0.24271659553050995,0.24287696555256844,0.24786640517413616,0.24202395603060722,0.24046091362833977,0.2438837494701147,0.24189032427966595,0.24133751913905144,0.24430778063833714,0.24310072511434555,0.24594552628695965,0.2414595503360033,0.2447504624724388,0.23921827599406242,0.24477767199277878,0.242895795032382,0.24413860775530338,0.24481656216084957,0.2420405875891447,0.24140497855842113,0.24584867991507053,0.24281827546656132,0.24079045467078686,0.24696177430450916,0.24404456093907356,0.2436461430042982,0.24705997668206692,0.2430397178977728,0.24411025088280439,0.0021732290310602417,0.24402354285120964,0.2409026028867811,0.2419960269946605,0.24690461598336697,0.24785474638454616
27,Elijah Hollands,Carlton,0.19122654385864735,0.19423300214111805,0.1880778856575489,0.19191572815179825,0.19265656732022762,0.18858402781188488,0.19134831987321377,0.1942675244063139,0.19135105423629284,0.1934797763824463,0.19091953709721565,0.19504650123417377,0.19144753739237785,0.19557959772646427,0.19066380336880684,0.1877755355089903,0.1902337595820427,0.18830186501145363,0.1887837741523981,0.18884283304214478,0.19531213492155075,0.19167812541127205,0.1900180522352457,0.18910043872892857,0.1923254206776619,0.19348791986703873,0.19200496934354305,0.19400284625589848,0.18836251832544804,0.19229482673108578,0.18780994042754173,0.18941420130431652,0.18680520355701447,0.19181337021291256,0.19021609984338284,0.19290385209023952,0.19543573632836342,0.19044881500303745,0.19193716160953045,0.19417906925082207,0.19106699712574482,0.19163871742784977,0.19238764978945255,0.19590662606060505,0.19147291965782642,0.19355210661888123,0.19107815995812416,0.1875264924019575,0.18833787739276886,0.18883878365159035,0.19132184412330389,0.0023871011528003344,0.19139929581433535,0.18778258851729335,0.18853773232921958,0.1940396768618375,0.19541039803996682
45,Liam Reidy,Carlton,0.11978479474782944,0.1192611213773489,0.12176946923136711,0.121890963986516,0.11881816945970058,0.12016903795301914,0.11932308599352837,0.12074056081473827,0.12023556977510452,0.11805559508502483,0.11882099136710167,0.11924417689442635,0.12360830418765545,0.11965354718267918,0.1206121165305376,0.1208701953291893,0.12140746600925922,0.12024973332881927,0.11903835833072662,0.11952593177556992,0.1192300021648407,0.11993889696896076,0.11906141974031925,0.11989771202206612,0.124282231554389,0.12037811800837517,0.12226725369691849,0.12027385085821152,0.11989910155534744,0.124410605058074,0.12109635956585407,0.12194671295583248,0.12059317342936993,0.11983625963330269,0.1201515719294548,0.1222219429910183,0.12000423483550549,0.12324820272624493,0.1219265814870596,0.11788198538124561,0.11949232593178749,0.12080176919698715,0.12313508428633213,0.12234552577137947,0.12061458267271519,0.12168944254517555,0.11886943876743317,0.11909625120460987,0.12156367860734463,0.11801989190280437,0.12054506793618203,0.001563540155902951,0.1202426515519619,0.11821192283183336,0.11908897142857314,0.12200423603318632,0.12353448338806629
591,Flynn Young,Carlton,0.09352634847164154,0.09366684220731258,0.09269571118056774,0.09285208024084568,0.09333012066781521,0.09410460293292999,0.09118236042559147,0.09357370249927044,0.09251906536519527,0.09301761910319328,0.0931274313479662,0.0953172817826271,0.09360326454043388,0.09399363398551941,0.09383493661880493,0.09500289335846901,0.09348698146641254,0.09266950562596321,0.09305889531970024,0.09428521059453487,0.09374676644802094,0.09279160015285015,0.09209956414997578,0.0925978235900402,0.09399599209427834,0.09267262183129787,0.09185545518994331,0.09286612831056118,0.09240608289837837,0.09353167377412319,0.09395569562911987,0.09237995184957981,0.09300285577774048,0.09325066581368446,0.09413249231874943,0.09213559702038765,0.09321885369718075,0.09455001167953014,0.09278306737542152,0.09339337423443794,0.09112672321498394,0.09352087788283825,0.09234252944588661,0.09312908723950386,0.09270484931766987,0.09297984652221203,0.09379875101149082,0.09356858767569065,0.09425268694758415,0.09324701875448227,0.09321771439164878,0.0008414599993028228,0.09323293622583151,0.09190549752674997,0.09249545202963054,0.09399412683025002,0.09449572745710612
29,Adam Saad,Carlton,0.08091394044458866,0.08145645447075367,0.08062120340764523,0.08043458126485348,0.08073483780026436,0.08049276657402515,0.08068907260894775,0.07957366667687893,0.08087915368378162,0.08016579784452915,0.08006827905774117,0.07990208081901073,0.08054269105195999,0.08057072013616562,0.08076020330190659,0.0813070796430111,0.08129437267780304,0.07989523001015186,0.08076080121099949,0.0810563899576664,0.08134379424154758,0.08035500347614288,0.08108055777847767,0.07998880743980408,0.08144927024841309,0.08073745295405388,0.08105004951357841,0.08074693009257317,0.08089491911232471,0.07974440976977348,0.08042640425264835,0.08102923259139061,0.08091151900589466,0.08080924488604069,0.0793552864342928,0.08015893027186394,0.08125032484531403,0.08062719367444515,0.07988223247230053,0.07941026240587234,0.08087358437478542,0.08053112030029297,0.08133588545024395,0.08025140129029751,0.07882170379161835,0.08072126843035221,0.08009357750415802,0.08105566911399364,0.07972989790141582,0.08059758134186268,0.08054765675216913,0.0005922667061568908,0.08065813314169645,0.07944376028142869,0.07990064899995923,0.08106144103221595,0.08134217293933034
43,Campbell Chesser,Carlton,0.0761090349406004,0.07674029096961021,0.07659788243472576,0.0762941911816597,0.07561739906668663,0.07679049484431744,0.07575242966413498,0.0777610782533884,0.07741694711148739,0.07650707103312016,0.07579491287469864,0.07624027878046036,0.07616816647350788,0.07661293260753155,0.07612300105392933,0.0756001528352499,0.07603636011481285,0.07533242180943489,0.07710535824298859,0.07571904174983501,0.07528888061642647,0.07772239483892918,0.076848354190588,0.07764278165996075,0.07669097743928432,0.07601966336369514,0.07776969857513905,0.07563200034201145,0.07620808854699135,0.07590208761394024,0.07648936100304127,0.07569079473614693,0.0758404228836298,0.07685407996177673,0.0760731752961874,0.07551725581288338,0.07738443836569786,0.07638820819556713,0.07667426764965057,0.07597250677645206,0.0763211790472269,0.07660279236733913,0.07569612003862858,0.07685627602040768,0.07601071335375309,0.07722708769142628,0.07637875713407993,0.07563603483140469,0.07554964162409306,0.07699977234005928,0.07636414516717195,0.0006672407535098675,0.07626723498106003,0.07552389490418136,0.0756793499160558,0.0770218397937715,0.07770607413724065
251,Hudson O'Keeffe,Carlton,0.07106614299118519,0.07182756252586842,0.07193747907876968,0.07247349619865417,0.07106687687337399,0.07289907522499561,0.07148011960089207,0.07325761765241623,0.07239473983645439,0.07267879135906696,0.07188634760677814,0.07194670289754868,0.07165021821856499,0.0731335524469614,0.07274280674755573,0.07155190221965313,0.07130280695855618,0.07082445733249187,0.0724197868257761,0.07130170054733753,0.07179264165461063,0.0724903792142868,0.07201767340302467,0.0729187186807394,0.07178858853876591,0.07238077372312546,0.07304684817790985,0.07205116376280785,0.0712530966848135,0.07122291624546051,0.07183646783232689,0.07139635644853115,0.07195691950619221,0.0718680638819933,0.07168336771428585,0.0719219297170639,0.0730655025690794,0.07156208530068398,0.0720483623445034,0.07153564877808094,0.07120833918452263,0.07226571626961231,0.07088177651166916,0.07260104827582836,0.07205989584326744,0.07262521609663963,0.07210993766784668,0.07099537551403046,0.07108087837696075,0.07229089364409447,0.07195597529411316,0.000641772439669898,0.0719297043979168,0.07100988284684717,0.07124678897298872,0.07263641332648695,0.07306167841888964
486,Jordan Boyd,Carlton,0.05268216319382191,0.051710087805986404,0.052045974880456924,0.05324900709092617,0.05157594010233879,0.05354158207774162,0.0518247876316309,0.05257165990769863,0.05122779496014118,0.05311981029808521,0.052701691165566444,0.053416987881064415,0.05294545739889145,0.053000934422016144,0.052483221516013145,0.05210967920720577,0.05225802958011627,0.05238832347095013,0.05137629806995392,0.05349508859217167,0.053103575482964516,0.051540425047278404,0.051581596955657005,0.052433038130402565,0.05233781039714813,0.052986590191721916,0.05210257135331631,0.05361438728868961,0.051786474883556366,0.052351510152220726,0.05247768014669418,0.052182864397764206,0.05261390097439289,0.052295371890068054,0.05206564627587795,0.053408943116664886,0.05268377996981144,0.051972225308418274,0.052404310554265976,0.05198800191283226,0.052081432193517685,0.05359387956559658,0.05280032195150852,0.05376832373440266,0.052155449986457825,0.05220795050263405,0.05234273709356785,0.05241667851805687,0.05202803760766983,0.05157412029802799,0.052452483102679255,0.000638702986255352,0.052369916811585426,0.05154733257368207,0.05181678026728332,0.05314681242778897,0.053583158580586314
44,Ashton Moir,Carlton,0.050752509385347366,0.05043146759271622,0.05065014772117138,0.05072707124054432,0.0510348379611969,0.051229726523160934,0.05048705078661442,0.05144891142845154,0.05051276460289955,0.05075341463088989,0.050656961277127266,0.051393795758485794,0.05074315145611763,0.05085809528827667,0.05095983296632767,0.05090639740228653,0.050887733697891235,0.05024819076061249,0.05107599124312401,0.05031933821737766,0.0509160440415144,0.05055010877549648,0.050420014187693596,0.050908733159303665,0.0512295663356781,0.05083402059972286,0.051268430426716805,0.05071287415921688,0.051104433834552765,0.05077027156949043,0.051049185916781425,0.0511881448328495,0.051357047632336617,0.051679644733667374,0.05095631815493107,0.05159411206841469,0.05126133933663368,0.05094473995268345,0.05035528540611267,0.05035537667572498,0.05096597410738468,0.05133422650396824,0.05125356279313564,0.051481813192367554,0.05032180808484554,0.0507047213613987,0.05074155889451504,0.05055163986980915,0.05061849020421505,0.05070391856133938,0.050884215906262395,0.00035966912750664545,0.050872914493083954,0.050328670935705304,0.05050739041529596,0.05126282137446105,0.05147506833076477
33,Lachie Fogarty,Carlton,0.05018460005521774,0.051093826070427895,0.05052506737411022,0.050013236701488495,0.04959751293063164,0.050946665927767754,0.049739766865968704,0.05129117704927921,0.05050434172153473,0.05035598576068878,0.050033070147037506,0.05040820501744747,0.05028047598898411,0.050357844680547714,0.050105493515729904,0.05064966529607773,0.05004727840423584,0.049726055935025215,0.05074559710919857,0.05014992691576481,0.05009068734943867,0.05112519487738609,0.05064256303012371,0.051239071413874626,0.05105019360780716,0.050198134034872055,0.05130111798644066,0.05016104504466057,0.050627849996089935,0.05034003034234047,0.05026908591389656,0.05004563182592392,0.05064551718533039,0.05111891217529774,0.049903349950909615,0.05017630010843277,0.0511148851364851,0.05055193044245243,0.05002948082983494,0.04999980889260769,0.05076572671532631,0.05031033232808113,0.05034053511917591,0.05074097588658333,0.0502998698502779,0.05051758699119091,0.05022135004401207,0.050446052104234695,0.04982878640294075,0.05125001072883606,0.05044215619564056,0.00044811009632618503,0.050348260439932346,0.04975801587104797,0.05003231997974217,0.05105931279249489,0.051247768169268966
642,Flynn Riley,Carlton,0.038978129625320435,0.037155888974666595,0.03836158663034439,0.03755878284573555,0.03772437572479248,0.038299039006233215,0.03678305447101593,0.03800841420888901,0.037045106291770935,0.03798516467213631,0.03747480362653732,0.03720478340983391,0.03706337511539459,0.037737514823675156,0.038232896476984024,0.03920980542898178,0.03671613335609436,0.038723137229681015,0.03918333351612091,0.03640398383140564,0.039185602217912674,0.03743880242109299,0.03607456386089325,0.03759407624602318,0.0388602651655674,0.03704008832573891,0.03686985373497009,0.03777140751481056,0.037536170333623886,0.03750443831086159,0.037379734218120575,0.03824257478117943,0.03809107840061188,0.03798777982592583,0.03747984394431114,0.03714732825756073,0.03791933134198189,0.03769197687506676,0.037756774574518204,0.037808869034051895,0.03734547644853592,0.03711956739425659,0.03830290585756302,0.03586886450648308,0.037872035056352615,0.038012828677892685,0.03748989477753639,0.03672623261809349,0.03770037740468979,0.037063706666231155,0.03765463516116142,0.0007487961755714889,0.03764302656054497,0.036467974483966825,0.03704405753687024,0.038299847178161144,0.03914126671850681
184,Nick Daicos,Collingwood,38.96887793019414,38.85317087173462,38.9727943893522,38.698331056162715,38.687765365466475,38.62591779977083,38.96856137365103,38.68516446277499,39.01941541954875,38.51593566685915,38.85385260544717,38.675763085484505,39.07165122963488,38.520564910024405,38.92114660702646,38.83825469017029,38.98656831122935,39.02549269795418,38.689729522913694,38.43479544855654,38.54856282658875,38.78610020503402,39.02763403952122,38.9122432526201,38.74273786507547,39.12002741545439,38.67611417174339,38.590077398344874,38.71360445395112,38.741306414827704,38.97038513608277,39.11725255288184,38.95004725456238,38.79607035219669,39.136615419760346,38.86254636757076,38.91958942078054,38.776183353737,39.02974707260728,39.05680431984365,39.134500570595264,38.94997992366552,38.92647849023342,38.492095332592726,38.85875772498548,38.705187045037746,38.77970336005092,39.28003325685859,38.93643553927541,38.67337153479457,38.84447891030461,0.19343864429083216,38.85630516521633,38.516884661708026,38.675263251390305,39.028075663436205,39.13153357379139
187,Jordan de Goey,Collingwood,5.875695647671819,5.910263258963823,5.891329089179635,6.079291049391031,5.851310072466731,5.770525736734271,5.820971975103021,5.840829614549875,5.843471905216575,6.01538354717195,6.005239989608526,5.902247292920947,5.869973454624414,6.0487519931048155,5.960694041103125,5.8571962378919125,5.819990141317248,5.919121479615569,5.753407426178455,6.009057590737939,5.884541703388095,5.858566200360656,5.933655954897404,5.883960725739598,5.885556295514107,5.8104603216052055,5.88167760707438,5.782396925613284,6.055644681677222,5.859415719285607,5.818604262545705,5.751783907413483,5.9057476706802845,5.8039351888000965,5.760565146803856,5.990591399371624,5.856566525995731,5.966412832960486,5.996218426153064,5.862758150324225,5.901378570124507,5.828392069786787,5.944019006565213,5.930799823254347,5.986325558274984,5.781508708372712,5.841393975540996,5.779842311516404,5.758202763274312,5.978229960426688,5.886478078737855,0.08530885038572407,5.878686627373099,5.758687051897868,5.799433691794053,5.987217119064182,6.041911461688578
185,Josh Daicos,Collingwood,5.302794327959418,5.250628819689155,5.349320136010647,5.377759359776974,5.427699102088809,5.3894030302762985,5.314265234395862,5.432057972997427,5.392809500917792,5.4458010625094175,5.288280351087451,5.409605752676725,5.344397099688649,5.513081517070532,5.2425234615802765,5.174724217504263,5.387998705729842,5.266659738495946,5.375495173037052,5.293102759867907,5.421823272481561,5.409927014261484,5.612402940168977,5.437567042186856,5.373332856222987,5.268723521381617,5.490209214389324,5.382162960246205,5.286623189225793,5.446109535172582,5.507047122344375,5.467736043035984,5.450444104149938,5.360511986538768,5.374331347644329,5.240265665575862,5.455775706097484,5.385326894000173,5.270027717575431,5.353022545576096,5.305065156891942,5.358792215585709,5.425170373171568,5.458613837137818,5.399120258167386,5.2589415833354,5.451797695830464,5.441208511590958,5.451547408476472,5.532977281138301,5.381100246459246,0.0879418969835252,5.386662799865007,5.2441850599925965,5.283154735650867,5.452629099976272,5.511844466151669
189,Darcy Cameron,Collingwood,4.92627683095634,4.943505924195051,4.852817595005035,4.830091813579202,4.884957350790501,5.027280159294605,4.867685390636325,5.013608951121569,4.6522807739675045,4.902859078720212,5.138706674799323,4.878971381112933,4.9460473600775,5.038036672398448,5.00496787391603,4.992361338809133,4.859231233596802,4.877715608105063,4.855469107627869,5.043799413368106,4.918514119461179,4.933949479833245,4.784127581864595,5.003651035949588,5.026560645550489,4.891133585944772,4.996323956176639,5.054028505459428,4.955506397411227,4.8762752171605825,4.8616973888129,4.9602053463459015,4.804825300350785,4.810014748945832,4.844890251755714,4.803749717772007,4.83293385989964,4.83342694491148,4.72876556403935,4.852633003145456,4.8409297820180655,4.771747507154942,4.843532407656312,5.085457583889365,4.860544728115201,4.9519784059375525,4.931019343435764,4.873478211462498,4.875958934426308,4.932832311838865,4.905547247976065,0.09491434081174276,4.881964365951717,4.77428542247042,4.832339872218668,5.006773859051988,5.051931541580707
192,Scott Pendlebury,Collingwood,3.4152459260076284,3.3913993015885353,3.4893551133573055,3.415310859680176,3.473503015935421,3.4894223622977734,3.416106466203928,3.4236392751336098,3.5089048389345407,3.409349661320448,3.482283467426896,3.470142701640725,3.3962521497160196,3.447864852845669,3.482015995308757,3.4506225679069757,3.4613964278250933,3.497925663366914,3.452053014189005,3.4105241782963276,3.5005616452544928,3.483983911573887,3.4312601797282696,3.415499486029148,3.455307714641094,3.44205348752439,3.477546216920018,3.468710022047162,3.4228900596499443,3.4673990439623594,3.4626018181443214,3.482546780258417,3.4637354034930468,3.4784465488046408,3.501080045476556,3.4464008696377277,3.4496940970420837,3.4197643622756004,3.4348673336207867,3.421833725646138,3.468607487156987,3.4913411755114794,3.456603664904833,3.479412719607353,3.4513933397829533,3.4789331667125225,3.444879973307252,3.381664589047432,3.430630635470152,3.454874314367771,3.452956833131611,0.03147683891280055,3.4550910145044327,3.3989371395949273,3.415979607347399,3.4828471407033503,3.500021268967539
212,Daniel McStay,Collingwood,3.38535407371819,3.3132833261042833,3.374306034296751,3.408785806968808,3.369342578575015,3.339411659166217,3.3545045144855976,3.36461416259408,3.2613623831421137,3.393996385857463,3.3697709534317255,3.426409028470516,3.276578674092889,3.4068979751318693,3.3490173742175102,3.301427559927106,3.299951246008277,3.2573131285607815,3.3648666627705097,3.3578909654170275,3.3458586055785418,3.3411197811365128,3.4022474754601717,3.2714499719440937,3.2252110335975885,3.4556165505200624,3.386832846328616,3.3164960853755474,3.2832479774951935,3.2445452827960253,3.2392512429505587,3.2721247393637896,3.320779724046588,3.2995266765356064,3.322115058079362,3.3278956077992916,3.4523971881717443,3.30425819568336,3.289077676832676,3.370991175994277,3.245393741875887,3.358546493574977,3.434635926038027,3.3827563505619764,3.4545314013957977,3.331322595477104,3.3771260790526867,3.1935495287179947,3.214162988588214,3.337982289493084,3.3355226956680415,0.06438339336991826,3.340265720151365,3.2280892765149476,3.26934166588448,3.395720863584429,3.448756129434332
207,Beau McCreery,Collingwood,3.1204280834645033,3.162096716463566,3.1806636545807123,3.232148464769125,3.1788945086300373,3.1883684135973454,3.1642258055508137,3.2034263238310814,3.212442025542259,3.178136434406042,3.179108990356326,3.2314631789922714,3.15903003141284,3.181715240702033,3.1838260367512703,3.217664862051606,3.1533734127879143,3.1222795452922583,3.2279338892549276,3.2004960607737303,3.187823884189129,3.1535077542066574,3.2051202952861786,3.2266002912074327,3.17092627286911,3.1885490026324987,3.1657465044409037,3.1719446163624525,3.201276121661067,3.164883967489004,3.1827446576207876,3.2061802856624126,3.1841395758092403,3.158511772751808,3.213958691805601,3.2070165518671274,3.1397474855184555,3.12508412450552,3.189167521893978,3.2050217147916555,3.1446715276688337,3.127979639917612,3.133384447544813,3.193797929212451,3.134565159678459,3.25149935670197,3.19015646353364,3.175608489662409,3.1967457477003336,3.203312635421753,3.181547883376479,0.031033114303371287,3.183285347186029,3.125677705164999,3.1515547187980264,3.2081504758652297,3.230739674596116
194,Dan Houston,Collingwood,1.810245068743825,1.8321321662515402,1.7999039068818092,1.9128098674118519,1.846161738038063,1.8341556396335363,1.87082558311522,1.8372951373457909,1.8695767801254988,1.8283263817429543,1.8196933381259441,1.8069600705057383,1.861099787056446,1.813741436228156,1.8255797028541565,1.8945305831730366,1.8227797951549292,1.7651431541889906,1.866519808769226,1.8551880791783333,1.7654884420335293,1.8653243519365788,1.8431331925094128,1.9659108687192202,1.7994761057198048,1.850460758432746,1.8041919264942408,1.720211025327444,1.8292221948504448,1.8151311054825783,1.7808340787887573,1.8095726259052753,1.8818979766219854,1.8312665708363056,1.8239845130592585,1.8352520354092121,1.8641605228185654,1.834776284173131,1.8451633043587208,1.7705161161720753,1.8473758324980736,1.8240464571863413,1.8413935769349337,1.8465491011738777,1.8313362915068865,1.7935326285660267,1.9224960915744305,1.7607010286301374,1.8764381650835276,1.8849219642579556,1.8347486632317305,0.0434195215419518,1.8331439029425383,1.765213938197121,1.7998144964389502,1.8698377799503505,1.9090626141428946
227,Tim Membrey,Collingwood,1.435995128005743,1.4853748101741076,1.4014836084097624,1.3751168753951788,1.4244634825736284,1.3869467824697495,1.5252291075885296,1.453357182443142,1.4168826024979353,1.4185940362513065,1.3453226536512375,1.3834891505539417,1.4045880008488894,1.4134017918258905,1.4085458293557167,1.395442122593522,1.4347236473113298,1.4006808195263147,1.4576895143836737,1.4292008094489574,1.3813162185251713,1.432946277782321,1.3247192464768887,1.3982073441147804,1.444105887785554,1.3989595342427492,1.3686018697917461,1.5047751050442457,1.4017759952694178,1.4344413466751575,1.4202683549374342,1.3778850380331278,1.4291042014956474,1.410625098273158,1.3518257103860378,1.4240309279412031,1.3963578399270773,1.4206887800246477,1.3483583871275187,1.3612164948135614,1.44923410192132,1.479713935405016,1.3952875826507807,1.3983538188040257,1.4085830692201853,1.501221975311637,1.4461557790637016,1.3870820049196482,1.42238125577569,1.378302177414298,1.4138610662892461,0.041017290294387165,1.4096040837466717,1.349069188395515,1.3782149952836336,1.446799148540944,1.4979733064584433
193,Jack Crisp,Collingwood,1.2227514423429966,1.2491340972483158,1.2323198579251766,1.2344123162329197,1.2455319799482822,1.2251809742301702,1.2712502963840961,1.219124998897314,1.2445423360913992,1.240084920078516,1.2329704351723194,1.2317416854202747,1.2618792988359928,1.2489586807787418,1.2052206732332706,1.2360176295042038,1.2125320229679346,1.229360420256853,1.2551426868885756,1.2268850654363632,1.2297415938228369,1.2504358179867268,1.2628519628196955,1.2022820804268122,1.2534411791712046,1.2436811495572329,1.2460970394313335,1.2440549861639738,1.229980131611228,1.2267552241683006,1.2770203649997711,1.252152482047677,1.2636736370623112,1.2468162160366774,1.270821202546358,1.2220615316182375,1.2441763635724783,1.239599546417594,1.206098010763526,1.2601245362311602,1.2387571055442095,1.2299464624375105,1.2603507433086634,1.2609473578631878,1.219925669953227,1.2754890602082014,1.2417694348841906,1.2189695462584496,1.2168847881257534,1.2169416043907404,1.2395377729460597,0.01867855988194677,1.239842233248055,1.2074169832654298,1.2197583297025412,1.260475435750559,1.2711623321473597
191,Lachie Schultz,Collingwood,0.9032683037221432,0.9179968349635601,0.9522224441170692,0.9271087236702442,0.9268938731402159,0.9314857702702284,0.9387244153767824,0.934663936495781,0.9096775222569704,0.9403476882725954,0.940060818567872,0.9417217373847961,0.9296632334589958,0.9090210050344467,0.9023627005517483,0.9306222386658192,0.931166322901845,0.965803837403655,0.9262600261718035,0.9281898178160191,0.9195682592689991,0.9309887941926718,0.930626854300499,0.9365543033927679,0.9331720508635044,0.9388511385768652,0.933756472542882,0.9403207097202539,0.9262967426329851,0.9610120914876461,0.9327339697629213,0.9118268191814423,0.9248607978224754,0.9362409990280867,0.9218915496021509,0.935368774458766,0.9304336197674274,0.9531880784779787,0.9448630101978779,0.9333007335662842,0.9275203067809343,0.9544924423098564,0.9185152780264616,0.9231042042374611,0.921648845076561,0.9443588592112064,0.9313485138118267,0.9353815633803606,0.9462026841938496,0.9283430520445108,0.9318806553632021,0.013186154814108644,0.9312574183568358,0.909155591065064,0.9212140026427805,0.9422728958465159,0.9542250477243215
208,Ned Long,Collingwood,0.8300946224480867,0.8481244165450335,0.8320090901106596,0.8438317365944386,0.805151404812932,0.8408022075891495,0.8311367966234684,0.8306931033730507,0.8375800810754299,0.8294697776436806,0.8238504528999329,0.8377719111740589,0.8332460206001997,0.8320145029574633,0.8162827529013157,0.8286789245903492,0.8412460293620825,0.8180126566439867,0.8440180215984583,0.8180963415652514,0.839357752352953,0.8406053241342306,0.8211337309330702,0.845017684623599,0.8349711392074823,0.8384027499705553,0.8191267438232899,0.8346019200980663,0.8302568402141333,0.83608721755445,0.825973903760314,0.8331211190670729,0.8303965907543898,0.8454036340117455,0.8308147583156824,0.825706847012043,0.8378189988434315,0.8302360456436872,0.8378165271133184,0.825132830068469,0.8233602177351713,0.8244915995746851,0.8071290999650955,0.8301652539521456,0.8318273406475782,0.8178813941776752,0.8346001282334328,0.8421865850687027,0.8190864808857441,0.8338815327733755,0.8309740568324924,0.009516070115765402,0.8314820686355233,0.8166104743629694,0.8207142706271261,0.8406464727763087,0.8448127537034452
218,Steele Sidebottom,Collingwood,0.8491495698690414,0.8219784554094076,0.8451660498976707,0.7964364420622587,0.8464914206415415,0.8211576789617538,0.7956066560000181,0.7855832390487194,0.8126908037811518,0.7993697822093964,0.8068327605724335,0.8165487125515938,0.8116702120751143,0.8029515668749809,0.8189632724970579,0.782015735283494,0.8068325947970152,0.8227255586534739,0.8135765884071589,0.8203143402934074,0.7999859340488911,0.8023516442626715,0.804747162386775,0.803283728659153,0.8126649707555771,0.7749800253659487,0.7971520368009806,0.813571210950613,0.7910427395254374,0.811073187738657,0.8207763358950615,0.8181612882763147,0.8183239065110683,0.8200702276080847,0.8089569248259068,0.8380903042852879,0.8060778845101595,0.8175353761762381,0.8091980926692486,0.7964545637369156,0.800918472930789,0.8228384032845497,0.8469937909394503,0.8001158740371466,0.79254393838346,0.8195865079760551,0.8362052850425243,0.8213285077363253,0.7995702773332596,0.7970470190048218,0.8115541412308812,0.016425897686320967,0.8113716999068856,0.7867024366464466,0.7969231958538294,0.8221345999874174,0.846219719639048
199,Patrick Lipinski,Collingwood,0.7440877538174391,0.751162949949503,0.7438503354787827,0.7525430843234062,0.7401396799832582,0.7544644810259342,0.7520748563110828,0.7504677549004555,0.76400844193995,0.7291163690388203,0.7570637352764606,0.7563774734735489,0.7534847818315029,0.7421486750245094,0.7449142783880234,0.7636800613254309,0.7612069584429264,0.7432677056640387,0.7519561480730772,0.7395588047802448,0.7527015693485737,0.7554468717426062,0.7474861033260822,0.7462608087807894,0.7519277464598417,0.7505012210458517,0.7472617626190186,0.7531390693038702,0.736019179224968,0.7688365187495947,0.7389806155115366,0.7563114538788795,0.7473838534206152,0.7562995571643114,0.7535019665956497,0.751562811434269,0.762576462700963,0.760004049167037,0.7447657119482756,0.7571765221655369,0.7521967068314552,0.7461650613695383,0.7400827705860138,0.7595576848834753,0.7441959269344807,0.7389446664601564,0.7479357793927193,0.7436493430286646,0.7513457741588354,0.7597613260149956,0.75035106446594,0.008062181985805095,0.7514542927965522,0.7389520360156894,0.743033828260377,0.757674185173586,0.763453823607415
197,Billy Frampton,Collingwood,0.732561944052577,0.7335170824080706,0.734542591497302,0.7355019394308329,0.73707265406847,0.7368074674159288,0.7358940821141005,0.74108100309968,0.7395333722233772,0.7313917186111212,0.7344482149928808,0.7319224029779434,0.7315959986299276,0.7298885323107243,0.7303855530917645,0.7426466140896082,0.7351896911859512,0.7349374108016491,0.7361586838960648,0.7312586884945631,0.7364857234060764,0.733649892732501,0.7401187215000391,0.7351137492805719,0.7346536070108414,0.7331179976463318,0.731364369392395,0.7356308717280626,0.7297928649932146,0.7374271955341101,0.7348436657339334,0.7403377965092659,0.733531292527914,0.7387943528592587,0.732077457010746,0.7391767837107182,0.730957418680191,0.7406681180000305,0.7307492755353451,0.7291220128536224,0.7343933843076229,0.7378549575805664,0.7312764283269644,0.7320505511015654,0.7333568446338177,0.734794981777668,0.7303560562431812,0.7393142879009247,0.7345052026212215,0.7326118759810925,0.7346892676502467,0.0033744221018135344,0.7345238970592618,0.7299843747168779,0.7312727207019926,0.7388742809072136,0.7406004020944238
188,Brayden Maynard,Collingwood,0.7356924675405025,0.747221015393734,0.7190390173345804,0.7222335804253817,0.7256135698407888,0.7659674100577831,0.7166389003396034,0.7339529953896999,0.74294313788414,0.7373665682971478,0.734569163993001,0.729015352204442,0.7066040392965078,0.7334236688911915,0.7110659871250391,0.7352638710290194,0.7096625957638025,0.7268329244107008,0.7338375020772219,0.7106346096843481,0.7250685933977365,0.7334613353013992,0.7506208643317223,0.7267284411936998,0.7318123113363981,0.7251766324043274,0.7259668782353401,0.7091082446277142,0.7312340624630451,0.7249480057507753,0.7260000165551901,0.7239025272428989,0.7526060007512569,0.7412125933915377,0.7345368899405003,0.7379119638353586,0.7135113030672073,0.724714882671833,0.7444810476154089,0.7441611718386412,0.7215196415781975,0.74285888671875,0.7236928902566433,0.7126503922045231,0.7303925696760416,0.7348236348479986,0.7088040318340063,0.7401882000267506,0.7190687749534845,0.7206326127052307,0.729187475554645,0.012624303155265982,0.7279241383075714,0.7092218866106123,0.7159852325096726,0.741556668696925,0.7499238952994346
457,Jeremy Howe,Collingwood,0.7301926575601101,0.7360088117420673,0.7165883760899305,0.7129944935441017,0.7369750998914242,0.7287712339311838,0.727312820032239,0.7220945749431849,0.7179141957312822,0.7199481539428234,0.715247156098485,0.730028185993433,0.6864609308540821,0.7183621861040592,0.722603103145957,0.7253980562090874,0.7194807194173336,0.7379413731396198,0.7302874214947224,0.7178335897624493,0.7256195992231369,0.7030472103506327,0.7292425222694874,0.7185624707490206,0.6975235268473625,0.7392614856362343,0.7204927746206522,0.7410278916358948,0.7159886546432972,0.7111386433243752,0.7257147524505854,0.7298669721931219,0.7244143914431334,0.7435754649341106,0.7270915005356073,0.7345100175589323,0.7220192812383175,0.756749864667654,0.7043486181646585,0.7354139965027571,0.7290803492069244,0.7170018497854471,0.734211066737771,0.7231403980404139,0.7259885109961033,0.6989943869411945,0.7658711206167936,0.7124902959913015,0.7265571132302284,0.7269929088652134,0.7243676155805587,0.013754052061676701,0.7255088277161121,0.6998252157401293,0.7147763496246189,0.7355383128877729,0.7430532124079764
215,Roan Steele,Collingwood,0.7149079218506813,0.707012053579092,0.6807377450168133,0.6696354579180479,0.6953118983656168,0.6993187218904495,0.7038974855095148,0.6850371081382036,0.6974425688385963,0.6820442695170641,0.7126224096864462,0.6828930396586657,0.7075714580714703,0.7071664873510599,0.6802704762667418,0.7219716291874647,0.6851544324308634,0.7114851381629705,0.6920372787863016,0.6901230420917273,0.6981382928788662,0.7330861650407314,0.6769088841974735,0.6865558419376612,0.7220780849456787,0.6761273834854364,0.6978505421429873,0.6878294255584478,0.71232152543962,0.6958025190979242,0.6943969335407019,0.6909958459436893,0.6855059769004583,0.7164969779551029,0.6988884080201387,0.7041179873049259,0.6957792863249779,0.7146557476371527,0.7077650874853134,0.7058055736124516,0.6926993615925312,0.716326767578721,0.6933432258665562,0.687907787039876,0.7056621592491865,0.6791193019598722,0.6681621912866831,0.6885726973414421,0.7253302577883005,0.7094477824866772,0.6978863728791476,0.014888824026314532,0.6966225439682603,0.676287591131404,0.6827156466990709,0.7130473773181438,0.7220562615152448
225,Edward Allan,Collingwood,0.6929317284375429,0.7001780048012733,0.6908573731780052,0.695934284478426,0.690874757245183,0.6987520158290863,0.6907896418124437,0.6933942325413227,0.695588193833828,0.6915313694626093,0.7004820015281439,0.6851563211530447,0.6883165221661329,0.685502178966999,0.6960211507976055,0.6938647665083408,0.6861641574651003,0.6805070545524359,0.6979965474456549,0.6872514262795448,0.6853672303259373,0.6911694146692753,0.686794351786375,0.6940001491457224,0.6837779432535172,0.7030559703707695,0.6879852861166,0.6965136975049973,0.7018239349126816,0.7027319688349962,0.6981226727366447,0.6884812694042921,0.6926846150308847,0.6905111186206341,0.6970790382474661,0.7145142387598753,0.6818430926650763,0.7020231373608112,0.6979046389460564,0.6745288837701082,0.7029612939804792,0.7040224671363831,0.7138347923755646,0.6878279559314251,0.6854018401354551,0.6919629015028477,0.689395647495985,0.6918556615710258,0.7105585336685181,0.680430207401514,0.6934251536428928,0.008324355201380947,0.6923237582668662,0.6807809423655271,0.6854812081512064,0.7018655682243407,0.7092186400294304
196,Isaac Quaynor,Collingwood,0.6740403305739164,0.6750051639974117,0.6704981420189142,0.6730449702590704,0.6724852025508881,0.6747827008366585,0.6786669082939625,0.675240196287632,0.6749787218868732,0.6651639230549335,0.6792995501309633,0.6720888558775187,0.6785903740674257,0.6751249227672815,0.6667865179479122,0.6789266653358936,0.6803905926644802,0.6752780340611935,0.679179958999157,0.6798105873167515,0.6805840507149696,0.6739609632641077,0.6746984999626875,0.6794414296746254,0.6709717195481062,0.6702861003577709,0.6762456223368645,0.6691863834857941,0.6749450881034136,0.6760345790535212,0.6787129305303097,0.6740108747035265,0.6726249866187572,0.6806503515690565,0.6725118011236191,0.6650444753468037,0.6727194730192423,0.671503534540534,0.6758286748081446,0.663426848128438,0.6706404853612185,0.6780008841305971,0.6742640230804682,0.6706965900957584,0.6683330833911896,0.6770748663693666,0.6808002274483442,0.6647287420928478,0.6713060233741999,0.6654923167079687,0.6738821589574218,0.004623133715931017,0.6744812615215778,0.6650689621269703,0.6700562595315278,0.6789796037115157,0.6805443918146193
204,Harry Perryman,Collingwood,0.5876024924218655,0.5859853308647871,0.6089289765805006,0.5956083983182907,0.5970663614571095,0.604525426402688,0.5878324713557959,0.5876666568219662,0.5875306818634272,0.5929055735468864,0.5942917428910732,0.5948928948491812,0.596542052924633,0.5909990798681974,0.6015451196581125,0.5967825911939144,0.5894108265638351,0.5931799579411745,0.5944844111800194,0.5868396870791912,0.6054416857659817,0.6037085261195898,0.5895294044166803,0.585150022059679,0.5951112378388643,0.5905836205929518,0.5981421899050474,0.5917067285627127,0.5847867578268051,0.594525558874011,0.610131498426199,0.6034696977585554,0.6051895506680012,0.5968161709606647,0.5895338132977486,0.5793859399855137,0.5861335322260857,0.5977966040372849,0.5914500840008259,0.5961798913776875,0.5790879838168621,0.5947170183062553,0.5876439604908228,0.602608248591423,0.5877507477998734,0.5912390779703856,0.5960108675062656,0.5945097096264362,0.5935210362076759,0.5840113554149866,0.5936098650842905,0.00707840769701073,0.5939063895493746,0.5841703129094094,0.5873862639535219,0.6017673136051744,0.6053899980708957
214,Jamie Elliott,Collingwood,0.5592032391577959,0.5899189841002226,0.5846858732402325,0.5656175650656223,0.5730199832469225,0.5657675545662642,0.5842475965619087,0.5640954524278641,0.5998617019504309,0.6001178044825792,0.5861027650535107,0.5946698505431414,0.5988121554255486,0.5644003208726645,0.5717425998300314,0.5704324692487717,0.5721963029354811,0.5830860584974289,0.5780124384909868,0.5766869522631168,0.5849381107836962,0.5995484925806522,0.571496207267046,0.5895106978714466,0.5790305901318789,0.5706099104136229,0.5910256914794445,0.5952933058142662,0.5844406709074974,0.5852965973317623,0.589904410764575,0.5979048181325197,0.6012216750532389,0.5732860919088125,0.5804729051887989,0.5816322024911642,0.5433973204344511,0.5867975987493992,0.580088933929801,0.5602291394025087,0.5903826933354139,0.5908901728689671,0.5816273484379053,0.5617631338536739,0.5830889474600554,0.5685580279678106,0.571192616596818,0.5815839134156704,0.5973129272460938,0.5913246441632509,0.5809305492788553,0.012855805126460673,0.5823591304942966,0.5605436082649976,0.5679748190268874,0.5948001526948065,0.5997974940296262
512,Angus Anderson,Collingwood,0.49054834246635437,0.49305839091539383,0.49498217180371284,0.49269819632172585,0.49178364872932434,0.4963758122175932,0.49408910796046257,0.4945528991520405,0.4939429648220539,0.49263788387179375,0.493870971724391,0.49265061877667904,0.49189732037484646,0.4889237508177757,0.49087084271013737,0.4938864577561617,0.49475360475480556,0.49217529222369194,0.49501160345971584,0.4936952628195286,0.4916489478200674,0.49315202608704567,0.490945003926754,0.4930635504424572,0.4926996938884258,0.4914237651973963,0.49089424684643745,0.49583646282553673,0.4917031992226839,0.4941400084644556,0.4931255131959915,0.49132375977933407,0.49388490431010723,0.49315021000802517,0.49485718086361885,0.4973224028944969,0.492044972255826,0.4960768613964319,0.4883982688188553,0.4920184090733528,0.48851498030126095,0.49421841092407703,0.49087917245924473,0.4957590065896511,0.4915414620190859,0.49286770820617676,0.4915352612733841,0.48983997106552124,0.49100734293460846,0.4919797461479902,0.49276515185832975,0.001981947240747332,0.49269894510507584,0.4891115759685636,0.49093439569696784,0.49477525216154755,0.4960275796893984
627,Sam Swadling,Collingwood,0.340828625485301,0.351915517821908,0.36507719941437244,0.3293192330747843,0.34272159449756145,0.35746101289987564,0.3618260268121958,0.35876088961958885,0.354239109903574,0.37372771836817265,0.3707856107503176,0.34797896072268486,0.3474530056118965,0.34752233885228634,0.3507854752242565,0.35193989239633083,0.355802433565259,0.33916484378278255,0.34816580824553967,0.3549753502011299,0.34453099220991135,0.3500881548970938,0.35772982239723206,0.33924676664173603,0.3480124603956938,0.347791338339448,0.3571528233587742,0.36033765599131584,0.3392518386244774,0.36047032848000526,0.35376044176518917,0.3343764152377844,0.35786138102412224,0.35336914472281933,0.3474718816578388,0.3537624217569828,0.3515636473894119,0.35094560496509075,0.3364343699067831,0.3319941032677889,0.34397141076624393,0.35613086447119713,0.3553212359547615,0.3669686149805784,0.3499026410281658,0.3624063562601805,0.34191935881972313,0.3518792539834976,0.34495515935122967,0.3564053550362587,0.3511292498186231,0.009430543874287859,0.3517214506864548,0.3347982959449291,0.3416913955528289,0.3590904337912798,0.3665808747895062
599,Harvey Harrison,Collingwood,0.32061655074357986,0.32189857959747314,0.32171580940485,0.3226893600076437,0.31793830730021,0.3221901822835207,0.3228217884898186,0.32229061983525753,0.32324800081551075,0.3204608466476202,0.3219367451965809,0.3204817697405815,0.32165588438510895,0.32166099175810814,0.32135901041328907,0.3230485264211893,0.32338351756334305,0.31946911104023457,0.3213700745254755,0.32251859828829765,0.3228143025189638,0.32251816615462303,0.32227055355906487,0.32141550071537495,0.32157971523702145,0.3200247921049595,0.3215921241790056,0.320393955335021,0.3218499571084976,0.32207008078694344,0.3224356733262539,0.3222089000046253,0.32202269323170185,0.32199251279234886,0.3230757601559162,0.3229146655648947,0.3216493409126997,0.3221028633415699,0.3206311333924532,0.31995007768273354,0.3206715025007725,0.3184443339705467,0.32189416140317917,0.32448101602494717,0.32078838534653187,0.32243526726961136,0.3229748774319887,0.32077115774154663,0.32167261466383934,0.3207541089504957,0.32166308935731647,0.001229312198364484,0.3218720592558384,0.3195677092019469,0.3205883815139532,0.32281586708687243,0.32321269148029386
224,Jack Buller,Collingwood,0.30867804028093815,0.3089231178164482,0.3102553877979517,0.3097736854106188,0.31039060093462467,0.31083738058805466,0.31021110713481903,0.31129278242588043,0.31161329336464405,0.30939040519297123,0.30958709865808487,0.3105132319033146,0.3114265687763691,0.3081753049045801,0.3097878750413656,0.3117598406970501,0.30821370892226696,0.3097949158400297,0.3107183799147606,0.3113244082778692,0.31005626916885376,0.3101265262812376,0.311832033097744,0.3083962816745043,0.31086450815200806,0.30948549322783947,0.31026663444936275,0.3098957594484091,0.30966447852551937,0.3101507443934679,0.31122586876153946,0.3089517168700695,0.3100031893700361,0.31153614073991776,0.3101588562130928,0.3100839462131262,0.31046237424016,0.31112854182720184,0.307267552241683,0.30987766198813915,0.30848478525877,0.3089526556432247,0.3081841915845871,0.3087023142725229,0.309252867475152,0.31129370257258415,0.30996120907366276,0.30997717939317226,0.3085961937904358,0.31156198866665363,0.3099813759699464,0.0010987124879588556,0.31002972926944494,0.30819024263881145,0.3086972410082817,0.3112929747365415,0.311602775901556
455,Oscar Steene,Collingwood,0.28990969248116016,0.2920921575278044,0.2858750466257334,0.2913298550993204,0.2935607209801674,0.2909086775034666,0.2866187486797571,0.29136962443590164,0.2894753273576498,0.2878215741366148,0.29081501066684723,0.29127798415720463,0.28900327533483505,0.28477287478744984,0.2902525868266821,0.2919184509664774,0.2923996616154909,0.2916538380086422,0.28823397494852543,0.28988876566290855,0.29307443648576736,0.2901793420314789,0.29383358731865883,0.2905433848500252,0.28951502591371536,0.29021421633660793,0.2876444347202778,0.2924787010997534,0.28914846666157246,0.2882824670523405,0.28836869075894356,0.2901195343583822,0.28872745111584663,0.2869462911039591,0.2882713992148638,0.28840943798422813,0.29089861176908016,0.29265738651156425,0.28672995418310165,0.2904064301401377,0.28727419301867485,0.29660041630268097,0.2911422811448574,0.28799108788371086,0.2867737412452698,0.29132059775292873,0.29065920040011406,0.2901706788688898,0.291224405169487,0.29001338966190815,0.2899759417772293,0.002256052854336736,0.29017501045018435,0.28664154580794277,0.28778455199860037,0.2919547556377947,0.2934610326588154
483,William Hayes,Collingwood,0.2542388439178467,0.2552945651113987,0.2554589007049799,0.2514813728630543,0.2558250706642866,0.2550970930606127,0.25562270171940327,0.25494540482759476,0.25617486983537674,0.2549906373023987,0.25392207130789757,0.25594999454915524,0.25216931849718094,0.2533467002213001,0.25382279604673386,0.25633844919502735,0.255776047706604,0.25594546645879745,0.2538293022662401,0.2551966030150652,0.25339340046048164,0.25485749915242195,0.2539501991122961,0.25387796200811863,0.25560771115124226,0.25423627719283104,0.2550532091408968,0.2558491677045822,0.2536075487732887,0.2548788394778967,0.25512866117060184,0.25209125876426697,0.2543098572641611,0.2558516077697277,0.2537028305232525,0.25577528588473797,0.25420951284468174,0.2518767360597849,0.25559081695973873,0.2530541345477104,0.25513833947479725,0.25508701987564564,0.2543654441833496,0.2548860665410757,0.25475805066525936,0.2584051080048084,0.25373500399291515,0.25644192658364773,0.25564803183078766,0.25474953278899193,0.25471086498349904,0.0012917319097274218,0.25491573568433523,0.2521072610095143,0.2536829166375101,0.2558301069457084,0.25630491542629896
637,Liam Puncher,Collingwood,0.2330993302166462,0.2343034390360117,0.23626432940363884,0.23681668564677238,0.2339182235300541,0.23526529967784882,0.2360364831984043,0.2353070192039013,0.23768124543130398,0.23575517907738686,0.23483043164014816,0.23454814031720161,0.23490899428725243,0.23548106290400028,0.2343777697533369,0.23481017723679543,0.23621770925819874,0.2357079666107893,0.23591145686805248,0.23703743144869804,0.23601915873587132,0.23524302802979946,0.23687991127371788,0.23569607734680176,0.23643824271857738,0.23486450873315334,0.23388094641268253,0.2350042685866356,0.23506139032542706,0.2352201510220766,0.2359970360994339,0.23239712603390217,0.2367807701230049,0.23413028940558434,0.23751716129481792,0.23671877570450306,0.23417718522250652,0.23611905425786972,0.23631828092038631,0.23617145977914333,0.23176252655684948,0.23359698988497257,0.23569507524371147,0.23573233745992184,0.2349352166056633,0.23682476580142975,0.23550929129123688,0.23657806403934956,0.23594765178859234,0.23598346672952175,0.23542957164347172,0.0012268464571511268,0.23569557629525661,0.2332013504486531,0.23427705198898913,0.23660747277736663,0.23700513981282711
576,Charlie West,Collingwood,0.23054096475243568,0.23016856238245964,0.2309145461767912,0.23491765931248665,0.2300210613757372,0.23247654177248478,0.23175636492669582,0.22914048098027706,0.23511909320950508,0.23220215551555157,0.23014547303318977,0.23172341473400593,0.23162303864955902,0.23118478246033192,0.22913666628301144,0.23159378208220005,0.2370071392506361,0.2314991056919098,0.23121828213334084,0.23010007105767727,0.2277099434286356,0.2310541607439518,0.23079765774309635,0.23121346533298492,0.229960722848773,0.2298453152179718,0.23089251667261124,0.23421992361545563,0.2310423906892538,0.23272989690303802,0.23488102667033672,0.2277743574231863,0.23085092194378376,0.22920696437358856,0.2305775973945856,0.23254747316241264,0.23283915594220161,0.22852426581084728,0.23557906597852707,0.2287660501897335,0.23134533315896988,0.22826739586889744,0.22996344044804573,0.23170608095824718,0.2310404758900404,0.23626427724957466,0.23465629667043686,0.2323611043393612,0.23213390447199345,0.22900641150772572,0.23140493556857109,0.0021530025865626155,0.23111947160214186,0.22832005420699716,0.22919306934438646,0.2331277363859117,0.23548477156087755
211,Wil Parker,Collingwood,0.1501647438853979,0.1512435507029295,0.152040908113122,0.15052830800414085,0.15051423385739326,0.1503041759133339,0.15021777525544167,0.1511012390255928,0.14924143999814987,0.15005570463836193,0.14915205910801888,0.15000024810433388,0.14993723668158054,0.1487975250929594,0.14964154921472073,0.15170752629637718,0.15055210702121258,0.15058839693665504,0.15034917183220387,0.1502151358872652,0.1511984672397375,0.14982399716973305,0.14874200336635113,0.1495566889643669,0.15113412588834763,0.14872653782367706,0.14913263358175755,0.15035860240459442,0.1507642511278391,0.15034142136573792,0.15044339932501316,0.15128562785685062,0.15059245750308037,0.1509079448878765,0.14993594773113728,0.15014282055199146,0.14973657950758934,0.15220320969820023,0.1507253460586071,0.15027398243546486,0.15168127790093422,0.1510089822113514,0.14868965186178684,0.1497726757079363,0.15034618228673935,0.15133282728493214,0.1492368672043085,0.14881371892988682,0.14907600544393063,0.1496987696737051,0.1502407207712531,0.0008818151958573335,0.15028907917439938,0.14875338532030583,0.14921914231218397,0.15114757323078812,0.15170214537531138
456,Darcy Moore,Collingwood,0.13240406475961208,0.13041364029049873,0.13337686844170094,0.1320637185126543,0.13309810683131218,0.1331249251961708,0.1329011283814907,0.1321737002581358,0.1329656671732664,0.13287890888750553,0.1310910191386938,0.1307641640305519,0.1316334269940853,0.13102109357714653,0.13287578895688057,0.13288073241710663,0.13216291554272175,0.1322964821010828,0.13177664391696453,0.1333829052746296,0.13199388049542904,0.13212190382182598,0.1326741799712181,0.13120797276496887,0.13253234326839447,0.132983623072505,0.1330697238445282,0.1328607238829136,0.13213723711669445,0.1320632193237543,0.13220456428825855,0.13154068775475025,0.13073483668267727,0.13116059079766273,0.13128157705068588,0.13109793700277805,0.13149323873221874,0.13218801096081734,0.13135011494159698,0.1316341832280159,0.13191014155745506,0.1321516204625368,0.13093672133982182,0.13144928589463234,0.130992004647851,0.13289453648030758,0.13201080448925495,0.13264347612857819,0.1310702096670866,0.13195012882351875,0.13203250758349896,0.0007846109019907315,0.13209281116724014,0.13079953827895224,0.13109649116918445,0.13289591418765484,0.13311942743137478
612,Mitch Podhajski,Collingwood,0.05221858620643616,0.0521672535687685,0.051080645993351936,0.05144296772778034,0.05243227444589138,0.05256242863833904,0.05206651613116264,0.05210125260055065,0.05193854868412018,0.05171888507902622,0.05205357074737549,0.05229754373431206,0.05231005884706974,0.05183311738073826,0.05207592435181141,0.052457356825470924,0.052505748346447945,0.05191011540591717,0.05124863423407078,0.05180284194648266,0.051635634154081345,0.05151612311601639,0.051467062905430794,0.05192606523633003,0.051332997158169746,0.05230657197535038,0.052370209246873856,0.05143194645643234,0.05169234797358513,0.051589783281087875,0.05228489823639393,0.05174343287944794,0.051694611087441444,0.05232604779303074,0.052195727825164795,0.05175791494548321,0.051357829943299294,0.05133621022105217,0.05109361186623573,0.051322026178240776,0.0518987812101841,0.05126844346523285,0.05190807022154331,0.051731135696172714,0.05183207616209984,0.05173002742230892,0.0515162218362093,0.05111200734972954,0.05109462887048721,0.052013250067830086,0.05181419931352139,0.0004157294655027275,0.05181745905429125,0.05109819145873189,0.051335538690909746,0.052299430636689064,0.052452214937657116
482,Lachlan Sullivan,Collingwood,0.050645750015974045,0.05143041908740997,0.05126868933439255,0.050842856988310814,0.05210248380899429,0.050975047051906586,0.051641421392560005,0.05196928046643734,0.05084342882037163,0.050588181242346764,0.050543708726763725,0.05183028616011143,0.05112159438431263,0.0505970511585474,0.05174151994287968,0.05181563273072243,0.052111461758613586,0.051998842507600784,0.05094275437295437,0.05125717446208,0.05081035755574703,0.0508858896791935,0.052393484860658646,0.051622046157717705,0.0515692625194788,0.05122740380465984,0.05142614617943764,0.051387688145041466,0.05108030140399933,0.05156535468995571,0.05152149312198162,0.05052851513028145,0.05130872130393982,0.05210304446518421,0.05105478875339031,0.05187029577791691,0.05060996301472187,0.05107101611793041,0.051914485171437263,0.05158457159996033,0.05154704675078392,0.05168629437685013,0.05149719677865505,0.05070554278790951,0.05107526294887066,0.051957808434963226,0.051338301971554756,0.052299683913588524,0.051366982981562614,0.051346076652407646,0.0513724522292614,0.0004994623396322532,0.05137733556330204,0.050589999575167896,0.050836064606904985,0.05192353973351419,0.052109736213460565
662,Noah Howes,Collingwood,0.05027090944349766,0.05089418403804302,0.05127912573516369,0.05130402185022831,0.05142221041023731,0.051073649898171425,0.051128074526786804,0.051087893545627594,0.0519481785595417,0.05092071741819382,0.05086638778448105,0.0512012355029583,0.05063505470752716,0.05074576288461685,0.05108826979994774,0.051203520968556404,0.05149412900209427,0.05064929462969303,0.051127735525369644,0.05169893801212311,0.05105872265994549,0.050547629594802856,0.05099691450595856,0.05127805657684803,0.051854366436600685,0.05083608254790306,0.05099021643400192,0.05108969658613205,0.05048355646431446,0.05169284716248512,0.050927624106407166,0.05072491057217121,0.050889745354652405,0.05070961266756058,0.051256973296403885,0.05151369608938694,0.050270140171051025,0.05045865289866924,0.05162614583969116,0.05052459053695202,0.051140280440449715,0.05055641755461693,0.05074796639382839,0.050835996866226196,0.050173647701740265,0.051989175379276276,0.05060854181647301,0.051362596452236176,0.05107889324426651,0.05061250738799572,0.05101750995963812,0.0004320294906756991,0.05102781858295202,0.05030939685180783,0.05059764784574509,0.05143724139593542,0.05182250360958278
256,Zach Merrett,Essendon,5.68315701931715,5.638160731643438,5.638801069930196,5.608612649142742,5.625810736790299,5.641369190067053,5.663121310994029,5.617754645645618,5.625921420753002,5.597738083451986,5.709977608174086,5.523958832025528,5.624257387593389,5.582772962749004,5.558719832450151,5.701227720826864,5.671031091362238,5.694912604987621,5.651200199499726,5.684793831780553,5.648084159940481,5.600401951000094,5.62614905834198,5.6649813540279865,5.647690678015351,5.491109769791365,5.748612239956856,5.6314686462283134,5.6616689581424,5.640667378902435,5.7107122503221035,5.72856841981411,5.666764445602894,5.687239468097687,5.661094566807151,5.695977075025439,5.616834137588739,5.567869462072849,5.784095637500286,5.805394105613232,5.707228101789951,5.549858359619975,5.55809660628438,5.698765182867646,5.463834146037698,5.721681280061603,5.703581692650914,5.627191236242652,5.667990414425731,5.557785550132394,5.645693905241788,0.06780925722960289,5.647887418977916,5.529268235182389,5.579658131107688,5.704343792160973,5.744503256827593
264,Archie Roberts,Essendon,5.41787482984364,5.3578197211027145,5.466828856617212,5.334522593766451,5.457145474851131,5.452015386894345,5.440798409283161,5.2948496006429195,5.423416720703244,5.356210134923458,5.268292851746082,5.363584378734231,5.460330722853541,5.2961445562541485,5.487287865951657,5.422491444274783,5.559597698971629,5.380356201902032,5.472388472408056,5.52614601701498,5.274506824091077,5.485104251652956,5.500356737524271,5.397108027711511,5.394663076847792,5.241019846871495,5.337948303669691,5.355457378551364,5.284696884453297,5.373338120058179,5.501937618479133,5.394967557862401,5.494723049923778,5.47420378960669,5.3013680670410395,5.232080325484276,5.38619777187705,5.479472627863288,5.307702058926225,5.249674556776881,5.217561135068536,5.465087700635195,5.37767150439322,5.296162206679583,5.329932980239391,5.474504122510552,5.267429433763027,5.407207215204835,5.550513496622443,5.310937298461795,5.388032718151808,0.09026222368028498,5.390430424362421,5.242794062402099,5.292727682959288,5.480649637235328,5.521183295315131
261,Darcy Parish,Essendon,4.21625616773963,4.299708552658558,4.230342986062169,4.325162315741181,4.325420554727316,4.334852855652571,4.3364069648087025,4.3123072776943445,4.344725435599685,4.277705719694495,4.271392673254013,4.329670075327158,4.277569370344281,4.346582559868693,4.210571048781276,4.376695400103927,4.318834928795695,4.326027821749449,4.291552618145943,4.264042412862182,4.300808133557439,4.243635941296816,4.321137271821499,4.278284067288041,4.261530330404639,4.411316312849522,4.405236290767789,4.301475675776601,4.274874204769731,4.230971183627844,4.347699977457523,4.209714038297534,4.300681959837675,4.136608494445682,4.317796370014548,4.28031313419342,4.298538723960519,4.259762354195118,4.298377901315689,4.23211102001369,4.317379422485828,4.329648485407233,4.353378804400563,4.192980729043484,4.324521591886878,4.25539143383503,4.368287241086364,4.329896576702595,4.295237487182021,4.3590912241488695,4.297050282433629,0.05424700291988754,4.300745046697557,4.209889725446701,4.241227232748643,4.345113574571908,4.374971727505327
259,Sam Durham,Essendon,3.4120974838733673,3.4550667740404606,3.3346558567136526,3.484799973666668,3.3309627566486597,3.4776697643101215,3.4312499575316906,3.490960603579879,3.279273308813572,3.5393883753567934,3.4252698682248592,3.635395562276244,3.39732207916677,3.396453019231558,3.390840569511056,3.4271229282021523,3.5174269694834948,3.3572654109448195,3.3508712835609913,3.4682643562555313,3.439859092235565,3.335984420031309,3.3913656026124954,3.388615472242236,3.308051759377122,3.4912964086979628,3.4236337579786777,3.3750160802155733,3.4457849469035864,3.472788842394948,3.3872144259512424,3.27418926730752,3.402720682322979,3.3913452345877886,3.373857796192169,3.379097916185856,3.445741582661867,3.3085379637777805,3.3860223200172186,3.385903649032116,3.3871477469801903,3.343784673139453,3.4769785050302744,3.536389756947756,3.3079558853060007,3.468029363080859,3.419273491948843,3.391377603635192,3.3930400032550097,3.427576405927539,3.4112187511473895,0.07049235842352512,3.396887549199164,3.3079755394905805,3.3421544202398508,3.4771229782197626,3.5325023855175823
567,Nick Bryan,Essendon,1.820583961904049,1.8260484989732504,1.7270213682204485,1.7736105099320412,1.783059360459447,1.7377121727913618,1.8051435556262732,1.785815179347992,1.8409304525703192,1.7776083163917065,1.8235879391431808,1.7584188915789127,1.7952171601355076,1.799872387200594,1.8416682593524456,1.738691620528698,1.7835227027535439,1.7769544385373592,1.8169976193457842,1.7455216012895107,1.7626473102718592,1.8609220366925001,1.8014023192226887,1.7255387399345636,1.842463057488203,1.7977183293551207,1.7684255130589008,1.7955292034894228,1.7834768183529377,1.7850045207887888,1.7877773195505142,1.841205956414342,1.8294521290808916,1.8088854476809502,1.8531427402049303,1.8002649415284395,1.8031864985823631,1.821320552378893,1.812115054577589,1.7721354383975267,1.780403109267354,1.8127461168915033,1.785889621824026,1.6820300463587046,1.7945581506937742,1.734383026137948,1.8045240938663483,1.7659115884453058,1.7732169330120087,1.7913838233798742,1.790712928660214,0.03591364615004563,1.7929709870368242,1.7285305080935358,1.7617635707650334,1.8241021961476653,1.8423001238703727
582,Will Setterfield,Essendon,1.7169750519096851,1.6794408690184355,1.7324342038482428,1.7343671582639217,1.7039982937276363,1.7500136997550726,1.7632104400545359,1.7849794942885637,1.8096758555620909,1.7229695282876492,1.6416707001626492,1.7211304139345884,1.7437342833727598,1.7470912151038647,1.7808372881263494,1.7494240831583738,1.7238497510552406,1.8330023027956486,1.7589970957487822,1.776834374293685,1.7474284917116165,1.7872970420867205,1.8043446764349937,1.7526817861944437,1.7582710925489664,1.7183668091893196,1.7111063990741968,1.7312019802629948,1.7146985959261656,1.7520186342298985,1.739381354302168,1.7979487869888544,1.6917703654617071,1.781268635764718,1.7569836415350437,1.8065557330846786,1.717859037220478,1.7470841780304909,1.7208906188607216,1.8124344162642956,1.7127617839723825,1.7375615555793047,1.7024875953793526,1.7245092131197453,1.7846831921488047,1.775230461731553,1.7363143023103476,1.7710223533213139,1.8455243706703186,1.7529230639338493,1.7493449253961444,0.03957883107799831,1.7472598534077406,1.6939673975948244,1.7164992726091295,1.7854638617783785,1.8118689113203437
271,Peter Wright,Essendon,1.3817868512123823,1.4343606550246477,1.408177088946104,1.4707421623170376,1.4074925780296326,1.3977570701390505,1.3407403323799372,1.4129990208894014,1.393392939120531,1.432376166805625,1.3877674266695976,1.438309421762824,1.4051437582820654,1.3947281744331121,1.4059587977826595,1.3475032877177,1.4069688878953457,1.3796352595090866,1.3266884069889784,1.4685455653816462,1.416885994374752,1.424125526100397,1.3632715288549662,1.3896585926413536,1.3421250712126493,1.3832781873643398,1.4004816617816687,1.4197988752275705,1.3783424254506826,1.3473284877836704,1.3349208813160658,1.3720471877604723,1.4658372197300196,1.4253410547971725,1.413848103955388,1.3907046988606453,1.4366956129670143,1.3908340726047754,1.4297856613993645,1.3726212792098522,1.3986870422959328,1.3866273686289787,1.3985326625406742,1.3889917228370905,1.3520226329565048,1.3842852711677551,1.350035136565566,1.4124778974801302,1.4280815497040749,1.4454500656574965,1.3976839464902877,0.03423636783644162,1.3981448663398623,1.3410242038406432,1.3609205096121877,1.4303270770292729,1.4616578531451523
277,Nate Caddy,Essendon,1.319332653656602,1.3646750301122665,1.3327082935720682,1.2931703366339207,1.291663995012641,1.3107725009322166,1.3200995177030563,1.3275108877569437,1.2869962621480227,1.2909261491149664,1.3631843775510788,1.363201456144452,1.3886726181954145,1.4014300927519798,1.307063739746809,1.3112199418246746,1.350737189874053,1.2895839381963015,1.3260527551174164,1.360640874132514,1.3323665466159582,1.323764769360423,1.3048075735569,1.3881418220698833,1.3339366987347603,1.368845509365201,1.3414150420576334,1.3275806121528149,1.3333208914846182,1.3823805283755064,1.3024686370044947,1.3088933825492859,1.3517709374427795,1.3205632325261831,1.3160658460110426,1.3229725528508425,1.3225315492600203,1.348810140043497,1.317444384098053,1.3234049770981073,1.363500814884901,1.2282557263970375,1.3650008402764797,1.3196904752403498,1.3780565857887268,1.320692865177989,1.3914848621934652,1.3691519610583782,1.355919849127531,1.380184419453144,1.334861332848668,0.0338857147745703,1.3275457499548793,1.2898590914346277,1.3065922010131181,1.368909557769075,1.3885638049896807
269,Zach Reid,Essendon,0.8513077348470688,0.8763497211039066,0.8594195041805506,0.8504181541502476,0.8527686502784491,0.8494263309985399,0.8595655374228954,0.8528069332242012,0.8338397424668074,0.8439737781882286,0.8795195613056421,0.8338942769914865,0.8707097135484219,0.8611884582787752,0.8611776400357485,0.8336788304150105,0.8444034364074469,0.8727437742054462,0.855878721922636,0.871075376868248,0.8829513397067785,0.8613506071269512,0.855680238455534,0.8503432553261518,0.8493446186184883,0.8571140207350254,0.8446550350636244,0.8523386307060719,0.8396902997046709,0.8420646954327822,0.8401628006249666,0.846801457926631,0.8379156775772572,0.8533601928502321,0.8609304837882519,0.8582196086645126,0.8698614537715912,0.8519831076264381,0.8581394907087088,0.8630039785057306,0.8505687415599823,0.8549274858087301,0.880027687177062,0.8452731017023325,0.86287447437644,0.8361625634133816,0.871501749381423,0.8359166458249092,0.8451014384627342,0.8444676343351603,0.8543375678360462,0.012745657626812389,0.8527877917513251,0.8343088626023382,0.8416671994179488,0.8700387400649487,0.8788697440642863
471,Jacob Farrow,Essendon,0.7666831277310848,0.768855256959796,0.7738019432872534,0.767565842717886,0.7641324270516634,0.7757986169308424,0.7689528726041317,0.7766646798700094,0.765420725569129,0.7589307967573404,0.7779624797403812,0.7669844292104244,0.7741296868771315,0.7612281311303377,0.7662633117288351,0.7709227912127972,0.7610758505761623,0.7741361781954765,0.7709737382829189,0.7615126203745604,0.7829236220568419,0.7716207019984722,0.7727081254124641,0.7514080516994,0.7651456892490387,0.7551042381674051,0.7566793896257877,0.78319544903934,0.7773443572223186,0.7759938519448042,0.7770130280405283,0.7646083924919367,0.7639091685414314,0.7799644414335489,0.7806703746318817,0.7615425437688828,0.7677065972238779,0.784385135397315,0.7639461345970631,0.7865947857499123,0.7530798781663179,0.7877911645919085,0.7565277684479952,0.7717427331954241,0.7575795110315084,0.7551731932908297,0.7612858470529318,0.7651446368545294,0.7658260613679886,0.7653757482767105,0.7686797225475311,0.009020590173117895,0.7672751359641552,0.7551183739677072,0.7606275343280285,0.7774735448285938,0.7841412496939302
447,Isaac Kako,Essendon,0.7642766330391169,0.712401919066906,0.735995139926672,0.7951349671930075,0.7685545179992914,0.7391285374760628,0.7503699585795403,0.786356883123517,0.7350170817226171,0.7758273966610432,0.749125275760889,0.7485519777983427,0.747349476441741,0.825547294691205,0.819421635940671,0.7592531275004148,0.7977595441043377,0.782653346657753,0.7206937056034803,0.7938458286225796,0.7933024410158396,0.8036231491714716,0.7301989533007145,0.7626202125102282,0.8310199622064829,0.7621299382299185,0.7828500214964151,0.7385820019990206,0.785362197086215,0.7981365136802197,0.7697082851082087,0.7523756679147482,0.7716863378882408,0.7262314092367887,0.7519283778965473,0.7836771328002214,0.7744748722761869,0.7352316845208406,0.7532394081354141,0.8077596314251423,0.7475122101604939,0.7405360043048859,0.7594963125884533,0.7644650116562843,0.8381200842559338,0.799676276743412,0.7265159450471401,0.7732780203223228,0.7563538327813148,0.83455372415483,0.7692381973564625,0.03103800814897705,0.7643708223477006,0.7262897390779108,0.7380413478258997,0.7984583241604268,0.8298980653658509
270,Jaxon Prior,Essendon,0.7078888230025768,0.705455394461751,0.7051138840615749,0.7016622517257929,0.7069585584104061,0.7074480634182692,0.7045112773776054,0.7054233700037003,0.7112274598330259,0.6989382542669773,0.7076126504689455,0.7041058037430048,0.7036400586366653,0.707569507881999,0.7042855992913246,0.7046677358448505,0.7082602605223656,0.7063298840075731,0.7068611290305853,0.7060976140201092,0.7091522924602032,0.705277169123292,0.7067067176103592,0.7042422369122505,0.7039292398840189,0.7036404963582754,0.7052058633416891,0.7127383127808571,0.7014292664825916,0.7036422844976187,0.7080273982137442,0.7105798609554768,0.7052380591630936,0.7069609258323908,0.7064950186759233,0.7050305102020502,0.7034359835088253,0.711766479536891,0.7062595095485449,0.710448244586587,0.708924587816,0.7109186686575413,0.7051441743969917,0.7076573688536882,0.7003771234303713,0.7033765651285648,0.7064022738486528,0.7071415465325117,0.7042818311601877,0.7047514300793409,0.7060647803917527,0.002840899278437808,0.7057765042409301,0.7014770284574479,0.703641910776496,0.7083991049267352,0.7111641576420515
267,Xavier Duursma,Essendon,0.6771716866642237,0.6799877267330885,0.6964894514530897,0.6808058395981789,0.6877750530838966,0.6909974217414856,0.6906445696949959,0.674222880974412,0.6903558000922203,0.6819307953119278,0.687201701104641,0.6754632107913494,0.68097123503685,0.6895108576864004,0.6868260372430086,0.689567144960165,0.6867685988545418,0.6813190449029207,0.6803021617233753,0.6722469665110111,0.6713024005293846,0.6735978666692972,0.6794956736266613,0.6730440054088831,0.6781028155237436,0.6866063252091408,0.6863591615110636,0.6970156412571669,0.6625953856855631,0.6797906570136547,0.6685552205890417,0.6938103046268225,0.6680431459099054,0.6763806492090225,0.6869605556130409,0.6783329248428345,0.6823151595890522,0.6973404586315155,0.6760089620947838,0.6837922129780054,0.6797287184745073,0.6929028239101171,0.6769439782947302,0.6944463271647692,0.6661115828901529,0.6818130724132061,0.691540502011776,0.6846067402511835,0.6748094838112593,0.68486712500453,0.6821555612981319,0.008322114763494707,0.6815660586580634,0.6681481212191284,0.674092252984643,0.6907183157727123,0.696070610973984
265,Andrew McGrath,Essendon,0.6774340327829123,0.6775963194668293,0.6744120605289936,0.6847383324056864,0.6881879884749651,0.6815153416246176,0.6818640343844891,0.6818516012281179,0.6807756014168262,0.6775883641093969,0.6824375558644533,0.6760166622698307,0.6766344904899597,0.6815781723707914,0.6816009189933538,0.676438219845295,0.6754092499613762,0.6847366895526648,0.6838539596647024,0.679217491298914,0.6765781920403242,0.68314771912992,0.6757916938513517,0.6849765349179506,0.6872052066028118,0.6847082730382681,0.6838371623307467,0.6833086106926203,0.6764412075281143,0.6853105630725622,0.6813177783042192,0.6856830287724733,0.6734864059835672,0.6795499064028263,0.6728600524365902,0.6854547765105963,0.6874123457819223,0.6689679119735956,0.6781875919550657,0.6757921725511551,0.6807749699801207,0.6779325231909752,0.6814256366342306,0.6776337586343288,0.6751003731042147,0.6733193807303905,0.6811564769595861,0.6790959350764751,0.6849109791219234,0.6813278123736382,0.6801316413283348,0.004348617370921922,0.6809660391882062,0.6733536209072918,0.6757920725028962,0.6847744155693799,0.6868931601475924
468,Archer Day-Wicks,Essendon,0.677070239558816,0.6694694366306067,0.672154089435935,0.6698399353772402,0.6728181354701519,0.675687875598669,0.6727390717715025,0.6737359687685966,0.6785062942653894,0.6686861384660006,0.6774563621729612,0.6690948270261288,0.6707528065890074,0.6765467189252377,0.6704614125192165,0.6726901195943356,0.6706316079944372,0.6775803603231907,0.6759383250027895,0.6707308925688267,0.6785260774195194,0.6730199176818132,0.6735490933060646,0.6683037281036377,0.6770207956433296,0.6738394163548946,0.678437665104866,0.680891539901495,0.6705600190907717,0.6771325916051865,0.6769112814217806,0.6741960775107145,0.6695636212825775,0.6754487100988626,0.6766692418605089,0.6754793301224709,0.6736474819481373,0.6755799390375614,0.6763495821505785,0.6791960783302784,0.6768940445035696,0.677800789475441,0.6740356609225273,0.6743460576981306,0.6695115324109793,0.6733643338084221,0.6737093552947044,0.6711070574820042,0.6726256124675274,0.6741508021950722,0.6740891610458494,0.0031664307736858468,0.673937538638711,0.6691716219950468,0.6705394103173167,0.6772002596538514,0.6785220218729228
279,Kyle Langford,Essendon,0.6358115971088409,0.6271701101213694,0.6273745391517878,0.6244316399097443,0.6344174668192863,0.6348851788789034,0.6318521611392498,0.6281082648783922,0.6336741615086794,0.627058194950223,0.6332800220698118,0.6225956473499537,0.6312467344105244,0.6338390093296766,0.632580827921629,0.6294956803321838,0.6319098211824894,0.6309695076197386,0.6317076254636049,0.6298935115337372,0.6368769537657499,0.6346160396933556,0.632551608607173,0.6315529365092516,0.6318887230008841,0.626918526366353,0.6336114145815372,0.6413430329412222,0.6295307017862797,0.6347789242863655,0.6306610256433487,0.6342288926243782,0.6342050265520811,0.6302912570536137,0.6331730578094721,0.6289950720965862,0.6326704546809196,0.637862192466855,0.6299053449183702,0.638534476980567,0.6333138793706894,0.637172294780612,0.6342411693185568,0.6375682577490807,0.6264282129704952,0.6249960102140903,0.6304229479283094,0.6345744747668505,0.6287174206227064,0.6366120539605618,0.6320108817145228,0.003866684643875114,0.6322307148948312,0.6252896117791533,0.6279549162015319,0.6350788002889604,0.6378019358497113
516,Sullivan Robey,Essendon,0.5916137676686049,0.5909129250794649,0.5824355389922857,0.5818624328821898,0.5800764970481396,0.596592091023922,0.5811221916228533,0.5918949022889137,0.5930666774511337,0.5902081243693829,0.5949542094022036,0.5881266929209232,0.5875239167362452,0.58715402148664,0.5792190600186586,0.592260118573904,0.5864013880491257,0.5946174263954163,0.5889750421047211,0.5863445717841387,0.5930123347789049,0.5874059181660414,0.5860508009791374,0.576415928080678,0.5908956583589315,0.5859779473394156,0.5915611144155264,0.5941645596176386,0.5822613686323166,0.595991987735033,0.5918425042182207,0.5854731183499098,0.5819423086941242,0.5906238742172718,0.5865285042673349,0.5881536919623613,0.5873060766607523,0.5960464682430029,0.5806190576404333,0.5888999737799168,0.5885482896119356,0.5951424613595009,0.5896685160696507,0.5880479011684656,0.5818959344178438,0.5802251156419516,0.5885433033108711,0.5820066537708044,0.6000524051487446,0.5882091391831636,0.588177490234375,0.005262557748299408,0.5881814155727625,0.580106963859871,0.5819326164703816,0.5932961348239333,0.596035299738869
263,Jye Caldwell,Essendon,0.5729713924229145,0.5656705480068922,0.5675805136561394,0.5688166096806526,0.5727303810417652,0.5679065678268671,0.5719579178839922,0.5669158678501844,0.5697886869311333,0.5766482558101416,0.5744080562144518,0.569356007501483,0.5685015935450792,0.5631747413426638,0.5705357380211353,0.5685222819447517,0.5659227110445499,0.566850183531642,0.5771871656179428,0.5664879102259874,0.5601246915757656,0.5749158952385187,0.5662727579474449,0.5634954385459423,0.5671653095632792,0.5647507831454277,0.5651278831064701,0.576743284240365,0.5599422082304955,0.5703286919742823,0.5712946988642216,0.5712335407733917,0.5609586630016565,0.5813614428043365,0.5700416807085276,0.5694525018334389,0.5747520085424185,0.5799362603574991,0.5715024918317795,0.5754642281681299,0.5694851707667112,0.5787412542849779,0.5705424472689629,0.571502985432744,0.5648070424795151,0.5714038498699665,0.5722402185201645,0.5710776783525944,0.5630750861018896,0.5742349810898304,0.5698781660944223,0.004942811595862877,0.5699151838198304,0.5613925297372043,0.5650608274154365,0.5747862608619034,0.5784226661082357
262,Lachlan Blakiston,Essendon,0.5710736215114594,0.5660970900207758,0.5671141650527716,0.5648888684809208,0.5666188262403011,0.5702517405152321,0.5674537047743797,0.5690622422844172,0.5717528164386749,0.5653886832296848,0.5717365816235542,0.5646582581102848,0.5668236743658781,0.5703461449593306,0.5665949657559395,0.5662957560271025,0.567701518535614,0.5689458828419447,0.5698504764586687,0.5655980594456196,0.5720086172223091,0.572359099984169,0.5682238601148129,0.5635006353259087,0.5686817038804293,0.5656030979007483,0.5706730615347624,0.5732055809348822,0.5656547397375107,0.5708994437009096,0.5696217827498913,0.5700712651014328,0.5646144580096006,0.5681316144764423,0.5695797130465508,0.5661704689264297,0.5683461092412472,0.5705813821405172,0.566817419603467,0.5708280336111784,0.5695021562278271,0.5715696457773447,0.5681758001446724,0.570624727755785,0.5644687488675117,0.5659882519394159,0.5685042757540941,0.5672869794070721,0.5676487162709236,0.5686483234167099,0.5683248557895422,0.00240969824084925,0.56828498467803,0.5646234370302409,0.5656439465936274,0.5708429583199323,0.5719561780616641
260,Mason Redman,Essendon,0.5617653783410788,0.5531906336545944,0.5603176951408386,0.5637814681977034,0.5562770292162895,0.5637592356652021,0.5612414311617613,0.5585856381803751,0.5645035579800606,0.5549788102507591,0.5622213277965784,0.5571851562708616,0.5628323461860418,0.5565628204494715,0.5579031556844711,0.554712601006031,0.5656694825738668,0.5630250163376331,0.5599765349179506,0.5592132713645697,0.5703910253942013,0.5586341638118029,0.5623647179454565,0.5559944566339254,0.5674693826586008,0.5560174565762281,0.5640578847378492,0.5664183460175991,0.5626871772110462,0.5620687790215015,0.5603852439671755,0.5658807829022408,0.5486100427806377,0.5590451955795288,0.5675168186426163,0.5639802385121584,0.5552587322890759,0.5642628464847803,0.5621991399675608,0.5674606077373028,0.5644975267350674,0.5661146733909845,0.5582169331610203,0.5567637924104929,0.55884575471282,0.5530366897583008,0.5560976322740316,0.5597301442176104,0.5606616605073214,0.5559528581798077,0.5605664658918976,0.004508936445598383,0.5605234522372484,0.5535026369616389,0.5560126495882869,0.5647472362201661,0.5674675837997347
275,Archie Perkins,Essendon,0.5299999658018351,0.5304252039641142,0.5286150071769953,0.5273139365017414,0.5301458071917295,0.527605814859271,0.5305194146931171,0.5311820060014725,0.5332481730729342,0.5262458212673664,0.5303482189774513,0.526171363890171,0.5272171478718519,0.5299679506570101,0.5253414362668991,0.5285481847822666,0.5293311886489391,0.5289080906659365,0.5308091137558222,0.5287954267114401,0.533587459474802,0.5306720100343227,0.5285043567419052,0.5277942921966314,0.5287875030189753,0.527938712388277,0.5299613047391176,0.5342156067490578,0.5236838553100824,0.5284817647188902,0.5308590792119503,0.5305810160934925,0.5285517033189535,0.5288652498275042,0.5288378410041332,0.5281922146677971,0.5280713848769665,0.5321071166545153,0.5319004822522402,0.5323642380535603,0.5308804884552956,0.5325814951211214,0.527282128110528,0.528687097132206,0.5248145330697298,0.5248040705919266,0.5306939724832773,0.5266216490417719,0.5283430311828852,0.5297914855182171,0.5291839282959699,0.0022849797987364684,0.5288515454158187,0.5249225482251495,0.5272685472406446,0.5309435056224465,0.5331115040928125
266,Dyson Sharp,Essendon,0.5348048154264688,0.5248829387128353,0.5247366726398468,0.5223906077444553,0.5214462205767632,0.5204149391502142,0.5225471518933773,0.5220703072845936,0.5251145474612713,0.5191870201379061,0.5253115259110928,0.5168487541377544,0.5234159715473652,0.5188263859599829,0.5201408639550209,0.5240363422781229,0.5262524969875813,0.527436401695013,0.52951405569911,0.5294681452214718,0.5222496390342712,0.5229212455451488,0.5319028440862894,0.5230425484478474,0.5245120208710432,0.513208894059062,0.5263690166175365,0.5360435247421265,0.5233623962849379,0.5212501715868711,0.5270635485649109,0.5278548281639814,0.5235300995409489,0.5293943230062723,0.5253347717225552,0.5251448955386877,0.5250474885106087,0.5316831674426794,0.5276729427278042,0.5273793376982212,0.5320157576352358,0.5404096599668264,0.5157519560307264,0.5203741602599621,0.5185206737369299,0.5216707680374384,0.5289226714521646,0.5338587779551744,0.5245865862816572,0.5211568530648947,0.5250216346606612,0.005258186412936467,0.524661629460752,0.5171914976555854,0.5204064163621515,0.5294777405112981,0.5346108777448535
272,Ben McKay,Essendon,0.4984072558581829,0.49252053536474705,0.49632199108600616,0.4919665027409792,0.49980526976287365,0.4958403166383505,0.49388258159160614,0.4940519817173481,0.4947040844708681,0.4917275719344616,0.5015560407191515,0.4918995648622513,0.4956229906529188,0.4976708572357893,0.49372072890400887,0.490264106541872,0.4981180913746357,0.49503057450056076,0.49723911099135876,0.5003358609974384,0.4995563365519047,0.4953986816108227,0.49743445217609406,0.49201556481420994,0.49316753074526787,0.4917317144572735,0.49545001052320004,0.49677477963268757,0.49195476807653904,0.5020648688077927,0.49482355266809464,0.4943938385695219,0.4933366533368826,0.49954332411289215,0.49359565041959286,0.49329548329114914,0.49399135634303093,0.5011950191110373,0.4970404338091612,0.4941370729357004,0.49100801162421703,0.499655494466424,0.4958042576909065,0.49588342383503914,0.49393653497099876,0.4958708342164755,0.497410936281085,0.4983127247542143,0.4971966966986656,0.4956848472356796,0.4956470174342394,0.0029285070080646023,0.4955365005880594,0.491728421151638,0.4924149965196848,0.4986446941234171,0.5010188916977495
280,Archer May,Essendon,0.3856141082942486,0.38681792467832565,0.3888986296951771,0.38328429497778416,0.3835872504860163,0.38634415343403816,0.3871701881289482,0.3882337957620621,0.3920917436480522,0.38502111472189426,0.38859780319035053,0.3875535912811756,0.3815345410257578,0.38544723205268383,0.38559307903051376,0.385525057092309,0.3876541368663311,0.39010931365191936,0.38222094625234604,0.38073891401290894,0.39384568855166435,0.3896597009152174,0.3878507949411869,0.3847557604312897,0.38760206662118435,0.3835399579256773,0.3846895210444927,0.391655882820487,0.38432066328823566,0.38682821579277515,0.3863984942436218,0.38488660007715225,0.3891921676695347,0.3903961591422558,0.38823060877621174,0.3888500686734915,0.38614622689783573,0.3906360939145088,0.3853663541376591,0.3916479330509901,0.38948759995400906,0.38856952637434006,0.3901109956204891,0.3834604565054178,0.3824753910303116,0.3847154323011637,0.39065692014992237,0.3805887959897518,0.3919811975210905,0.38650659285485744,0.3869417937099934,0.003132332866479609,0.3868230702355504,0.38167525409720837,0.38357736634090545,0.3901705947965384,0.3919145080074668
268,Max Kondogiannis,Essendon,0.3491760529577732,0.34730296581983566,0.34753076545894146,0.3466445244848728,0.34781605191528797,0.3458811864256859,0.3471878468990326,0.3478261735290289,0.34695306420326233,0.3452515993267298,0.3470996078103781,0.34714990109205246,0.3473678380250931,0.34981066174805164,0.3455913159996271,0.3489670641720295,0.3491500783711672,0.34907278046011925,0.3490171991288662,0.349044943228364,0.3488231748342514,0.3477912228554487,0.34837438352406025,0.3455293569713831,0.346717718988657,0.3456194307655096,0.3480972442775965,0.34886548668146133,0.3450765050947666,0.34753642603755,0.34766353107988834,0.347546748816967,0.34492379054427147,0.3456049729138613,0.34811518900096416,0.34747487120330334,0.34578889422118664,0.34793817810714245,0.34580065310001373,0.34899050183594227,0.3466395568102598,0.34991455264389515,0.3458337001502514,0.34588698111474514,0.3459892850369215,0.34563790820539,0.3457773718982935,0.34880821220576763,0.34832414612174034,0.34596575424075127,0.3472979474067688,0.0013860965792691995,0.3474213546141982,0.3453085396438837,0.34574822398647664,0.34897196264378727,0.349170728167519
514,Elijah Tsatas,Essendon,0.33769100345671177,0.3334709480404854,0.340072650462389,0.32910794392228127,0.3377270959317684,0.34507223404943943,0.3464808017015457,0.3413145188242197,0.35253436490893364,0.33283422142267227,0.32771817222237587,0.34777892753481865,0.3415670208632946,0.3311803638935089,0.336685623973608,0.3419767804443836,0.3495257794857025,0.3255635593086481,0.3506116159260273,0.33366955257952213,0.34699353761970997,0.33863022550940514,0.35887110605835915,0.34207625687122345,0.34316105768084526,0.3431807942688465,0.3432603757828474,0.3389465156942606,0.33097524382174015,0.3420580793172121,0.3416309989988804,0.33821539767086506,0.32845706678926945,0.3474768176674843,0.3526981361210346,0.3373540807515383,0.3455614633858204,0.35310837253928185,0.34367783553898335,0.3573483619838953,0.318781029433012,0.34710329212248325,0.3228710163384676,0.34097906574606895,0.34359182603657246,0.34576026163995266,0.3352668974548578,0.3393855132162571,0.3316319677978754,0.3302666526287794,0.3402380485087633,0.00862256907814534,0.34144076984375715,0.3260052549559623,0.33113749379850926,0.3475399586297572,0.35302427407354114
276,Hussien El Achkar,Essendon,0.27196789160370827,0.2702739890664816,0.27161732874810696,0.2690608911216259,0.27229414507746696,0.271881602704525,0.27194579131901264,0.2706560343503952,0.27034660056233406,0.2708404306322336,0.27042093873023987,0.27164788357913494,0.27051649056375027,0.27091907151043415,0.26831756345927715,0.27189086750149727,0.273201247677207,0.2724571004509926,0.2719790507107973,0.2721876800060272,0.2720589432865381,0.2707436941564083,0.27015867456793785,0.2710288744419813,0.2704296838492155,0.2699854504317045,0.2729080691933632,0.27213642187416553,0.26932089403271675,0.27280452847480774,0.2724893298000097,0.27127886191010475,0.26950525119900703,0.2718908190727234,0.2722488045692444,0.2718358840793371,0.2707265056669712,0.2714750710874796,0.2723925206810236,0.27269895002245903,0.2718801125884056,0.27388337813317776,0.2685173712670803,0.2701970040798187,0.2727388460189104,0.2704179622232914,0.27116891369223595,0.2723046615719795,0.2739153392612934,0.2718627545982599,0.271388523504138,0.0012576019951531672,0.27174188382923603,0.2691141917183995,0.27025789920426907,0.27246383638493715,0.27314114608801904
558,Nik Cox,Essendon,0.2656603753566742,0.2678164467215538,0.26666541025042534,0.26507447846233845,0.2655587662011385,0.2699453644454479,0.26494245044887066,0.2687923517078161,0.26831736229360104,0.26351429149508476,0.26896596141159534,0.2659492213279009,0.26930655539035797,0.26853014528751373,0.26450652442872524,0.2675954531878233,0.2664131112396717,0.26813206262886524,0.2680804282426834,0.26561581157147884,0.27033531852066517,0.2659071683883667,0.26816094666719437,0.2645435053855181,0.2666367907077074,0.26661197282373905,0.26870082691311836,0.26996498368680477,0.265056224539876,0.26734777353703976,0.2680833116173744,0.26751461438834667,0.2654883898794651,0.26619057916104794,0.2688379604369402,0.26700523495674133,0.26586137898266315,0.26676045358181,0.26915072835981846,0.27148531936109066,0.26746076717972755,0.26771665550768375,0.26684073358774185,0.2670757621526718,0.26371742226183414,0.2647268883883953,0.26728441566228867,0.26862587220966816,0.2679273057729006,0.2675013579428196,0.2671580646932125,0.001755359661758179,0.2673160945996642,0.26451410552486776,0.26540188239328566,0.26880188393220306,0.26996096174232664
274,Zak Johnson,Essendon,0.24294593557715416,0.24447092600166798,0.2422125544399023,0.2422301024198532,0.24531566351652145,0.24307000823318958,0.24587338790297508,0.2440402414649725,0.24630966037511826,0.2436361163854599,0.2479152325540781,0.24102984741330147,0.24279065802693367,0.24563374184072018,0.2425344604998827,0.24389628507196903,0.2418170627206564,0.24609903618693352,0.24586661532521248,0.24401080422103405,0.2455212101340294,0.24548187293112278,0.24349193461239338,0.24596320278942585,0.24466278031468391,0.24462635070085526,0.24786477535963058,0.24878234416246414,0.24242763966321945,0.24392669647932053,0.24347670376300812,0.24620945006608963,0.24349034577608109,0.2427566461265087,0.2453623041510582,0.246119674295187,0.24574783071875572,0.24502637796103954,0.24446619488298893,0.2470437027513981,0.2471464741975069,0.24557249248027802,0.24490957707166672,0.24542389810085297,0.24460590817034245,0.24249438755214214,0.24512782506644726,0.24345958046615124,0.24424508959054947,0.24461942538619041,0.2446350207179785,0.0016823015455297466,0.24462288804352283,0.24221615177579225,0.24278354953974485,0.2461033495515585,0.24771752362139524
472,Saad El-Hawli,Essendon,0.2439971510320902,0.24208642542362213,0.24427076987922192,0.2400376945734024,0.24324454739689827,0.24444077908992767,0.24265924282371998,0.24499359354376793,0.24327662773430347,0.24286790192127228,0.24569406546652317,0.2428473811596632,0.24230925925076008,0.24573418870568275,0.24148796312510967,0.24522767774760723,0.24213162437081337,0.24313456006348133,0.24384168349206448,0.2441051509231329,0.24615220353007317,0.24419384822249413,0.24341250397264957,0.24138258956372738,0.24217030592262745,0.2407562155276537,0.24483589455485344,0.24676239863038063,0.241850471124053,0.2439908217638731,0.24350810423493385,0.2417329177260399,0.2419156190007925,0.2451182547956705,0.24487004056572914,0.2422136850655079,0.24535372480750084,0.24431360699236393,0.24230664037168026,0.2448741178959608,0.24060496501624584,0.2445628996938467,0.24523432552814484,0.24398455396294594,0.24007056280970573,0.24209301359951496,0.24316328577697277,0.24394045025110245,0.24227461218833923,0.24414475820958614,0.24340351358056067,0.0015938404129569137,0.2434603041037917,0.24063597137108445,0.24190200309455395,0.24501964774541557,0.24572596344165504
473,Jade Gresham,Essendon,0.2361502479761839,0.23254048079252243,0.23535710759460926,0.2324308641254902,0.23350526206195354,0.23288309946656227,0.23409583419561386,0.2345272023230791,0.2349821850657463,0.2347782887518406,0.2363632582128048,0.231601407751441,0.23185395263135433,0.23642337694764137,0.23439327627420425,0.23359982296824455,0.23380106128752232,0.23414296656847,0.23389061726629734,0.23368214070796967,0.2375740148127079,0.23561694845557213,0.23485831171274185,0.23236817866563797,0.2345657553523779,0.23229914344847202,0.23480775952339172,0.23617306165397167,0.23340053670108318,0.2347017340362072,0.234010873362422,0.23381359316408634,0.23359104804694653,0.23641794174909592,0.2348188478499651,0.23271701112389565,0.23504312708973885,0.23662912845611572,0.23182216472923756,0.2354936096817255,0.23288840241730213,0.2359670288860798,0.2359942775219679,0.23502653650939465,0.2316040713340044,0.2330013457685709,0.23389635235071182,0.23338733986020088,0.23269670270383358,0.23636055551469326,0.23425095710903407,0.001495979454381168,0.23411940038204193,0.2318286812491715,0.23266405232436954,0.23602687534689903,0.23642226273193956
505,Thomas Edwards,Essendon,0.2327121254056692,0.23062709905207157,0.23419723846018314,0.23007756285369396,0.23256935738027096,0.23125203512609005,0.23182858899235725,0.23122497648000717,0.23341497220098972,0.23273510672152042,0.23334726877510548,0.23180057480931282,0.23241641744971275,0.23372652754187584,0.23183327913284302,0.23139938339591026,0.23201108537614346,0.2348508220165968,0.23192984610795975,0.23322673328220844,0.23364542238414288,0.2350246086716652,0.23378735594451427,0.23094183020293713,0.23293447121977806,0.23227968253195286,0.23282177560031414,0.2343896310776472,0.2319603804498911,0.23361334949731827,0.23324178345501423,0.23068050108850002,0.23529028333723545,0.23543735593557358,0.23284651897847652,0.23012786731123924,0.2318385150283575,0.23493686132133007,0.22999747470021248,0.23192919045686722,0.23173022642731667,0.23372710682451725,0.23216003365814686,0.23430284298956394,0.23067156597971916,0.23092608526349068,0.23181835189461708,0.233252365142107,0.23180752620100975,0.2333285417407751,0.23257261011749505,0.00140873609883696,0.23249288741499186,0.23023020981810988,0.23116579890809955,0.23387302139028907,0.2350066204648465
515,Jordan Ridley,Essendon,0.22166315279901028,0.21794131584465504,0.22173170559108257,0.21755529753863811,0.22206120379269123,0.2211228534579277,0.21751302853226662,0.2228885255753994,0.2184067964553833,0.21804003790020943,0.21981803327798843,0.21822213008999825,0.21935215033590794,0.2190457619726658,0.21768414974212646,0.21747652254998684,0.2199294064193964,0.21942681446671486,0.22019492276012897,0.2199959233403206,0.22041764482855797,0.22080416604876518,0.2214613128453493,0.22172622941434383,0.2202007044106722,0.21748912520706654,0.22261501289904118,0.2208250593394041,0.21779674477875233,0.22189260460436344,0.22315925545990467,0.2226672936230898,0.21818661503493786,0.2207408808171749,0.22111264988780022,0.21880416944622993,0.2189321555197239,0.22032569162547588,0.21836861036717892,0.22072207182645798,0.22121299616992474,0.22167745046317577,0.2193608619272709,0.2194604780524969,0.21769712679088116,0.22130597569048405,0.21885257586836815,0.22331108525395393,0.2189952153712511,0.2212201040238142,0.22002823200076818,0.0017024732031537956,0.22009542305022478,0.21752169367857277,0.21801940499059855,0.22172737393528222,0.22284317302517592
610,Harrison Jones,Essendon,0.2028972264379263,0.2016480565071106,0.20139097049832344,0.20123793743550777,0.2015362922102213,0.20371629483997822,0.2016837578266859,0.20221464708447456,0.20157378539443016,0.19962314702570438,0.20068697817623615,0.2018244992941618,0.20190405659377575,0.2004500012844801,0.1999854575842619,0.20176270976662636,0.2026178166270256,0.20072839967906475,0.20160090178251266,0.20243984647095203,0.20169950649142265,0.20129522308707237,0.2020413912832737,0.20071459375321865,0.20275546424090862,0.20017136074602604,0.20068442448973656,0.20120526663959026,0.20027114637196064,0.20217803493142128,0.20357779413461685,0.20170700922608376,0.1990955825895071,0.2011371459811926,0.2010614462196827,0.200912831351161,0.20094329118728638,0.20245103165507317,0.20205285213887691,0.20139184035360813,0.20222305692732334,0.20271407440304756,0.1998584270477295,0.2012191005051136,0.1999062281101942,0.20070455595850945,0.20089132338762283,0.2018132545053959,0.20169993862509727,0.20158219151198864,0.20142964340746403,0.0009666031407769137,0.20155503880232573,0.19986822626553477,0.20063543003983797,0.20226836594194172,0.20286816518753767
278,Jayden Nguyen,Essendon,0.17697718553245068,0.17826779931783676,0.1773606762290001,0.17685156501829624,0.17793240398168564,0.17789136804640293,0.17831335961818695,0.1776028834283352,0.18018032982945442,0.17539120092988014,0.17937320657074451,0.17647289484739304,0.1785394288599491,0.17938202805817127,0.17732898518443108,0.17799494042992592,0.17735476419329643,0.17904355563223362,0.18061359971761703,0.17744496278464794,0.1787742953747511,0.17871660366654396,0.17795134894549847,0.17812803946435452,0.17852259799838066,0.1792917624115944,0.1805889904499054,0.18145976960659027,0.1770975235849619,0.17921758815646172,0.17922266386449337,0.18048286065459251,0.17787964269518852,0.17683538794517517,0.17898058146238327,0.17981260269880295,0.1776014007627964,0.1781000830233097,0.17805428616702557,0.18136800825595856,0.17996205762028694,0.17911126464605331,0.17825043387711048,0.17741158232092857,0.1773928962647915,0.17718824185431004,0.1789612453430891,0.17813259735703468,0.17925046756863594,0.17827018536627293,0.17844668295234442,0.0012628920864787504,0.17825911659747362,0.17683870424516498,0.17734937638044357,0.1794720181580633,0.18060855481773616
645,Angus Clarke,Essendon,0.16334495693445206,0.16218297369778156,0.16226311214268208,0.16234220191836357,0.1617909986525774,0.16279114969074726,0.16293347626924515,0.1628113742917776,0.16251209750771523,0.16148299723863602,0.1618709061294794,0.16116302460432053,0.16280416771769524,0.16215276904404163,0.16161316446959972,0.16236883215606213,0.16229483671486378,0.16219974122941494,0.1628257781267166,0.1622214075177908,0.1625307071954012,0.16262592375278473,0.16341471299529076,0.1623717714101076,0.16246598027646542,0.1626114919781685,0.1614155601710081,0.16354363597929478,0.1608641855418682,0.162197545170784,0.16305524297058582,0.1630993541330099,0.1604926511645317,0.1603416483849287,0.1612562071532011,0.16340565122663975,0.16194842010736465,0.16244900040328503,0.16131135262548923,0.16257046721875668,0.16285458393394947,0.16476592980325222,0.16130849719047546,0.1612822785973549,0.16171699948608875,0.16148403845727444,0.1619652695953846,0.1615603081882,0.16233018226921558,0.1610340978950262,0.162204873226583,0.0008388686322823934,0.16227897442877293,0.1608990175742656,0.16131075583957136,0.16287107243202625,0.1634128553327173
650,Jaxon Artemis,Essendon,0.1582980677485466,0.15736521407961845,0.15730314515531063,0.1575382463634014,0.15865139104425907,0.1564277820289135,0.15766929648816586,0.1581182088702917,0.1574871651828289,0.15748995169997215,0.15722844190895557,0.1563189309090376,0.15793129988014698,0.15772967040538788,0.15693761594593525,0.15803217142820358,0.15743090957403183,0.15806826762855053,0.15835745446383953,0.1584202405065298,0.15800940990447998,0.15775839798152447,0.15800627507269382,0.15860366635024548,0.15780437923967838,0.15737793780863285,0.1581374816596508,0.15822150371968746,0.15670553594827652,0.15724759176373482,0.15891003422439098,0.15862039662897587,0.1571948379278183,0.15667930990457535,0.15850249864161015,0.15855803899466991,0.15637169778347015,0.1581720132380724,0.15721727907657623,0.15829023532569408,0.1583106517791748,0.15961083956062794,0.15713359415531158,0.15691302344202995,0.15809790790081024,0.15705087408423424,0.15696881711483002,0.15838759765028954,0.15832935273647308,0.1562229748815298,0.15772435251623393,0.000741136108079221,0.15778138861060143,0.15638319505378603,0.156962296070531,0.15839442000724374,0.158645037189126
656,Rhys Unwin,Essendon,0.10352789796888828,0.10269617103040218,0.10221646539866924,0.10313805378973484,0.10365084931254387,0.10226512886583805,0.10330172628164291,0.10348313860595226,0.10322553850710392,0.10262377932667732,0.10250616073608398,0.10205174051225185,0.10280763171613216,0.1034381091594696,0.10278772190213203,0.10304323956370354,0.10261241905391216,0.10301261767745018,0.10356012918055058,0.10336865112185478,0.10258588939905167,0.10346266813576221,0.10267180949449539,0.10339708812534809,0.10337789729237556,0.1029158141463995,0.10293826833367348,0.10337109304964542,0.10243047587573528,0.1024341732263565,0.10434184595942497,0.10309667140245438,0.10208688862621784,0.10284111090004444,0.10343886539340019,0.10347497276961803,0.10180987045168877,0.10330493375658989,0.10289251431822777,0.1032952219247818,0.10358074866235256,0.10411563888192177,0.10300695523619652,0.10263552516698837,0.10292481072247028,0.10177516750991344,0.10245032049715519,0.10321778059005737,0.10290591791272163,0.10230202786624432,0.10296800270676613,0.0005495940658011442,0.102972611784935,0.10205894587561488,0.10243340048007667,0.10346523980423808,0.10363647867925466
470,Matt Guelfi,Essendon,0.10358168743550777,0.1020180769264698,0.10286338068544865,0.1016762014478445,0.10237077251076698,0.10179838351905346,0.10334228351712227,0.102864570915699,0.1043914370238781,0.10450627654790878,0.1049434021115303,0.10192282311618328,0.10028458572924137,0.10268294811248779,0.10327663272619247,0.10159771330654621,0.10250494815409184,0.10236634127795696,0.1017573457211256,0.10254568420350552,0.10381163842976093,0.10432319529354572,0.10251618549227715,0.10305681079626083,0.10356711968779564,0.10229981690645218,0.10346208699047565,0.10410555079579353,0.10229651816189289,0.10258280485868454,0.10178778693079948,0.10306129604578018,0.10246219858527184,0.10339380986988544,0.102710185572505,0.10155120491981506,0.10283363237977028,0.10487881861627102,0.10205426998436451,0.10254683904349804,0.10276398248970509,0.10469852201640606,0.10451519675552845,0.10309504717588425,0.10300474241375923,0.10207661800086498,0.10418463498353958,0.10135328955948353,0.1013850886374712,0.10306281968951225,0.1028547441214323,0.0010321041933155698,0.10273708403110504,0.10141914247535169,0.10179616883210837,0.10412207939103246,0.10466094033792615
660,Vigo Visentini,Essendon,0.08423291891813278,0.08497527427971363,0.08417608216404915,0.08225938864052296,0.08570596016943455,0.08211220987141132,0.08511736430227757,0.08518133871257305,0.08538044430315495,0.08362651243805885,0.08259020186960697,0.08360027149319649,0.08324507810175419,0.08429869078099728,0.08456494845449924,0.0837684627622366,0.08455304801464081,0.08394951745867729,0.08326141349971294,0.08519733883440495,0.08252243883907795,0.08445348404347897,0.08277125470340252,0.08443666622042656,0.08332408033311367,0.0832468830049038,0.08342996053397655,0.08495358377695084,0.08472727797925472,0.08319050632417202,0.08369618095457554,0.0851103812456131,0.08356501907110214,0.08507381938397884,0.0843051578849554,0.08470170944929123,0.08154730685055256,0.08365830779075623,0.08576593361794949,0.08449033461511135,0.08319621346890926,0.08411552757024765,0.08441406488418579,0.08427003584802151,0.08432878367602825,0.08300020918250084,0.08215759508311749,0.08349787257611752,0.08547667786478996,0.0849194061011076,0.0840028627589345,0.0010066716086287912,0.08420450054109097,0.0821784627623856,0.08315073422156274,0.08508146081306041,0.08545694998465478
273,Brayden Fiorini,Essendon,0.06267929449677467,0.0622982420027256,0.0633265096694231,0.06259766221046448,0.06391771323978901,0.06122861988842487,0.06372582353651524,0.06244543194770813,0.06320843286812305,0.06224831007421017,0.06285211071372032,0.06237817741930485,0.06211476773023605,0.06359682232141495,0.06274629384279251,0.06243749149143696,0.0637461394071579,0.06321767345070839,0.06370619125664234,0.06349899619817734,0.06224874593317509,0.06391854025423527,0.06200132891535759,0.0630003958940506,0.06276116520166397,0.06337723508477211,0.06343006528913975,0.06416214257478714,0.0621244627982378,0.06333595514297485,0.06195734813809395,0.06377790309488773,0.06268289312720299,0.06331299059092999,0.06248091720044613,0.06349204480648041,0.06315012834966183,0.0631301999092102,0.061908286064863205,0.06271892413496971,0.06281393393874168,0.0635672677308321,0.062043728306889534,0.06174410879611969,0.06314465962350368,0.06224053353071213,0.062437016516923904,0.06217491067945957,0.06318331696093082,0.0626426413655281,0.06285868987441062,0.0006686334510393264,0.06278754957020283,0.061918343789875506,0.06216436707228422,0.06357344464026392,0.06388905216008425
283,Luke Jackson,Fremantle,15.095019314438105,15.121719470247626,15.147359523922205,15.47320050187409,15.276192910969257,15.428005378693342,15.109466915950179,15.201634643599391,15.444299733266234,15.38590675406158,15.1912558991462,15.275025947019458,15.22360191307962,15.22576572559774,15.195384614169598,15.345347557216883,15.347151165828109,15.13243481144309,15.033669706434011,15.336153207346797,15.276908228173852,15.239535799250007,15.293753450736403,15.314342824742198,15.394030330702662,15.221278063952923,15.252275267615914,15.17031746916473,15.287866497412324,15.214713307097554,15.431839372962713,15.214801965281367,15.236638903617859,15.182766530662775,15.092172974720597,15.139192571863532,14.971823584288359,15.332486154511571,15.25103434175253,15.217742580920458,15.126220470294356,15.050169991329312,15.343729255720973,15.451970456168056,15.22300036996603,15.289680734276772,15.42173370718956,15.374810682609677,15.313130155205727,15.442046634852886,15.255212167426944,0.11927089299017493,15.245285070501268,15.058780602924525,15.131136014143005,15.387604581579566,15.443837848091498
284,Caleb Serong,Fremantle,11.461062289774418,11.52156832255423,11.575348757207394,11.426413856446743,11.602719346061349,11.426722031086683,11.39668077044189,11.358582092449069,11.47554631717503,11.495535982772708,11.473042204976082,11.464451415464282,11.60532370954752,11.463252980262041,11.387822384014726,11.402178704738617,11.509436953812838,11.723150184378028,11.301254589110613,11.418045474216342,11.452255368232727,11.535104554146528,11.469598397612572,11.282196000218391,11.540617754682899,11.46666994318366,11.789378331974149,11.491824371740222,11.621334789320827,11.325752908363938,11.425952967256308,11.769017914310098,11.430559702217579,11.452763490378857,11.55016784183681,11.389719946309924,11.581479098647833,11.357295045629144,11.392440723255277,11.24553887359798,11.651653015986085,11.596670227125287,11.364927815273404,11.655738884583116,11.571893526241183,11.30175743997097,11.54041252285242,11.339337849989533,11.512048283591866,11.266555223613977,11.477176023572683,0.12410998505619311,11.465560679323971,11.286103010941297,11.358313099663704,11.597934492982924,11.709330867920071
296,Shai Bolton,Fremantle,10.657922223210335,10.455019790679216,10.481058044359088,10.552786072716117,10.609935570508242,10.712964203208685,10.373966362327337,10.606710202991962,10.353525251150131,10.568503726273775,10.595130583271384,10.560112502425909,10.507575502619147,10.604411905631423,10.696404952555895,10.522732131183147,10.485966466367245,10.485260477289557,10.463934365659952,10.485268633812666,10.584621539339423,10.403617177158594,10.271670013666153,10.544811386615038,10.507490787655115,10.581007855013013,10.506090821698308,10.576277816668153,10.588022666051984,10.408258404582739,10.502189679071307,10.448769176378846,10.721112014725804,10.608328588306904,10.459025291725993,10.651993682608008,10.529576513916254,10.52342889085412,10.667260818183422,10.484193811193109,10.554631143808365,10.577972758561373,10.590830404311419,10.565621940419078,10.491929676383734,10.558998681604862,10.483648600056767,10.517576361075044,10.515056993812323,10.550431167706847,10.535072672627866,0.08916142243186559,10.537193950265646,10.380044779367745,10.462908369207755,10.607048445522786,10.690430405009538
298,Andrew Brayshaw,Fremantle,9.153926836326718,9.08089160732925,9.213119491934776,9.130050944164395,9.017970545217395,9.019187081605196,9.150447817519307,9.195566147565842,9.117003586143255,9.132114646956325,9.014066006988287,8.901048371568322,9.141654582694173,8.972824973985553,9.127355178818107,9.040170660242438,9.17802239395678,9.14694556966424,9.110090252012014,9.115608034655452,9.064268389716744,9.171246211975813,9.291501181200147,9.101132567971945,9.074015364050865,8.989486461505294,9.114731926470995,8.952656103298068,9.076704928651452,9.390219133347273,8.963653083890676,9.324443059042096,9.152320384979248,9.15414926968515,9.177027568221092,9.16742298938334,9.001076649874449,9.13752892613411,9.298449916765094,9.21112847328186,9.319761408492923,9.15836988389492,9.113097868859768,9.018556036055088,9.220786204561591,9.280162300914526,9.03373415581882,9.190484076738358,9.170881925150752,9.102667387574911,9.127594571337104,0.10269963670191795,9.13108279556036,8.965533321360127,9.01843366847001,9.21154459618032,9.315392552688717
306,Jye Amiss,Fremantle,8.467825738713145,8.54103309288621,8.548908479511738,8.558388989418745,8.597681606188416,8.655072012916207,8.579880867153406,8.662095468491316,8.575801042839885,8.685590224340558,8.758847830817103,8.576553992927074,8.590439138934016,8.555674608796835,8.58846815675497,8.675926165655255,8.74190285615623,8.619317615404725,8.716222079470754,8.755001481622458,8.709582099691033,8.653340317308903,8.677407721057534,8.603973411023617,8.539989430457354,8.648943291977048,8.564339088276029,8.746042046695948,8.63324674218893,8.599050348624587,8.416495891287923,8.590142659842968,8.462259279564023,8.739389456808567,8.589361103251576,8.681591596454382,8.650049731135368,8.677029537037015,8.671779453754425,8.69291996397078,8.605708500370383,8.700396377593279,8.666763916611671,8.6414993442595,8.680450949817896,8.651608977466822,8.485207047313452,8.526004018262029,8.530531665310264,8.754507372155786,8.624804855771362,0.08156942130245705,8.637373043224216,8.471388906976209,8.547262523707003,8.70231619351171,8.752771980436519
289,Murphy Reid,Fremantle,7.3056530226022005,7.216828905045986,7.201437022536993,7.261503919959068,7.342155246064067,7.194756466895342,7.313203141093254,7.212080791592598,7.307199584320188,7.288947196677327,7.30782320164144,7.252353543415666,7.358114643022418,7.281585954129696,7.332412920892239,7.378884509205818,7.331391541287303,7.37165910191834,7.315214363858104,7.255300519987941,7.3641300443559885,7.1827516090124846,7.252272283658385,7.341047883033752,7.322322152554989,7.453909734264016,7.204467440024018,7.169299129396677,7.260402908548713,7.168961696326733,7.253113811835647,7.285163400694728,7.270403379574418,7.281485620886087,7.328956939280033,7.2610536608844995,7.35960403829813,7.253332259133458,7.468642625957727,7.427777836099267,7.429332599043846,7.192606762051582,7.302115296944976,7.28014300018549,7.238098798319697,7.443440269678831,7.223540278151631,7.435026427730918,7.133697040379047,7.285468881949782,7.29402146808803,0.07972160162138196,7.285316141322255,7.172056887717917,7.210489601114765,7.36570361738652,7.4417154320795085
286,Josh Treacy,Fremantle,7.138599846512079,6.978396093472838,7.063492752611637,7.084635524079204,6.960496582090855,6.9004350528120995,7.038784151896834,7.081131417304277,7.133498361334205,6.95179976336658,6.980327045544982,7.112081043422222,6.974921667948365,7.0410272013396025,6.937367729842663,7.06488261371851,6.846787218004465,6.95696141012013,7.007534056901932,7.032113362103701,6.924092419445515,7.002006823197007,7.209093876183033,7.131850430741906,7.048690225929022,6.643408436328173,7.078630585223436,7.055959224700928,6.990195920690894,6.945903426036239,7.0672697350382805,6.8040780033916235,6.857021326199174,6.932943245396018,7.200792521238327,7.036925928667188,6.880349660292268,6.9093785136938095,6.980298513546586,6.904398817569017,6.772390365600586,6.943864306434989,7.018643189221621,7.008447801694274,6.946231996640563,6.956521961838007,7.118238030001521,6.914582014083862,7.158630648627877,6.916377412155271,6.992849765084684,0.1089600554981664,6.985261483117938,6.812833392387256,6.908337757203728,7.090371637621894,7.1545243341941385
291,Karl Worner,Fremantle,4.010396432131529,3.975324410945177,3.9668763391673565,3.961932873353362,4.005850812420249,4.001752557232976,4.010030852630734,3.9903682824224234,3.9642787855118513,3.973540296778083,4.053957806900144,4.020170969888568,4.003632098436356,3.971230721101165,3.9646730832755566,3.957045089453459,3.9747465178370476,4.005439035594463,4.007265755906701,3.962052980437875,4.0463049449026585,3.956798305734992,4.011189505457878,3.9883684273809195,3.9836502969264984,3.960945151746273,4.067862555384636,3.99822092987597,3.982993273064494,3.965331632643938,4.024293452501297,3.996083538979292,4.039115058258176,4.012743227183819,4.007148398086429,3.9677562434226274,3.9770040549337864,4.040674680843949,3.9992627929896116,4.014198053628206,3.9876297786831856,4.010084750130773,4.025855461135507,4.016578417271376,4.054796930402517,4.024565974250436,3.9849534314125776,4.008281564339995,4.030661003664136,3.9590580817312,3.9984595123678446,0.02871984268650345,4.000507675111294,3.95944493108429,3.9651939958259463,4.0248354770094155,4.052388970190659
295,Patrick Voss,Fremantle,3.490565098822117,3.535365454852581,3.6711315382272005,3.44279408082366,3.5939737372100353,3.5176441334187984,3.516493685543537,3.521936509758234,3.5199756603688,3.452964996919036,3.5983179435133934,3.5162197034806013,3.405461583286524,3.6031861696392298,3.5313153602182865,3.429393259808421,3.510580549016595,3.474378515034914,3.5536956656724215,3.49680819734931,3.457516359165311,3.5731718707829714,3.4790003076195717,3.5503065828233957,3.5428146105259657,3.5842130091041327,3.449520429596305,3.499442007392645,3.547186126932502,3.563228467479348,3.4808254539966583,3.48091927357018,3.517622049897909,3.5308128464967012,3.5519902259111404,3.5769058652222157,3.566835893318057,3.5394973512738943,3.460831433534622,3.509883666411042,3.4500341676175594,3.484928097575903,3.4918478801846504,3.5503096245229244,3.554122731089592,3.4597932528704405,3.4783928636461496,3.4585925098508596,3.6515035647898912,3.5135392509400845,3.518755792342126,0.05518803708536396,3.517057867720723,3.444172982322052,3.459542297579348,3.5681601126082243,3.6021881832834333
290,Jordan Clark,Fremantle,2.7174056079238653,2.7724415995180607,2.6798039376735687,2.7718428689986467,2.7375863045454025,2.709673885256052,2.738191854208708,2.6594594325870275,2.6743308044970036,2.754110377281904,2.697589721530676,2.7853332925587893,2.7275057900696993,2.7922956477850676,2.7200415283441544,2.6347992550581694,2.7030038498342037,2.715260334312916,2.7333263773471117,2.687113605439663,2.710786895826459,2.7289710976183414,2.718290349468589,2.7907763924449682,2.763280214741826,2.734464319422841,2.7605858594179153,2.7356673423200846,2.681181801483035,2.752100517973304,2.721755063161254,2.761587493121624,2.780522760003805,2.718982631340623,2.6855638343840837,2.749841680750251,2.7239245027303696,2.751960014924407,2.6826108545064926,2.659718446433544,2.697625605389476,2.7258641701191664,2.7023968175053596,2.6914070919156075,2.7296104300767183,2.7219339814037085,2.7863427978008986,2.6516910530626774,2.789229843765497,2.710259499028325,2.724600988738239,0.038727608050030664,2.722929242067039,2.6595125304255633,2.684946661589667,2.7650698094815014,2.7886379993427544
287,Matthew Johnson,Fremantle,1.8565506748855114,1.8002382516860962,1.867238637059927,1.8515928369015455,1.780098045244813,1.9547761995345354,1.7943567615002394,1.8271265514194965,1.9046559669077396,1.933090653270483,1.8330481350421906,1.9035447537899017,1.8748648781329393,1.8439026065170765,1.7935965154320002,1.853178981691599,1.7203730009496212,1.729168163612485,1.7979315742850304,1.7496400885283947,1.8832019977271557,1.8756305202841759,1.8250760473310947,1.850058138370514,1.8173513859510422,1.7964282520115376,1.895288934931159,1.8319460321217775,1.8917677626013756,1.8094365112483501,1.856014672666788,1.8196617644280195,1.8389776106923819,1.8234899565577507,1.7980950642377138,1.8247597143054008,1.864710433408618,1.819885240867734,1.7671850863844156,1.810237467288971,1.908184977248311,1.7012272458523512,1.8643669914454222,1.7843691036105156,1.795758718624711,1.845258004963398,1.8916906770318747,1.834458077326417,1.736449345946312,1.8087330982089043,1.8307734422013164,0.05368665178299577,1.829536291770637,1.7306608059909194,1.7916679863613099,1.8849761317018419,1.9074615301284938
537,Michael Frederick,Fremantle,1.5357048176229,1.3680057991296053,1.46862768009305,1.5452701579779387,1.5122344251722097,1.6679681204259396,1.4822135027498007,1.4599872343242168,1.4171361085027456,1.4721370488405228,1.4685129784047604,1.5372579246759415,1.4742436818778515,1.4791336357593536,1.5094835199415684,1.5498061645776033,1.435166146606207,1.457417357712984,1.3502205535769463,1.5027899965643883,1.477966669946909,1.4065633714199066,1.4268540497869253,1.5261612813919783,1.4515566695481539,1.5818829499185085,1.4863799139857292,1.413090169429779,1.4726814609020948,1.5005562398582697,1.5953509882092476,1.3604037072509527,1.4791028182953596,1.490113191306591,1.5550137646496296,1.406513687223196,1.5863810125738382,1.3678073175251484,1.4470697529613972,1.4741086661815643,1.4740790855139494,1.4089477863162756,1.4749771300703287,1.4750974271446466,1.4592896196991205,1.4473340641707182,1.523763595148921,1.4687466342002153,1.3700720462948084,1.5380183346569538,1.476784005202353,0.06449108276838313,1.474176174029708,1.367848006254062,1.4122244113590567,1.537416850361973,1.5854589097294955
442,Luke Ryan,Fremantle,1.0865347553044558,1.1273206118494272,1.1305394861847162,1.1009619273245335,1.0443487577140331,1.0505280140787363,1.09876255877316,1.1089710723608732,1.130741136148572,1.104541052132845,1.1071224268525839,1.13089688308537,1.1076620481908321,1.12947534956038,1.1181978564709425,1.1071517951786518,1.1358065214008093,1.1066874582320452,1.1319528799504042,1.1177442353218794,1.1119990181177855,1.0450979731976986,1.121930604800582,1.121612912043929,1.1062710229307413,1.0835064016282558,1.0720793437212706,1.1315658632665873,1.0968498028814793,1.0912176445126534,1.1228076107800007,1.153248218819499,1.1264254711568356,1.1218244563788176,1.1013194844126701,1.1224893648177385,1.0977134741842747,1.0787898283451796,1.074464363977313,1.123169844970107,1.0822511315345764,1.1460607219487429,1.0940172020345926,1.0942801404744387,1.1336599495261908,1.1005354076623917,1.0977522861212492,1.083544896915555,1.1134463138878345,1.0880627948790789,1.1062788075208665,0.024184683660007218,1.1071371110156178,1.0549460366554557,1.0835368514005095,1.1305816310271621,1.1353664741665124
294,Hayden Young,Fremantle,0.9877274166792631,1.039344659075141,1.0233824979513884,0.9554079715162516,1.0123043172061443,0.9979137219488621,1.039237279444933,0.9811518341302872,0.9801412336528301,0.9868203867226839,1.0199816394597292,0.974272945895791,1.0231788121163845,1.000217566266656,0.9711066447198391,1.0034327562898397,0.9969965219497681,1.0078802350908518,0.9908086340874434,1.034677293151617,0.9950358662754297,1.004308920353651,0.9308357760310173,0.9814355429261923,0.9916389957070351,1.0095793902873993,1.0325573850423098,1.0443721693009138,0.9969983492046595,1.0345246829092503,1.0096485707908869,1.0492933485656977,1.0008056294173002,1.0035190414637327,1.0154119711369276,0.9548385329544544,1.0164705365896225,0.9964833837002516,1.0241553280502558,1.0050193760544062,0.9889650028198957,1.0347381811589003,0.9521367102861404,1.0469176229089499,0.9666861537843943,1.0218156930059195,1.079695051535964,1.0733280014246702,0.9888774286955595,0.9760275222361088,1.005042090639472,0.03013100632090457,1.0034758988767862,0.9549552678596228,0.9792814679667353,1.0346900187451393,1.0488063248060644
288,Neil Erasmus,Fremantle,0.9618573002517223,0.9465976245701313,0.950930941849947,0.8928876761347055,0.9484155662357807,0.9537937119603157,0.9642755314707756,0.9454952534288168,0.9432680401951075,0.9288947992026806,0.9502566941082478,0.9453589506447315,0.9454857092350721,0.9727885648608208,0.906897047534585,0.9534258097410202,0.9641203545033932,0.9297218155115843,0.9636449236422777,0.9262651074677706,0.9600847885012627,0.9394919276237488,0.9615155383944511,0.9419393483549356,0.9416140913963318,0.9191861785948277,0.9101546443998814,0.9498233515769243,0.9428584519773722,0.9714713077992201,0.9518899321556091,0.9390085712075233,0.9346184153109789,0.9490267653018236,0.9141692351549864,0.9393164850771427,0.9575926307588816,0.9563968852162361,0.9116155207157135,0.9461370669305325,0.9543460179120302,0.9354951772838831,0.9215411692857742,0.9345947094261646,0.9364267513155937,0.9579126723110676,0.9575391113758087,0.9412873778492212,0.9203225038945675,0.9431703165173531,0.9426985673233866,0.017339083749297077,0.9454223299399018,0.910454124044627,0.9252778043877333,0.9583666445948184,0.9642437201924622
293,Heath Chapman,Fremantle,0.7555961515754461,0.7582260314375162,0.7453707307577133,0.7401891127228737,0.7510635443031788,0.7624161653220654,0.75538120418787,0.7570849172770977,0.7481607105582952,0.7558949552476406,0.7612654846161604,0.7507846020162106,0.7590775918215513,0.75329246558249,0.7554273381829262,0.7478069867938757,0.752673676237464,0.7566603347659111,0.7539006229490042,0.7571124006062746,0.7388282045722008,0.7573268190026283,0.7551381196826696,0.7525086719542742,0.7566368076950312,0.7533732634037733,0.753275029361248,0.7549841869622469,0.7528619468212128,0.7628477085381746,0.7647844608873129,0.7559463232755661,0.7579666487872601,0.7523540984839201,0.7551246471703053,0.7495903857052326,0.7576912343502045,0.7610029522329569,0.7374898958951235,0.7482531107962132,0.7443503718823195,0.762922091409564,0.747062174603343,0.7588991113007069,0.7465926874428988,0.7519531045109034,0.7490225546061993,0.7519497256726027,0.7595067974179983,0.7547955885529518,0.7536484749987722,0.0060286583060670165,0.7548898877575994,0.7410421708505601,0.7480867822915316,0.7589364137295633,0.7627592421788723
299,Isaiah Dudley,Fremantle,0.7172180693596601,0.7202257364988327,0.7136183977127075,0.7078832220286131,0.7157516926527023,0.7251744344830513,0.7194567769765854,0.7218812014907598,0.7273350823670626,0.7162485998123884,0.7219674680382013,0.7148100603371859,0.7182011343538761,0.7170110382139683,0.7159732021391392,0.7283710595220327,0.7153285220265388,0.7195979300886393,0.7239783555269241,0.7121711783111095,0.7265365365892649,0.730708034709096,0.7215404827147722,0.7142668012529612,0.7152395732700825,0.7216964848339558,0.7158550396561623,0.7251578848809004,0.7212717924267054,0.7206896040588617,0.7165384404361248,0.7276031672954559,0.722264314070344,0.7203241884708405,0.7180948816239834,0.7236330900341272,0.7152127102017403,0.7285447958856821,0.7128312513232231,0.722214063629508,0.7213974818587303,0.7243735063821077,0.7181170731782913,0.722359199076891,0.716199329122901,0.7210909333080053,0.7208851929754019,0.7153554428368807,0.724146269261837,0.7120513059198856,0.7197680406644941,0.004936789492133744,0.7202749624848366,0.7123064932785929,0.7152339588887989,0.7245374414883554,0.7282136416155844
304,Sam Switkowski,Fremantle,0.7151794247329235,0.720832547172904,0.7066066917032003,0.7067779451608658,0.7159100733697414,0.7123337872326374,0.7130497246980667,0.7104522809386253,0.7218671776354313,0.7026999108493328,0.7145490758121014,0.7155559733510017,0.713982705026865,0.7132402174174786,0.7130871210247278,0.7131025139242411,0.7120508439838886,0.7120849527418613,0.7156050670892,0.7069733310490847,0.718718558549881,0.7137282863259315,0.7121103592216969,0.7103906739503145,0.7078149616718292,0.7218112256377935,0.7072862219065428,0.7160420808941126,0.7114554885774851,0.7160171400755644,0.7150282189249992,0.7104353196918964,0.71747019700706,0.7066794894635677,0.7076802719384432,0.7115153688937426,0.7139796819537878,0.719609497115016,0.701393311843276,0.7103750072419643,0.7107161972671747,0.7200450319796801,0.7105502318590879,0.7178624197840691,0.7202001493424177,0.7160134930163622,0.7056621443480253,0.7093481924384832,0.7046805750578642,0.7061938215047121,0.7125350996479392,0.004957120817679933,0.7126917559653521,0.7048817967623472,0.7069324953984469,0.7175521715674549,0.7207029056176543
307,Alex Pearce,Fremantle,0.7018314115703106,0.7062614541500807,0.6937375906854868,0.7149634025990963,0.6909313574433327,0.7078682985156775,0.7111535053700209,0.7084313593804836,0.6849930193275213,0.7024404779076576,0.6987116225063801,0.6872458402067423,0.68929298594594,0.7122922949492931,0.6931279078125954,0.7006161902099848,0.6898051165044308,0.689491817727685,0.7180535923689604,0.7169936299324036,0.696498105302453,0.7057677302509546,0.703447014093399,0.6945247482508421,0.6863460876047611,0.7074907869100571,0.6916610561311245,0.6902575958520174,0.7032389938831329,0.6958984546363354,0.7078343536704779,0.6870567016303539,0.7066514100879431,0.7089607585221529,0.6894401460886002,0.7065090890973806,0.6932995356619358,0.6891058068722486,0.6935970280319452,0.6981949415057898,0.7087232153862715,0.7097042221575975,0.6950771268457174,0.6998901832848787,0.6866379342973232,0.6969852056354284,0.7108179125934839,0.7042804714292288,0.6868730671703815,0.6860605198889971,0.699181461557746,0.009335809692556079,0.6984532820060849,0.6864059161767364,0.6892538655195385,0.7087728619016707,0.7144158255308867
300,Oscar McDonald,Fremantle,0.6619989238679409,0.743857042863965,0.6555304322391748,0.6727964784950018,0.6724158991128206,0.7086942326277494,0.740189466625452,0.6788206584751606,0.669738607481122,0.6786672659218311,0.6766381654888391,0.664454223588109,0.6650435477495193,0.685734836384654,0.744567608460784,0.6522855125367641,0.6909575946629047,0.64023582264781,0.7121860589832067,0.7213109508156776,0.6889440529048443,0.687782522290945,0.6482684705406427,0.6676487736403942,0.6739262230694294,0.7141984216868877,0.6675430443137884,0.6948017198592424,0.7004532013088465,0.6728104036301374,0.6608619280159473,0.6772838141769171,0.6719006169587374,0.6310215350240469,0.7289528250694275,0.6690369583666325,0.695137171074748,0.6376528274267912,0.6506604719907045,0.6685257591307163,0.700175728648901,0.643384475260973,0.6817569304257631,0.6772351730614901,0.6649276539683342,0.6662819981575012,0.6935802698135376,0.6851005759090185,0.6353687886148691,0.6902168951928616,0.6796312511712312,0.0270106051348957,0.6752821942791343,0.6381823414471001,0.654852244021371,0.7021755768544972,0.7378859551064669
301,Judd McVee,Fremantle,0.6763497814536095,0.6763671860098839,0.6719310712069273,0.6669968944042921,0.6674054190516472,0.6742621194571257,0.6773701068013906,0.6795095279812813,0.6700081154704094,0.6735198870301247,0.6778551898896694,0.6768488027155399,0.6715482212603092,0.6793769616633654,0.6727034449577332,0.6777996905148029,0.6771287899464369,0.6786020789295435,0.6762613337486982,0.6697785537689924,0.6658947505056858,0.6812620162963867,0.680951964110136,0.6693073473870754,0.674492159858346,0.6717518139630556,0.671618215739727,0.6799901835620403,0.6753724310547113,0.6799980029463768,0.6676468681544065,0.6790911182761192,0.6674466598778963,0.6660191994160414,0.6771832965314388,0.6772545445710421,0.6775567699223757,0.6745615806430578,0.6749636065214872,0.6716593727469444,0.6727676559239626,0.6832580231130123,0.6705992519855499,0.6754969451576471,0.6745090074837208,0.6672687437385321,0.6666652113199234,0.6732420325279236,0.6744880266487598,0.664317462593317,0.6739651487767696,0.004684380892265668,0.6745005836710334,0.6661516318563372,0.6676050246246159,0.6787042881529778,0.6807564020715654
302,Nathan O'Driscoll,Fremantle,0.6029191929847002,0.6002668850123882,0.5856261551380157,0.5986456628888845,0.6050418801605701,0.6140765342861414,0.6021093893796206,0.6099969763308764,0.6071599014103413,0.5982927829027176,0.5969348084181547,0.5978318247944117,0.6044925302267075,0.5834484472870827,0.6009742766618729,0.6110956016927958,0.6045463569462299,0.5983356963843107,0.5987492706626654,0.6011070180684328,0.5945458430796862,0.5987793765962124,0.6072365939617157,0.5947760511189699,0.6091027650982141,0.6011923532932997,0.5974621269851923,0.6215948928147554,0.6036359220743179,0.6177712082862854,0.6054521575570107,0.6052556000649929,0.6092265136539936,0.5921757519245148,0.6011523623019457,0.6033780481666327,0.6110422965139151,0.6009367872029543,0.6028249505907297,0.6119116581976414,0.6000242698937654,0.5926040764898062,0.5916534215211868,0.6056084297597408,0.5905387382954359,0.6042274963110685,0.591527920216322,0.5886614806950092,0.5992418229579926,0.600087134167552,0.6015055848285555,0.007685912918218882,0.6011296901851892,0.5890463185030967,0.5941400138624012,0.6091286285463721,0.6136327346879988
464,Brennan Cox,Fremantle,0.5730811916291714,0.5816434286534786,0.5769810192286968,0.5712824054062366,0.5693681351840496,0.5734724570065737,0.5742961894720793,0.5716687515377998,0.5746550094336271,0.5693395286798477,0.5702408365905285,0.5811223667114973,0.5813958365470171,0.5805201530456543,0.5765230190008879,0.5784771516919136,0.578516410663724,0.5716526471078396,0.5808052383363247,0.5755876749753952,0.5725709330290556,0.5901537351310253,0.5822018329054117,0.5730751287192106,0.5795975029468536,0.5724009275436401,0.5787252467125654,0.5793477445840836,0.5731561947613955,0.5797766484320164,0.5789664033800364,0.5749496743083,0.5772188734263182,0.5816628150641918,0.5697249248623848,0.5781623013317585,0.5751886907964945,0.5805218387395144,0.564672477543354,0.5696049146354198,0.5733769666403532,0.5763235557824373,0.5756615363061428,0.577603792771697,0.57300840690732,0.5762457642704248,0.5774169843643904,0.5716944392770529,0.5749448575079441,0.5709994453936815,0.5757916801795363,0.004545975510451476,0.575624605640769,0.5694166749715805,0.5715752665922046,0.580520505355671,0.5816588408499956
536,Mason Cox,Fremantle,0.4910460263490677,0.48691290244460106,0.4853573199361563,0.479919521138072,0.4867058042436838,0.4925474803894758,0.4874430261552334,0.4895781856030226,0.4890180639922619,0.4792576767504215,0.48541802540421486,0.48978578485548496,0.48886842280626297,0.4886854663491249,0.48920094408094883,0.4899573251605034,0.48998487927019596,0.4887176789343357,0.486858993768692,0.48441433906555176,0.4853175524622202,0.4840834867209196,0.48620692640542984,0.4894638005644083,0.48524579778313637,0.4894720409065485,0.48296452686190605,0.49004593305289745,0.4821041617542505,0.49125497229397297,0.4900208152830601,0.48960574716329575,0.48975712433457375,0.4817678891122341,0.4840433057397604,0.4834869038313627,0.4825444705784321,0.48788662254810333,0.4856030326336622,0.48776055313646793,0.4854105170816183,0.4915817826986313,0.4800617843866348,0.49406847544014454,0.4857293479144573,0.486061442643404,0.48560824431478977,0.48871807008981705,0.485161604359746,0.4813666623085737,0.4868416292220354,0.0034182903915921316,0.48688594810664654,0.4803292843606323,0.4833777270447463,0.4899630839694291,0.4915147865656763
305,Corey Wagner,Fremantle,0.43980479054152966,0.4425865672528744,0.426180113106966,0.43203893676400185,0.43814860843122005,0.4526143576949835,0.43741427175700665,0.4436448309570551,0.43559941835701466,0.43380006216466427,0.4395921640098095,0.44286769814789295,0.4319801200181246,0.437907911837101,0.43391023576259613,0.4384850785136223,0.4297282863408327,0.44283199310302734,0.44445635564625263,0.43794921785593033,0.4328237920999527,0.4378613755106926,0.44112081453204155,0.43790765292942524,0.43283900059759617,0.4397123083472252,0.43501527793705463,0.4365538880228996,0.4353397823870182,0.439663615077734,0.43794820085167885,0.43742829374969006,0.44501771964132786,0.43354691937565804,0.4424651563167572,0.4418140649795532,0.4424987882375717,0.4428895637392998,0.4360630325973034,0.43440420739352703,0.437180457636714,0.45102898962795734,0.43649283051490784,0.4420488979667425,0.43965467251837254,0.4436902180314064,0.43243701569736004,0.43326691165566444,0.4359026812016964,0.43222133442759514,0.4381675696372986,0.005045268150340304,0.4379077823832631,0.4319921774510294,0.4331774782445282,0.4428394554574043,0.4449026400223374
443,Christopher Scerri,Fremantle,0.26688122376799583,0.2680053897202015,0.26783563382923603,0.26199765503406525,0.2660965621471405,0.2694224715232849,0.2689462676644325,0.26609890535473824,0.26590111292898655,0.26163225062191486,0.26639682054519653,0.2663446255028248,0.26772407442331314,0.2668482568114996,0.26380588859319687,0.2671140022575855,0.26682956889271736,0.26569486036896706,0.26734356582164764,0.2626849599182606,0.26594706252217293,0.2693233788013458,0.2652881070971489,0.26311065815389156,0.26549381017684937,0.26776603795588017,0.2640427444130182,0.2683099154382944,0.26560929603874683,0.26710740476846695,0.2655995264649391,0.26764422468841076,0.2679238896816969,0.2656817138195038,0.26465812139213085,0.2659104987978935,0.26452417485415936,0.269408630207181,0.2613431978970766,0.2669069580733776,0.2664663475006819,0.26676345244050026,0.2636259775608778,0.2653581313788891,0.2642928175628185,0.2674778662621975,0.264115734025836,0.2633461784571409,0.2648387998342514,0.2654735893011093,0.26593924682587383,0.0019684785871048618,0.2660218123346567,0.2621385525353253,0.2639932415466756,0.26778058349341155,0.2692460710182786
303,Sean Darcy,Fremantle,0.21341846138238907,0.21382581442594528,0.2121330313384533,0.2085925918072462,0.2104942686855793,0.2125334870070219,0.2157053891569376,0.21244899556040764,0.2115938775241375,0.21389686316251755,0.21624314412474632,0.21179813519120216,0.21356742829084396,0.2140030339360237,0.21314766816794872,0.21022290736436844,0.21455037035048008,0.21115381456911564,0.21572578512132168,0.21264099329710007,0.2145902868360281,0.2160988375544548,0.21185507252812386,0.21105174720287323,0.2110061701387167,0.2126001939177513,0.21271387115120888,0.21341462433338165,0.2143226619809866,0.21337322890758514,0.21288269199430943,0.21329180151224136,0.2135619819164276,0.214547922834754,0.21186348795890808,0.21566455252468586,0.2141291443258524,0.21456645987927914,0.21211076341569424,0.2146800495684147,0.21091507375240326,0.2136441245675087,0.20860757678747177,0.21376494131982327,0.214989073574543,0.21026510372757912,0.21317311376333237,0.2109976951032877,0.21387720294296741,0.21306131780147552,0.2129863366857171,0.00178010500927319,0.21323245763778687,0.21023155761882661,0.21104222159646452,0.21457143971323966,0.21572160394862294
462,Jaeger OMeara,Fremantle,0.18264632485806942,0.18341639824211597,0.17924673669040203,0.17821870557963848,0.18221785500645638,0.18275011517107487,0.1799047328531742,0.18535856902599335,0.18387124314904213,0.1803655680269003,0.18117337487637997,0.18064632639288902,0.18115178495645523,0.18091869913041592,0.1841256208717823,0.1818183846771717,0.18126533180475235,0.18165425024926662,0.18341589532792568,0.18191332928836346,0.18037375435233116,0.18198262713849545,0.1815922148525715,0.17961431294679642,0.18097467347979546,0.1811272669583559,0.18024511821568012,0.18197498843073845,0.18222721107304096,0.18088417127728462,0.17857204377651215,0.1812838315963745,0.17925561219453812,0.1806958243250847,0.18300214782357216,0.18189399130642414,0.18211247958242893,0.18216184712946415,0.18128622323274612,0.18023036420345306,0.18038833513855934,0.17932741343975067,0.1813718769699335,0.18077774159610271,0.1832552645355463,0.17909876815974712,0.17847084254026413,0.18010982498526573,0.17932122759521008,0.18435797840356827,0.1812809844687581,0.00158952775177943,0.18121935334056616,0.17868002227507532,0.17955435094982386,0.1828027899954468,0.18407347343862057
550,Jeremy Sharp,Fremantle,0.05092415399849415,0.05001889355480671,0.04950058460235596,0.05094609595835209,0.05073532834649086,0.050635671243071556,0.04941960237920284,0.05079675652086735,0.0507306233048439,0.05006726086139679,0.05050209350883961,0.05125156790018082,0.05035187862813473,0.050213972106575966,0.0505425576120615,0.050748953595757484,0.05025614798069,0.0503013301640749,0.05026835761964321,0.04942348599433899,0.05062084458768368,0.05019915848970413,0.049256835132837296,0.05063173733651638,0.05079283379018307,0.05064805597066879,0.050236767157912254,0.05081094242632389,0.050043925642967224,0.04992255941033363,0.05115295387804508,0.05078565143048763,0.051000870764255524,0.05046265944838524,0.04991596192121506,0.051579875871539116,0.04980873130261898,0.04995299130678177,0.05000227130949497,0.050092946738004684,0.049710020422935486,0.051811059936881065,0.0514234583824873,0.051963672041893005,0.049288200214505196,0.050297072157263756,0.04991121031343937,0.04940484277904034,0.05046526715159416,0.049491479992866516,0.05038640346378088,0.0006377645704685418,0.05032660439610481,0.049407868497073654,0.04978810072876513,0.05092873986810446,0.05154781028628349
308,Brandon Walker,Fremantle,0.025710012763738632,0.025025920942425728,0.025742031633853912,0.02583485096693039,0.026082854717969894,0.02586227096617222,0.025315050035715103,0.025329897180199623,0.0249019842594862,0.02636783942580223,0.02589568682014942,0.025146842002868652,0.025386499240994453,0.02534865029156208,0.026021357625722885,0.02508322335779667,0.025366879999637604,0.025428591296076775,0.025449300184845924,0.025836117565631866,0.02558439038693905,0.025332001969218254,0.02572811394929886,0.024732718244194984,0.024960216134786606,0.025278277695178986,0.02499583177268505,0.02564982883632183,0.02581303007900715,0.024984506890177727,0.025184981524944305,0.02548346482217312,0.02560027316212654,0.024888519197702408,0.026017822325229645,0.02590348571538925,0.025754550471901894,0.026011409237980843,0.025136485695838928,0.025776313617825508,0.024873381480574608,0.02540796808898449,0.02506614848971367,0.02547702006995678,0.02571643888950348,0.025196706876158714,0.025640277191996574,0.02515263669192791,0.02585022710263729,0.024564849212765694,0.02545795474201441,0.0004007503107702893,0.02543894574046135,0.024876484712585807,0.025019632305949925,0.02585274427011609,0.02602063288912177
666,Tobyn Murray,Fremantle,0.018348371610045433,0.018613236024975777,0.018433140590786934,0.01834704540669918,0.01871326006948948,0.01828664541244507,0.01845611445605755,0.018534094095230103,0.018721166998147964,0.018420793116092682,0.017858019098639488,0.018528500571846962,0.018668049946427345,0.018428560346364975,0.018706370145082474,0.018774066120386124,0.01850701868534088,0.01826435513794422,0.01845432072877884,0.018367934972047806,0.01830441690981388,0.018239840865135193,0.0180831179022789,0.018418777734041214,0.01821010187268257,0.018803825601935387,0.018426164984703064,0.01833036169409752,0.018231268972158432,0.018670231103897095,0.018146757036447525,0.018152618780732155,0.018054483458399773,0.018412046134471893,0.018073486164212227,0.01836268976330757,0.018244029954075813,0.018461348488926888,0.01836828514933586,0.018614361062645912,0.01808355748653412,0.018259678035974503,0.018144920468330383,0.018207205459475517,0.018370365723967552,0.01807762309908867,0.018436923623085022,0.018217256292700768,0.018110079690814018,0.01798013411462307,0.018358540423214435,0.0002187122963117104,0.01836531236767769,0.018058379013091326,0.018137638745829462,0.018613471157848834,0.018719546077772976
667,Bailey Banfield,Fremantle,0.018310805782675743,0.01851704716682434,0.01839868165552616,0.018238497897982597,0.018637729808688164,0.01825917325913906,0.018368180841207504,0.01850183866918087,0.018709443509578705,0.018394170328974724,0.017825404182076454,0.01847843825817108,0.018516497686505318,0.018369589000940323,0.018666746094822884,0.018726583570241928,0.01846962608397007,0.01826062798500061,0.018432674929499626,0.01838107965886593,0.01818348467350006,0.018219174817204475,0.018068410456180573,0.018363185226917267,0.01819406822323799,0.018761979416012764,0.018252426758408546,0.018223240971565247,0.018185433000326157,0.01868394948542118,0.018093537539243698,0.018139543011784554,0.01793750189244747,0.018279792740941048,0.018062567338347435,0.01831185072660446,0.018099982291460037,0.01845872960984707,0.018328875303268433,0.01855519413948059,0.018057676032185555,0.018281683325767517,0.018054986372590065,0.01822654902935028,0.018295198678970337,0.018087439239025116,0.01835271529853344,0.01816822588443756,0.01805468462407589,0.017918923869729042,0.01830727692693472,0.00021804645549670088,0.018288441002368927,0.0179615243524313,0.018083462223410608,0.018516612527891992,0.01870421723462641
71,Bailey Smith,Geelong,29.017051493749022,29.20958600565791,29.335956122726202,28.83134359307587,28.93104051798582,28.938508577644825,29.390309248119593,28.510062063112855,29.101169001311064,29.04251260869205,28.984090860933065,28.934293013066053,29.24395769275725,28.878538083285093,28.971236450597644,29.345319226384163,29.540036352351308,28.854169650003314,29.59973408654332,29.3233442902565,29.401572627946734,29.311472795903683,29.28789722546935,29.235538996756077,29.12215891107917,29.08781280182302,29.070922065526247,28.982251862064004,29.343521455302835,29.295331586152315,28.66372155956924,29.560995012521744,29.215611036866903,28.96458911150694,29.059879537671804,28.968425136059523,29.327898930758238,28.79213634878397,28.989828370511532,28.98931337147951,28.878112668171525,29.01330016180873,29.094147311523557,28.93586608581245,29.28763493336737,29.236683011054993,29.14405441097915,29.204947788268328,29.214237244799733,28.928676281124353,29.11181595157832,0.225461533866446,29.09098005667329,28.80017383386381,28.930546392481773,29.329582883879542,29.51165128884837
52,Max Holmes,Geelong,11.939671527594328,11.8430604506284,11.919073535129428,11.823381058871746,11.92019572481513,11.87741562910378,11.836638374254107,12.002035493031144,11.77402269653976,11.932664165273309,12.066878030076623,11.949123352766037,11.84242344275117,11.882150046527386,11.914686726406217,12.181925788521767,11.960374666377902,12.002508604899049,11.707684496417642,11.888672959059477,12.06796408444643,11.742073830217123,11.840386332944036,11.632992435246706,11.910081721842289,11.949856519699097,11.906777236610651,11.859912659972906,11.812874618917704,11.819701466709375,11.88784421235323,11.798570098355412,11.848825048655272,11.99582327902317,11.916176257655025,12.08987650461495,11.966507785022259,11.838605225086212,11.956959953531623,11.98679975233972,12.074142133817077,11.901314759626985,11.78275858424604,12.065245548263192,12.014959013089538,11.967218901962042,11.973287211731076,11.76341181062162,11.99722446873784,11.89064952917397,11.91046815507114,0.10586794504694935,11.912384224124253,11.746448116200044,11.818274655520916,12.002134373411536,12.072875633696095
90,Shaun Mannagh,Geelong,8.331705458462238,8.24915406294167,8.313208643347025,8.58711338415742,8.400625180453062,8.526593279093504,8.383710082620382,8.486507140100002,8.501160144805908,8.567972606047988,8.493389666080475,8.474355729296803,8.496315654367208,8.453965151682496,8.485079150646925,8.324703067541122,8.34096827916801,8.43595083244145,8.396195081993937,8.39989710226655,8.360655374825,8.261560622602701,8.418479947373271,8.285747906193137,8.311664631590247,8.502212826162577,8.28524230234325,8.342171607539058,8.403959000483155,8.30379482358694,8.384866254404187,8.287802824750543,8.364195764064789,8.409376187250018,8.310113746672869,8.426214786246419,8.391031751409173,8.473261060193181,8.515487371012568,8.427905969321728,8.40555808506906,8.400278544053435,8.532568035647273,8.486356621608138,8.370636561885476,8.325391869992018,8.415197726339102,8.42418423295021,8.305015897378325,8.528513930737972,8.406160319224,0.08486891327246952,8.402292090468109,8.285345951132477,8.311340496642515,8.497328152868898,8.531736944140867
54,Oliver Dempsey,Geelong,5.263841476291418,5.307373600080609,5.209695190191269,5.238052660599351,5.257243394851685,5.272129004821181,5.269490025937557,5.3300181813538074,5.283187737688422,5.251513866707683,5.206680651754141,5.29916781745851,5.263773949816823,5.234118880704045,5.318502511829138,5.284368583932519,5.308356652036309,5.270730284973979,5.223867695778608,5.252421760931611,5.248103117570281,5.262260710820556,5.250027485191822,5.330207483842969,5.239913012832403,5.226195093244314,5.263812925666571,5.284122699871659,5.161447338759899,5.26721503958106,5.198244096711278,5.305090323090553,5.35960085131228,5.317077700048685,5.286635780707002,5.2729867827147245,5.254413144662976,5.338262865319848,5.273185592144728,5.335400279611349,5.270182495936751,5.269902912899852,5.237841038033366,5.233704036101699,5.266600443050265,5.230261722579598,5.2188771944493055,5.2150269746780396,5.216545261442661,5.275228228420019,5.265058131180703,0.04035309928295282,5.265220959670842,5.207298632133752,5.225708667173982,5.307579057939351,5.334335756478831
285,Jeremy Cameron,Geelong,3.4993017595261335,3.419700939208269,3.4185859337449074,3.446536973118782,3.4926103241741657,3.4563680682331324,3.488844159990549,3.4621729403734207,3.525060584768653,3.43800007365644,3.473017333075404,3.4471588023006916,3.468505999073386,3.455728556960821,3.4392250794917345,3.5002473201602697,3.472159868106246,3.4432675149291754,3.5013045091181993,3.4398988373577595,3.4617133736610413,3.4847820680588484,3.487783892080188,3.5250653959810734,3.424249090254307,3.432879602536559,3.4712188839912415,3.5294062476605177,3.4403542950749397,3.5025723576545715,3.505061896517873,3.489347793161869,3.405523745343089,3.4420880414545536,3.4713431615382433,3.513221023604274,3.4844472110271454,3.503050973638892,3.410639502108097,3.4860774967819452,3.47226276807487,3.530349774286151,3.486796671524644,3.4168124087154865,3.465620493516326,3.439129840582609,3.4372554402798414,3.455130860209465,3.4456862416118383,3.4203202202916145,3.4665577269718053,0.033355327963126624,3.467063246294856,3.4171759813465177,3.4363408901914956,3.5015694894623013,3.525064409682527
60,Tanner Bruhn,Geelong,3.0287173837423325,3.2929366901516914,3.1742138266563416,3.3305072337388992,3.1207102350890636,3.3470585383474827,3.064400363713503,3.2760867420583963,3.121697587892413,3.2024272736161947,3.275118090212345,3.106869537383318,3.259661268442869,3.185664039105177,3.3855853099375963,3.1561593543738127,3.120734879747033,3.2055014204233885,3.0549249034374952,3.1984981577843428,3.258810305967927,3.2353784441947937,3.104861142113805,3.183461645618081,3.206512613222003,3.157365432009101,3.2162340842187405,3.1756813898682594,3.17147165350616,3.10602068901062,3.1999261174350977,3.118006993085146,3.1714772414416075,3.2421108428388834,3.149122428148985,3.1504119262099266,3.160799914970994,3.1670588590204716,3.2053957637399435,3.192022781819105,3.157729458063841,3.0492882449179888,3.306357614696026,3.231899118050933,3.2118266876786947,3.147738905623555,3.2297193221747875,3.3622961472719908,3.228156877681613,3.1382723189890385,3.1908577559888363,0.07909212773634307,3.184562842361629,3.056867372794077,3.1201452575102446,3.2628917441926895,3.343665520902723
86,Shannon Neale,Geelong,2.985130224376917,3.065472338348627,2.9734033700078726,2.8665979709476233,2.921387868002057,2.95863414183259,3.030392188578844,3.094055123627186,3.0035506263375282,3.004919122904539,2.9238505102694035,3.005692284554243,3.054332720115781,3.1324256118386984,3.1055219750851393,2.93403622508049,3.020077381283045,2.979292346164584,3.0144015420228243,2.9664289075881243,2.9856313727796078,2.9464142732322216,2.9497891664505005,3.0238333586603403,2.952407928183675,2.9205448906868696,2.994711071252823,3.0064324010163546,2.9620861671864986,2.890621492639184,3.0267656352370977,2.90564988553524,2.989104090258479,2.9687669537961483,3.0436237286776304,2.963433224707842,2.9995204731822014,2.9860008880496025,3.0448026601225138,3.0114852841943502,2.975152922794223,3.015028463676572,2.9952392615377903,3.065469989553094,3.001569777727127,2.939700871706009,2.915554551407695,2.9962841477245092,2.9500741083174944,3.0065398812294006,2.9894368280097843,0.05384725948578806,2.991907580755651,2.9076803420390935,2.9385169605612753,3.0331575804594904,3.0881956526450813
75,Lawson Humphries,Geelong,2.497425077483058,2.502770658582449,2.4887028969824314,2.476547621190548,2.4525286946445704,2.515213144943118,2.4279469214379787,2.5015273075550795,2.5359232127666473,2.4542043898254633,2.4718174170702696,2.4590969756245613,2.5271256659179926,2.4290170650929213,2.524579605087638,2.4490401428192854,2.474037792533636,2.4987959004938602,2.4492438696324825,2.5097600147128105,2.500190608203411,2.4745171274989843,2.4961923249065876,2.46616823785007,2.551027411594987,2.429152900353074,2.489376524463296,2.4827076476067305,2.514934156090021,2.458948742598295,2.4903683122247458,2.489548286423087,2.5438670851290226,2.558589067310095,2.4810741655528545,2.4617109019309282,2.4724527411162853,2.5303619988262653,2.5670762453228235,2.5337054394185543,2.541582765057683,2.4004302602261305,2.545332236215472,2.453810643404722,2.493796367198229,2.467643804848194,2.3828347343951464,2.4103003200143576,2.4107333552092314,2.5349046159535646,2.485572868026793,0.0429688725403093,2.4890397107228637,2.4103890922293068,2.4492012907285243,2.5339560673143713,2.5498599006421863
297,Patrick Dangerfield,Geelong,1.8527079746127129,1.9452606532722712,1.9074119944125414,1.893964996561408,1.99027793481946,1.8743745796382427,1.8675508629530668,1.8897830937057734,1.8989660684019327,1.8453988675028086,1.898799104616046,1.952311908826232,1.974335253238678,1.897640760987997,1.871297499164939,1.8747546952217817,1.8201116658747196,1.9057580530643463,1.9105011858046055,1.841917585581541,1.8212981764227152,1.9947838000953197,1.874831534922123,1.9024846646934748,1.8387312311679125,1.903274578973651,1.7486247774213552,1.9971664827317,1.9688504673540592,1.9010290950536728,1.9228656850755215,1.8231347296386957,1.852789593860507,1.8581516072154045,1.9451530519872904,1.9210680816322565,1.9763009641319513,1.9340671766549349,1.9685093816369772,1.7838910557329655,1.87614107131958,1.971637649461627,1.9158817511051893,1.9180780183523893,1.882569881156087,1.8817339073866606,1.8991551380604506,1.868348304182291,1.8621101137250662,1.8704398795962334,1.8959245317801834,0.053658437746082296,1.8982199328020215,1.8203549005370587,1.851180371226743,1.9556971806436776,1.9874126558285206
58,Tom Atkins,Geelong,1.5133550502359867,1.5912826973944902,1.5834233853965998,1.5244330409914255,1.5742014199495316,1.6656996831297874,1.6142185647040606,1.57237639836967,1.5213016085326672,1.523174051195383,1.537850197404623,1.6156736109405756,1.5897947829216719,1.5706801395863295,1.5578625909984112,1.5564666222780943,1.5751549676060677,1.5726028699427843,1.6131289470940828,1.6407737378031015,1.561723418533802,1.6633783970028162,1.6063953060656786,1.6093141939491034,1.6116063743829727,1.5191249065101147,1.5627981685101986,1.5324805043637753,1.5939627084881067,1.5654942076653242,1.594940571114421,1.6153898239135742,1.5978607703000307,1.5645460970699787,1.609603464603424,1.545825706794858,1.5931608360260725,1.6067948900163174,1.5630669295787811,1.6252856235951185,1.5992351397871971,1.5870082769542933,1.48750289529562,1.5831694100052118,1.5099742598831654,1.5023776516318321,1.5974611211568117,1.6411803849041462,1.6873071938753128,1.5469645857810974,1.57996776368469,0.04344253016854228,1.5832963977009058,1.5106673219054938,1.5307985845189542,1.614463357878849,1.6588278045225888
87,Oliver Henry,Geelong,1.424606902524829,1.4700950924307108,1.4824669919908047,1.4335015434771776,1.424942433834076,1.4661958571523428,1.4556754231452942,1.4436450134962797,1.4372110180556774,1.4445880055427551,1.5057577192783356,1.455738853663206,1.4814952667802572,1.4574145525693893,1.4764142911881208,1.4702610243111849,1.456858480349183,1.472456807270646,1.460349626839161,1.4206027630716562,1.4983511827886105,1.4674752466380596,1.4775455053895712,1.3701080083847046,1.4514123741537333,1.4828679766505957,1.4757911432534456,1.4025656525045633,1.5246834233403206,1.4883272238075733,1.4979746453464031,1.443046985194087,1.47046659886837,1.4802213106304407,1.4443102721124887,1.484454220160842,1.4578306954354048,1.4864714723080397,1.427448846399784,1.4756139647215605,1.4693316668272018,1.5206110533326864,1.443467514589429,1.4843661114573479,1.4749179296195507,1.565592186525464,1.3743571992963552,1.4421715829521418,1.4446584023535252,1.5040479358285666,1.4634153199568392,0.03468129208503908,1.4684034567326307,1.4062632601708174,1.4364357378687709,1.486859324371442,1.5175661198515444
73,Tom Stewart,Geelong,1.3979701157659292,1.336264817044139,1.4423457123339176,1.3739436343312263,1.436368292197585,1.43084766715765,1.3744662906974554,1.400906477123499,1.4195365197956562,1.3715159017592669,1.4305528104305267,1.3750922549515963,1.4031358361244202,1.3929141443222761,1.3199045304208994,1.3684094473719597,1.3851742539554834,1.4023145195096731,1.4335874263197184,1.361500469967723,1.3744712434709072,1.3793718554079533,1.4116308707743883,1.4047317784279585,1.3860008511692286,1.425324436277151,1.362787475809455,1.3569531664252281,1.4359224326908588,1.4095368459820747,1.4030284751206636,1.3707353230565786,1.3455276302993298,1.3548840917646885,1.3555301558226347,1.3742585685104132,1.384599169716239,1.4206711128354073,1.3584432359784842,1.3689761999994516,1.4262499809265137,1.4460816271603107,1.4058810845017433,1.3628328330814838,1.3856348395347595,1.3913154266774654,1.3948505204170942,1.3494057580828667,1.4294194132089615,1.3445376809686422,1.3895269041135907,0.030848136740347604,1.385817845351994,1.3447406205814332,1.3581318114418537,1.4269123922735452,1.4362768909987063
56,Gryan Miers,Geelong,1.1301824878901243,1.1873703114688396,1.2336470391601324,1.2337025627493858,1.1391669269651175,1.2101012635976076,1.1620781309902668,1.1735484451055527,1.1732802037149668,1.205896645784378,1.1604052819311619,1.1336873564869165,1.1739919260144234,1.2267859186977148,1.2244522329419851,1.1574592143297195,1.2035308815538883,1.2276449799537659,1.1920912209898233,1.225303104147315,1.2111541535705328,1.2296642530709505,1.1728249825537205,1.2579707857221365,1.1702968664467335,1.1880407892167568,1.1838771793991327,1.1639491096138954,1.1999735459685326,1.170211212709546,1.1981200221925974,1.099821975454688,1.2669872529804707,1.2222225088626146,1.2051470708101988,1.2016156557947397,1.1847503297030926,1.2394683565944433,1.1947087477892637,1.159518288448453,1.1710505448281765,1.139706414192915,1.0766423214226961,1.2506069913506508,1.1873057950288057,1.1129466369748116,1.1924043204635382,1.2029512114822865,1.2072338163852692,1.2085024360567331,1.1888799941912294,0.03946552003711001,1.1922477707266808,1.1164799864124506,1.1590879419576376,1.2269654625002295,1.2483235712256282
80,Connor O'Sullivan,Geelong,1.098205765709281,1.1011635661125183,1.1042757350951433,1.138526825234294,1.1080238297581673,1.1002286821603775,1.067330963909626,1.1089144553989172,1.0932992212474346,1.102458968758583,1.1108171101659536,1.1072843596339226,1.0738716069608927,1.076587487012148,1.033688746392727,1.0792403612285852,1.0690889544785023,1.1163451466709375,1.0589088089764118,1.1211639642715454,1.09606209769845,1.0733979549258947,1.0971590504050255,1.0968129970133305,1.069681702181697,1.1135209873318672,1.1132061183452606,1.0630117245018482,1.0628546588122845,1.0553709175437689,1.1129337903112173,1.0907482206821442,1.1150836069136858,1.13466103002429,1.1190800927579403,1.072837533429265,1.0717402212321758,1.0825305990874767,1.1309581100940704,1.0630743987858295,1.0542455445975065,1.075005767866969,1.1019883323460817,1.0828954316675663,1.0505624283105135,1.1001468487083912,1.1235962081700563,1.092070510610938,1.0819765012711287,1.0878116432577372,1.0910889917612077,0.023864312935649997,1.0946806594729424,1.0544762460514903,1.0664413417987526,1.1138475748244674,1.1294489201996476
78,Mark Blicavs,Geelong,1.0840008780360222,1.0409058257937431,1.055958729237318,1.0636137630790472,1.0723447669297457,1.087330263108015,1.0896005295217037,1.0679782647639513,1.0667429324239492,1.0829348973929882,1.0231492258608341,1.0713515188544989,1.0501942783594131,1.1421276740729809,1.0119970012456179,1.1087327580899,1.0654964447021484,1.0703238919377327,1.0514767430722713,1.0411064270883799,1.08856344781816,1.0844249799847603,1.0171976368874311,1.0542720630764961,1.0887802317738533,1.0618843100965023,1.0851799417287111,1.1219314076006413,1.1477177701890469,1.0765193533152342,1.1175424251705408,1.0649270471185446,1.0082811117172241,1.0762855634093285,1.0933957025408745,1.0804898720234632,1.0757821537554264,1.058566914871335,1.0592221803963184,0.9887933060526848,1.0036790929734707,1.0069098100066185,1.0855180379003286,1.0429292302578688,1.0636263024061918,1.1141032092273235,1.0442932080477476,1.0944833178073168,1.0557222925126553,1.060235783457756,1.0673724903538824,0.033576856818628875,1.0673605985939503,1.0071909268572927,1.0410645014178008,1.0903937206827103,1.1210316662024706
89,Oisin Mullin,Geelong,0.9217061176896095,0.9116421807557344,0.9063073750585318,0.9343305993825197,0.9324799422174692,0.9458593837916851,0.9168599601835012,0.9404852148145437,0.9077645819634199,0.9049971047788858,0.9512956887483597,0.9850630350410938,0.9228105191141367,0.9341426361352205,0.9372024685144424,0.8878772296011448,0.9152546990662813,0.9006155002862215,0.9233317915350199,0.9260793086141348,0.9548995029181242,0.9305017609149218,0.946071695536375,0.9269548170268536,0.944220744073391,0.9131628703325987,0.9250867795199156,0.9036076925694942,0.9090220462530851,0.8834977634251118,0.9268932696431875,0.9138310998678207,0.9082573745399714,0.9265548996627331,0.9132957141846418,0.9247833304107189,0.8996067494153976,0.9239931479096413,0.9405892062932253,0.9391042422503233,0.9237410500645638,0.9029109291732311,0.933468833565712,0.9442317802459002,0.9208515360951424,0.9488032124936581,0.9230081308633089,0.9235117491334677,0.9308288488537073,0.9504966121166945,0.9252378545328974,0.018562184496184523,0.9243882391601801,0.8998135433439165,0.9074600257202983,0.9442230506334454,0.9511318780388683
83,Sam De Koning,Geelong,0.7691970467567444,0.7917207907885313,0.791902182623744,0.7788962088525295,0.779108302667737,0.8055979665368795,0.7969413567334414,0.7779865302145481,0.7888317126780748,0.775437455624342,0.8082242049276829,0.8064983896911144,0.7849987018853426,0.785484466701746,0.7885946799069643,0.802908705547452,0.791002094745636,0.7995605673640966,0.8057258278131485,0.7929363083094358,0.799451656639576,0.7833661716431379,0.7937398329377174,0.8096743505448103,0.7766123376786709,0.7578232772648335,0.8017312996089458,0.7816223911941051,0.7739760708063841,0.7804562598466873,0.8171539325267076,0.7993886265903711,0.7856042273342609,0.7869360372424126,0.7998397760093212,0.7987696155905724,0.7888143043965101,0.7840909529477358,0.7668177112936974,0.7917621359229088,0.8120171893388033,0.784742284566164,0.7782998699694872,0.8022644482553005,0.7561068180948496,0.7759008463472128,0.8064963109791279,0.7960705831646919,0.7975388411432505,0.7771140914410353,0.7897147150337696,0.013613919986303678,0.7899169037118554,0.767305475063622,0.7770092249047011,0.8034707610942423,0.8093770706932991
85,Zach Guthrie,Geelong,0.7810544185340405,0.7696394827216864,0.7687531653791666,0.7664110977202654,0.7685349397361279,0.7651396282017231,0.7731378022581339,0.7726186662912369,0.7709955144673586,0.778190866112709,0.7745578866451979,0.7684653624892235,0.7713885195553303,0.7763855401426554,0.7697070650756359,0.7828436959534883,0.7673737816512585,0.7736737541854382,0.7698752395808697,0.7729340177029371,0.7769410982728004,0.7749511171132326,0.7709510326385498,0.7677950114011765,0.773989787325263,0.7692155800759792,0.770349308848381,0.7728107199072838,0.7780993431806564,0.7760137934237719,0.7864029761403799,0.7701593562960625,0.7749845869839191,0.7705025691539049,0.7722433526068926,0.7621172834187746,0.7705833557993174,0.7883770987391472,0.7709891330450773,0.7768605090677738,0.7703496981412172,0.7734439130872488,0.7690411750227213,0.769835876300931,0.7687468566000462,0.772956769913435,0.7679389175027609,0.7744007091969252,0.7670246213674545,0.7650453504174948,0.7722960269078613,0.00510326153176499,0.770992323756218,0.7654002794530242,0.7683553354870528,0.7764848086480052,0.7824768940825015
292,Mitchell Edwards,Geelong,0.6329919695854187,0.6183923576027155,0.6141467783600092,0.6197707168757915,0.6209352966398001,0.6259975172579288,0.6201346032321453,0.6231493912637234,0.6209967117756605,0.6166103202849627,0.6116450987756252,0.6219143122434616,0.6269113272428513,0.6286641545593739,0.6138953994959593,0.624671459197998,0.6288808770477772,0.6239264905452728,0.623134346678853,0.6216549947857857,0.625705037266016,0.622941866517067,0.6197406984865665,0.6131983604282141,0.6248522754758596,0.6200746949762106,0.6251924000680447,0.6255685668438673,0.6260141041129827,0.6195794325321913,0.621809046715498,0.6218410506844521,0.6164107788354158,0.6273410469293594,0.6322481073439121,0.6170304380357265,0.6212838310748339,0.6192657928913832,0.6199827641248703,0.6281414646655321,0.6168203614652157,0.6251824200153351,0.6220759022980928,0.6242478396743536,0.6154175233095884,0.6205323152244091,0.6107696164399385,0.6243091635406017,0.6155789066106081,0.6144443247467279,0.6215204850956798,0.005055861674413872,0.6217320207506418,0.6133412534371019,0.616236917540431,0.6260009839106351,0.6288364489376544
76,Mark OConnor,Geelong,0.6269933748990297,0.6191835571080446,0.6219442524015903,0.6176195330917835,0.619412075728178,0.6200923696160316,0.6170169860124588,0.6187053676694632,0.6198033299297094,0.6197093352675438,0.6111984923481941,0.6195468157529831,0.6146565228700638,0.6196300070732832,0.6178574282675982,0.6146766729652882,0.6179284602403641,0.6180520709604025,0.6196781247854233,0.6137282028794289,0.6221754271537066,0.6226572412997484,0.6149217262864113,0.6203455869108438,0.6162884030491114,0.61696482822299,0.6192096620798111,0.6200573872774839,0.6197150219231844,0.6175479628145695,0.623615862801671,0.6177068687975407,0.6189421433955431,0.6200926695019007,0.624829238280654,0.6214752271771431,0.6211817115545273,0.6215598750859499,0.6162386070936918,0.6163438651710749,0.6154140178114176,0.6193538568913937,0.6161738242954016,0.6210859455168247,0.6161074694246054,0.6189218126237392,0.6224910579621792,0.6201626788824797,0.6237302776426077,0.6188950855284929,0.6190327664464712,0.0029581249590293736,0.6192817594856024,0.6146606536395848,0.6162250674888492,0.6216402099449188,0.6237068226002157
79,Jack Henry,Geelong,0.5821938831359148,0.58006408251822,0.5748283471912146,0.5772574823349714,0.5764548256993294,0.5708225090056658,0.5774768553674221,0.5777735728770494,0.5760694183409214,0.5778632834553719,0.575352393090725,0.5753234848380089,0.5725173242390156,0.5795362330973148,0.5783763136714697,0.5789714604616165,0.5777251292020082,0.5741499476134777,0.5727147907018661,0.5757524147629738,0.5743104536086321,0.5778575390577316,0.5762929208576679,0.5769012123346329,0.5707663483917713,0.5735690556466579,0.5720524676144123,0.5762671884149313,0.5790884643793106,0.5795819628983736,0.582765644416213,0.5795572679489851,0.576815128326416,0.5799934882670641,0.5834415853023529,0.5765222944319248,0.5747435670346022,0.5807894058525562,0.5734365694224834,0.5755738336592913,0.5807001758366823,0.5800979658961296,0.5751336552202702,0.579668577760458,0.5742134656757116,0.5738999899476767,0.5735692661255598,0.5726831760257483,0.5757684633135796,0.574671121314168,0.576639120131731,0.003031738306049158,0.5763738732784986,0.572147763222456,0.5735692221354693,0.5797364840563387,0.5819059652928262
91,Jack Martin,Geelong,0.5628401190042496,0.5620687939226627,0.5646730475127697,0.5605868455022573,0.5603346116840839,0.5604783091694117,0.5637043062597513,0.5605704169720411,0.5592139679938555,0.5641407556831837,0.554582379758358,0.5608926117420197,0.5663131829351187,0.559516740962863,0.5613349974155426,0.5710954144597054,0.5649205353111029,0.5623523481190205,0.567176841199398,0.5626210682094097,0.5613228287547827,0.5684424061328173,0.5666491258889437,0.564063161611557,0.5612678993493319,0.5666996985673904,0.56426752358675,0.5601023752242327,0.5639297682791948,0.5585260540246964,0.566160561516881,0.5625654775649309,0.5643475521355867,0.5634527765214443,0.5637967642396688,0.5642709396779537,0.5603011604398489,0.5681360010057688,0.5599574334919453,0.5633997842669487,0.562371177598834,0.5634045694023371,0.5612712297588587,0.5653430260717869,0.5658752527087927,0.564311858266592,0.5553798172622919,0.5599376354366541,0.5645796153694391,0.5621175765991211,0.5629133668914438,0.0031127585329459562,0.5631199516355991,0.558667076388374,0.5602596143297851,0.5659348822496831,0.5679393732454627
62,James Worpel,Geelong,0.5528050120919943,0.5655646156519651,0.5742897037416697,0.5530678052455187,0.5556458756327629,0.5628296807408333,0.5622626096010208,0.5546174664050341,0.5577948726713657,0.5714595224708319,0.5655904989689589,0.5751808900386095,0.5649540927261114,0.5698876213282347,0.5282554998993874,0.5637008976191282,0.5543575026094913,0.5462502222508192,0.5768255591392517,0.5692615956068039,0.5710295829921961,0.5663782935589552,0.541084436699748,0.5574121046811342,0.5565734915435314,0.5415873415768147,0.5415102764964104,0.5979545842856169,0.5536529459059238,0.5705110691487789,0.568563174456358,0.562466450035572,0.5460902713239193,0.5642526838928461,0.5796598270535469,0.540067620575428,0.5631175376474857,0.5409916993230581,0.543354868888855,0.565499996766448,0.5632556695491076,0.5608689226210117,0.5567001886665821,0.5705738477408886,0.539654690772295,0.5684672575443983,0.5576599352061749,0.5585319045931101,0.5370606854557991,0.5700109116733074,0.5595828763023019,0.013043395933336047,0.5623645298182964,0.5397393413819372,0.5429854556806386,0.5705241898745298,0.5764884019736201
88,Brad Close,Geelong,0.4900796618312597,0.48669995553791523,0.4846641290932894,0.48761843889951706,0.48833283595740795,0.485070226714015,0.4844873193651438,0.4900214225053787,0.48767695762217045,0.48566760309040546,0.484783124178648,0.48557002283632755,0.4856173191219568,0.4868903737515211,0.48796185478568077,0.48919668421149254,0.48492983914911747,0.486586581915617,0.487682469189167,0.4861583821475506,0.4912423323839903,0.4878087155520916,0.4851111304014921,0.489871583878994,0.48408262990415096,0.48875674046576023,0.48858701065182686,0.48697316460311413,0.48772715777158737,0.4875787142664194,0.49109973199665546,0.4925476089119911,0.48634088784456253,0.4909503851085901,0.4927300848066807,0.48572987504303455,0.48605529218912125,0.4892754014581442,0.48553966730833054,0.4896908290684223,0.48886800929903984,0.4884051438421011,0.48533972911536694,0.48737322352826595,0.4855714999139309,0.48457449674606323,0.4874693676829338,0.48583888448774815,0.48412397876381874,0.4862582255154848,0.4873443340882659,0.0022064775475125744,0.48717319406569004,0.4845051907282323,0.48510258153080943,0.4897286068238318,0.4912130993045867
452,Oliver Wiltshire,Geelong,0.44345445558428764,0.44694857113063335,0.4424847215414047,0.44160737842321396,0.44341820292174816,0.4415371771901846,0.4445713944733143,0.44588009268045425,0.4444304760545492,0.4428634215146303,0.448239216580987,0.4433168098330498,0.43945995531976223,0.4455793183296919,0.44199137575924397,0.4420200977474451,0.4377962853759527,0.4429102800786495,0.4465640150010586,0.43752224929630756,0.4432704318314791,0.44350000470876694,0.4442038834095001,0.4379146955907345,0.4392247311770916,0.44199343025684357,0.4444175213575363,0.4480921197682619,0.44382890313863754,0.44309888407588005,0.4478487800806761,0.44125119410455227,0.4414969775825739,0.4415187258273363,0.44503877870738506,0.43736280873417854,0.4407789185643196,0.44555614329874516,0.4430394023656845,0.4456305131316185,0.4450422041118145,0.4401565343141556,0.4443022198975086,0.44682873226702213,0.44044905342161655,0.4409280512481928,0.44266985915601254,0.4453108347952366,0.4430966228246689,0.44070268236100674,0.4430229827389121,0.00270544997898424,0.44309775345027447,0.437820559469983,0.4406496739126742,0.44559001804329457,0.4476642372459173
507,Jack Bowes,Geelong,0.32632724568247795,0.32973082922399044,0.3240686636418104,0.32028832100331783,0.32519723288714886,0.32900930754840374,0.3245606832206249,0.32584046572446823,0.3280850164592266,0.33080979622900486,0.32815083861351013,0.3261891230940819,0.3288240171968937,0.331631638109684,0.32820483669638634,0.3277285974472761,0.3236052058637142,0.3205677215009928,0.32957940362393856,0.32938849180936813,0.3273244872689247,0.3272909689694643,0.3262065965682268,0.33094366267323494,0.3323909342288971,0.33475184068083763,0.32747314497828484,0.33032287284731865,0.3384345415979624,0.32673132233321667,0.337521955370903,0.32912706211209297,0.326179176568985,0.3259877488017082,0.32366688922047615,0.3309476561844349,0.3281237091869116,0.3319558221846819,0.3328927606344223,0.3327765818685293,0.3321312163025141,0.32762101478874683,0.3307321760803461,0.3272103779017925,0.3184843957424164,0.320045730099082,0.32442143000662327,0.329610513523221,0.3219804484397173,0.3286818452179432,0.3279951263591647,0.004102065087273296,0.3281043628230691,0.3203455981053412,0.3243477018363774,0.33169939258135855,0.3343707292713225
521,Jake Kolodjashnij,Geelong,0.32365133985877037,0.3227322269231081,0.32279467955231667,0.3218062222003937,0.3212350159883499,0.3225054405629635,0.32226747646927834,0.3201031554490328,0.322692209854722,0.3241715244948864,0.3210845310240984,0.3229769039899111,0.3203399460762739,0.32390483282506466,0.3229208253324032,0.3234570790082216,0.3210316188633442,0.3211057074368,0.3225223906338215,0.3211313020437956,0.321762390434742,0.32241419330239296,0.32001466304063797,0.3224923685193062,0.322168430313468,0.321805065497756,0.32075907476246357,0.3241338152438402,0.323298092931509,0.32281887345016,0.32305454835295677,0.321435222402215,0.32382896170020103,0.32351713068783283,0.3234397601336241,0.32259047217667103,0.321334533393383,0.3244621977210045,0.31942919827997684,0.3220463879406452,0.3215531874448061,0.321718517690897,0.3244003355503082,0.3222223799675703,0.32088441401720047,0.3214931655675173,0.32570284605026245,0.3219977058470249,0.32427060417830944,0.3231357801705599,0.32237237490713594,0.0013085860306163316,0.32245328091084957,0.32015169752761724,0.3211012815665454,0.3236884628236294,0.3243737406190485
84,Jhye Clark,Geelong,0.30114929750561714,0.29459517635405064,0.2981615401804447,0.2927547637373209,0.30676137283444405,0.2954071406275034,0.29694219678640366,0.2991781011223793,0.2968052215874195,0.2950611896812916,0.29615314677357674,0.29973359778523445,0.29541254974901676,0.2927272114902735,0.29811977595090866,0.29729327000677586,0.2967068552970886,0.2959475852549076,0.3023910094052553,0.2976706884801388,0.3002251535654068,0.2961590439081192,0.2966291792690754,0.30100333504378796,0.29872475005686283,0.29673071578145027,0.2983243018388748,0.3013171497732401,0.30019859224557877,0.30215988121926785,0.30102984607219696,0.2981595192104578,0.29781554266810417,0.29659872874617577,0.29944672621786594,0.29370497912168503,0.2984709832817316,0.3006297517567873,0.2958528194576502,0.29850767739117146,0.30342590622603893,0.29955643229186535,0.29345072619616985,0.2989624347537756,0.3006000407040119,0.29725779592990875,0.29601611010730267,0.2997948154807091,0.2964624706655741,0.29338433034718037,0.29799142859876154,0.002863550676261033,0.2979676593095064,0.2933979414962232,0.2954114192426205,0.30070783066377044,0.3023436281271279
646,Jay Polkinghorne,Geelong,0.19664577208459377,0.19220791943371296,0.19283819757401943,0.1947863232344389,0.19714816100895405,0.19272498227655888,0.19168769009411335,0.1965891681611538,0.19286509230732918,0.19374980963766575,0.19279570132493973,0.1956015471369028,0.1918526403605938,0.19433747418224812,0.1950430367141962,0.19357063435018063,0.19394505210220814,0.19483789056539536,0.19183466397225857,0.19351552240550518,0.195112070068717,0.1972044501453638,0.1954234354197979,0.1970446389168501,0.19184690155088902,0.19512969814240932,0.19673191756010056,0.19631134532392025,0.1970294453203678,0.1963136736303568,0.19342349097132683,0.19779660739004612,0.19205372594296932,0.1969266925007105,0.19552955962717533,0.192432451993227,0.19454076327383518,0.19428447633981705,0.19831347465515137,0.19863486662507057,0.19552960991859436,0.19420385733246803,0.19105404615402222,0.19205405935645103,0.1920611336827278,0.19457131251692772,0.1942389253526926,0.1927443314343691,0.19380403496325016,0.19277452304959297,0.19447393596172333,0.001979702357498924,0.19431097526103258,0.1918371726758778,0.19217724121175705,0.19677262552268804,0.19767521515488623
614,George Stevens,Geelong,0.06457019224762917,0.06452367454767227,0.06388532184064388,0.06529533118009567,0.06518041156232357,0.06326390989124775,0.06471973843872547,0.06318294443190098,0.06434492953121662,0.06712731346487999,0.0634044948965311,0.06299849972128868,0.06438108161091805,0.06505512818694115,0.06378389336168766,0.06448126211762428,0.06488341838121414,0.06357011012732983,0.06736161187291145,0.0632659737020731,0.06598837859928608,0.06382844597101212,0.06453083455562592,0.06279785186052322,0.06383041106164455,0.06323862075805664,0.06448809430003166,0.06484217569231987,0.0647695492953062,0.06387653201818466,0.06431840173900127,0.06393220275640488,0.06370857916772366,0.06430213525891304,0.06333037093281746,0.06280540861189365,0.06408518366515636,0.06386155262589455,0.0625670775771141,0.06454985216259956,0.06512688845396042,0.0659563485532999,0.0617179200053215,0.06592563167214394,0.06362675502896309,0.06386007368564606,0.06428256072103977,0.06640891917049885,0.06524673849344254,0.06364784762263298,0.06429461166262626,0.001114062202212739,0.0642923479899764,0.06279940099455417,0.0632655423656106,0.06519427389092744,0.06632270835340023
570,Rhys Stanley,Geelong,0.06293170154094696,0.05842513218522072,0.06293405592441559,0.0591963455080986,0.06346753239631653,0.06250379234552383,0.05793335661292076,0.060430753976106644,0.062475163489580154,0.06235367804765701,0.06073665991425514,0.0552339069545269,0.06096246466040611,0.06200512498617172,0.05851621553301811,0.05811585113406181,0.056657981127500534,0.05844954401254654,0.05714316666126251,0.06441519409418106,0.05557253956794739,0.0589403361082077,0.06181379780173302,0.06182354316115379,0.06083330884575844,0.060687191784381866,0.05920303240418434,0.06082013621926308,0.060604069381952286,0.0654800534248352,0.06148015335202217,0.06231226772069931,0.05037727206945419,0.06205309182405472,0.062046028673648834,0.06715762615203857,0.05896345153450966,0.06081824749708176,0.06685283035039902,0.06602004170417786,0.06790987402200699,0.06054730340838432,0.0644434466958046,0.05986573174595833,0.05989000201225281,0.06085322052240372,0.059174682945013046,0.06748861819505692,0.06281521916389465,0.059921182692050934,0.06103311844170094,0.0032874163978937995,0.06082672253251076,0.05579505508765578,0.058444441940635444,0.06366559369117021,0.06709514301270246
81,Mitch Knevitt,Geelong,0.05244704149663448,0.05267595127224922,0.05260557681322098,0.052557459101080894,0.05272892117500305,0.053813157603144646,0.05275249294936657,0.05322801321744919,0.05226154252886772,0.05260993726551533,0.05344741232693195,0.05358242057263851,0.05276535078883171,0.053659530356526375,0.05350816436111927,0.053063664585351944,0.05366954952478409,0.051961155608296394,0.052251191809773445,0.05250457301735878,0.053685201331973076,0.05329982563853264,0.05227743647992611,0.05296730808913708,0.05237596668303013,0.05291849374771118,0.05283757857978344,0.05283983610570431,0.05366293527185917,0.052568355575203896,0.052938779816031456,0.05293255299329758,0.05240243673324585,0.05306502617895603,0.05284147709608078,0.05242237448692322,0.05253927409648895,0.052856698632240295,0.053152456879615784,0.052622560411691666,0.0527056772261858,0.052581239491701126,0.05337924137711525,0.053048621863126755,0.05307904630899429,0.05295302905142307,0.053188588470220566,0.05292212590575218,0.052771953865885735,0.05364114046096802,0.052911406904459,0.0004459619933819925,0.05284908786416054,0.05226480078883469,0.0524925489295274,0.0534601095020771,0.05366819360293448
46,Christian Petracca,Gold Coast,10.067172650247812,10.102880243211985,10.145100772380829,10.307580832391977,10.066658953204751,10.181006591767073,10.18903224542737,10.24446371011436,10.174684980884194,10.242827607318759,9.943218315020204,10.229196241125464,10.017514869570732,10.064411256462336,10.11282586120069,10.0210473369807,10.162968872115016,10.161388056352735,10.197815725579858,9.979828299954534,10.050103703513741,10.135517733171582,10.095359217375517,10.102686613798141,9.87069251947105,10.130215283483267,10.110397005453706,9.95316893979907,10.106272732838988,10.20490974187851,9.943318005651236,10.112995509058237,9.88102882169187,10.086420802399516,10.004462014883757,10.07503304257989,10.015978682786226,10.217385914176702,10.110226711258292,9.948358222842216,10.130545208230615,9.949752634391189,10.11182645522058,10.159195855259895,10.081268729642034,10.20501565746963,10.146540094166994,10.092979233711958,10.023136232048273,10.000317567959428,10.09333464615047,0.0976288371810529,10.104576488025486,9.943238751599566,9.996035310946406,10.19086799277924,10.240033177249133
50,Noah Anderson,Gold Coast,8.779521884396672,8.427720723673701,8.881207544356585,8.823420582339168,8.653769748285413,8.675035368651152,8.765439035370946,8.701369553804398,8.782199159264565,8.594571033492684,8.622564662247896,8.676882334053516,8.802434928715229,8.870803814381361,8.70037299580872,8.616896521300077,8.752884894609451,8.731378260999918,8.847839690744877,8.787358032539487,8.435563074424863,8.609448906034231,8.50671011209488,8.47064545750618,8.95953536592424,8.896240472793579,8.601139226928353,8.757212037220597,8.658493235707283,8.802773974835873,8.735677847638726,8.771899482235312,8.654296899214387,8.637166813015938,8.556557578966022,8.711391342803836,8.82443561591208,8.65469709224999,8.464155808091164,8.760789453983307,8.676629586145282,8.705272587016225,8.370107613503933,8.654363058507442,9.001748859882355,8.933991657570004,8.74664062447846,8.770403936505318,8.74801473505795,8.90947206132114,8.709582905732095,0.13961783633073566,8.721384801901877,8.441424584826455,8.5997664745003,8.829327067552134,8.928965140338986
503,Matt Rowell,Gold Coast,8.704352147877216,8.838732123374939,8.681745272129774,8.58789380826056,8.784364700317383,8.720128115266562,8.640989255160093,8.651336750015616,8.572986392304301,8.863606911152601,8.864956993609667,8.711166825145483,8.632668070495129,8.97142829746008,8.769781341776252,8.64258199185133,8.587297577410936,8.718658063560724,8.573999466374516,8.794456161558628,8.873099768534303,8.653175197541714,8.639823894947767,8.716262843459845,8.899699706584215,8.759177044034004,8.774954551830888,8.868912832811475,8.610168315470219,8.588109735399485,8.638425594195724,8.786050327122211,8.684618633240461,8.520359754562378,8.658660065382719,8.725249662995338,8.785386748611927,8.65222042426467,8.751731203868985,8.64986588805914,8.883630549535155,8.849234472960234,8.760870045050979,8.814775884151459,8.790767399594188,8.450546832755208,8.809490451589227,8.679323615506291,8.729379825294018,8.801594745367765,8.722373925596475,0.1085035189099423,8.719393089413643,8.573194072488695,8.627965621694923,8.840927114438266,8.88147173942998
48,Touk Miller,Gold Coast,7.310361672192812,7.438969982787967,7.435575475916266,7.312050582841039,7.3766808826476336,7.256927095353603,7.374737633392215,7.081698326393962,7.279490020126104,7.412309590727091,7.130024865269661,7.225461099296808,7.389284837990999,7.30553956143558,7.373472386971116,7.435032192617655,7.366509722545743,7.224513443186879,7.275589033961296,7.376270884647965,7.211261572316289,7.222584230825305,7.635457007214427,7.456578999757767,7.271814223378897,7.2464205827564,7.3234320320189,7.322676515206695,7.3767131846398115,7.374574908986688,7.414181547239423,7.303176378831267,7.299097374081612,7.398317616432905,7.295388825237751,7.305943315848708,7.197160705924034,7.09576521627605,7.391311727464199,7.455311546102166,7.298687351867557,7.326231002807617,7.31208367459476,7.284254679456353,7.206827746704221,7.288633098825812,7.2292241007089615,7.381793521344662,7.312061578035355,7.522619526833296,7.322801661640406,0.10246806056151839,7.312056080438197,7.143787712603808,7.225263039169833,7.412700829638168,7.456319171758369
49,John Noble,Gold Coast,6.956878695636988,7.015168027952313,6.943410841748118,6.7441216595470905,6.843314630910754,6.861925521865487,7.001065116375685,6.941848214715719,6.952838126569986,6.795694133266807,6.90323487110436,6.742641355842352,6.944174241274595,6.8162995763123035,6.826242156326771,6.883351217955351,6.930694932118058,6.913061551749706,7.110921997576952,7.020305924117565,6.864007884636521,6.940235756337643,6.880032181739807,6.857601871713996,6.89663789793849,6.7835566103458405,6.833572421222925,7.031232440844178,6.877349838614464,6.876834696158767,7.150062393397093,7.114227654412389,7.108349859714508,6.924277143552899,7.094763884320855,6.921028496697545,6.891432881355286,6.9929124265909195,7.098865121603012,6.825625853613019,6.7697748355567455,6.994569538161159,6.925500312820077,6.896604245528579,6.903913605958223,6.99876743927598,6.877453340217471,6.8025447353720665,7.0772718489170074,6.890367835760117,6.924931356906891,0.10154229372346443,6.908487578853965,6.77260009938851,6.826113349059597,7.022589566113427,7.110394709315151
70,Bodhi Uwland,Gold Coast,3.392720140516758,3.390960667282343,3.392663763836026,3.584149908274412,3.4481633491814137,3.32812556438148,3.4402801524847746,3.408483674749732,3.4633974116295576,3.494702098891139,3.45652942545712,3.525292206555605,3.553292701020837,3.532113552093506,3.547792563214898,3.3804842215031385,3.3659330047667027,3.488133130595088,3.4155006613582373,3.5608114171773195,3.486982172355056,3.5221831388771534,3.4218839537352324,3.411920078098774,3.549840984866023,3.4213461689651012,3.4462947882711887,3.4749870970845222,3.5508684422820807,3.4777046889066696,3.4193599838763475,3.533392047509551,3.581126907840371,3.42323774471879,3.6026643961668015,3.3668868355453014,3.448808392509818,3.395307207480073,3.476402297616005,3.5064195338636637,3.483026010915637,3.37572312541306,3.4399156160652637,3.5116792377084494,3.5906385891139507,3.401908878237009,3.5248125474900007,3.477200111374259,3.450717154890299,3.4245875999331474,3.4673471069335937,0.06776828603002227,3.4599634185433388,3.368698274968192,3.39476651048474,3.5482206833399834,3.5835301931854335
57,Ben King,Gold Coast,2.5640580728650093,2.5351532865315676,2.567414676770568,2.5228747986257076,2.5587206687778234,2.509147623553872,2.5339227560907602,2.599532125517726,2.657932374626398,2.5195537265390158,2.5791205391287804,2.587471265345812,2.540578279644251,2.57111425511539,2.5006509963423014,2.55024298094213,2.58259392157197,2.56876977160573,2.6570521406829357,2.5842138566076756,2.5391080249100924,2.5860533006489277,2.5388580542057753,2.5602547377347946,2.541142199188471,2.559458278119564,2.584197176620364,2.5239147003740072,2.578193310648203,2.574898734688759,2.5230714175850153,2.561239266768098,2.54516932182014,2.6454766038805246,2.569283977150917,2.5980281103402376,2.5705203991383314,2.59158624522388,2.556003598496318,2.559468971565366,2.568392939865589,2.614598261192441,2.544905388727784,2.527467105537653,2.6029455307871103,2.5878842808306217,2.5649784356355667,2.5547930151224136,2.5665439665317535,2.5488132648169994,2.5655473347008226,0.03365594909706522,2.564518254250288,2.5202345463167877,2.534896105669439,2.588657991388813,2.6391465436294674
47,Bailey Humphrey,Gold Coast,1.7383771352469921,1.8009276445955038,1.7536751609295607,1.7936268579214811,1.7809199150651693,1.7802895549684763,1.7913997303694487,1.7317618560045958,1.7766954861581326,1.775233255699277,1.7848707549273968,1.7927446831017733,1.7433282788842916,1.7510003354400396,1.809198847040534,1.770062543451786,1.7470162138342857,1.7979228384792805,1.7384286411106586,1.729203537106514,1.7500477489084005,1.7774831485003233,1.7716866955161095,1.777471436187625,1.7691171262413263,1.7714408040046692,1.8105722460895777,1.7843494024127722,1.783578958362341,1.7514409068971872,1.7546356804668903,1.7401480823755264,1.7953434754163027,1.7582022733986378,1.754014553502202,1.796017000451684,1.7756201159209013,1.7655212059617043,1.7477781288325787,1.7664377707988024,1.7836127486079931,1.7105172388255596,1.77647995762527,1.7794908974319696,1.78037903085351,1.8243246581405401,1.7808120176196098,1.7870516628026962,1.7557104900479317,1.751682423055172,1.7703530231118203,0.02324072300136192,1.7754266858100891,1.733117988249287,1.7476188885979353,1.7929290576390922,1.8075032505393027
51,Jarrod Witts,Gold Coast,1.6618136893957853,1.7017686106264591,1.6430775728076696,1.6666550002992153,1.7068820390850306,1.7219537813216448,1.7222985345870256,1.6973249930888414,1.6592339556664228,1.6317308023571968,1.7330611217767,1.652153268456459,1.6877149045467377,1.6579727213829756,1.7317699491977692,1.6860002391040325,1.7304539773613214,1.7566796205937862,1.7115897070616484,1.7218821048736572,1.7394390683621168,1.7728449888527393,1.733978210017085,1.7092190440744162,1.7343545947223902,1.6750809345394373,1.7435224521905184,1.7067178152501583,1.7443641293793917,1.7128968350589275,1.731924470514059,1.7352283019572496,1.7385102026164532,1.672862771898508,1.6295886635780334,1.6936507560312748,1.6798930186778307,1.6673382204025984,1.6991684101521969,1.7340419255197048,1.657339047640562,1.7047602981328964,1.7015397492796183,1.6784246116876602,1.736941946670413,1.6687945630401373,1.7115448135882616,1.7101963013410568,1.7158279977738857,1.7196344621479511,1.7028329039737582,0.03369534280397857,1.7080505415797234,1.6449380904156714,1.6656431663203985,1.7345371995344758,1.7441915855556727
53,Daniel Rioli,Gold Coast,1.400136848911643,1.3962250333279371,1.3860752955079079,1.4315124843269587,1.3377913068979979,1.3995652943849564,1.3711846843361855,1.352431520819664,1.42996396869421,1.43391122110188,1.4894870426505804,1.4543576817959547,1.3799979779869318,1.3890289906412363,1.4852189291268587,1.437209378927946,1.3583337422460318,1.4485393669456244,1.350002883002162,1.4177804309874773,1.415196655318141,1.400341285392642,1.3775245118886232,1.4152752198278904,1.3446218259632587,1.4897875469177961,1.4314952678978443,1.3584980498999357,1.4611846413463354,1.3465903792530298,1.3545440696179867,1.3416097909212112,1.4497219305485487,1.3745904695242643,1.3600173518061638,1.388206658884883,1.4495821557939053,1.411404274404049,1.4685571659356356,1.291717877611518,1.399894354864955,1.3515898045152426,1.452222779393196,1.37595952488482,1.367149956524372,1.370765456929803,1.3892180398106575,1.4114576559513807,1.4309769161045551,1.4162201788276434,1.4008935175836086,0.04449635033524743,1.3997298246249557,1.342227258104831,1.3541025469191372,1.4496113687176257,1.4818032676726578
59,Mac Andrew,Gold Coast,0.9764025658369064,0.971200605854392,0.9624111726880074,0.9531292840838432,0.9562117028981447,0.9805884975939989,0.9469690602272749,0.980078686028719,0.9602752476930618,0.9721129685640335,0.9554142002016306,0.9668340440839529,0.9507639724761248,0.9768397863954306,0.9533577356487513,0.9609320629388094,0.9357801750302315,0.9642530959099531,0.9807266052812338,0.9731702040880919,0.9512277897447348,0.9834504500031471,0.9516610782593489,0.9809842258691788,0.961283203214407,0.9652663376182318,0.9479003213346004,0.9707406759262085,0.9503001440316439,0.9545609932392836,0.9490258917212486,0.9569982588291168,0.9624263234436512,0.9557370934635401,0.9457823615521193,0.9597043916583061,0.9514822736382484,0.9601327683776617,0.963358549401164,0.9676806107163429,0.9550039954483509,0.9522623904049397,0.9811741057783365,0.9483660813421011,0.9449143167585135,0.9471720978617668,0.9549434389919043,0.9701163358986378,0.9491424299776554,0.9347328599542379,0.9600996693596244,0.012196831891097727,0.9583513252437115,0.9450922659412027,0.9488879913520067,0.9738457676935941,0.98093141364865
64,Ben Long,Gold Coast,0.9001260064542294,0.888468686491251,0.936169371008873,0.9102705754339695,0.9848865568637848,0.9106067083775997,0.9563958365470171,0.9563165176659822,0.9399331696331501,0.9102137628942728,0.8954971469938755,0.8687292207032442,0.9371459931135178,0.9250595141202211,0.9208806101232767,0.902764555066824,0.8792210184037685,0.9007622320204973,0.9463657476007938,0.9469209350645542,0.9013852458447218,0.9041130095720291,0.9330763686448336,0.9003133978694677,0.8821992482990026,0.8968629222363234,0.8996057864278555,0.9021176360547543,0.8981401100754738,0.88995760679245,0.9165711160749197,0.8723200913518667,0.9010928440839052,0.9070635885000229,0.9486967716366053,0.925158966332674,0.9429781809449196,0.9011647589504719,0.8883631955832243,0.9167470894753933,0.9522633347660303,0.9328573681414127,0.9444488249719143,0.9568614922463894,0.9412620607763529,0.9507009070366621,0.9306884296238422,0.9167674668133259,0.9128509499132633,0.9510104637593031,0.9186874679476023,0.025904316024410567,0.9147110329940915,0.8798315555322915,0.8965774752106518,0.9472920849081129,0.9563795761764049
63,Joel Jeffrey,Gold Coast,0.8748630899935961,0.8713893890380859,0.8677870891988277,0.883287537842989,0.8732643537223339,0.8722367659211159,0.8577897511422634,0.9029683396220207,0.8514497019350529,0.8763289488852024,0.8764920122921467,0.879087571054697,0.8675810042768717,0.8999834656715393,0.88593989610672,0.8700551670044661,0.8704588674008846,0.8582354858517647,0.8973193634301424,0.8748508840799332,0.8831852674484253,0.8714993596076965,0.8970958366990089,0.8620626050978899,0.8664453458040953,0.8572746105492115,0.8784195967018604,0.8912350106984377,0.8737511541694403,0.8763992600142956,0.8932501543313265,0.8684015106409788,0.8686362355947495,0.8682609386742115,0.8824559897184372,0.8844974115490913,0.897862084209919,0.8830464351922274,0.86858587898314,0.8750754650682211,0.8630737382918596,0.8972117286175489,0.8684221636503935,0.8920384850353003,0.8664584048092365,0.880812581628561,0.8852944523096085,0.8687431961297989,0.8696769718080759,0.8583068568259478,0.876176948286593,0.01238664240450835,0.8743010191246867,0.8578811267577112,0.866455675477162,0.891402936834842,0.8977508264500648
55,Sam Collins,Gold Coast,0.8517572749406099,0.8578974101692438,0.8495637606829405,0.8640388119965792,0.8597278539091349,0.8608006350696087,0.8488389253616333,0.8616209514439106,0.8692095261067152,0.8614447899162769,0.8678656220436096,0.8975599613040686,0.8597815912216902,0.8729071710258722,0.860518166795373,0.8567914757877588,0.8338601924479008,0.8602874055504799,0.8638081252574921,0.8661692850291729,0.8652434144169092,0.8828659355640411,0.8631650824099779,0.854777380824089,0.8552506230771542,0.8625452481210232,0.8748712614178658,0.8402126356959343,0.8589858692139387,0.8633410297334194,0.8582842499017715,0.8315175380557775,0.8619844354689121,0.894707566127181,0.8390480484813452,0.8785572852939367,0.8552422374486923,0.8719426654279232,0.8525360822677612,0.8706036359071732,0.8636954668909311,0.8457040041685104,0.865146066993475,0.8614959716796875,0.8522389996796846,0.8447746820747852,0.8954705987125635,0.8734796307981014,0.8431616760790348,0.8495242223143578,0.8610964496061206,0.013917436959083845,0.8611227124929428,0.8392867888603359,0.8493809952512383,0.8721442470978945,0.8922800318617373
561,Ned Moyle,Gold Coast,0.8375131618231535,0.802743149921298,0.8225012626498938,0.8310103472322226,0.8344035912305117,0.8400845788419247,0.8363932259380817,0.8573990389704704,0.8578517436981201,0.8356280140578747,0.8130642175674438,0.8323792144656181,0.8073048088699579,0.8584935404360294,0.8260965161025524,0.8520785849541426,0.8560488615185022,0.8317908700555563,0.8297860231250525,0.8211286012083292,0.8438066896051168,0.8397556096315384,0.8408676888793707,0.8279230240732431,0.8365668952465057,0.8318370450288057,0.8354289885610342,0.830146960914135,0.8264965247362852,0.8711877278983593,0.8640106935054064,0.8335563018918037,0.7942380253225565,0.8297069687396288,0.8366853483021259,0.8359199576079845,0.8321053646504879,0.8209396805614233,0.8736382238566875,0.8116136565804482,0.8169464319944382,0.8537287041544914,0.8131802510470152,0.8346186000853777,0.8081349711865187,0.8395400997251272,0.8041887879371643,0.8412578087300062,0.8363567721098661,0.7980541717261076,0.8329227465391159,0.017810107701570817,0.8339799465611577,0.8030395057145506,0.8131560000497848,0.8524234598670155,0.8628796771261841
74,Zeke Uwland,Gold Coast,0.7656428087502718,0.7734678518027067,0.7353200819343328,0.7411288749426603,0.7582150027155876,0.8052033372223377,0.7614906374365091,0.7646483387798071,0.8048604317009449,0.743181997910142,0.792961223050952,0.7630366943776608,0.779755424708128,0.7874423861503601,0.7367497328668833,0.766417196020484,0.7841817289590836,0.7904327064752579,0.7442978639155626,0.7816917710006237,0.7643345221877098,0.7953135501593351,0.7452323827892542,0.745992312207818,0.7634443491697311,0.7641031444072723,0.7547972109168768,0.7800914496183395,0.798296732828021,0.7803017012774944,0.7759704478085041,0.7529410272836685,0.776237154379487,0.8088911175727844,0.7837479915469885,0.80041429027915,0.7647314108908176,0.7726930230855942,0.7891667112708092,0.7920341249555349,0.8080184888094664,0.7455770466476679,0.7636741250753403,0.7412786576896906,0.7436322700232267,0.7568488605320454,0.7796521596610546,0.8135157059878111,0.7923721801489592,0.8006651997566223,0.7726819087937474,0.02161519217129678,0.7730804374441504,0.7411595804058015,0.7455050119012594,0.7959370353370905,0.8074413827341049
65,Leonardo Lombard,Gold Coast,0.7657082304358482,0.7583787031471729,0.7617516666650772,0.7620078939944506,0.7657728306949139,0.7532325275242329,0.7579302377998829,0.7652601003646851,0.7580584939569235,0.7542000152170658,0.7618401199579239,0.7627741042524576,0.7490219995379448,0.7611509505659342,0.7571661472320557,0.751755103468895,0.7649736851453781,0.7530240342020988,0.758436132222414,0.7644433099776506,0.7641766145825386,0.7677591312676668,0.7563665453344584,0.7605760991573334,0.7639690637588501,0.7507208306342363,0.7639053631573915,0.7637890558689833,0.761090312153101,0.7623684275895357,0.7631531078368425,0.7631108053028584,0.7554426062852144,0.7719665970653296,0.763680825009942,0.7596644926816225,0.7504637576639652,0.7662352994084358,0.7584017440676689,0.7669535409659147,0.7453543581068516,0.7571901176124811,0.7692159600555897,0.7663482613861561,0.7524462975561619,0.7585135791450739,0.7544651310890913,0.7629119455814362,0.7641456797719002,0.7520015109330416,0.7600654669478536,0.0057670701950314545,0.7614513086155057,0.7505164576228708,0.7531889524199069,0.7653537595495582,0.7675939852558077
69,Wil Powell,Gold Coast,0.6802717726677656,0.6723465900868177,0.6654805336147547,0.6615171525627375,0.6704895235598087,0.6670175138860941,0.6677793450653553,0.6668838150799274,0.6768234334886074,0.6760378610342741,0.6801538374274969,0.6736733317375183,0.6728118844330311,0.6672422029078007,0.6779219210147858,0.6803221423178911,0.6672514695674181,0.6774723306298256,0.6790022104978561,0.662532351911068,0.6724610477685928,0.6753054857254028,0.6728732567280531,0.6709855105727911,0.6775540187954903,0.6666751075536013,0.6839355882257223,0.6777124814689159,0.6856642067432404,0.6843725517392159,0.678132176399231,0.6763457115739584,0.6636037360876799,0.6716467514634132,0.6632942017167807,0.6664473861455917,0.6832392830401659,0.6734766010195017,0.6757186986505985,0.6738089881837368,0.6722417734563351,0.6689911857247353,0.6740929409861565,0.6854088436812162,0.6730541959404945,0.6840699762105942,0.6670709438621998,0.6676165387034416,0.6731122806668282,0.675625154748559,0.6735513569414615,0.006330457899579194,0.6732944408431649,0.663357656262815,0.6669895708356053,0.680178485892713,0.6843105237558484
501,Jed Walter,Gold Coast,0.5820389203727245,0.5792518090456724,0.5873900931328535,0.580407477915287,0.5875250324606895,0.5864655841141939,0.581365367397666,0.5860597640275955,0.5876499395817518,0.5842202734202147,0.5810683630406857,0.5809579342603683,0.5878856386989355,0.5830723252147436,0.582752687856555,0.5853484217077494,0.5846118554472923,0.579953795298934,0.5847639944404364,0.5842993501573801,0.5881965346634388,0.5962726324796677,0.5832035169005394,0.5838664267212152,0.5841526836156845,0.5786505378782749,0.5882148370146751,0.5850999485701323,0.5911210048943758,0.5851782876998186,0.5835939683020115,0.5805974248796701,0.5848745666444302,0.5853831171989441,0.581252796575427,0.5863984804600477,0.5800364725291729,0.5913285203278065,0.5853201225399971,0.5889745261520147,0.5800927486270666,0.5869391355663538,0.5823736675083637,0.5831014849245548,0.5748776979744434,0.5863156020641327,0.5819161459803581,0.5878567863255739,0.5852307043969631,0.5799067206680775,0.5843483145534992,0.0037471756214313297,0.5844556028023362,0.5793860659282655,0.580557725964114,0.5876931705512106,0.5906809767521918
67,Ethan Read,Gold Coast,0.5236270315945148,0.5180161781609058,0.5210382733494043,0.5262589529156685,0.5407240316271782,0.5390242785215378,0.509173396974802,0.5246787313371897,0.5339990090578794,0.525515541434288,0.5301316734403372,0.5191589407622814,0.5311799868941307,0.5352852698415518,0.5207733381539583,0.5283606015145779,0.5272141974419355,0.5255942512303591,0.5253802388906479,0.5202635936439037,0.5312439706176519,0.5181084852665663,0.5313484650105238,0.5257827378809452,0.5235544554889202,0.522281626239419,0.5288513526320457,0.5204185526818037,0.5278940424323082,0.5416104178875685,0.522912347689271,0.5394710507243872,0.5197424832731485,0.5292954333126545,0.5141391754150391,0.5183225981891155,0.5331976674497128,0.5129159949719906,0.5211579278111458,0.5273300372064114,0.5291013494133949,0.5210102833807468,0.5322921723127365,0.5274138413369656,0.5141398180276155,0.5274740923196077,0.5347999669611454,0.5200517755001783,0.5242498777806759,0.5180239770561457,0.5256706698611379,0.007257634928183184,0.5255548963323236,0.5141393071506173,0.5189841451644898,0.5324814207963645,0.539379462422803
68,Sam Clohesy,Gold Coast,0.3946424778550863,0.3962560407817364,0.3933617752045393,0.39954359643161297,0.40254609286785126,0.40069522708654404,0.4002796299755573,0.39835456013679504,0.3992361966520548,0.3911990988999605,0.3960091955959797,0.3982381001114845,0.39948305673897266,0.395899998024106,0.3952260222285986,0.40074414759874344,0.39897253923118114,0.3984839618206024,0.40050581097602844,0.39462391287088394,0.4009278230369091,0.3920981679111719,0.40439070761203766,0.3966024126857519,0.40178872272372246,0.3956617843359709,0.3959056083112955,0.3938026614487171,0.3971021994948387,0.3934301994740963,0.39809543266892433,0.40090976655483246,0.39302187971770763,0.3969064801931381,0.3910034094005823,0.40067275799810886,0.3961552865803242,0.40409216843545437,0.3917631730437279,0.39822121150791645,0.39385522343218327,0.39426786080002785,0.39902200549840927,0.39855716936290264,0.39776087179780006,0.39454093016684055,0.4043259508907795,0.400692667812109,0.39566860534250736,0.3919268399477005,0.39734942838549614,0.0034893212677687504,0.3974315356463194,0.39179672475904226,0.39372481689602135,0.4007054514735937,0.40377522294409574
82,Oscar Adams,Gold Coast,0.3783136811107397,0.3772838916629553,0.377762196585536,0.37983916886150837,0.37976584769785404,0.3812563642859459,0.3782136309891939,0.3799871765077114,0.3768162690103054,0.3793617244809866,0.37749266996979713,0.38136097230017185,0.379712900146842,0.3792303502559662,0.3823204543441534,0.3783219289034605,0.37952992878854275,0.3781748078763485,0.37845860980451107,0.3787930142134428,0.38043237663805485,0.3792025502771139,0.38062210008502007,0.37875725142657757,0.3786783292889595,0.37853608280420303,0.38182572089135647,0.37819274701178074,0.382025895640254,0.38019656017422676,0.38182087428867817,0.37598290853202343,0.3785910829901695,0.3806897737085819,0.3755074068903923,0.3824536111205816,0.3782627172768116,0.38182681426405907,0.3760586455464363,0.3814810588955879,0.3769146129488945,0.37868097238242626,0.37894894555211067,0.3794465232640505,0.3727860748767853,0.37857347168028355,0.38017877005040646,0.37959638237953186,0.3780557047575712,0.3767344318330288,0.3790611197054386,0.0019268193795209574,0.37887097988277674,0.37599843461997806,0.3774490353036672,0.3812782273609191,0.3819850839581341
66,Lachie Weller,Gold Coast,0.3684251718223095,0.3712956868112087,0.3747746851295233,0.36767691746354103,0.37058859691023827,0.3654629569500685,0.36990428157150745,0.36957895942032337,0.3670812174677849,0.36723610013723373,0.3650216478854418,0.36849914491176605,0.3714116159826517,0.3682759180665016,0.3697235193103552,0.37025125324726105,0.3617691174149513,0.37010442465543747,0.37894327007234097,0.3764984402805567,0.3744125235825777,0.37190347723662853,0.3699905127286911,0.37500243075191975,0.3698553182184696,0.3691751416772604,0.372044475749135,0.36774116568267345,0.37480919249355793,0.3824107125401497,0.372110266238451,0.3715564124286175,0.3647225946187973,0.37902214005589485,0.36858004331588745,0.37383123114705086,0.36735993064939976,0.37229677848517895,0.37573977559804916,0.3676531948149204,0.376042976975441,0.37288742139935493,0.3685150630772114,0.37024110555648804,0.3666905350983143,0.3761075288057327,0.37497730925679207,0.3647777885198593,0.3701204005628824,0.3725472670048475,0.37091295279562475,0.004097686525313718,0.37018075305968523,0.36482777968980373,0.36733405007235703,0.37498255964927374,0.37844207996502516
72,Will Graham,Gold Coast,0.3485388532280922,0.3466018009930849,0.350282896310091,0.34903594106435776,0.3479370567947626,0.353954941034317,0.34923332557082176,0.3495306521654129,0.34946812503039837,0.3512227926403284,0.34611666575074196,0.3477713633328676,0.35102040506899357,0.3478466868400574,0.35114096850156784,0.347898431122303,0.3499519247561693,0.3479147497564554,0.350761104375124,0.34666140191257,0.35388509556651115,0.3529123105108738,0.34923166781663895,0.35242925956845284,0.3486875779926777,0.34697934426367283,0.34952644631266594,0.3489273712038994,0.35053574852645397,0.3516856711357832,0.3544959742575884,0.34852790646255016,0.3525690585374832,0.3484923392534256,0.3483765348792076,0.35359220765531063,0.351293021813035,0.34905361756682396,0.3485481031239033,0.3493947256356478,0.34444477409124374,0.35271375998854637,0.3519359212368727,0.3515023346990347,0.34488070383667946,0.3543189484626055,0.34634849801659584,0.34789895080029964,0.34581620432436466,0.3459508437663317,0.34955690015107393,0.0025268722499169833,0.34923249669373035,0.3458438054099679,0.34691289431229233,0.3524584775529802,0.3539406227134168
435,Charlie Ballard,Gold Coast,0.338138310238719,0.3384783770889044,0.3417731076478958,0.3359035663306713,0.33981298841536045,0.3409088458865881,0.34130098670721054,0.34216632694005966,0.3418882340192795,0.33874155953526497,0.3405049182474613,0.3379208706319332,0.3397632911801338,0.3391974661499262,0.3399890959262848,0.3420119062066078,0.3398792762309313,0.33995600417256355,0.3483207579702139,0.3399479817599058,0.342089856043458,0.3425882365554571,0.34182317554950714,0.3401490170508623,0.34027881920337677,0.3383452445268631,0.3404028322547674,0.34336208552122116,0.3415808491408825,0.3428985271602869,0.34019709564745426,0.34503958746790886,0.3387725856155157,0.3438221402466297,0.33802274614572525,0.3418598882853985,0.3411310836672783,0.3406844027340412,0.3369315695017576,0.34061888977885246,0.3391302712261677,0.3419848680496216,0.3427414745092392,0.33871500939130783,0.3407709151506424,0.34216068498790264,0.3391632530838251,0.3420126195997,0.34246128238737583,0.3388343323022127,0.3407035442814231,0.002134686637242296,0.3405619040131569,0.3379417551122606,0.33873601055517794,0.34222797262854876,0.343727829027921
500,Lachlan Gulbin,Gold Coast,0.33783777244389057,0.3369840122759342,0.3386237472295761,0.33958367444574833,0.33828907646238804,0.34096536971628666,0.3389168158173561,0.33631083369255066,0.34144614823162556,0.3371263574808836,0.3367713838815689,0.3383161034435034,0.33754910714924335,0.3371238559484482,0.338000463321805,0.3405449464917183,0.335017928853631,0.3354024887084961,0.34015824273228645,0.3386238720268011,0.3419885188341141,0.33766815066337585,0.3410218860954046,0.33796287700533867,0.3401414845138788,0.336104741320014,0.3417677413672209,0.3406352028250694,0.33897329680621624,0.3369109872728586,0.33730114810168743,0.33637838810682297,0.33912460692226887,0.33935938216745853,0.34075593017041683,0.3376503102481365,0.3397479187697172,0.3393977452069521,0.3347693830728531,0.3367539048194885,0.33847094886004925,0.3401550315320492,0.3392099179327488,0.3401212599128485,0.33869327791035175,0.34036845341324806,0.3413100093603134,0.3475816063582897,0.33964329212903976,0.3365010730922222,0.3388012135028839,0.002208483642356975,0.33865857496857643,0.3355464504938573,0.3367677307575941,0.34066043484024705,0.34170181477442385
625,Beau Addinsall,Gold Coast,0.30707593634724617,0.30872428975999355,0.308156156912446,0.3053611870855093,0.31082866713404655,0.3050747010856867,0.3114193808287382,0.31150634959340096,0.31062439270317554,0.30666674114763737,0.311299841850996,0.30738573148846626,0.30695344135165215,0.3065298590809107,0.30637853778898716,0.3072580248117447,0.3048128206282854,0.30873469077050686,0.31294041499495506,0.30734110809862614,0.3106916043907404,0.3074649032205343,0.310383727774024,0.3116052784025669,0.30842120572924614,0.30803273990750313,0.30929721146821976,0.30533231794834137,0.31037693470716476,0.3036795277148485,0.3077921159565449,0.30966242030262947,0.3077334500849247,0.30995495803654194,0.3036198616027832,0.31045182794332504,0.30520528368651867,0.3110071737319231,0.30486614629626274,0.3053585533052683,0.30455451644957066,0.30901677906513214,0.30928121879696846,0.3096383884549141,0.3064196612685919,0.31095792911946774,0.3079788014292717,0.311799680814147,0.3086956050246954,0.30792995542287827,0.30824564103037116,0.002374440965363737,0.3080944484099746,0.3046074688062072,0.3053530701156706,0.31085568288899956,0.3115849979966879
61,Alex Davies,Gold Coast,0.2724511940032244,0.2898557074368,0.28827311657369137,0.28073944710195065,0.2719662543386221,0.2988680601119995,0.28684270195662975,0.29596932232379913,0.27375983633100986,0.2925574854016304,0.2751991003751755,0.2893804721534252,0.2866818308830261,0.27150170505046844,0.2724723145365715,0.28865074925124645,0.2821902111172676,0.28571271151304245,0.2871312126517296,0.28302876837551594,0.2821697574108839,0.2744343150407076,0.2793860975652933,0.2873092219233513,0.29693226516246796,0.2825525514781475,0.2755830232053995,0.28901256434619427,0.2673989161849022,0.2873931620270014,0.28601436875760555,0.2717131357640028,0.2908255811780691,0.27721322514116764,0.28821276873350143,0.27423357404768467,0.2901029046624899,0.29372032545506954,0.3089180327951908,0.2895057424902916,0.28192318975925446,0.29085569828748703,0.29300712794065475,0.2826498616486788,0.27197202295064926,0.28868752904236317,0.2778530903160572,0.27296444587409496,0.2838357239961624,0.29304363951087,0.2840531212836504,0.008687967918644277,0.285863540135324,0.2717650250717998,0.27359359972551467,0.291211371794343,0.2967348618805408
605,Jai Murray,Gold Coast,0.2829338815063238,0.28486311063170433,0.28160496056079865,0.2831602841615677,0.28399076126515865,0.28159146942198277,0.28404540941119194,0.28385949693620205,0.28596094250679016,0.284164784476161,0.28469715267419815,0.2835494037717581,0.28292274102568626,0.2850434947758913,0.2848020866513252,0.28258634358644485,0.2840189207345247,0.2840509880334139,0.2854091767221689,0.28452186845242977,0.28472767397761345,0.28462671115994453,0.28671326860785484,0.28326669335365295,0.28474145010113716,0.2823732867836952,0.284811282530427,0.2827652804553509,0.28535259515047073,0.2843039333820343,0.284859299659729,0.28227059356868267,0.28569673001766205,0.2844508867710829,0.28046896308660507,0.2840507496148348,0.28265276178717613,0.28463546372950077,0.28208764642477036,0.28565988689661026,0.28115502186119556,0.2832703609019518,0.2837778124958277,0.2851965855807066,0.2814712580293417,0.2837938070297241,0.2853697892278433,0.28551243990659714,0.2849063500761986,0.2831174824386835,0.2839172668382525,0.0013692074252581068,0.28405086882412434,0.2814959013648331,0.28254181471467016,0.2852291915807873,0.2856891771778464
409,Jake Rogers,Gold Coast,0.2728751692920923,0.27316427044570446,0.2764895763248205,0.2740199416875839,0.27547530829906464,0.27346957474946976,0.27625603415071964,0.2767672445625067,0.2759911045432091,0.2742117661982775,0.27630889415740967,0.2723583970218897,0.27467394061386585,0.2757888715714216,0.27282957918941975,0.27671524696052074,0.2739257328212261,0.2721596099436283,0.28044926933944225,0.274557376280427,0.2757052481174469,0.27823624946177006,0.27363214269280434,0.27565479837358,0.2734948452562094,0.273308789357543,0.27565345726907253,0.27329625003039837,0.2751562185585499,0.2755963336676359,0.2758727613836527,0.27680298686027527,0.2710669543594122,0.27537624537944794,0.27486357651650906,0.27421105466783047,0.2765638418495655,0.27656818740069866,0.27243140898644924,0.27451284416019917,0.27176141180098057,0.2769861612468958,0.2761250901967287,0.2737737447023392,0.2705197799950838,0.27707394398748875,0.2740624751895666,0.2737183216959238,0.2781910188496113,0.27253800071775913,0.2748248210176826,0.001964164128785,0.27476875856518745,0.27184304242022334,0.27286564096063376,0.27659892284870147,0.27796201850287616
577,Nick Holman,Gold Coast,0.24046766757965088,0.2439427748322487,0.24200361780822277,0.24010777659714222,0.24562923051416874,0.24460317753255367,0.24426070787012577,0.2443947996944189,0.24565181881189346,0.24428319744765759,0.2417082116007805,0.24295955710113049,0.24430671893060207,0.2442260179668665,0.24434997886419296,0.23984113335609436,0.24319612607359886,0.24127362482249737,0.24515672959387302,0.2451171651482582,0.24593213386833668,0.24352747946977615,0.2479238025844097,0.24236267246305943,0.24600948952138424,0.2426614724099636,0.2446652203798294,0.24466622620821,0.2451146524399519,0.2445483822375536,0.24425010941922665,0.24329954758286476,0.24256223067641258,0.24223320744931698,0.23915870673954487,0.24798699282109737,0.2389416377991438,0.24573499336838722,0.2438891939818859,0.24484995938837528,0.2411481775343418,0.2418651431798935,0.24437057971954346,0.24427663534879684,0.24019575491547585,0.24427050910890102,0.24266411736607552,0.2461565714329481,0.24535606801509857,0.2426974903792143,0.24361598379909993,0.0020552494354533503,0.2442554086446762,0.23989579522050916,0.2416173829641193,0.24541315897740423,0.2461264196410775
568,Ben Jepson,Gold Coast,0.15865258872509003,0.1595604307949543,0.15972115099430084,0.15845464169979095,0.15834751538932323,0.15886256098747253,0.1597359385341406,0.16089736483991146,0.16199782490730286,0.1609687004238367,0.1610948983579874,0.15849552303552628,0.15877568908035755,0.16170847602188587,0.15835550613701344,0.15911728143692017,0.15793754532933235,0.1580429244786501,0.1618680190294981,0.15959115885198116,0.1611629333347082,0.16167627461254597,0.1595668736845255,0.1603271458297968,0.16032307222485542,0.1578052006661892,0.15964090637862682,0.16053131967782974,0.1593520250171423,0.15996629372239113,0.1603118684142828,0.1614314280450344,0.16123894415795803,0.16112551093101501,0.15727310255169868,0.16094796732068062,0.1585589163005352,0.16120677441358566,0.15873774513602257,0.15951240248978138,0.1586256790906191,0.16008353792130947,0.1603884920477867,0.16229002736508846,0.16038298606872559,0.16079569980502129,0.16056382469832897,0.16092747822403908,0.16040803119540215,0.15845785103738308,0.1599161210283637,0.0012593086861873498,0.1600249158218503,0.1579591480549425,0.15848764958791434,0.1611720961201936,0.16183531271293758
638,Dylan Patterson,Gold Coast,0.1389820370823145,0.13982686214148998,0.1394563689827919,0.1387238148599863,0.13970667123794556,0.13897010870277882,0.13926054909825325,0.1389449555426836,0.1401890441775322,0.139420161023736,0.140651386231184,0.138631422072649,0.13864279724657536,0.14068903774023056,0.13951636292040348,0.13896891474723816,0.139123959466815,0.14065336249768734,0.14039011299610138,0.13933169841766357,0.13923523388803005,0.13946888409554958,0.13998665288090706,0.1400957889854908,0.14034142531454563,0.13808375969529152,0.13938509859144688,0.13987904600799084,0.1398938801139593,0.139024643227458,0.13981054350733757,0.13920442759990692,0.13968489691615105,0.14053723774850368,0.1385352462530136,0.1396734081208706,0.13931678608059883,0.1401787642389536,0.1380508653819561,0.13946835324168205,0.13760371319949627,0.13920380547642708,0.1409211978316307,0.1405421979725361,0.1391008496284485,0.1402396447956562,0.13889441452920437,0.13967267982661724,0.1387852281332016,0.14074780978262424,0.13951292220503092,0.0007514550839199093,0.13946236111223698,0.13817631443962455,0.13887159457243978,0.14035160103999078,0.1406817243155092
549,Jamarra Ugle-Hagan,Gold Coast,0.0929651465266943,0.09393767453730106,0.09626169875264168,0.09608358144760132,0.0942786242812872,0.0951424166560173,0.09346138127148151,0.09658139944076538,0.09436327777802944,0.09535744413733482,0.09718607738614082,0.09264642931520939,0.09511434659361839,0.09411930106580257,0.09356608614325523,0.09549433179199696,0.09401194006204605,0.09445812366902828,0.09399157389998436,0.09443479962646961,0.09749812446534634,0.09463694132864475,0.09311295300722122,0.09454315155744553,0.09493840113282204,0.09170838631689548,0.09139261394739151,0.09381372109055519,0.09466356970369816,0.09656409546732903,0.09407998435199261,0.0918194130063057,0.09478505700826645,0.0981440618634224,0.09458204731345177,0.09617495350539684,0.09645935706794262,0.09512832947075367,0.09540906734764576,0.095378702506423,0.0939648412168026,0.09389551170170307,0.09687371365725994,0.09538514725863934,0.09469296038150787,0.0976036787033081,0.09652644954621792,0.09693093039095402,0.09596932865679264,0.09314152598381042,0.09486545346677304,0.0015334936355051341,0.09467826504260302,0.09198895134963095,0.09354420282505453,0.09653431754373014,0.0974341548141092
77,Jy Farrar,Gold Coast,0.07947476767003536,0.07906362973153591,0.07916483283042908,0.07959875278174877,0.0795705895870924,0.07956359721720219,0.08029416017234325,0.08050037547945976,0.07996541820466518,0.07965721189975739,0.07913657650351524,0.07949510961771011,0.07937148027122021,0.0796237550675869,0.07983428612351418,0.07951343432068825,0.07980199716985226,0.07961136288940907,0.07912254892289639,0.07850241102278233,0.07971757464110851,0.07990845292806625,0.07938696071505547,0.07950853183865547,0.0794126596301794,0.07877482287585735,0.0792608205229044,0.07952354289591312,0.07913847081363201,0.07949805445969105,0.07945832423865795,0.0799694824963808,0.07878994010388851,0.07952526211738586,0.07946962490677834,0.07875345833599567,0.07953429780900478,0.08020645007491112,0.07953346706926823,0.07869953103363514,0.07987892627716064,0.07947307825088501,0.07896566949784756,0.07939454540610313,0.0787772424519062,0.07968629524111748,0.07996370270848274,0.07911762595176697,0.079289136454463,0.07880081795156002,0.07944566134363412,0.00042458482465060056,0.07949658203870058,0.07875783806666732,0.07904315604269505,0.07984361591562629,0.0801578717213124
651,Caleb Lewis,Gold Coast,0.04577527195215225,0.04562130942940712,0.044716762378811836,0.0454164519906044,0.046083563938736916,0.04487902484834194,0.04507705569267273,0.04546763561666012,0.04510568268597126,0.0450131893157959,0.045895377174019814,0.04557336866855621,0.04514969326555729,0.04575853981077671,0.0454895980656147,0.04507174529135227,0.04512495920062065,0.04560208134353161,0.04525464214384556,0.045091887935996056,0.04520653747022152,0.045373037457466125,0.04529040493071079,0.04538348317146301,0.04524007812142372,0.04560557007789612,0.04563312605023384,0.04557826370000839,0.04571851156651974,0.04526853561401367,0.04574720375239849,0.044853243976831436,0.045659590512514114,0.04547637514770031,0.04521398805081844,0.0456081572920084,0.04525737836956978,0.04555101506412029,0.04483479633927345,0.045009590685367584,0.04513954930007458,0.04531518369913101,0.045991817489266396,0.04540877789258957,0.04533163271844387,0.04561321437358856,0.04567708075046539,0.045569345355033875,0.044545432552695274,0.0452753733843565,0.04537088271230459,0.00032729018109008866,0.04537826031446457,0.04483857810497284,0.04507594581879675,0.045663245972245935,0.04587075560353696
93,Clayton Oliver,Greater Western Sydney,12.000919476151466,11.894044369459152,11.718354921787977,11.99948232807219,11.865792710334063,11.610208738595247,12.009800616651773,11.833609445020556,11.96029425598681,11.458193197846413,11.629773350432515,11.607340671122074,11.812694903463125,11.777069410309196,11.63139628060162,11.991836274042726,11.773024141788483,11.899771574884653,11.839695671573281,11.588622266426682,11.628971299156547,11.880953067913651,12.010648457333446,11.778939850628376,11.822325257584453,11.751253545284271,11.858505012467504,12.043513894081116,11.62687861546874,11.798829102888703,12.030803434550762,11.979199644178152,11.857043975964189,12.009966768324375,11.859931416809559,11.909307193011045,11.807547794654965,11.864296309649944,11.727164277806878,11.886611562222242,11.935912162065506,12.107866631820798,11.701423456892371,11.69612511433661,11.79056265950203,11.930188231170177,11.653042957186699,11.773242484778166,11.677240604534745,11.710660794749856,11.820217603631317,0.14497128814567312,11.827967351302505,11.607928624954075,11.648518801780417,11.993434299334883,12.026671664221212
94,Finn Callaghan,Greater Western Sydney,8.187334384769201,8.276439633220434,8.246012339368463,8.17121802456677,8.106447421014309,8.267792722210288,8.223807075992227,8.302830589935184,7.97240243293345,8.465673746541142,8.362326690927148,8.356642343103886,8.010629545897245,8.283267199993134,8.180781470611691,8.207769263535738,8.104663632810116,8.398228731006384,8.12761576473713,8.269683372229338,8.292196428403258,8.252441063523293,8.194431465119123,8.169191177934408,8.115947794169188,8.174614410847425,8.366745378822088,7.979499828070402,8.395771119743586,7.95570850558579,8.061031561344862,8.366707559674978,8.028810579329729,8.299552261829376,8.19874657317996,8.39858939871192,8.33899849280715,8.163985246792436,8.36770924180746,8.19217087700963,8.258280985057354,8.115937074646354,8.16232549212873,8.267790906131268,8.23226217739284,8.33104189671576,8.194444311782718,8.25791690684855,8.18844629637897,8.33546593412757,8.223566546626389,0.12004557770193257,8.228034626692533,7.985881420224905,8.113953737037257,8.357830371798947,8.39772492069751
99,Toby Greene,Greater Western Sydney,7.03395483084023,7.014863755553961,7.184360196813941,7.000287028029561,6.98993855714798,6.9311732314527035,6.937153432518244,7.076045153662562,7.217843294143677,7.182863583788276,7.020944617688656,7.243416143581271,6.980116333812475,7.187915587797761,7.1082759369164705,6.9118347484618425,7.201898930594325,7.073878515511751,7.088177558034658,7.162979397922754,7.047665612772107,7.076145110651851,7.168167585507035,7.247690066695213,6.827738963067532,7.1254383977502584,6.919009815901518,7.038834182545543,7.019497729837894,7.068288991227746,6.9025680255144835,6.919973477721214,7.156698495149612,7.063435485586524,7.143236342817545,7.198975609615445,7.022516660392284,6.932836228981614,6.933887859806418,7.010018056258559,7.1705770958215,7.080186579376459,7.1012654565274715,6.992534913122654,7.10716019757092,7.1169946901500225,7.281284874305129,7.003101576119661,7.1056976448744535,7.174779074266553,7.070082512684166,0.10525532011124741,7.074961834587157,6.913305637286976,6.936470927821472,7.18317637591064,7.238173709446564
103,Lachie Ash,Greater Western Sydney,6.190062794834375,6.188501922413707,6.186982331797481,6.144814284518361,6.185163881629705,6.088849233463407,6.100603874772787,6.029293244704604,6.212085023522377,5.992090653628111,6.196050189435482,6.109683213755488,6.079208945855498,6.252175983041525,6.239717191085219,6.277803981676698,6.3429054245352745,6.250347772613168,6.341028293594718,6.128211982548237,6.099962025880814,6.110820410773158,6.138655938208103,6.150356745347381,6.321994116529822,6.0958287715911865,6.2465090453624725,6.073632227256894,6.248282536864281,6.373649563640356,6.309646639972925,6.2557517141103745,6.310191489756107,6.113733541220427,6.1752925999462605,6.166845919564366,6.249707469716668,6.27286771684885,6.215627361088991,6.227838890627027,6.220521040260792,6.229128258302808,6.177583372220397,6.152898559346795,6.22068808414042,6.088555280119181,6.347743757069111,6.16353908739984,6.1879042740911245,6.238291501998901,6.194392563253641,0.08634639466762467,6.189282358624041,6.0747754545696075,6.100469728354365,6.27389939619787,6.342520612692461
92,Jake Stringer,Greater Western Sydney,5.065726695582271,5.089509790763259,5.045603968203068,5.002809166908264,5.041677758097649,5.072898196056485,5.0094109028577805,5.0356177650392056,4.969530524685979,5.078798644244671,5.071433752775192,5.021400196477771,5.04930335842073,5.007295574992895,5.05524393171072,5.052487986162305,5.046774892136455,5.053947549313307,4.986255569383502,5.024202756583691,5.092365730553865,5.019564718008041,4.945526897907257,5.027981113642454,4.993114277720451,5.0535692647099495,5.059642741456628,5.069574266672134,5.070994041860104,5.054762598127127,5.046173015609384,4.9536586701869965,5.010082317516208,5.0005634762346745,5.041618941351771,5.013408085331321,5.056331343948841,5.042552229017019,5.089626852422953,5.084273112937808,5.028202835470438,4.9491666574031115,5.029961373656988,5.056969186291099,5.000818584114313,4.999850990250707,5.017581455409527,5.105312515050173,5.038614986464381,5.028129395097494,5.035198413096368,0.0370823556930396,5.04164834972471,4.956912400359288,5.000765266567469,5.071085941441357,5.089602854782715
96,Lachie Whitfield,Greater Western Sydney,4.826534990221262,4.71432239562273,4.883818004280329,4.89880851469934,4.799163989722729,4.773074626922607,4.873991725966334,4.869846811518073,4.89465600438416,4.73276680894196,4.828904727473855,4.838313564658165,4.863481240347028,4.852794475853443,4.816256111487746,4.744078479707241,4.692048076540232,4.787806684151292,4.882960990071297,4.726373922079802,4.789678486064076,4.800487929955125,4.708677176386118,4.919075485318899,4.8057836052030325,4.8294957280159,4.692093163728714,4.728161668404937,4.764377562329173,4.870250778272748,4.764789579436183,4.708397209644318,4.876480542123318,4.813672607764602,4.896182995289564,4.820284081622958,4.81072011962533,4.757818283513188,4.769642546772957,4.748608283698559,4.767563678324223,4.772653318941593,4.897668939083815,4.934686161577702,4.83085011318326,4.709361867979169,4.843757204711437,4.8515664357692,4.887586047872901,4.714682873338461,4.807701132372022,0.06678319019973859,4.812196363694966,4.708454602826387,4.7277880294229835,4.883140106040984,4.898574901698157
95,Stephen Coniglio,Greater Western Sydney,2.175127901136875,2.1703731156885624,2.0837355330586433,2.1986857913434505,2.0914283394813538,2.2442686427384615,2.213231522589922,2.1551991887390614,2.2067264281213284,2.2404361739754677,2.1377522107213736,2.2780309729278088,2.160092579200864,2.1664020009338856,2.180494751781225,2.219655329361558,2.1958690602332354,2.1858232505619526,2.1904927287250757,2.145782243460417,2.2332212012261152,2.1611709631979465,2.278300952166319,2.1732763778418303,2.179961344227195,2.252366777509451,2.145231243222952,2.166186850517988,2.1721919141709805,2.2380823772400618,2.217267479747534,2.0991474986076355,2.14653136767447,2.1042670756578445,2.1309968549758196,2.212683252990246,2.1317464895546436,2.21317526884377,2.083306632936001,2.138574320822954,2.1908585112541914,2.2296614926308393,2.1491675693541765,2.1313194781541824,2.203499073162675,2.173921886831522,2.1441612411290407,2.1255034040659666,2.1743182484060526,2.178722657263279,2.176368551403284,0.0471092028550908,2.1741200676187873,2.0930107671022413,2.1316572441719472,2.221746617484838,2.250706659881398
124,Phoenix Gothard,Greater Western Sydney,1.3381876200437546,1.362650042399764,1.3220841698348522,1.3854549024254084,1.3988567665219307,1.452102730050683,1.4735311511904001,1.3769870642572641,1.3102672044187784,1.361433770507574,1.4212040286511183,1.3462842386215925,1.3831420913338661,1.33864189311862,1.382840996608138,1.4082102812826633,1.3345102611929178,1.3535304833203554,1.3670801185071468,1.4498356077820063,1.4221832007169724,1.3662260826677084,1.323521351441741,1.358835194259882,1.399090839549899,1.3394533209502697,1.3048162516206503,1.3940732646733522,1.3637793362140656,1.4382000211626291,1.4119879491627216,1.4412995371967554,1.4603828508406878,1.3008118383586407,1.4215641506016254,1.295907260850072,1.3568294942378998,1.3248217664659023,1.4086665473878384,1.3337233662605286,1.3416205085814,1.3712731637060642,1.4047881532460451,1.487076848745346,1.3393346089869738,1.3632455319166183,1.426546236500144,1.3975272234529257,1.4070022348314524,1.357359979301691,1.3785756707191468,0.046789965987242346,1.3691766411066055,1.3059336969442665,1.3343458001520485,1.4230950751956553,1.4586854260787367
104,Kieren Briggs,Greater Western Sydney,1.1889241505414248,1.1593479420989752,1.1773450262844563,1.149817744269967,1.1513404231518507,1.1283930577337742,1.0971533078700304,1.1629582345485687,1.1323599331080914,1.186146218329668,1.1725262459367514,1.110375925898552,1.2325424645096064,1.1100499499589205,1.178594671189785,1.160357054322958,1.1042991429567337,1.111969554796815,1.1776783000677824,1.1234405059367418,1.1304385401308537,1.1580860242247581,1.1053130608052015,1.1133027337491512,1.2202528454363346,1.1079239323735237,1.129265695810318,1.1263016071170568,1.168043777346611,1.200890427455306,1.1656645312905312,1.1684454064816236,1.1774972006678581,1.097513284534216,1.0844973102211952,1.1107086595147848,1.1923151165246964,1.1162470616400242,1.1528862304985523,1.159403771162033,1.126613050699234,1.2068548873066902,1.0867796558886766,1.1429107021540403,1.1231742035597563,1.1814078316092491,1.0846620984375477,1.0938289165496826,1.109106371179223,1.0743518695235252,1.1426061331480741,0.03854381745038688,1.1376353176310658,1.085096197715029,1.1051011519748717,1.179182621717453,1.2056321730371564
121,Connor Idun,Greater Western Sydney,1.1361522674560547,1.100118862465024,1.1344018802046776,1.108670525252819,1.1591108571738005,1.0991077404469252,1.1184797380119562,1.1358412820845842,1.12010589055717,1.1186733078211546,1.127404186874628,1.1204536408185959,1.1179954688996077,1.0932787507772446,1.140698192641139,1.1308244317770004,1.139911100268364,1.0802528467029333,1.1645994260907173,1.0972786918282509,1.064782291650772,1.1119782235473394,1.1099445465952158,1.132659874856472,1.1041200142353773,1.1343770418316126,1.0904175750911236,1.1615118607878685,1.1371057257056236,1.1220579352229834,1.1289736032485962,1.1460048407316208,1.1456525698304176,1.1354071274399757,1.1284535359591246,1.1075998451560736,1.0866299662739038,1.1338064447045326,1.0905649531632662,1.1299851275980473,1.128268538042903,1.1449443865567446,1.1159937717020512,1.098956897854805,1.1282293684780598,1.088394083082676,1.1222130004316568,1.1114913038909435,1.112140979617834,1.0815826021134853,1.119552142471075,0.02199767318072501,1.1212557880207896,1.082617311766371,1.0964427041485905,1.1376920489892364,1.1564241238031536
102,Harvey Thomas,Greater Western Sydney,0.9994781706482172,1.0083695389330387,1.05834542773664,1.0427628979086876,1.0514982119202614,1.023215763270855,1.0643801279366016,1.0248589031398296,1.0563312452286482,1.0304941069334745,1.0324519220739603,1.0377461574971676,1.0734389703720808,1.019916808232665,1.0304580740630627,1.0475107952952385,1.0277198255062103,1.0331806242465973,1.0403626896440983,1.0300574116408825,1.0367699582129717,1.0683925170451403,1.0438687317073345,1.052243772894144,1.0454690605401993,1.0589983854442835,1.0418985020369291,1.0790448766201735,1.0302114579826593,1.04052391089499,1.0095286313444376,1.0240089409053326,1.0388472732156515,1.007426556199789,1.039280941709876,1.0319299101829529,1.046900663524866,1.072627680376172,1.0540615785866976,1.059700597077608,1.0234267581254244,1.0202034078538418,1.0267072785645723,1.0640815012156963,1.0780876614153385,0.9934154395014048,1.0158153381198645,1.0424237307161093,1.0441761501133442,1.0325901601463556,1.0391047808900475,0.01983729846880294,1.0390641074627638,1.0076198676601051,1.0225861809886991,1.0591451476756484,1.0732726559229195
525,Brent Daniels,Greater Western Sydney,0.9764126110821962,0.9643322974443436,0.9772869516164064,1.0190423838794231,0.9736956935375929,0.988192992284894,0.9668000862002373,0.9748701695352793,0.9472821690142155,1.0096410643309355,0.9402873031795025,1.0394360721111298,0.9689046405255795,0.9740436878055334,0.9444094728678465,0.9177805855870247,0.9473073109984398,0.9264621958136559,0.9458135329186916,0.9345330931246281,1.0032342951744795,0.9508409835398197,0.9849046599119902,0.9430000148713589,0.964194169268012,0.9841745924204588,0.9974730387330055,0.96971614100039,0.9611332472413778,1.009705364704132,0.9995949938893318,0.9861025922000408,0.9191028960049152,0.9486042205244303,0.8964766450226307,0.9633045513182878,0.9720569383352995,0.9130759462714195,0.902429822832346,0.918468002229929,0.9561725128442049,0.9597794655710459,1.018686817958951,1.007364111021161,1.0293896347284317,0.9418233595788479,0.9556179605424404,0.930475827306509,0.9774354416877031,0.9947217311710119,0.9659118858352304,0.033044398777900594,0.9655661918222904,0.9140403973311186,0.9336851245686412,1.0003556078579277,1.0189694928657262
524,Aaron Cadman,Greater Western Sydney,0.8886477891355753,0.8250322602689266,0.8469349965453148,0.8447912707924843,0.826088011264801,0.8116325214505196,0.8344966359436512,0.8473846483975649,0.8286371789872646,0.82564895786345,0.8389022927731276,0.8272319845855236,0.8400897160172462,0.8409830797463655,0.814195254817605,0.87109250202775,0.8452453259378672,0.8518464248627424,0.8568185474723577,0.8057898879051208,0.8309218436479568,0.8597770519554615,0.8556449227035046,0.8383560236543417,0.8503596317023039,0.8400866407901049,0.8487542867660522,0.8669962100684643,0.8294769525527954,0.8744815569370985,0.8594631254673004,0.8862491250038147,0.8469177708029747,0.8594721276313066,0.8294126782566309,0.8471300452947617,0.8637454695999622,0.8276470731943846,0.839726135134697,0.8517653997987509,0.8227593936026096,0.8968996629118919,0.8240161128342152,0.843583581969142,0.8368587028235197,0.8363122064620256,0.8285461645573378,0.830126479268074,0.8976045716553926,0.8068030253052711,0.8440276651829481,0.021217717070392297,0.8405363978818059,0.8121578817907721,0.8259962491039187,0.8606064512431622,0.8881560629885643
98,Joe Fonti,Greater Western Sydney,0.7913709133863449,0.8088252190500498,0.8063192516565323,0.8044294137507677,0.8155090566724539,0.8089584279805422,0.826630424708128,0.8207775913178921,0.8060947395861149,0.79823237657547,0.809480968862772,0.7913987897336483,0.817621611058712,0.8175324592739344,0.7932604812085629,0.7901066914200783,0.8132291231304407,0.8048304431140423,0.8089563380926847,0.7975494638085365,0.8072533253580332,0.8186905514448881,0.807613292708993,0.8147643953561783,0.8131695277988911,0.8118982724845409,0.8126100357621908,0.8154120519757271,0.8016024716198444,0.8156282287091017,0.801144490018487,0.8337402530014515,0.8065517414361238,0.8074980117380619,0.8030293695628643,0.8112589195370674,0.8131443448364735,0.8243297152221203,0.7987139523029327,0.8069710545241833,0.8310521095991135,0.8049272075295448,0.8098619990050793,0.8356984462589025,0.812749894335866,0.8144674841314554,0.7894737385213375,0.8332072179764509,0.8144375383853912,0.8025267478078604,0.8100908034667372,0.010897149801448975,0.8092196984216571,0.791376628037542,0.8006365076359362,0.8178450195994228,0.8327654207590968
109,Harry Himmelberg,Greater Western Sydney,0.7524400372058153,0.7577472999691963,0.7476696111261845,0.7469799686223269,0.7517839875072241,0.7582757622003555,0.7545094676315784,0.7557870279997587,0.755679439753294,0.7478429172188044,0.7504492476582527,0.7501028124243021,0.7566750030964613,0.7457881011068821,0.7528080157935619,0.7533620353788137,0.7459940891712904,0.7531645111739635,0.7571056541055441,0.7523472141474485,0.763158343732357,0.750652464106679,0.7571703903377056,0.7524517811834812,0.7581971101462841,0.7545684073120356,0.7498946990817785,0.7605420928448439,0.7578731756657362,0.7597930673509836,0.7559978775680065,0.757221395149827,0.7451465297490358,0.7507517132908106,0.7436133679002523,0.7486734539270401,0.7477590795606375,0.755317285656929,0.7495888415724039,0.7560809683054686,0.7545031253248453,0.7537219244986773,0.7493308074772358,0.7537030167877674,0.7507551852613688,0.7585857436060905,0.7477796077728271,0.7545153554528952,0.7557449322193861,0.7530954964458942,0.7530539888516068,0.004389590927513973,0.7532632732763886,0.7458303286600858,0.7478296855445952,0.7573313092570751,0.7595455659832805
115,Jayden Laverde,Greater Western Sydney,0.6723085846751928,0.6748994290828705,0.6710456404834986,0.6850230414420366,0.6765163484960794,0.6789198070764542,0.6740455012768507,0.6844254098832607,0.6805925127118826,0.6770887952297926,0.6784070003777742,0.6674110628664494,0.673175236210227,0.6793107073754072,0.6699089948087931,0.6669454239308834,0.6600595824420452,0.6856727581471205,0.6914258170872927,0.6761005204170942,0.6991058625280857,0.6868728455156088,0.67961953766644,0.6759070567786694,0.6739006601274014,0.6968450602144003,0.6744381692260504,0.6780602969229221,0.6749354060739279,0.6772926673293114,0.6750064846128225,0.6780456863343716,0.676142442971468,0.6737608090043068,0.6788256764411926,0.6924855764955282,0.675214258953929,0.6888977289199829,0.6775109805166721,0.6839039735496044,0.6672777496278286,0.674271697178483,0.6776010803878307,0.6750214267522097,0.6805626656860113,0.6835693418979645,0.6746907364577055,0.6812054459005594,0.6711759399622679,0.6714157462120056,0.6779369036853313,0.007438752555511542,0.676802571862936,0.6673050788417458,0.6721219814363867,0.6845503148790449,0.69226832581684
120,Callum Brown,Greater Western Sydney,0.6568239498883486,0.6569994296878576,0.6518693529069424,0.6397821828722954,0.6651898883283138,0.665632750838995,0.6692760698497295,0.666644848883152,0.676036125048995,0.6637220606207848,0.6564850583672523,0.6682984922081232,0.6680409908294678,0.6747359931468964,0.6444609463214874,0.6564763952046633,0.6704063042998314,0.6718589756637812,0.6615205127745867,0.6622192244976759,0.6609901562333107,0.6664546579122543,0.6458579637110233,0.6471807844936848,0.654193103313446,0.6529892645776272,0.6385786514729261,0.6605419255793095,0.65717913210392,0.6508092042058706,0.6572672221809626,0.6584059651941061,0.6593511383980513,0.6627371329814196,0.6582706496119499,0.660271605476737,0.6547739040106535,0.6642290893942118,0.6572633944451809,0.6474070809781551,0.655702494084835,0.6814802028238773,0.6483989004045725,0.6514924075454473,0.6673164218664169,0.6705772709101439,0.6564792580902576,0.6523949895054102,0.6618766225874424,0.6570162400603294,0.6592793277278542,0.009045826432236224,0.658338307403028,0.6447473348863423,0.6513496180474758,0.6680948086176067,0.6741462045628577
526,Toby Bedford,Greater Western Sydney,0.6538274493068457,0.658232131972909,0.6572250537574291,0.6451801732182503,0.6579436454921961,0.6580269169062376,0.6507323365658522,0.6495227981358767,0.6653441023081541,0.6524808164685965,0.6609637085348368,0.6518498156219721,0.6678152419626713,0.652801563963294,0.652272742241621,0.6623461320996284,0.6556329540908337,0.6542318277060986,0.6652014870196581,0.6587300673127174,0.6446991339325905,0.6425229106098413,0.6530671622604132,0.668386047706008,0.6527858041226864,0.6568734869360924,0.6573511194437742,0.6526574417948723,0.6677098795771599,0.6623588241636753,0.6627596504986286,0.6642509289085865,0.6720683611929417,0.6650060247629881,0.6563054975122213,0.6556833107024431,0.64447339810431,0.662210263311863,0.6582268737256527,0.6551880892366171,0.6559379920363426,0.6509739458560944,0.6774045564234257,0.6435012314468622,0.6537069287151098,0.679977010935545,0.6569536086171865,0.6573788449168205,0.6616482324898243,0.6607813145965338,0.6576641767844558,0.007939837822989248,0.6570893311873078,0.6445196739491075,0.6516667588409036,0.6650468763746321,0.6713134869281202
111,Ryan Angwin,Greater Western Sydney,0.6406666170805693,0.6577602420002222,0.6519336998462677,0.6550997346639633,0.6461515929549932,0.6485889535397291,0.6539302114397287,0.6533782165497541,0.6488773729652166,0.6482806336134672,0.647513285279274,0.6479989923536777,0.6390601601451635,0.657100236043334,0.6509674433618784,0.643328595906496,0.6489242278039455,0.6521308571100235,0.6528017222881317,0.6423302870243788,0.6528293937444687,0.647837083786726,0.6469835005700588,0.654979458078742,0.6518367249518633,0.6511529497802258,0.6432353872805834,0.652196915820241,0.6489200033247471,0.6522035822272301,0.6472665332257748,0.640674663707614,0.6491668932139874,0.6425402853637934,0.641520356759429,0.6443675868213177,0.6550345867872238,0.6492698024958372,0.6546560227870941,0.6424529626965523,0.6446255762130022,0.6573563385754824,0.6441382337361574,0.6450481005012989,0.6454278454184532,0.64898850210011,0.6416380051523447,0.6566684953868389,0.6572558153420687,0.6479695308953524,0.6489012843742966,0.00507992257624451,0.6488986881449819,0.640848030783236,0.6430901109799743,0.6547236207630486,0.6572239215858281
523,Nicholas Madden,Greater Western Sydney,0.6231847275048494,0.5792040843516588,0.5711245983839035,0.6007390841841698,0.6111022103577852,0.604476111009717,0.5824186019599438,0.6068509630858898,0.6408495921641588,0.6153074502944946,0.5654342267662287,0.594560295343399,0.64211012609303,0.5911010839045048,0.5921006612479687,0.6041107829660177,0.5967826750129461,0.5629168413579464,0.5915839057415724,0.6030896287411451,0.6319537125527859,0.5981524884700775,0.5728037301450968,0.5938105694949627,0.5973602384328842,0.5859338697046041,0.6102796029299498,0.5521688535809517,0.6368195302784443,0.6139580328017473,0.6061606463044882,0.5632629450410604,0.6406431999057531,0.6162364929914474,0.6012835875153542,0.5499543510377407,0.6310231387615204,0.6435669455677271,0.6099415738135576,0.6158788967877626,0.5758762396872044,0.5739518720656633,0.5949507672339678,0.6146754752844572,0.5903202407062054,0.613104535266757,0.6052938774228096,0.5786837860941887,0.6103887278586626,0.6230576112866402,0.600610863789916,0.023330263980440122,0.6021866081282496,0.5629877926129848,0.5754740468543023,0.6230841785762459,0.6408072817511856
110,Max Gruzewski,Greater Western Sydney,0.6004307139664888,0.5888877585530281,0.5885177031159401,0.5827697832137346,0.5900423098355532,0.5825722105801105,0.5975249875336885,0.5852713659405708,0.5971212051808834,0.5895250048488379,0.5798283386975527,0.5840711165219545,0.5870263185352087,0.5947652347385883,0.5767309032380581,0.5808380860835314,0.5818923320621252,0.6127792410552502,0.5890959277749062,0.5910651199519634,0.6008519902825356,0.5820035859942436,0.5859076529741287,0.579014003276825,0.5764807164669037,0.5863895509392023,0.5884712189435959,0.5925545021891594,0.5931550543755293,0.5945242494344711,0.5995713900774717,0.6022070273756981,0.5924987029284239,0.59888930991292,0.5916269682347775,0.6116240918636322,0.5876748412847519,0.5992337185889482,0.5769322924315929,0.5964925177395344,0.5910430122166872,0.5947288312017918,0.5832816287875175,0.5883513428270817,0.5856586471199989,0.5957932192832232,0.5782640501856804,0.6120762694627047,0.5920352712273598,0.6043965052813292,0.5908497564867139,0.00897209473965945,0.5897836573421955,0.5772053027711809,0.5819803339224309,0.5993042919300496,0.61014243661426
97,Jake Riccardi,Greater Western Sydney,0.5091122090816498,0.5256927460432053,0.5195561498403549,0.5748714301735163,0.5242179688066244,0.528974300250411,0.5052902810275555,0.5288304872810841,0.5286620426923037,0.5220485422760248,0.5304779130965471,0.5203610397875309,0.5514719653874636,0.6030092351138592,0.5341544132679701,0.5190231800079346,0.5231873411685228,0.5282978061586618,0.518750749528408,0.5142223760485649,0.5085103195160627,0.5099998190999031,0.5275878123939037,0.5114188473671675,0.5786169823259115,0.5079150944948196,0.5275923479348421,0.5226055085659027,0.5091560948640108,0.5515470243990421,0.5485274735838175,0.5182623602449894,0.5493691954761744,0.5203592423349619,0.5344468168914318,0.5375698674470186,0.5227582603693008,0.5464537758380175,0.5152964182198048,0.515439672395587,0.5476917251944542,0.5417496431618929,0.505411921069026,0.5304169077426195,0.5371978133916855,0.5110138487070799,0.5304899886250496,0.5428542327135801,0.5445310473442078,0.5123109426349401,0.529546263627708,0.01952719200605144,0.5266402792185545,0.5080371156241745,0.5113342026472092,0.5467125072535127,0.5700899269897489
127,Xavier O'Halloran,Greater Western Sydney,0.44850569032132626,0.4552088510245085,0.45507202856242657,0.4531496483832598,0.4549560025334358,0.4515298679471016,0.4586067534983158,0.4523804057389498,0.44996573962271214,0.45444277487695217,0.4537611920386553,0.4540294725447893,0.45977482199668884,0.455098956823349,0.45558243058621883,0.44842396676540375,0.45210936293005943,0.45347979851067066,0.4514278471469879,0.4549621772021055,0.4564756490290165,0.4531999919563532,0.4502965547144413,0.4496885593980551,0.4499776754528284,0.4536504168063402,0.4575027599930763,0.45635009929537773,0.45429281890392303,0.45643559098243713,0.45874470844864845,0.4571410305798054,0.45154098980128765,0.4496688488870859,0.45423959754407406,0.4554895106703043,0.45285430178046227,0.45568584464490414,0.44749523140490055,0.4522374328225851,0.45799692906439304,0.45325193367898464,0.4591859448701143,0.45150540955364704,0.45519485510885715,0.45706500113010406,0.454130407422781,0.45160334929823875,0.45604145526885986,0.4555850960314274,0.45393991567194464,0.0029325845941855265,0.4541850024834275,0.448744137827307,0.4511914070285857,0.4565988236181438,0.45871642768383025
600,Sam Taylor,Greater Western Sydney,0.40160158835351467,0.39394029788672924,0.39247589372098446,0.40641328878700733,0.40195227786898613,0.4079966302961111,0.4082121476531029,0.3946512658149004,0.3921405076980591,0.3996402081102133,0.40524764731526375,0.3940891921520233,0.38783171586692333,0.403326652944088,0.4033406712114811,0.4130860008299351,0.4021072965115309,0.3932081963866949,0.39055670239031315,0.3955053277313709,0.40648362785577774,0.39369594119489193,0.4067975003272295,0.40180230885744095,0.39325872622430325,0.4208350256085396,0.3985508866608143,0.39768679812550545,0.3955842312425375,0.41231104731559753,0.39358595944941044,0.39380190148949623,0.39465039782226086,0.39268696308135986,0.3951624594628811,0.3921241108328104,0.39309604838490486,0.40163854882121086,0.395828315988183,0.3914789240807295,0.40237980149686337,0.39717018604278564,0.3957329373806715,0.41281834803521633,0.3913285881280899,0.4041532725095749,0.3992228824645281,0.40136285312473774,0.39977580681443214,0.40532096289098263,0.39935297742486,0.007001390784863489,0.39811884239315987,0.391359406998381,0.393010549556464,0.40642798965238036,0.41271435138769447
105,Harry Rowston,Greater Western Sydney,0.35096986405551434,0.34838963113725185,0.34853802248835564,0.35017678886651993,0.3469150923192501,0.3521528076380491,0.35181886330246925,0.35253673046827316,0.34960406087338924,0.3521735593676567,0.3555416874587536,0.3497508093714714,0.3495447039604187,0.35295483097434044,0.34814649261534214,0.34966075979173183,0.349096916615963,0.3485638443380594,0.3481687046587467,0.351703517138958,0.35413727909326553,0.35167019814252853,0.3538860958069563,0.3503654822707176,0.3485116995871067,0.3475413881242275,0.3483618199825287,0.3538357689976692,0.34819150157272816,0.35159723460674286,0.35019223019480705,0.34960934333503246,0.3515407145023346,0.3531491179019213,0.3498974908143282,0.3452334310859442,0.35136534087359905,0.34996078349649906,0.3466679733246565,0.35275641828775406,0.35208287462592125,0.35214642249047756,0.3474704548716545,0.3500560224056244,0.3474650513380766,0.3518845122307539,0.3494837712496519,0.3533564358949661,0.35325730219483376,0.352595679461956,0.35049355052411557,0.002264613222329753,0.3501845095306635,0.34702783391810954,0.348186737017706,0.3527978865392506,0.3538757788110524
119,Jack Buckley,Greater Western Sydney,0.29980468191206455,0.30378052592277527,0.3035969268530607,0.3054048866033554,0.3024764768779278,0.3054288886487484,0.30274983681738377,0.30333072505891323,0.3055960200726986,0.29882712103426456,0.3043952900916338,0.30245350301265717,0.30389524810016155,0.3031537737697363,0.30280485562980175,0.3004480879753828,0.2991528660058975,0.3054014164954424,0.30393592081964016,0.30250639095902443,0.3078327402472496,0.30480492673814297,0.3037081975489855,0.3020502179861069,0.30404324643313885,0.3031008206307888,0.3050713427364826,0.3064359612762928,0.3026025351136923,0.3055532146245241,0.3056069277226925,0.30543811433017254,0.3061865996569395,0.3022140562534332,0.3024335838854313,0.3046556618064642,0.3024837002158165,0.30506517365574837,0.3019738458096981,0.30548802576959133,0.3049944806843996,0.3053072337061167,0.3012120220810175,0.30523917078971863,0.30167529731988907,0.3028709143400192,0.301765039563179,0.3037994783371687,0.30790903978049755,0.30479347333312035,0.30370916970074174,0.0019826774516777815,0.303790002129972,0.2999365801550448,0.3020342562012374,0.30544854582101105,0.3063848421443254
114,Jesse Hogan,Greater Western Sydney,0.28807712346315384,0.2887548413127661,0.2912342417985201,0.29073757864534855,0.2853031735867262,0.29239814914762974,0.28926878795027733,0.2932886518537998,0.2911048121750355,0.28983971662819386,0.28781282156705856,0.28972478955984116,0.2908698469400406,0.2929003518074751,0.2869932558387518,0.28952297754585743,0.2869509141892195,0.28920168429613113,0.286083759739995,0.2944150436669588,0.29806577414274216,0.28817372769117355,0.28688641265034676,0.29575546830892563,0.28726469725370407,0.293406467884779,0.2891214396804571,0.28918086737394333,0.28908845968544483,0.2906988523900509,0.29344218224287033,0.2899733539670706,0.2916498202830553,0.2909678164869547,0.2887432500720024,0.2840329688042402,0.2891419231891632,0.2864368725568056,0.28804027661681175,0.2840815130621195,0.29194278083741665,0.29029757156968117,0.28877393901348114,0.29232563078403473,0.28738744743168354,0.29126028902828693,0.286052031442523,0.29323309659957886,0.29102761670947075,0.2908582706004381,0.2898358668014407,0.002855392652043823,0.2896238835528493,0.2854566894471645,0.28698440643399953,0.2925031095035374,0.29421560707502065
592,Conor Stone,Greater Western Sydney,0.28559143655002117,0.2841998189687729,0.2860551420599222,0.28499401547014713,0.283586835488677,0.28714396245777607,0.28544861264526844,0.287605756893754,0.28873536735773087,0.28769013471901417,0.2850297410041094,0.28714486956596375,0.285989623516798,0.2844484746456146,0.28272940032184124,0.2841739300638437,0.2859851699322462,0.28794804587960243,0.28730858489871025,0.2856239601969719,0.2868258599191904,0.2864895910024643,0.2861364521086216,0.28685531951487064,0.2853399235755205,0.2861512769013643,0.28618691489100456,0.28583349101245403,0.2907528281211853,0.28893149830400944,0.28617775067687035,0.2849995419383049,0.28499596007168293,0.2847665287554264,0.2834150232374668,0.28604556806385517,0.28716512955725193,0.28660173527896404,0.2845578994601965,0.28866541758179665,0.2845610920339823,0.28515533171594143,0.28350197710096836,0.2863802034407854,0.2850733008235693,0.2911362498998642,0.28527674078941345,0.28793658316135406,0.28425486385822296,0.28417195565998554,0.2860354978218675,0.0017534104212240252,0.2859873967245221,0.2835193730704486,0.28440800999104976,0.28762339185923336,0.28889129146002235
129,Josaia Delana,Greater Western Sydney,0.2771549727767706,0.2801910601556301,0.278937965631485,0.2803334854543209,0.27852593548595905,0.28320954740047455,0.2792617306113243,0.2815993446856737,0.2789837922900915,0.28036200255155563,0.28100190311670303,0.2811473570764065,0.27898674830794334,0.28202344849705696,0.28032470867037773,0.2811847273260355,0.28109551407396793,0.2783830650150776,0.2758825961500406,0.2794101219624281,0.2831203732639551,0.28217638656497,0.2823698353022337,0.2814403772354126,0.28001148253679276,0.28165098652243614,0.28124038130044937,0.28330322727560997,0.2803130652755499,0.2822726331651211,0.28345462679862976,0.2787453942000866,0.28543381206691265,0.27993185445666313,0.2790161557495594,0.27640909142792225,0.2842062469571829,0.2816501632332802,0.2781373616307974,0.2829251531511545,0.28221755288541317,0.28141774237155914,0.2773045599460602,0.2821610886603594,0.2779663112014532,0.2825155556201935,0.27864668518304825,0.2813163697719574,0.2778901029378176,0.2824223190546036,0.28059333845973017,0.0020885056750223735,0.2810487085953355,0.27718563814647496,0.27849607555754485,0.28244180549681186,0.2834235898964107
530,Toby McMullin,Greater Western Sydney,0.26114846393465996,0.2619848642498255,0.2607047017663717,0.2610430680215359,0.2605087496340275,0.26414080150425434,0.25877973809838295,0.25982092693448067,0.26280897483229637,0.25958871096372604,0.260628754273057,0.25908039323985577,0.2615145742893219,0.2585446126759052,0.2596398964524269,0.2605288755148649,0.2592655774205923,0.2629102487117052,0.26206295005977154,0.259153688326478,0.26412953063845634,0.26237204670906067,0.2605425640940666,0.2614247817546129,0.261131102219224,0.26126427203416824,0.2643319573253393,0.2653268612921238,0.2626222502440214,0.2636819798499346,0.2639943715184927,0.26439759507775307,0.2605751845985651,0.2603186499327421,0.2600136399269104,0.2624015361070633,0.2610584031790495,0.26142197102308273,0.261648703366518,0.2665441296994686,0.2634664047509432,0.2619950268417597,0.25981027260422707,0.26134079694747925,0.25995342805981636,0.2624476905912161,0.26163759641349316,0.26295058988034725,0.26127450354397297,0.2598108444362879,0.2615549451112747,0.0017813475790489353,0.2613076502457261,0.2590954187326133,0.2598107249233872,0.2635114599466324,0.26438413933850824
636,Riley Hamilton,Greater Western Sydney,0.21915394254028797,0.21917869336903095,0.22051571682095528,0.22002714686095715,0.21887686289846897,0.22107820585370064,0.21872718632221222,0.2209382727742195,0.22043017484247684,0.22159686125814915,0.22085952199995518,0.21899470128118992,0.2200741171836853,0.2220410294830799,0.22064549289643764,0.22087980248034,0.22149386070668697,0.22086483426392078,0.2217453084886074,0.2197206448763609,0.22095440700650215,0.22088715620338917,0.22080743499100208,0.22174986451864243,0.21970568597316742,0.22015774250030518,0.22044050507247448,0.22153878770768642,0.22149276733398438,0.22186010144650936,0.22061122953891754,0.22184730879962444,0.2185835763812065,0.21992548927664757,0.22167230769991875,0.22008560597896576,0.2210117131471634,0.22228308208286762,0.2208909224718809,0.22313593327999115,0.2210904285311699,0.2213015854358673,0.220025222748518,0.22087872587144375,0.22023973427712917,0.22095666453242302,0.22009222209453583,0.2219292763620615,0.22135026566684246,0.2214263118803501,0.2207354887202382,0.000978760344987158,0.22087926417589188,0.21890101976692677,0.21988267679698764,0.2216875648647547,0.22201812009327113
529,Leek Aleer,Greater Western Sydney,0.20398340560495853,0.20301109924912453,0.2074379064142704,0.20710766687989235,0.20421545393764973,0.20818145759403706,0.20306538604199886,0.2039384339004755,0.2049147617071867,0.2044035866856575,0.20715490728616714,0.2034552525728941,0.2062669713050127,0.2043862584978342,0.20522014424204826,0.20476280711591244,0.20472176373004913,0.20422207191586494,0.20592055842280388,0.20591331273317337,0.20572586730122566,0.20510264672338963,0.20597398094832897,0.20874453894793987,0.20445768535137177,0.20688525587320328,0.2045302726328373,0.20658084005117416,0.20677945390343666,0.20788356103003025,0.20912720821797848,0.20147409662604332,0.20637228898704052,0.20521236583590508,0.2031412608921528,0.20768450386822224,0.20301471464335918,0.20579850114881992,0.20300582237541676,0.20656474865972996,0.20404156297445297,0.20585880801081657,0.20519262738525867,0.20522278174757957,0.2049272246658802,0.20587628334760666,0.2067511733621359,0.20650224015116692,0.20620548725128174,0.20349317230284214,0.20540828362107277,0.001645466134153142,0.20522146299481392,0.20301184040494263,0.20384537422657012,0.2069317397736013,0.20812038879841566
458,James Leake,Greater Western Sydney,0.1922832950949669,0.19536684826016426,0.19524911977350712,0.1971723511815071,0.19336667098104954,0.19639676995575428,0.1940241977572441,0.19478602521121502,0.19868796877563,0.19440661557018757,0.19545703195035458,0.1931028999388218,0.19884244538843632,0.1932654920965433,0.19528076238930225,0.19672797620296478,0.19344019889831543,0.19698884896934032,0.20040182396769524,0.19657589495182037,0.20103412680327892,0.19513100385665894,0.19609735533595085,0.19763950444757938,0.19829682260751724,0.19758150912821293,0.19728716649115086,0.19843268394470215,0.1949219573289156,0.19821106642484665,0.19546804763376713,0.19592492282390594,0.19497387297451496,0.19414774514734745,0.19467799365520477,0.1979877259582281,0.19399544410407543,0.20038153789937496,0.19875947572290897,0.2005541082471609,0.19974725879728794,0.1983110923320055,0.19519778341054916,0.19876967929303646,0.19468850456178188,0.19284921884536743,0.19769597053527832,0.19468715973198414,0.1993041541427374,0.19714808650314808,0.19643452432006597,0.002258300328042182,0.19624706264585257,0.1931362313311547,0.19412192374281584,0.1987616082690656,0.20039766532368958
459,Oliver Hannaford,Greater Western Sydney,0.1921246126294136,0.1958386693149805,0.1956273876130581,0.19395802356302738,0.1934866514056921,0.1951217409223318,0.19447638280689716,0.1953666638582945,0.19683956541121006,0.19275055266916752,0.19374237768352032,0.19212871231138706,0.19463563710451126,0.1933080330491066,0.19375031255185604,0.19215029664337635,0.1911446675658226,0.19515486806631088,0.19715241342782974,0.19275378063321114,0.1967670787125826,0.19393618404865265,0.19229150004684925,0.1951545998454094,0.1953311525285244,0.1953562404960394,0.19621760211884975,0.1972638163715601,0.1944231539964676,0.19587773457169533,0.1971093099564314,0.19734237901866436,0.19300531595945358,0.19340796023607254,0.1936881560832262,0.19485590234398842,0.19570667669177055,0.19778737239539623,0.19748007133603096,0.19810960069298744,0.19670390710234642,0.19324961490929127,0.19367991387844086,0.1948482897132635,0.19434908218681812,0.19379256293177605,0.19412176683545113,0.1954443585127592,0.1962205246090889,0.19502420909702778,0.1948011477291584,0.0016940225849639036,0.19485209602862597,0.19213313709944488,0.1931985564287752,0.19678222843259574,0.1974518444109708
635,Jack Ough,Greater Western Sydney,0.13543315045535564,0.13416201993823051,0.1380763091146946,0.1361311338841915,0.13608496077358723,0.13506588898599148,0.13438882306218147,0.13589460775256157,0.13690594397485256,0.13663008622825146,0.13685119338333607,0.13473558612167835,0.13516154140233994,0.13788271695375443,0.1346704326570034,0.13579372316598892,0.137790247797966,0.135034566745162,0.13600274734199047,0.1354565117508173,0.13511660508811474,0.1355803832411766,0.13457775115966797,0.13622275181114674,0.13321015983819962,0.1351158283650875,0.13482536748051643,0.1376035250723362,0.13563697412610054,0.135982071980834,0.1345299631357193,0.1340809017419815,0.13578954339027405,0.13331208005547523,0.13627773709595203,0.13656947948038578,0.1358111947774887,0.13486295193433762,0.13469148240983486,0.137160187587142,0.13320350274443626,0.13486219570040703,0.13625001534819603,0.13530353270471096,0.13578409142792225,0.1350876446813345,0.13466602750122547,0.13756372034549713,0.13657469861209393,0.1345493532717228,0.13557907827198507,0.001173399699532536,0.13551844749599695,0.13346968850120902,0.13457181600108742,0.13667629762366415,0.13775196963921188
586,Harrison Oliver,Greater Western Sydney,0.12736712768673897,0.12829583697021008,0.12696437165141106,0.12602673470973969,0.1267240960150957,0.12846611440181732,0.1263373512774706,0.1262837741523981,0.12614574655890465,0.12627881206572056,0.12719448283314705,0.12751182727515697,0.12638963013887405,0.12725596316158772,0.12698064744472504,0.12659265659749508,0.12776674143970013,0.1266303677111864,0.12736143916845322,0.12602891400456429,0.1273045875132084,0.12611746788024902,0.1264919564127922,0.12663712166249752,0.12577238120138645,0.12672553211450577,0.1275546457618475,0.12715689279139042,0.12839297764003277,0.12790649384260178,0.126518240198493,0.12494744174182415,0.12687382847070694,0.12652251310646534,0.12665941566228867,0.12747648917138577,0.12673594988882542,0.12720009312033653,0.12538805045187473,0.12658043392002583,0.12665196135640144,0.12643270380795002,0.1266425307840109,0.12682443484663963,0.12723263911902905,0.1275260653346777,0.12672248110175133,0.12700762785971165,0.12640908919274807,0.1278322283178568,0.12685693819075822,0.0007110600875728026,0.12672481406480074,0.12582452367059888,0.12628273707628251,0.1275148030295968,0.12821602162905038
664,Cody Angove,Greater Western Sydney,0.035924166440963745,0.03585328906774521,0.035129841417074203,0.035685356706380844,0.03551015257835388,0.035617608577013016,0.035320986062288284,0.03531373292207718,0.03586166352033615,0.036240871995687485,0.03564273938536644,0.035915691405534744,0.03539576381444931,0.03520601987838745,0.035989586263895035,0.03618958219885826,0.03615635633468628,0.03619357571005821,0.035771001130342484,0.03613346070051193,0.0364072322845459,0.03581153601408005,0.03642643615603447,0.03595341742038727,0.036035507917404175,0.03620820865035057,0.03606291860342026,0.03644871339201927,0.03575924038887024,0.03663710877299309,0.036351557821035385,0.036672443151474,0.035195522010326385,0.03641266003251076,0.03506945073604584,0.03557988256216049,0.03563519939780235,0.03645855188369751,0.036045413464307785,0.03718046844005585,0.03656427562236786,0.036521993577480316,0.03558177873492241,0.03542499244213104,0.03584542125463486,0.036672476679086685,0.035721201449632645,0.03557855263352394,0.0358782522380352,0.03619522601366043,0.03594774171710014,0.00046500605725119317,0.035919928923249245,0.0351976740732789,0.03549235410988331,0.036431092098355294,0.03666519960388541
101,Jai Newcombe,Hawthorn,16.860930750146508,16.99228110909462,17.002377837896347,16.75700811110437,16.97123546898365,16.830483991652727,16.865905882790685,17.062626130878925,16.921952836215496,16.996623737737536,17.01375181041658,17.003576513379812,16.94186403416097,16.803486591205,16.654063588008285,16.957341957837343,17.031716242432594,17.004280040040612,16.880846993997693,16.71115669235587,17.036498859524727,16.895846659317613,16.993673590943217,17.00605365820229,16.777360437437892,16.974164003506303,16.90179193392396,17.07106246612966,17.191469818353653,16.895007878541946,16.719122732058167,16.70889439433813,16.73136867582798,17.077568778768182,17.171194745227695,16.92839869298041,17.038003835827112,16.92343988083303,17.001675240695477,16.8410551417619,16.919953314587474,17.136879613623023,17.215647047385573,16.86020522750914,16.787259083241224,16.85575050674379,16.705102153122425,16.98597253113985,16.87756460905075,16.956533631309867,16.928960589244962,0.13101039071086412,16.93513136357069,16.709358165431766,16.785190266268327,17.036813399571926,17.164160143248736
106,Jack Gunston,Hawthorn,7.4395284075289965,7.535341192036867,7.562191067263484,7.40628120303154,7.420900996774435,7.540087571367621,7.562238113954663,7.436347510665655,7.3715408984571695,7.466721644625068,7.532391516491771,7.457783058285713,7.50071725435555,7.402188289910555,7.569678882136941,7.523759193718433,7.388722036033869,7.35084405913949,7.494366584345698,7.466120718047023,7.549472935497761,7.39534872956574,7.543904045596719,7.460483755916357,7.49276552721858,7.467659210786223,7.558926984667778,7.43127042427659,7.413094649091363,7.459941325709224,7.482627781108022,7.687155714258552,7.578159429132938,7.417935123667121,7.43086988478899,7.521682340651751,7.438715381547809,7.365396386012435,7.416294351220131,7.473061317577958,7.48813003487885,7.295400779694319,7.501374809071422,7.456006482243538,7.584053440019488,7.46470164693892,7.452752498909831,7.512077869847417,7.592661000788212,7.463337142020464,7.476460224017501,0.07281567077914045,7.466421181336045,7.366656011063606,7.41167063886486,7.5514488317742945,7.582845167787745
107,Connor Macdonald,Hawthorn,7.0354083105921745,7.10975630953908,6.843305507674813,6.764185134321451,6.961030218750238,6.870430018752813,6.776702258735895,6.946199998259544,6.993011370301247,6.825859729200602,7.142082957550883,6.983053544536233,6.813524791970849,6.813559992238879,6.921668095514178,6.939847515895963,6.971602816134691,6.860347885638475,6.651960553601384,6.838479587808251,6.811861140653491,6.903291303664446,6.98844844289124,6.978752812370658,6.828962711617351,6.85589386895299,6.948101580142975,7.054696032777429,6.810150995850563,6.993804294615984,7.049847811460495,7.019387040287256,6.83758320659399,6.987879365682602,6.926799600943923,6.884020136669278,6.803675593808293,6.880180634558201,6.782512230798602,6.919335626065731,6.953546781092882,6.74180743098259,7.009344043210149,6.937147909775376,6.795454006642103,7.043079579249024,6.83580001629889,7.058265890926123,7.064921453595161,6.800348911434412,6.9113383410125975,0.10615312321181798,6.920501860789955,6.766751144826412,6.808797636823729,7.022735485780984,7.063557063248008
122,Jarman Impey,Hawthorn,6.7337874956429005,6.86594894528389,6.684188226237893,6.739529674872756,6.686732681468129,6.752997467294335,6.636139616370201,6.633886421099305,6.679154336452484,6.72949499823153,6.844092737883329,6.688790803775191,6.721132017672062,6.784846650436521,6.720014866441488,6.7586950324475765,6.743530813604593,6.7198085729032755,6.47089759260416,6.662323050200939,6.572883069515228,6.698233436793089,6.528220159932971,6.735559592023492,6.73813546821475,6.756513733416796,6.856716342270374,6.694236351177096,6.721992176026106,6.632122756913304,6.68622032366693,6.523058013990521,6.691597523167729,6.587852319702506,6.713947877287865,6.681174894794822,6.6241438295692205,6.71337853372097,6.794072771444917,6.607269607484341,6.595151202753186,6.626531207934022,6.692556193098426,6.763768745586276,6.636651320382953,6.7388705760240555,6.751798963174224,6.863380530849099,6.794688211753964,6.714901993051171,6.6998323945328595,0.08400064779942362,6.713663205504417,6.537376056397334,6.626032245855779,6.759755438493564,6.85412850337103
113,Nick Watson,Hawthorn,5.6646673604846,5.786945305764675,5.766747128218412,5.992932990193367,5.859856069087982,5.725778894498944,5.753479124978185,5.858854392543435,5.735530477017164,6.079868728294969,5.829589776694775,6.016938669607043,5.760652331635356,5.784129172563553,5.829250352457166,5.692844117060304,5.774253658950329,5.906342899426818,5.692367076873779,5.907993217930198,5.787520227953792,5.81437680311501,5.845019182190299,5.911662893369794,5.799164459109306,5.877892987802625,6.013745462521911,5.639294123277068,5.855671463534236,5.883286245167255,5.754926031455398,5.810746934264898,5.917220709845424,5.683490080758929,5.754695296287537,5.799623124301434,5.768349496647716,5.802744904533029,6.021063989028335,5.970029009506106,5.944599024951458,5.620502220466733,5.965957833454013,5.882429093122482,5.808823449537158,5.754946649074554,5.919174574315548,5.801487814635038,5.851924698799849,5.9339054096490145,5.83226591873914,0.10463153220796674,5.812561868689954,5.668526018140837,5.749727857554332,5.936140375247225,6.016284062154591
108,Jack Ginnivan,Hawthorn,4.13072300888598,4.157182788476348,4.029028931632638,4.023834332823753,4.097992014139891,4.124230742454529,4.186700971797109,4.120740186423063,4.204218320548534,4.100161463022232,4.039268499240279,4.073264034464955,4.1105849631130695,4.028553836047649,4.138092517852783,4.197878861799836,4.268276995047927,4.0834542773664,4.271872989833355,4.108572019264102,4.279578480869532,4.157327001914382,4.199469681829214,4.158718895167112,4.075155824422836,4.063056888058782,4.175847057253122,4.23224856518209,4.0503891333937645,4.041031444445252,4.208830289542675,4.065178420394659,4.011878507211804,4.088037375360727,4.156835434958339,4.219437917694449,4.246904127299786,4.110685918480158,4.154911957681179,4.120057074353099,4.111164005473256,4.2439202051609755,4.046106310561299,4.132788607850671,4.1695005521178246,4.179145181551576,4.05108461715281,4.117578716948628,4.075407266616821,4.062678176909685,4.1299917078018185,0.07179288629721951,4.120398630388081,4.028651230642572,4.050939261047169,4.20518222206831,4.263895557159558
100,James Sicily,Hawthorn,3.6314070485532284,3.6156967729330063,3.716016484424472,3.60170741379261,3.6960334721952677,3.7675027679651976,3.686467181891203,3.6537262555211782,3.6103489845991135,3.6156358793377876,3.6632804591208696,3.6526088677346706,3.698173711076379,3.629295965656638,3.6120561566203833,3.6658839657902718,3.5766210313886404,3.6630794405937195,3.6643767207860947,3.693769298493862,3.7494972068816423,3.6839878894388676,3.601412069052458,3.672361185774207,3.6284578014165163,3.685741350054741,3.702161606401205,3.667551478371024,3.742393460124731,3.7304904144257307,3.693881779909134,3.6331350039690733,3.6168190483003855,3.680290788412094,3.6457675844430923,3.6572788693010807,3.601957092061639,3.629300530999899,3.6098200287669897,3.7533209193497896,3.5054084938019514,3.718013407662511,3.61210766248405,3.664516106247902,3.671777533367276,3.6869280003011227,3.813098441809416,3.690806332975626,3.626854382455349,3.6684061475098133,3.663144609890878,0.05403775823032095,3.6644464135169983,3.601472614724189,3.6120968977585437,3.7050572759080675,3.7525370582938193
128,Josh Ward,Hawthorn,3.0298922322690487,2.9823608454316854,3.038149820640683,3.0373890455812216,2.972110129892826,3.025248697027564,3.014695918187499,2.9924869537353516,3.0953837521374226,2.860702099278569,2.9475731290876865,2.808616967871785,2.865428499877453,3.0270716417580843,2.965658748522401,2.883404102176428,3.0697037242352962,2.982259286567569,3.113358125090599,2.982950968667865,3.0512941908091307,2.8647451046854258,2.9193537458777428,2.9009257145226,3.026728678494692,2.995016435161233,2.88971552811563,2.948396349325776,3.0297970566898584,2.8775195367634296,3.103484170511365,2.950824676081538,2.8822592981159687,2.938445061445236,3.1054762825369835,2.9851191360503435,3.008890902623534,2.9937024656683207,3.034131059423089,3.018417900428176,2.9992679245769978,3.1435909792780876,2.8573585636913776,2.909042591229081,3.0170386768877506,3.0209688656032085,2.9587973449379206,2.963832452893257,2.9644316267222166,2.9557281509041786,2.980174903161824,0.07485351034672282,2.984035052359104,2.861530915386975,2.8883964400943367,3.037548047568649,3.105067899571732
131,Blake Hardwick,Hawthorn,2.814033504575491,2.850496022030711,2.929210752248764,2.820497604086995,2.828312734141946,2.9042692240327597,2.833851832896471,2.788999877870083,2.7666544169187546,2.8935675732791424,2.920992486178875,2.84939856082201,2.736348221078515,2.8529985807836056,2.9688815623521805,2.7546305172145367,2.8949573040008545,2.896765710785985,2.70957413315773,2.8675254583358765,2.9422843139618635,2.8065600469708443,2.797878798097372,2.8218541853129864,2.807221118360758,2.9680482000112534,2.8057368118315935,2.795698681846261,2.826390340924263,2.8601624593138695,2.729302955791354,2.969044031575322,2.8702954705804586,2.8548423163592815,2.7358263656497,2.8903930485248566,2.8180126138031483,2.9490834288299084,2.7593833468854427,2.8476234059780836,2.8757333550602198,2.79762801900506,2.860024768859148,2.9571890253573656,2.8993380777537823,2.7881163973361254,2.862334806472063,2.7847818080335855,2.7911955639719963,2.907533623278141,2.845229669250548,0.06693735008472622,2.848510983400047,2.735933346012607,2.7874194681718945,2.9103465256243943,2.9658220692072064
125,Mitch Lewis,Hawthorn,2.7454542703926563,2.661040171980858,2.6978655587881804,2.7416452541947365,2.659393150359392,2.749696545302868,2.7771441508084536,2.7711992990225554,2.8233050145208836,2.7244653068482876,2.737869441509247,2.679944211617112,2.8499900307506323,2.7760191056877375,2.7488391529768705,2.7895127218216658,2.753406757488847,2.7876050025224686,2.8153252974152565,2.72168455272913,2.7781480606645346,2.7146574407815933,2.7354419231414795,2.7203829661011696,2.6908483803272247,2.7403101045638323,2.684751693159342,2.781603593379259,2.739728417247534,2.8439865335822105,2.7166160494089127,2.673851542174816,2.752794023603201,2.7201232127845287,2.7142730057239532,2.7626569401472807,2.767711555585265,2.8088709469884634,2.7767840307205915,2.765044642612338,2.72768846899271,2.832776689901948,2.698420576751232,2.7093944866210222,2.70678617246449,2.7283695209771395,2.7534549348056316,2.7272850945591927,2.7781048864126205,2.7471522632986307,2.7461884630844,0.045043504752729724,2.7435497622936964,2.675100539410487,2.705037762960419,2.7828578878901897,2.8308349964488295
595,Will Day,Hawthorn,2.7043824195861816,2.784841410815716,2.606147037819028,2.6499920561909676,2.775167066603899,2.7172205727547407,2.6985313575714827,2.6780867874622345,2.720872461795807,2.6696956492960453,2.6321261804550886,2.7621668986976147,2.7127402126789093,2.763052249327302,2.645274454727769,2.6298474930226803,2.5829586647450924,2.7578863967210054,2.646140169352293,2.731952676549554,2.6381294298917055,2.728046851232648,2.6197812128812075,2.657792843878269,2.777269447222352,2.7378970310091972,2.6757207699120045,2.726125294342637,2.7188632041215897,2.640155268833041,2.6517199780792,2.7151757776737213,2.738797478377819,2.7591795194894075,2.6680356077849865,2.755214737728238,2.6839545406401157,2.691795479506254,2.7720692586153746,2.7328430581837893,2.6509566362947226,2.6501668952405453,2.7490581683814526,2.711190139874816,2.6230047680437565,2.6675529833883047,2.7261230684816837,2.6467143818736076,2.682714246213436,2.7427160497754812,2.6961569268628955,0.051665820754232365,2.701456888578832,2.62044204168953,2.644204544875771,2.7557731144577264,2.7745320159662517
135,Dylan Moore,Hawthorn,2.619236024096608,2.5573301035910845,2.5161425936967134,2.5726572182029486,2.492422064766288,2.4443144500255585,2.403603235259652,2.459413619711995,2.572019027546048,2.5081824120134115,2.4800782166421413,2.5265052020549774,2.494174612686038,2.5280804820358753,2.5274531338363886,2.5266558583825827,2.512968922033906,2.5580466371029615,2.552814746275544,2.5576485712081194,2.562500275671482,2.4295967873185873,2.499436130747199,2.4155243150889874,2.493854146450758,2.5819459054619074,2.5286773703992367,2.5524007827043533,2.5107320491224527,2.644932923838496,2.5788151025772095,2.518023082986474,2.6051499359309673,2.6553005035966635,2.5161012168973684,2.607076872140169,2.45733580365777,2.6125195119529963,2.463540054857731,2.4412808660417795,2.622892513871193,2.646033428609371,2.4789825808256865,2.499097101390362,2.502126306295395,2.617018500342965,2.505233269184828,2.5659024976193905,2.5708302296698093,2.481895923614502,2.5314900624006986,0.06165570001448934,2.52658053021878,2.4319920234568415,2.4757550928983836,2.6055526655986907,2.640414639795199
258,Cam Mackenzie,Hawthorn,2.392434112727642,2.2802260536700487,2.2781368512660265,2.480956483632326,2.406133711338043,2.328825421631336,2.3136289305984974,2.4855308048427105,2.3573548328131437,2.454919194802642,2.33784150891006,2.398683497682214,2.479952599853277,2.365994205698371,2.4836265575140715,2.3347138967365026,2.3034056462347507,2.3398545496165752,2.3932995926588774,2.340853437781334,2.32418174110353,2.397065594792366,2.3371261954307556,2.377772280946374,2.424766229465604,2.3751230407506227,2.387194911018014,2.302905973047018,2.2894143629819155,2.2974471021443605,2.313380066305399,2.38064369186759,2.4012606982141733,2.278417458757758,2.3014485836029053,2.2569414153695107,2.429355649277568,2.369702911004424,2.450892563909292,2.33062095195055,2.3853484950959682,2.2722028959542513,2.339834902435541,2.3468706123530865,2.342393260449171,2.3456619177013636,2.300838543102145,2.3620373718440533,2.376066628843546,2.3661022689193487,2.360387804172933,0.058776535530069236,2.352112722583115,2.2781943758018315,2.3013210851382464,2.4100279076267035,2.480750687457621
112,Lloyd Meek,Hawthorn,2.1676318123936653,2.183259317651391,2.112002409994602,2.273390494287014,2.172264374792576,2.1497479770332575,2.1438980028033257,2.1194541044533253,2.1191929671913385,2.118356579914689,2.039263663813472,2.154551899060607,2.149378791451454,2.193342501297593,2.0911998599767685,2.0889371689409018,2.0294870119541883,2.1613626312464476,2.1192274633795023,2.1758168768137693,2.111147917807102,2.043292447924614,2.157314231619239,2.1925783697515726,2.2077970150858164,2.1797254513949156,2.078266903758049,2.0682481694966555,2.2022471968084574,2.1408286821097136,2.1855011116713285,2.0539616346359253,2.182239780202508,2.144874317571521,2.192810168489814,2.171645399183035,2.049578469246626,2.1128009147942066,2.146135490387678,2.1196558382362127,2.187989577651024,2.1266212332993746,2.118271289393306,2.1737769786268473,2.1529588736593723,2.0936532020568848,2.1142352409660816,2.113800399005413,2.004280647262931,2.135243905708194,2.134464935325086,0.05301536106881639,2.1423633424565196,2.040089564556256,2.0867070835176857,2.183727852601558,2.20042173422873
130,Karl Amon,Hawthorn,1.213175244629383,1.170045530423522,1.2370541840791702,1.223234437406063,1.1936274878680706,1.188889430835843,1.20472271181643,1.2159260530024767,1.1931125726550817,1.1662299744784832,1.206439808011055,1.2013229597359896,1.2049617506563663,1.1909117083996534,1.2192004956305027,1.192748785018921,1.1988769620656967,1.1665608864277601,1.256322992965579,1.2000850327312946,1.1680929716676474,1.1931823026388884,1.1805853806436062,1.157341942191124,1.1970182675868273,1.1611480507999659,1.1565982848405838,1.2044338453561068,1.1855187378823757,1.2189283799380064,1.1763921435922384,1.2141312062740326,1.159597733989358,1.2495147623121738,1.2401494961231947,1.1784812770783901,1.1754710134118795,1.2567833308130503,1.1744425259530544,1.1894163377583027,1.2253483030945063,1.2780694998800755,1.1710212528705597,1.1841577161103487,1.2145711965858936,1.1601252499967813,1.2092371303588152,1.1756433211266994,1.2212242148816586,1.2039340548217297,1.1984801787883044,0.02817317229817759,1.195322877727449,1.1597058747708797,1.169637445643544,1.2216443513892592,1.254927305681631
118,Josh Battle,Hawthorn,1.1241185553371906,1.0939028151333332,1.1221722904592752,1.111516458913684,1.1210480220615864,1.129980517551303,1.0924285426735878,1.1182266771793365,1.0814327467232943,1.0794226471334696,1.1122916117310524,1.1380140148103237,1.1431507151573896,1.095617089420557,1.101782951503992,1.138080406934023,1.092520147562027,1.0988555625081062,1.1496778577566147,1.1291471794247627,1.1448837965726852,1.1245556734502316,1.107587043195963,1.0918274633586407,1.113655935972929,1.092100478708744,1.0614884607493877,1.096315111964941,1.1045161951333284,1.107842281460762,1.1466348804533482,1.1312951762229204,1.081121064722538,1.1250541415065527,1.1079982407391071,1.0880068838596344,1.1048666667193174,1.1367148384451866,1.1149050872772932,1.1234046686440706,1.112376844510436,1.135013896971941,1.0633818358182907,1.119293075054884,1.111479988321662,1.1225231178104877,1.1310696564614773,1.1209143549203873,1.1097177360206842,1.0809112880378962,1.1116968538612126,0.021120273299084037,1.1123342281207442,1.079727818518877,1.0920434185005725,1.1320723888594657,1.1445285148825497
133,Massimo DAmbrosio,Hawthorn,1.1025977414101362,1.1290816590189934,1.0825797207653522,1.0745490174740553,1.101435823366046,1.1080267783254385,1.0946417804807425,1.1049721725285053,1.092157555744052,1.0949675235897303,1.1001286245882511,1.1195022277534008,1.0756186824291945,1.1098524872213602,1.0938416440039873,1.0872895661741495,1.0901384223252535,1.082079553976655,1.1063697524368763,1.0946693569421768,1.124116001650691,1.1020784080028534,1.0768759325146675,1.0997063089162111,1.1109728906303644,1.0993670634925365,1.0778456684201956,1.1148150097578764,1.1042822636663914,1.0975957326591015,1.099111396819353,1.090032795444131,1.1003563478589058,1.0857137199491262,1.088796989992261,1.0950735229998827,1.0878467466682196,1.097515270113945,1.0840910244733095,1.0901521183550358,1.0986902136355639,1.09605348482728,1.0878790840506554,1.0886081028729677,1.0829464085400105,1.0976185612380505,1.0841457154601812,1.083072580397129,1.0844370555132627,1.0779649149626493,1.0950452284887433,0.012232324034718679,1.0948184402659535,1.0770747283753008,1.0830462104789913,1.1052642667293548,1.1185413480643183
117,Mabior Chol,Hawthorn,0.7185991201549768,0.7386129535734653,0.7224377766251564,0.7333039287477732,0.7213287148624659,0.7396775521337986,0.7282284907996655,0.725055767223239,0.7203351799398661,0.7359875291585922,0.7226651385426521,0.713984627276659,0.7284621577709913,0.7275510467588902,0.7152361664921045,0.7429261617362499,0.7186800464987755,0.7271250449120998,0.7379967644810677,0.734684044495225,0.7338547017425299,0.7108148410916328,0.7379291821271181,0.7417562529444695,0.7281500939279795,0.7250592019408941,0.7308780252933502,0.7262573707848787,0.7471159268170595,0.7179246880114079,0.7381188478320837,0.7288640309125185,0.7224336601793766,0.719982473179698,0.7210006676614285,0.7248831242322922,0.7264851313084364,0.7257217783480883,0.7266997303813696,0.7362633030861616,0.7220170833170414,0.7395700328052044,0.731115635484457,0.7211081758141518,0.72710981965065,0.7227122392505407,0.7206467427313328,0.7202234882861376,0.7154312431812286,0.7303817421197891,0.7274677489325404,0.008298065523803248,0.726592430844903,0.715276157213375,0.7201731161288917,0.7379433068390936,0.741330119278282
137,Josh Weddle,Hawthorn,0.7015300989151001,0.6983329001814127,0.6980784069746733,0.7041149791330099,0.6954240668565035,0.6938135549426079,0.7022023815661669,0.6974625792354345,0.6903539057821035,0.6879147812724113,0.6935277953743935,0.6877866573631763,0.6985498126596212,0.7017902471125126,0.6929069794714451,0.6989281941205263,0.6976501382887363,0.6949010360985994,0.6963386610150337,0.698006696999073,0.6891487650573254,0.6938057206571102,0.6961887702345848,0.6915133148431778,0.6953426096588373,0.7007128614932299,0.687254261225462,0.6912005580961704,0.6988625191152096,0.7037526573985815,0.6996786911040545,0.6977745369076729,0.6964843273162842,0.6959632281213999,0.6939295697957277,0.6977923922240734,0.6978453695774078,0.7009907849133015,0.6987367309629917,0.7055241409689188,0.693355293944478,0.7021321170032024,0.695685088634491,0.702096238732338,0.6933101080358028,0.6920763496309519,0.6990774851292372,0.6955484468489885,0.6952017955482006,0.7005582749843597,0.6966231376305223,0.004329440731488281,0.6969734532758594,0.6881677479483187,0.692733377834782,0.7011035015396774,0.7034348508529364
134,Tom Barrass,Hawthorn,0.6705548148602247,0.6606138609349728,0.6642031967639923,0.671648595482111,0.6668296996504068,0.6760854683816433,0.6682661846280098,0.6656955666840076,0.6663873102515936,0.6707567516714334,0.6586454380303621,0.6721439827233553,0.6611294094473124,0.6664459612220526,0.6666469983756542,0.6887300685048103,0.6711971312761307,0.6722248177975416,0.6643563248217106,0.666162233799696,0.6669870354235172,0.6759782619774342,0.6671532616019249,0.6751051750034094,0.6784850787371397,0.6805104799568653,0.661937290802598,0.6672713980078697,0.6597532741725445,0.6687130574136972,0.6539826709777117,0.6863602548837662,0.6605792567133904,0.661851055920124,0.6689227037131786,0.6647751536220312,0.6656278353184462,0.6631986312568188,0.6602171063423157,0.6753489505499601,0.6657845191657543,0.6553071141242981,0.6583330519497395,0.6722867581993341,0.665127532556653,0.6632616855204105,0.6759295091032982,0.678636321797967,0.6737990789115429,0.6604052595794201,0.6680070515722036,0.007349434500983161,0.6667383490130305,0.6583970910962671,0.6606066286526621,0.6754702872876078,0.6801262775342911
257,Ned Reeves,Hawthorn,0.6593379024416208,0.6541714649647474,0.6413719411939383,0.6484500523656607,0.6533650290220976,0.6547033712267876,0.6401899810880423,0.6638740170747042,0.653733579441905,0.6604829002171755,0.67034562677145,0.6456985473632812,0.6457793358713388,0.6461059618741274,0.6379621960222721,0.6633817944675684,0.6576244551688433,0.6592373009771109,0.6500701066106558,0.6470198333263397,0.6692036688327789,0.655175868421793,0.6507359240204096,0.6602525319904089,0.6486549489200115,0.6546530965715647,0.6484208349138498,0.6348731070756912,0.6600922290235758,0.641543086618185,0.6679262854158878,0.6500587444752455,0.6468750666826963,0.6553115453571081,0.6606474630534649,0.6540252417325974,0.6515113189816475,0.6582940332591534,0.6495648603886366,0.6575078163295984,0.6459011286497116,0.6520807705819607,0.6620527990162373,0.6464806944131851,0.6402501706033945,0.6363022848963737,0.6412405446171761,0.6428099554032087,0.6428571380674839,0.6569811999797821,0.6519037951156497,0.00859940776651956,0.6517960447818041,0.638418891960755,0.6425451798271388,0.6603006789498032,0.6670955704059451
116,Conor Nash,Hawthorn,0.6348902359604836,0.6369818672537804,0.6095406804233789,0.6251213904470205,0.6138561274856329,0.6177538298070431,0.6224085949361324,0.6245159599930048,0.6179216746240854,0.6440033838152885,0.6399001739919186,0.6285369098186493,0.6640149131417274,0.627724826335907,0.6158298440277576,0.6395383775234222,0.6357576102018356,0.6153538431972265,0.6275374665856361,0.6496729552745819,0.6332824341952801,0.6575730387121439,0.6130001861602068,0.6292377635836601,0.6033128816634417,0.610795047134161,0.6421911232173443,0.643046610057354,0.6296832635998726,0.6111727617681026,0.6190915014594793,0.6257563885301352,0.6414102483540773,0.6397800259292126,0.6074698232114315,0.6064115650951862,0.6374339256435633,0.6167713217437267,0.6261142026633024,0.6358515210449696,0.6014706902205944,0.6373418997973204,0.6261000111699104,0.628084983676672,0.6009199135005474,0.6393036618828773,0.6257258113473654,0.5676632095128298,0.6260747872292995,0.6098992936313152,0.6256566112115979,0.016457098782188602,0.6261071069166064,0.6018483394663781,0.6106078346520663,0.6398051368743182,0.6485106931254268
126,Harry Morrison,Hawthorn,0.5698132589459419,0.5566506143659353,0.5421166587620974,0.570119459182024,0.5695475693792105,0.5616295170038939,0.533142814412713,0.5636703129857779,0.5540395919233561,0.5689356997609138,0.5587183628231287,0.5647917911410332,0.5756864249706268,0.5606321264058352,0.5636241193860769,0.5826515201479197,0.5601643305271864,0.5550508834421635,0.5624696984887123,0.5724073871970177,0.5721759852021933,0.5727537702769041,0.5508168283849955,0.5547906830906868,0.5705512203276157,0.5538132712244987,0.5585741940885782,0.5715372394770384,0.576476464048028,0.5512502156198025,0.5703464299440384,0.561366368085146,0.5741359014064074,0.5626035016030073,0.5465947706252337,0.5628994442522526,0.5559751056134701,0.5709603689610958,0.5572975091636181,0.5645042732357979,0.5574414189904928,0.5621311943978071,0.5513752307742834,0.5614944528788328,0.542054170742631,0.5507166832685471,0.5552513841539621,0.5461958553642035,0.5501504559069872,0.574432697147131,0.561130584590137,0.010230716546957678,0.5615619849413633,0.5429528940655292,0.5511596376877278,0.5716707373335957,0.5754294107668102
587,Bailey Macdonald,Hawthorn,0.38586147129535675,0.3838492091745138,0.3810606598854065,0.38618891686201096,0.3829110339283943,0.38802820816636086,0.3822547886520624,0.3868234194815159,0.38546619191765785,0.3856848366558552,0.3837947491556406,0.3820046354085207,0.3841532710939646,0.3834016192704439,0.3839308451861143,0.3898122999817133,0.3832158427685499,0.382155679166317,0.3922886848449707,0.3873747270554304,0.3859968725591898,0.386307667940855,0.3873408380895853,0.3863644599914551,0.38317732512950897,0.3854196798056364,0.3845822811126709,0.38713371753692627,0.3859472721815109,0.3884016666561365,0.3884030282497406,0.3829579409211874,0.3862922377884388,0.38677855022251606,0.3846562895923853,0.387945918366313,0.38472142070531845,0.3865849059075117,0.38383476808667183,0.38147984631359577,0.38492898270487785,0.39068504609167576,0.38405279256403446,0.38569790683686733,0.38069540821015835,0.3866203185170889,0.38536461628973484,0.3905767370015383,0.38218142837285995,0.37936212308704853,0.38529506273567676,0.0026727929164312553,0.38544293586164713,0.38114659310318527,0.38277387866564094,0.3874941060394049,0.39042002741247417
136,Finn Maginness,Hawthorn,0.24415465630590916,0.25080292113125324,0.23966840468347073,0.24790627509355545,0.2622162885963917,0.251945523545146,0.2545130345970392,0.25283865816891193,0.2521044947206974,0.2442407887428999,0.26893796399235725,0.25852999836206436,0.27009156346321106,0.24977057799696922,0.2603165823966265,0.25144338607788086,0.2540697753429413,0.2684038579463959,0.2698866166174412,0.24910700507462025,0.26162974536418915,0.2526379432529211,0.2499890699982643,0.2580333389341831,0.24790683388710022,0.24205284379422665,0.25239206477999687,0.2502219285815954,0.2580993250012398,0.2577246557921171,0.2596205286681652,0.24536053463816643,0.24511413648724556,0.25597948394715786,0.2528016921132803,0.2596742585301399,0.25565856508910656,0.26157408580183983,0.24581172689795494,0.26574464328587055,0.2505968455225229,0.2504557203501463,0.24417083710432053,0.24763426557183266,0.25246782787144184,0.24771722592413425,0.24483195133507252,0.2646536026149988,0.24817745573818684,0.24834931269288063,0.2535606164485216,0.0076091761550661,0.25224827975034714,0.24415797336958348,0.24571742771565913,0.26158571865037084,0.26882847225293516
123,Jack Scrimshaw,Hawthorn,0.2486812174320221,0.24706408195197582,0.244928278028965,0.241738798096776,0.24582167528569698,0.2552771382033825,0.25077591836452484,0.25031354650855064,0.2538088448345661,0.25366234593093395,0.24428438767790794,0.24432536400854588,0.24496793560683727,0.25261475518345833,0.24131753481924534,0.24043554067611694,0.2499710861593485,0.24611198902130127,0.24630212783813477,0.25562077201902866,0.2509554121643305,0.24662486463785172,0.24088579043745995,0.24044847302138805,0.2466939017176628,0.2448952980339527,0.23781047388911247,0.256506510078907,0.24424458295106888,0.234562948346138,0.24507739394903183,0.24132949858903885,0.2562346048653126,0.24388698488473892,0.2440740168094635,0.24478451535105705,0.24872231110930443,0.25989466719329357,0.24630164541304111,0.2501357030123472,0.23705243319272995,0.25866143591701984,0.2473894041031599,0.24102294258773327,0.24935828149318695,0.2347308974713087,0.2465224787592888,0.2379587348550558,0.2516349330544472,0.250251229852438,0.24673351410776376,0.005941239586576715,0.24630188662558794,0.23720783153548836,0.24099427778832613,0.2528337016496807,0.25645076951012014
132,Sam Butler,Hawthorn,0.2456512488424778,0.2432699967175722,0.24226311594247818,0.24426907300949097,0.24156432785093784,0.24180113710463047,0.24729958176612854,0.2440412063151598,0.23989949375391006,0.24335703440010548,0.2443716824054718,0.24321473389863968,0.24323770403862,0.24428104236721992,0.2415850516408682,0.24467662908136845,0.24602503702044487,0.24608470872044563,0.24475608207285404,0.24114654771983624,0.24116479977965355,0.2474936507642269,0.2453714869916439,0.24516724422574043,0.2431966420263052,0.24268782138824463,0.24141978845000267,0.2443586215376854,0.24479319527745247,0.2422424927353859,0.24288797564804554,0.2424676138907671,0.2390660811215639,0.24075645208358765,0.2451661452651024,0.24533109553158283,0.24826611019670963,0.24011769518256187,0.24512002430856228,0.2451873179525137,0.24197004735469818,0.24776854366064072,0.24172909185290337,0.24245542287826538,0.24413422122597694,0.24414877593517303,0.24058260209858418,0.2413152139633894,0.2445748783648014,0.24843457713723183,0.24364342126995325,0.002224191015944201,0.24369912035763264,0.24021300110034643,0.2413979323823005,0.2454299572184682,0.24771219061687588
508,Flynn Perez,Hawthorn,0.21637416258454323,0.21752499043941498,0.21407384052872658,0.21635941043496132,0.2152799256145954,0.2147317361086607,0.2146600093692541,0.2166113555431366,0.2159558031708002,0.21685894951224327,0.21589191816747189,0.21354852989315987,0.21648512594401836,0.21605576761066914,0.2117191832512617,0.2155742160975933,0.21564600989222527,0.21616505272686481,0.21763300150632858,0.21669519320130348,0.21537674590945244,0.21579278632998466,0.21539802476763725,0.2179525624960661,0.2156074307858944,0.21528614312410355,0.21502112224698067,0.21614405699074268,0.21813656762242317,0.21776344440877438,0.21769560687243938,0.21310036815702915,0.21413088217377663,0.21536810882389545,0.21668038703501225,0.2163239810615778,0.21839571557939053,0.21714739687740803,0.21575961634516716,0.21361620165407658,0.2119255345314741,0.2170518822968006,0.21657475642859936,0.21551699377596378,0.2148593906313181,0.21545418724417686,0.21393385715782642,0.2174053080379963,0.21443882957100868,0.2170757409185171,0.21577555622905492,0.001491905909661461,0.21584235224872828,0.21319224131293596,0.21437446856498718,0.21720130030997098,0.2179137932881713
509,Jack Dalton,Hawthorn,0.1628603059798479,0.1668982096016407,0.16389446519315243,0.1652278918772936,0.16351252980530262,0.1679671909660101,0.16627608984708786,0.16398920118808746,0.16032232530415058,0.16618798859417439,0.16360610537230968,0.16800443455576897,0.16554583795368671,0.1643342785537243,0.16187617927789688,0.16561833024024963,0.16365157812833786,0.16323518194258213,0.16573856957256794,0.16473021171987057,0.16301369294524193,0.16099417582154274,0.16003669798374176,0.16294256038963795,0.16647593304514885,0.16247855126857758,0.16403414122760296,0.16278386116027832,0.16635268181562424,0.16910947673022747,0.16654591262340546,0.16218312829732895,0.16489671915769577,0.16490610502660275,0.16354931518435478,0.16262962110340595,0.16381719708442688,0.16631104238331318,0.16180399991571903,0.16193797811865807,0.16352787800133228,0.16447352804243565,0.16238011233508587,0.16476852260529995,0.16260833479464054,0.1638165321201086,0.16032759472727776,0.1617792472243309,0.16235557571053505,0.16297811083495617,0.1639859026670456,0.002044894023878174,0.16373405512422323,0.16046424385160207,0.16213189190998673,0.16628339492715896,0.16774804978631436
531,Calsher Dear,Hawthorn,0.1601871084421873,0.15712528489530087,0.15777062252163887,0.15829583071172237,0.1591986883431673,0.16205111518502235,0.15743434987962246,0.16049838438630104,0.15560701861977577,0.15817469358444214,0.15740571357309818,0.158780200406909,0.158851508051157,0.16062752343714237,0.15517587773501873,0.16010267846286297,0.1598718110471964,0.15698781050741673,0.15703716687858105,0.1572954375296831,0.15952563658356667,0.15883208625018597,0.15832644142210484,0.1586828101426363,0.1589308176189661,0.1584562361240387,0.1572135966271162,0.16026241704821587,0.15929208137094975,0.15603327751159668,0.15829614363610744,0.15866053476929665,0.15837394632399082,0.1585992705076933,0.160089410841465,0.15547818131744862,0.15950781293213367,0.16142642498016357,0.157125111669302,0.15917721949517727,0.15592019818723202,0.16061166673898697,0.1569138839840889,0.159951314330101,0.1560661941766739,0.16357197053730488,0.15706601925194263,0.15773226134479046,0.15800372883677483,0.1601124443113804,0.15853435926139356,0.0017420367104833481,0.158527753315866,0.1556712204311043,0.1570268513970077,0.16012804911471903,0.16126265016384422
562,Bodie Ryan,Hawthorn,0.15181522630155087,0.15030334889888763,0.15092422999441624,0.15235242061316967,0.15269560925662518,0.15329040214419365,0.15268110111355782,0.15387007035315037,0.15345251560211182,0.1511795725673437,0.15292668342590332,0.15091854706406593,0.15314996801316738,0.15419937670230865,0.15184147655963898,0.1540679596364498,0.1506228055804968,0.15212649293243885,0.1548300515860319,0.1534884162247181,0.1537081953138113,0.15339256823062897,0.15377371199429035,0.15294611267745495,0.15373233146965504,0.15106417797505856,0.15204051323235035,0.153150899335742,0.1547213327139616,0.15409011766314507,0.15388167463243008,0.15318652614951134,0.15364147536456585,0.15513629280030727,0.15229210443794727,0.1538887433707714,0.1542603224515915,0.1544420886784792,0.1513462457805872,0.15155473724007607,0.14993054792284966,0.1565403062850237,0.15393772907555103,0.15420048497617245,0.15168903581798077,0.1533886305987835,0.15079336054623127,0.15394794754683971,0.15234607830643654,0.15310610458254814,0.1529373334348202,0.0013894869167336995,0.15316871274262667,0.15065776934847236,0.1513114110790193,0.15411295280233026,0.1548077642172575
588,Cameron Nairn,Hawthorn,0.14892814308404922,0.14957675896584988,0.14651546068489552,0.14771262928843498,0.14904573187232018,0.15031850151717663,0.14794025756418705,0.1512177474796772,0.14925922825932503,0.14832758344709873,0.1481092907488346,0.1486565787345171,0.1488505769520998,0.14817224256694317,0.1476137936115265,0.14971731044352055,0.14901025779545307,0.14945466443896294,0.15114805661141872,0.15010898932814598,0.15048416331410408,0.14889422059059143,0.1525005977600813,0.14945251867175102,0.1476212963461876,0.14970685169100761,0.1481021922081709,0.14827717281877995,0.15119718760252,0.1495338436216116,0.1509428359568119,0.14887492917478085,0.15040838904678822,0.149397324770689,0.14705456048250198,0.14991038665175438,0.1492556594312191,0.14941484294831753,0.14924383535981178,0.14899943955242634,0.14808451756834984,0.15050021931529045,0.14936103112995625,0.14938992820680141,0.14760526083409786,0.1472679954022169,0.14858230203390121,0.1530173383653164,0.14887225441634655,0.14724464528262615,0.14917763087898492,0.001333106858121838,0.14914478361606598,0.14724943205714225,0.14789268325455487,0.15042422586865722,0.15121353270485996
633,Noah Mraz,Hawthorn,0.14132081530988216,0.13543524779379368,0.13807056844234467,0.13787699304521084,0.138152364641428,0.13964305445551872,0.13542461954057217,0.1364862136542797,0.13712343573570251,0.13797145523130894,0.1369578167796135,0.13855581358075142,0.138977924361825,0.14021629467606544,0.13891444727778435,0.14082943089306355,0.13779893890023232,0.1407252997159958,0.13859132304787636,0.1369567383080721,0.14274395257234573,0.14080974645912647,0.1363775748759508,0.1358884572982788,0.13939801417291164,0.1392163597047329,0.13712370581924915,0.13886450976133347,0.13683401979506016,0.13903499022126198,0.13865113258361816,0.13831211812794209,0.13570804707705975,0.13851012475788593,0.13790052570402622,0.13554341718554497,0.13744888827204704,0.13795239105820656,0.1374133750796318,0.1404251754283905,0.13690613023936749,0.1375754475593567,0.1381855495274067,0.13458527065813541,0.13677848130464554,0.14153320528566837,0.13707247003912926,0.13737680949270725,0.13655071891844273,0.134875213727355,0.1380324923619628,0.0017993334256397697,0.1379264583811164,0.13542679833248258,0.13646350814960898,0.13976286166161297,0.14122008150443435
641,Oliver Greeves,Hawthorn,0.1233165767043829,0.12083041854202747,0.12273992598056793,0.12232187949120998,0.12049854546785355,0.1219770573079586,0.12137822806835175,0.12209384143352509,0.12103335000574589,0.12165293283760548,0.12207459658384323,0.12215693853795528,0.12029871344566345,0.12194045633077621,0.12257925048470497,0.12433430552482605,0.12235226854681969,0.12314115464687347,0.12402614578604698,0.12071441672742367,0.1239319983869791,0.12210316024720669,0.12014865688979626,0.12067635916173458,0.12258527800440788,0.1219715029001236,0.11965232342481613,0.12262694351375103,0.12125746347010136,0.12280211038887501,0.12214362248778343,0.12310734018683434,0.12229576893150806,0.12232713773846626,0.1224276814609766,0.12149542383849621,0.12120753340423107,0.1219947300851345,0.12102825380861759,0.12103596329689026,0.1224236972630024,0.12386264652013779,0.12276087142527103,0.12019495293498039,0.12160692736506462,0.1231843400746584,0.1221158318221569,0.12238095514476299,0.12116892263293266,0.12097243033349514,0.12197903659194707,0.001059716492536531,0.12209850084036589,0.12021622383967041,0.1209427498690784,0.1228659034166485,0.12391778125427663
533,William McCabe,Hawthorn,0.1225944459438324,0.1185118556022644,0.12173418886959553,0.1214436274021864,0.12084902077913284,0.12086441367864609,0.1195509172976017,0.12037740275263786,0.11993196234107018,0.12009444460272789,0.12091755867004395,0.11960596591234207,0.12013786844909191,0.12000205367803574,0.12110817432403564,0.12287228927016258,0.11915240809321404,0.12145453505218029,0.12265490926802158,0.11894054152071476,0.1225462406873703,0.11993861384689808,0.11777753755450249,0.12013552896678448,0.12243833765387535,0.12029452435672283,0.11915795505046844,0.12142492644488811,0.12058174423873425,0.1214613988995552,0.12114336714148521,0.12038624845445156,0.1208133939653635,0.12083804048597813,0.12050981260836124,0.12040743418037891,0.120163194835186,0.1207459345459938,0.12070032767951488,0.12001550942659378,0.11857140250504017,0.12106159888207912,0.12078089080750942,0.11799963191151619,0.12002496793866158,0.12242611311376095,0.1193623561412096,0.11968669109046459,0.1207906398922205,0.11958158574998379,0.12049129065126181,0.0011717364292146296,0.12045862339437008,0.11852406271733344,0.11951150801591576,0.12145596959628165,0.12258456386625767
665,Max Beattie,Hawthorn,0.06890721246600151,0.0669670570641756,0.06858847849071026,0.07120370119810104,0.0695368330925703,0.06785742193460464,0.06670162826776505,0.07247951626777649,0.06311379931867123,0.06802811473608017,0.07251903042197227,0.06945047341287136,0.06918001174926758,0.06601980328559875,0.07343442738056183,0.06822174787521362,0.06944808922708035,0.06719130463898182,0.06981402449309826,0.06784044578671455,0.06694920733571053,0.0682391133159399,0.06937984004616737,0.06941330432891846,0.06559685058891773,0.06848648749291897,0.06890883855521679,0.0706310123205185,0.06675130128860474,0.06934358738362789,0.06967255845665932,0.07368240505456924,0.06592551805078983,0.06546047888696194,0.06697774305939674,0.06341695040464401,0.06699279323220253,0.0694068968296051,0.06568537838757038,0.06961466744542122,0.0678976085036993,0.07063645869493484,0.06905071251094341,0.06961554288864136,0.0662784967571497,0.0676315650343895,0.06723423860967159,0.06736508198082447,0.06523967906832695,0.06863019429147243,0.06833235263824462,0.002223670462500491,0.06836280040442944,0.06528494303114712,0.06622442982159554,0.06970212485827505,0.07251093002036214
634,Matt Hill,Hawthorn,0.06786642782390118,0.06569947116076946,0.06796826981008053,0.06763087399303913,0.06799007765948772,0.06661043129861355,0.06555941700935364,0.0663035586476326,0.06630631536245346,0.06802662089467049,0.06721098907291889,0.06592872925102711,0.06606272794306278,0.06653252430260181,0.06798781640827656,0.0681605227291584,0.064916230738163,0.06745223701000214,0.06856447272002697,0.0655342135578394,0.06795058399438858,0.06606954336166382,0.06544370204210281,0.06622951291501522,0.06856744363904,0.06678075715899467,0.06600327603518963,0.06771801598370075,0.06738436594605446,0.06724329851567745,0.06621581129729748,0.06590846553444862,0.06719553098082542,0.0667458325624466,0.06592215038836002,0.06673463433980942,0.06646387092769146,0.06668481789529324,0.06676760502159595,0.06728342175483704,0.06563591957092285,0.06645264476537704,0.06768508441746235,0.0651976428925991,0.06689401529729366,0.06822238862514496,0.06620100326836109,0.06669401377439499,0.06715008430182934,0.0660027526319027,0.066795202344656,0.0009309156727608966,0.0667143240571022,0.06546225690282881,0.06591929025389254,0.0679542803298682,0.06820970611646772
563,Max Ramsden,Hawthorn,0.061693158000707626,0.06075821630656719,0.0602874830365181,0.062271973118186,0.06203925795853138,0.06257509998977184,0.0626601055264473,0.061839062720537186,0.061933234333992004,0.06139013729989529,0.06261900439858437,0.06149512156844139,0.0619101170450449,0.06397503614425659,0.06218642741441727,0.06262595765292645,0.06183559261262417,0.06131993792951107,0.0618735421448946,0.06167360208928585,0.06294772028923035,0.062055954709649086,0.06178945489227772,0.06079631671309471,0.06218012794852257,0.06161179952323437,0.0612949151545763,0.061339227482676506,0.061897411942481995,0.061644047498703,0.06150808930397034,0.06283054128289223,0.0626529548317194,0.06263459287583828,0.06250687688589096,0.061189256608486176,0.06225785054266453,0.06262672692537308,0.0608782023191452,0.06218194589018822,0.060836661607027054,0.061844486743211746,0.06229826435446739,0.06324553862214088,0.06076658144593239,0.06135801784694195,0.06198570132255554,0.062091147527098656,0.06165549345314503,0.06357799284160137,0.06194891933351755,0.0007410876075879422,0.06190376449376345,0.060772677175700666,0.0613147081695497,0.0626283709090203,0.06318448586389422
580,Henry Hustwaite,Hawthorn,0.03854038193821907,0.03801584616303444,0.038140375167131424,0.03931741416454315,0.03868546709418297,0.040258824825286865,0.03938251733779907,0.03930235281586647,0.038381461054086685,0.03762247413396835,0.040003713220357895,0.03843766450881958,0.03842978924512863,0.040472857654094696,0.038437385112047195,0.03908767178654671,0.03825366869568825,0.0380602702498436,0.03799571841955185,0.03864919766783714,0.03914676234126091,0.03934352099895477,0.038567330688238144,0.03779948875308037,0.038722358644008636,0.0396619513630867,0.03902844339609146,0.0383356511592865,0.03917905315756798,0.039281200617551804,0.03873521462082863,0.03858250752091408,0.039954010397195816,0.03890838474035263,0.039600931107997894,0.0375712551176548,0.03915843367576599,0.039483409374952316,0.03802618756890297,0.039504073560237885,0.03775257617235184,0.03893492370843887,0.039241090416908264,0.039429690688848495,0.03808426484465599,0.0378737598657608,0.03909888118505478,0.03857455775141716,0.038678478449583054,0.04188241437077522,0.038872317150235175,0.0008143551116586708,0.03872878663241863,0.037762193251401184,0.038053146969527,0.039487728189677,0.040206526946276425
653,Aidan Schubert,Hawthorn,0.02961219660937786,0.029711199924349785,0.029629675671458244,0.02904362976551056,0.029165418818593025,0.0294756218791008,0.02944343350827694,0.029440751299262047,0.029606468975543976,0.029216343536973,0.02932923659682274,0.029184671118855476,0.029227036982774734,0.029436077922582626,0.029329853132367134,0.02967245876789093,0.029731258749961853,0.029437538236379623,0.02966012991964817,0.029418356716632843,0.029274379834532738,0.029805969446897507,0.029417550191283226,0.029691647738218307,0.029668353497982025,0.029412521049380302,0.02926003560423851,0.029467562213540077,0.029483510181307793,0.029310433194041252,0.029364433139562607,0.029700659215450287,0.02931690402328968,0.029672639444470406,0.029674358665943146,0.02915247157216072,0.02953755296766758,0.029217351227998734,0.02874896302819252,0.029265576973557472,0.02968679741024971,0.029919901862740517,0.028819464147090912,0.02980479598045349,0.02936657890677452,0.029299093410372734,0.028905853629112244,0.029343802481889725,0.029156863689422607,0.029208702966570854,0.02941452171653509,0.0002548038663633677,0.029417953453958035,0.028934097737073897,0.02920368031039834,0.029676958363503217,0.029789720848202705
386,Kysaiah Pickett,Melbourne,16.232126109302044,15.845480350777507,16.084506075829268,16.324142364785075,16.146524630486965,16.286282408982515,16.030390387400985,16.113680651411414,16.111010974273086,16.053556019440293,16.1814296413213,16.069330984726548,16.045921994373202,16.1046346090734,16.191805012524128,16.086430959403515,15.974924584850669,16.083533249795437,15.93272571824491,16.067283615469933,16.022309498861432,16.027589090168476,16.10060068592429,15.930864522233605,15.97568072937429,16.41238877363503,16.15083959326148,16.00909675657749,16.015883687883615,16.07335647754371,16.05677965283394,16.08391105942428,16.015970438718796,16.208552526310086,16.066092072054744,16.0813370924443,16.105949779972434,16.05830460600555,16.16110872104764,16.24652317352593,16.090761741623282,16.11422647535801,16.226112248376012,16.067241555079818,16.079741643741727,16.09801563806832,16.05951971001923,16.08579429425299,16.075961973518133,16.257208613678813,16.098468863479795,0.10168913831064305,16.08372215460986,15.941376485899092,16.020984635291622,16.195305242905395,16.280322280945256
384,Max Gawn,Melbourne,15.220882207155228,15.508965075016022,15.303117502480745,15.462714545428753,15.312992319464684,15.414089631289244,15.327322013676167,15.266252119094133,15.288037713617086,15.424182564020157,15.045952085405588,15.423034362494946,15.407826788723469,15.748808544129133,15.379619129002094,15.258581221103668,15.361253716051579,15.609030310064554,15.375886991620064,15.345751654356718,15.497333507984877,15.371395491063595,15.270447853952646,15.0442976616323,15.491470042616129,15.531030960381031,15.64310984686017,15.492930579930544,15.350866593420506,15.313404370099306,15.257729336619377,15.496522478759289,15.571782793849707,15.355101097375154,15.264867905527353,15.333614349365234,15.552860651165247,15.266724143177271,15.240263640880585,15.371012192219496,15.159360904246569,15.369594521820545,15.365796864032745,15.561768341809511,15.279570680111647,15.312037870287895,15.524383764714003,15.471286613494158,15.530999060720205,15.25742194801569,15.380665731206536,0.1409779297845424,15.367695692926645,15.171972771342844,15.263553988482803,15.525766361579299,15.60139456924051
406,Tom Sparrow,Melbourne,9.39982820674777,9.695334807038307,9.595547206699848,9.390285359695554,9.610037351027131,9.46739161759615,9.780608901754022,9.447646249085665,9.670524140819907,9.5268316231668,9.585967442020774,9.554027408361435,9.590703967958689,9.434350756928325,9.506278732791543,9.514942344278097,9.554506795480847,9.647398140281439,9.363967657089233,9.401711901649833,9.434455711394548,9.492694701999426,9.56693215481937,9.6768780015409,9.57190558500588,9.268244493752718,9.505136210471392,9.631145901978016,9.601077320054173,9.560811216011643,9.575309854000807,9.517382442951202,9.610126931220293,9.371664585545659,9.54098566249013,9.386326411738992,9.432949982583523,9.58460632711649,9.635654099285603,9.599628271535039,9.394988723099232,9.762268222868443,9.382438071072102,9.477448772639036,9.754677638411522,9.27488866634667,9.610562032088637,9.404230304062366,9.347326323390007,9.502718761563301,9.52426707983017,0.12071360211141802,9.533908642828465,9.350737796798349,9.394005720147863,9.632088115215302,9.742512357980013
383,Jacob van Rooyen,Melbourne,8.691088885068893,8.632386894896626,8.651676762849092,8.79027539305389,8.652326980605721,8.632980704307556,8.6786192599684,8.748670045286417,8.667185319587588,8.848126424476504,8.856977781280875,8.742722906172276,8.647981969639659,8.722905514761806,8.764918709173799,8.71762422658503,8.682019501924515,8.812004821375012,8.633038632571697,8.743596399202943,8.703796161338687,8.673787837848067,8.653528762981296,8.801865240558982,8.593837277963758,8.680881453678012,8.6535439863801,8.795966554433107,8.795122029259801,8.767797386273742,8.785115813836455,8.613189680501819,8.648591537028551,8.631924513727427,8.597139801830053,8.843494899570942,8.718618990853429,8.788677632808685,8.613591607660055,8.72895634919405,8.631167747080326,8.617520300671458,8.866518322378397,8.583498544991016,8.632722852751613,8.66189256682992,8.722952475771308,8.740784769877791,8.663756161928177,8.629761913791299,8.703142606131733,0.07661373935766765,8.681450477801263,8.600430026957765,8.631766349498182,8.791288340020925,8.847176961870865
396,Kade Chandler,Melbourne,5.84847916290164,5.718035854399204,5.654440920799971,5.919709479436278,5.90311955101788,5.811491120606661,5.7767902463674545,5.717750508338213,5.668208193033934,5.84138567186892,5.893471317365766,5.904261518269777,5.865474170073867,5.703251324594021,5.773821093142033,5.69419095851481,5.879529714584351,5.784191289916635,5.666849792003632,5.877326559275389,5.766438543796539,5.754095606505871,5.757741069421172,5.764390150085092,5.737422754988074,5.796143999323249,5.754994202405214,5.7830785270780325,5.8368756379932165,5.697843421250582,5.724277814850211,5.6758933663368225,5.746695797890425,5.890619710087776,5.861742414534092,5.724415700882673,5.866199171170592,5.923053016886115,5.8997124545276165,5.793999098241329,5.8307955749332905,5.611115016043186,5.926722716540098,5.759627094492316,5.765727918595076,5.852467428892851,5.767620924860239,5.788377860561013,5.7645898796617985,5.811512995511293,5.790719366297126,0.07943742260320535,5.7799343867227435,5.667128264214844,5.714720178935677,5.881847523644566,5.916542647397145
385,Jack Steele,Melbourne,5.361530618742108,5.505492826923728,5.45091007463634,5.279894707724452,5.320911556482315,5.315765300765634,5.257880549877882,5.341941868886352,5.2333844639360905,5.284091524779797,5.221590146422386,5.244972163811326,5.398625519126654,5.239311126992106,5.283276652917266,5.513880055397749,5.241553101688623,5.295404098927975,5.465175775811076,5.398360366001725,5.181973779574037,5.408110696822405,5.458305096253753,5.529242899268866,5.442459251731634,5.206934684887528,5.381530843675137,5.193821415305138,5.3285144325345755,5.45140084810555,5.269582334905863,5.234648156911135,5.32170726172626,5.250674093142152,5.396586053073406,5.365541126579046,5.276317745447159,5.286516733467579,5.340694699436426,5.28093022480607,5.363629093393683,5.221826795488596,5.295985659584403,5.263799671083689,5.394347725436091,5.475585874170065,5.362150598317385,5.415146531537175,5.350981695577502,5.2629441898316145,5.33331685423851,0.09060435822822151,5.321309409104288,5.209939054502175,5.241084528977051,5.444225473718718,5.499361901609227
403,Harvey Langford,Melbourne,2.501966629177332,2.4732020664960146,2.520760079845786,2.4700475577265024,2.5196827203035355,2.510057494044304,2.457902494817972,2.568510999903083,2.5044312924146652,2.522074244916439,2.485989276319742,2.563889840617776,2.510598875582218,2.4745023604482412,2.5257549453526735,2.501658396795392,2.459438383579254,2.539058296009898,2.472174558788538,2.487377731129527,2.518324689939618,2.5034077800810337,2.466148991137743,2.4792803898453712,2.4962529614567757,2.5491344928741455,2.571074040606618,2.5035370606929064,2.5146927181631327,2.455422366037965,2.508507639169693,2.504192003980279,2.467705534771085,2.5007195845246315,2.442957267165184,2.5722882244735956,2.4781969394534826,2.4864570945501328,2.465762957930565,2.5222567468881607,2.533554218709469,2.51349058188498,2.4777606409043074,2.537019593641162,2.506158199161291,2.457970781251788,2.4804341811686754,2.487694464623928,2.530059479176998,2.4912800174206495,2.501816397719085,0.031689166539567756,2.502687204629183,2.4579164935369047,2.46955807492882,2.5307898797392845,2.567563662249595
391,Bayley Fritsch,Melbourne,2.1683424785733223,2.330602278932929,2.240774940699339,2.213914427906275,2.129724020138383,2.144197829067707,2.155204502865672,2.1839473582804203,2.227855183184147,2.1859478317201138,2.205267885699868,2.1897943411022425,2.1350684445351362,2.311426665633917,2.2655079923570156,2.1624822467565536,2.25011377222836,2.064835576340556,2.2238394003361464,2.1697223149240017,2.175922764465213,2.2323835156857967,2.175960525870323,2.221036123111844,2.257168920710683,2.24590172059834,2.103789731860161,2.187968360260129,2.1048803105950356,2.1284374445676804,2.141782972961664,2.172144580632448,2.19144937209785,2.234750250354409,2.2161924336105585,2.0958660300821066,2.2508214358240366,2.2635947074741125,2.254576377570629,2.232591724023223,2.1820505410432816,2.0976799987256527,2.148571679368615,2.2783732041716576,2.1559973414987326,2.069333015009761,2.2281477618962526,2.1865602638572454,2.2664223443716764,2.2158010192215443,2.1934945192560553,0.06007744932703307,2.1888813506811857,2.0962378936540333,2.1339514598362146,2.2516062186490746,2.2759232779126615
398,Harry Petty,Melbourne,2.093430170789361,2.0474822651594877,2.0344283021986485,2.120053270831704,2.1647679656744003,2.1008477322757244,2.0921817049384117,2.1456734221428633,2.1398532930761576,2.2382370606064796,2.1858486607670784,2.226552052423358,2.0753952357918024,2.126069897785783,2.152541246265173,2.078757017850876,2.12352511100471,2.0564295072108507,2.026337057352066,2.139580588787794,2.172433916479349,2.1490335315465927,2.1149740163236856,2.091943269595504,2.050082791596651,2.154886035248637,2.12461924739182,2.065469855442643,2.0548861119896173,2.143589649349451,2.0331887379288673,2.133511934429407,2.101708933711052,2.134385634213686,2.1129440516233444,2.1083758119493723,2.128273466601968,2.1380975283682346,2.0683846045285463,2.0283318050205708,2.1275692842900753,2.054825495928526,2.131656479090452,2.1374292988330126,2.076188961043954,2.0933721158653498,2.097278682515025,2.132327990606427,2.077342787757516,2.1130094714462757,2.1103622612729667,0.047083547949474114,2.1139917438849807,2.0334428486041727,2.056106937609613,2.1463756850082425,2.1830986381880937
404,Ed Langdon,Melbourne,2.1005336958914995,2.1360753066837788,2.0944031588733196,2.0946994367986917,2.1253564972430468,2.0681164655834436,2.0895280595868826,2.1713458448648453,2.162452008575201,2.1040216516703367,2.2033503651618958,2.1127498392015696,2.19917444139719,2.102255195379257,2.161750504747033,2.119986802339554,2.0875084791332483,2.03219791688025,2.2191282752901316,2.0360532104969025,2.10832766443491,2.1192633975297213,2.1709475200623274,2.1667068414390087,2.1506282817572355,2.071178909391165,2.151147225871682,2.003619587048888,2.1014761347323656,2.0781570989638567,2.1828549299389124,2.0725788846611977,2.0457884278148413,2.014397921040654,2.070681480690837,2.087400909513235,2.0089625604450703,2.0967694353312254,2.019503764808178,2.1366924308240414,2.1560209281742573,2.0586127415299416,2.1597783844918013,2.1882361099123955,2.119059005752206,2.097912499681115,2.0251792166382074,2.1257715821266174,2.0591538175940514,2.1449387054890394,2.1082486710697412,0.0541958405651908,2.103138423524797,2.0154446190129964,2.0559324599634854,2.163341268643737,2.196932083442807
571,Jake Bowey,Melbourne,1.8650021068751812,1.7805593013763428,1.835500743240118,1.7619211506098509,1.8483921401202679,1.7050875779241323,1.808794280514121,1.864779395982623,1.795991225168109,1.7899560146033764,1.7541151642799377,1.8653526213020086,1.7701247446238995,1.7797237541526556,1.7706609163433313,1.828144883736968,1.8793912883847952,1.8158584833145142,1.8927887585014105,1.8546153139322996,1.863038171082735,1.8692467138171196,1.7565170414745808,1.8305317163467407,1.9021137654781342,1.8553952109068632,1.8572346474975348,1.7499616295099258,1.8102931808680296,1.84306531958282,1.7780673634260893,1.9077404085546732,1.87810536660254,1.8910502307116985,1.8561871368438005,1.8160011414438486,1.905174506828189,1.8037663344293833,1.784480806440115,1.8875009547919035,1.9589272774755955,1.8029884696006775,1.7154080606997013,1.8295876029878855,1.8677321802824736,1.8514232113957405,1.7817656062543392,1.73247055336833,1.847170401364565,1.7763035483658314,1.8255201684683562,0.05493473733571853,1.830059659667313,1.7360562239773571,1.77054885645397,1.8783741242550314,1.9045470548514276
615,Joel Fitzgerald,Melbourne,1.586043419316411,1.5685815587639809,1.600837690755725,1.6489014588296413,1.542566305026412,1.543935615569353,1.5593307483941317,1.543993130326271,1.5250417478382587,1.468770120292902,1.600375521928072,1.4792124293744564,1.5670184437185526,1.4638522434979677,1.5904947686940432,1.6038360837846994,1.5459673944860697,1.5885517951101065,1.5222031231969595,1.5908574927598238,1.5519890878349543,1.6154391206800938,1.575484748929739,1.561202084645629,1.4968139864504337,1.622244717553258,1.502691112458706,1.5457765702158213,1.575486894696951,1.5976329073309898,1.5323011074215174,1.4990557748824358,1.5157769415527582,1.5391097143292427,1.5916327461600304,1.5624737031757832,1.4531022068113089,1.5331497583538294,1.4731285013258457,1.556213540956378,1.5598098058253527,1.5480010937899351,1.568837083876133,1.531061103567481,1.5672605820000172,1.558349760249257,1.640470739454031,1.6071345657110214,1.5367574095726013,1.54978808760643,1.554170930981636,0.04451948263069586,1.5572816506028175,1.4696635884046554,1.5130420032721013,1.59820611378178,1.6208495701942593
387,Caleb Windsor,Melbourne,1.012524165213108,1.070272658020258,1.076066104695201,1.012929443269968,1.0462306141853333,1.0678349174559116,1.0294634569436312,1.0190154686570168,1.0347635690122843,1.0496743451803923,1.0394503585994244,1.0651006121188402,1.0356088317930698,1.0135347284376621,1.0705477744340897,1.0633375216275454,1.1034111622720957,1.023896174505353,1.0857940204441547,1.0052565671503544,1.0433239955455065,1.0593715533614159,1.036685235798359,1.0322344712913036,1.040566347539425,0.9941232241690159,1.0814230106770992,1.0248525962233543,1.0508763957768679,0.9995539467781782,1.0974813401699066,1.0365049187093973,1.0529052168130875,1.102623425424099,1.0593549143522978,1.1031397935003042,1.0652005765587091,1.0073972456157207,1.0454158652573824,1.0310929827392101,1.0809246301651,1.083447277545929,1.0161353442817926,1.0477890651673079,1.1073259245604277,1.0196169335395098,0.9890600629150867,1.0536604169756174,1.1018674783408642,1.0701998621225357,1.04917733091861,0.03126212313979309,1.0470098396763206,1.0007229839544742,1.0155918155703694,1.0818460824526845,1.103033938044682
402,Daniel Turner,Melbourne,1.0039472188800573,0.9296905938535929,0.9690756108611822,0.9680856596678495,0.9229927007108927,0.9663868434727192,0.9777243994176388,0.9335504602640867,0.9795198030769825,0.9402226321399212,0.929365735501051,0.9470417872071266,0.9497053697705269,0.9011278804391623,0.9542192481458187,0.9661911483854055,1.0046845618635416,0.9885877817869186,0.9571582917124033,0.9871348589658737,1.007050396874547,0.9629874173551798,0.9252005387097597,0.9497289583086967,0.9384477324783802,0.9463830441236496,0.9113218821585178,0.9666490443050861,0.9001357331871986,0.9485367052257061,0.9802362751215696,0.9678299389779568,0.9710254222154617,0.9857158046215773,0.9479213394224644,0.9700607638806105,1.0054343845695257,0.9405982792377472,0.9692139271646738,0.9917607493698597,0.9717553965747356,0.931483706459403,0.9702182523906231,0.9491264950484037,0.9817441776394844,1.014894051477313,1.0063999574631453,0.9625580664724112,0.9775630794465542,0.9305874053388834,0.9611796302348375,0.02776694771848258,0.9662889959290624,0.9137143999617546,0.9312963795252144,0.9874385198354722,1.0062020150199533
397,Koltyn Tholstrup,Melbourne,0.8554842192679644,0.8581391461193562,0.8246187306940556,0.8307560347020626,0.8412858974188566,0.8372363299131393,0.8412751331925392,0.8426536303013563,0.8483251370489597,0.843170927837491,0.8574844300746918,0.8248511739075184,0.8689336888492107,0.8464900515973568,0.8470724392682314,0.8464105483144522,0.8435517586767673,0.8559487741440535,0.8485017623752356,0.852177232503891,0.8460347168147564,0.8291933480650187,0.8368900865316391,0.8546417914330959,0.8726409506052732,0.8343829438090324,0.8369660191237926,0.8574076257646084,0.8547010868787766,0.8423490822315216,0.8472620025277138,0.8524603340774775,0.834655161947012,0.8537693694233894,0.8353056311607361,0.8374004773795605,0.8419406786561012,0.8490805253386497,0.8315378613770008,0.8361071329563856,0.8478405270725489,0.8442611154168844,0.8492794297635555,0.8412480186671019,0.831537526100874,0.8441150616854429,0.8443293981254101,0.8491758089512587,0.8366179578006268,0.8496372718364,0.8447427197545767,0.0100567274540692,0.8442952567711473,0.8295136988256127,0.8351696830950678,0.8546541841812432,0.8580049293302
401,Jake Lever,Melbourne,0.8035014346241951,0.7880030777305365,0.8084201272577047,0.7916076257824898,0.806754857301712,0.8109621573239565,0.8161507323384285,0.8037235215306282,0.8082123920321465,0.7976145856082439,0.8184263464063406,0.8078965526074171,0.7886222545057535,0.8056211769580841,0.8041030317544937,0.8087011128664017,0.7923665530979633,0.7969289515167475,0.7962677776813507,0.7915735505521297,0.82739626057446,0.8100067339837551,0.803388524800539,0.7896663341671228,0.7925728317350149,0.817372577264905,0.7921086251735687,0.8228608947247267,0.7988907787948847,0.803188243880868,0.7986107617616653,0.8127423617988825,0.7938615754246712,0.8126835767179728,0.7940535675734282,0.8022793717682362,0.8063800763338804,0.808048015460372,0.7928344160318375,0.8082097452133894,0.8059724997729063,0.8044917322695255,0.7973517719656229,0.7989527694880962,0.7890916429460049,0.7937689870595932,0.7865198999643326,0.7904752064496279,0.8161766286939383,0.7967282608151436,0.8022428498417139,0.009777311652944582,0.8032883843407035,0.788718479136005,0.7920039163008332,0.8113219339773059,0.8182103237323463
394,Harry Sharp,Melbourne,0.7704276759177446,0.7672680541872978,0.7700822614133358,0.7606712076812983,0.7682968862354755,0.7620902881026268,0.7706309482455254,0.7657690308988094,0.7510146144777536,0.764809699729085,0.7722441647201777,0.7704536747187376,0.7834287062287331,0.7425356954336166,0.7572552934288979,0.7569587174803019,0.7532785125076771,0.758105605840683,0.7773023080080748,0.767418909817934,0.7698862981051207,0.7575398366898298,0.764549944549799,0.763583479449153,0.759819595143199,0.7617579009383917,0.7517752014100552,0.7633048743009567,0.7608499992638826,0.7474469598382711,0.7609738651663065,0.7759563159197569,0.7657596357166767,0.7670643776655197,0.7622412722557783,0.7658935859799385,0.7718345280736685,0.7565112095326185,0.7577826175838709,0.7499807551503181,0.7579165101051331,0.756521413102746,0.7721654493361712,0.776388781145215,0.7469827737659216,0.7523050401359797,0.7595862224698067,0.7626710776239634,0.7532079294323921,0.7488449160009623,0.7622228924185037,0.008719970236536903,0.7621657801792026,0.7477335408516228,0.7530192255694419,0.7704907248858363,0.7763001257739961
400,Trent Rivers,Melbourne,0.7262803893536329,0.7009616997092962,0.6955020148307085,0.7266242690384388,0.7118103560060263,0.7074869964271784,0.7277154941111803,0.7052677609026432,0.7265054397284985,0.716943422332406,0.7007419541478157,0.6962501704692841,0.714133970439434,0.7363474350422621,0.7220341432839632,0.7185777090489864,0.7155190203338861,0.727951405569911,0.7197101227939129,0.7066733483225107,0.7111511528491974,0.7183374054729939,0.7202205695211887,0.7225177455693483,0.722935276106,0.7154895346611738,0.7267836797982454,0.7220145631581545,0.7317248787730932,0.7335063088685274,0.7136226277798414,0.710961602628231,0.7265584990382195,0.7244350388646126,0.720124552026391,0.7192162107676268,0.7149404678493738,0.7190978098660707,0.6964305564761162,0.6983529608696699,0.7307955697178841,0.7140864599496126,0.7046695742756128,0.6978043485432863,0.7140591461211443,0.7218811716884375,0.704417310655117,0.728294063359499,0.736277250573039,0.7185557950288057,0.7168459850549698,0.01090159255093934,0.7185667520388961,0.6967121838498861,0.7046168511789292,0.7269784289896488,0.7331411156989633
539,Matthew Jefferson,Melbourne,0.6262015905231237,0.6097660399973392,0.615686560049653,0.598359003663063,0.6117097027599812,0.5941851325333118,0.6043355353176594,0.6203511077910662,0.6218888871371746,0.6243142951279879,0.6200872343033552,0.5863270368427038,0.5976756047457457,0.5946881547570229,0.5964244939386845,0.5920792073011398,0.6069131959229708,0.6028987355530262,0.616731682792306,0.61921601369977,0.5896222405135632,0.6109219584614038,0.6112443897873163,0.6416651792824268,0.6047404911369085,0.6034672111272812,0.5894138347357512,0.6050672214478254,0.5944804046303034,0.614252109080553,0.6133155338466167,0.6213969737291336,0.6066437307745218,0.6142532844096422,0.607553580775857,0.6104029472917318,0.6198237799108028,0.6186644751578569,0.6330991126596928,0.5977786388248205,0.604059150442481,0.6137563306838274,0.6105908043682575,0.603237546980381,0.5874230861663818,0.6099339947104454,0.5899468995630741,0.6211586911231279,0.624465249478817,0.6063010338693857,0.6087703819945455,0.01230635670978743,0.6098500173538923,0.5894565579202026,0.5946447349805385,0.6205198927074671,0.6258456406090408
393,Blake Howes,Melbourne,0.605614310130477,0.5967281758785248,0.5964131839573383,0.6018845792859793,0.6020812932401896,0.6098961010575294,0.6049123611301184,0.6036023963242769,0.6036711670458317,0.6037556510418653,0.6028617806732655,0.5948336999863386,0.605693893507123,0.6039141975343227,0.6011283025145531,0.603369876742363,0.6025355774909258,0.6001139376312494,0.6005159355700016,0.6034860890358686,0.6000419743359089,0.6020892970263958,0.5951109528541565,0.5980456955730915,0.6000833474099636,0.609452947974205,0.5991799160838127,0.601925415918231,0.601356502622366,0.6034167129546404,0.6052709221839905,0.6068059951066971,0.6010570582002401,0.6054954696446657,0.601075442507863,0.6018470823764801,0.6061913501471281,0.598376739770174,0.5968740563839674,0.5982115119695663,0.5980606060475111,0.6026807017624378,0.599125387147069,0.5994775518774986,0.5962304435670376,0.6028283946216106,0.5993722472339869,0.5994706396013498,0.60175502859056,0.603755472227931,0.6016335474699736,0.003385487162891184,0.6018658308312297,0.5962679053470492,0.5981799726318568,0.6049873003903776,0.6066799928899854
392,Changkuoth Jiath,Melbourne,0.5518021900206804,0.5393865238875151,0.5480180103331804,0.5519268531352282,0.5486985947936773,0.5519415326416492,0.5608573332428932,0.5710359457880259,0.5460443124175072,0.5492053795605898,0.5422407370060682,0.5302335172891617,0.5523908492177725,0.5385927781462669,0.5525821130722761,0.5838586390018463,0.5391957107931376,0.5422480404376984,0.5626089740544558,0.5497280284762383,0.5541370306164026,0.5740897953510284,0.5460205320268869,0.5557462051510811,0.5543279182165861,0.5476558543741703,0.5356643609702587,0.5499812420457602,0.5736004989594221,0.5432922150939703,0.5622560773044825,0.5449631046503782,0.5423318557441235,0.5489791389554739,0.5502484943717718,0.536452166736126,0.5511015132069588,0.5481557343155146,0.5517322849482298,0.5660975221544504,0.5515981167554855,0.5639860425144434,0.5326918810606003,0.5463274084031582,0.5479036755859852,0.5518929790705442,0.5512511245906353,0.5458487365394831,0.542667455971241,0.5496890973299742,0.55066572252661,0.010608883058014473,0.5497085629031062,0.5358258611522615,0.5422465140204876,0.5611496707517654,0.5730747655592858
502,Bailey Laurie,Melbourne,0.5364453010261059,0.5376929007470608,0.5354579631239176,0.5363984424620867,0.5305982772260904,0.5380021687597036,0.5421514958143234,0.5393554754555225,0.5402288790792227,0.525223508477211,0.5395111292600632,0.5232001654803753,0.5341719053685665,0.5397157967090607,0.5337646137923002,0.5346820894628763,0.5278346203267574,0.5346453357487917,0.5444530434906483,0.5310907810926437,0.537092549726367,0.5443952661007643,0.5284521747380495,0.5406094752252102,0.5335892718285322,0.5488876607269049,0.5305358450859785,0.5388307608664036,0.5329506695270538,0.5333249121904373,0.5336438920348883,0.5374647844582796,0.5394554324448109,0.5363476444035769,0.5349124204367399,0.5398128088563681,0.5393622033298016,0.532259801402688,0.537006463855505,0.5226802285760641,0.5245166886597872,0.5363203883171082,0.5431922525167465,0.5388581771403551,0.5263266246765852,0.5310132429003716,0.5336504634469748,0.5380396898835897,0.5314500704407692,0.5354977063834667,0.5353020692616701,0.005561966609884019,0.5359090473502874,0.5246615867223591,0.530585228908807,0.5397360722478479,0.5441486483160406
395,Latrelle Pickett,Melbourne,0.4480908289551735,0.44461064226925373,0.44499558210372925,0.44820852018892765,0.4465744085609913,0.4498196057975292,0.445297721773386,0.44762556813657284,0.44703924655914307,0.44593597017228603,0.44912598468363285,0.44586291536688805,0.4492873940616846,0.4479719642549753,0.4462993387132883,0.4461335018277168,0.44386020489037037,0.44682266004383564,0.4442658852785826,0.44646035321056843,0.4466592166572809,0.4456924255937338,0.44530497677624226,0.44464326836168766,0.44534466974437237,0.44727838039398193,0.4454414118081331,0.4468823540955782,0.4461409579962492,0.4466172270476818,0.4468624908477068,0.4448289982974529,0.44758312217891216,0.45043090358376503,0.44547917135059834,0.4453801494091749,0.44701586849987507,0.44499663449823856,0.44556841626763344,0.4468351677060127,0.44601112976670265,0.44299614802002907,0.44638412073254585,0.44814785942435265,0.4422604348510504,0.44620394706726074,0.44500815868377686,0.4445698205381632,0.44283307529985905,0.44413093850016594,0.4461563948169351,0.001700990157572417,0.446137229911983,0.44317327967844905,0.44463644950836895,0.44769796492531894,0.449254305139184
478,Paddy Cross,Melbourne,0.32255323976278305,0.31883497536182404,0.3210346791893244,0.3237805012613535,0.32283459044992924,0.32400242425501347,0.32168455235660076,0.32128083892166615,0.3244816306978464,0.32189488783478737,0.32261897809803486,0.32049710303545,0.3226965069770813,0.3254331648349762,0.3215814661234617,0.3244300689548254,0.3206872120499611,0.32278579846024513,0.32077460922300816,0.3221794068813324,0.32107292860746384,0.3225459363311529,0.3204267993569374,0.32270299084484577,0.3205824848264456,0.32502519339323044,0.322798078879714,0.32439457438886166,0.3206438720226288,0.3222394101321697,0.32347740046679974,0.3217380437999964,0.32057567499578,0.3248605765402317,0.3214158359915018,0.31833284348249435,0.3230070639401674,0.31828797794878483,0.32015739753842354,0.32189201563596725,0.31880622915923595,0.3204048406332731,0.3214373290538788,0.324827466160059,0.31885387003421783,0.32007784582674503,0.32033374160528183,0.3211129195988178,0.3237602114677429,0.3202857580035925,0.3218428789079189,0.0018172007473384695,0.32171129807829857,0.3188121221307665,0.32032371303252877,0.3238268831670284,0.32485378891229627
389,Christian Salem,Melbourne,0.29923680052161217,0.30188831500709057,0.3055191822350025,0.30147798359394073,0.30140432342886925,0.30277034267783165,0.3019665293395519,0.3015815857797861,0.3078826442360878,0.2991389390081167,0.29629018902778625,0.29685934260487556,0.3047599345445633,0.29786401242017746,0.30120021291077137,0.3033550940454006,0.305376622825861,0.2990840133279562,0.30373585782945156,0.2973473835736513,0.29739732667803764,0.2980548869818449,0.3012246824800968,0.29499588906764984,0.3028987366706133,0.2968552876263857,0.30000968277454376,0.2995149102061987,0.2962764762341976,0.30435069650411606,0.30264279432594776,0.29544129781425,0.30191996321082115,0.29880924709141254,0.30147236958146095,0.29881302639842033,0.30200306326150894,0.29914868623018265,0.30370673909783363,0.29766660928726196,0.3043396044522524,0.3053335137665272,0.29852286726236343,0.2971399649977684,0.2978267055004835,0.2968320529907942,0.29576538503170013,0.30478845350444317,0.3039426114410162,0.29980128817260265,0.3005246825516224,0.0031746361580039587,0.30060494784265757,0.2958701587282121,0.29708131491765377,0.3040255829803646,0.30536778546869753
388,Brody Mihocek,Melbourne,0.3023657202720642,0.3005158733576536,0.3039067629724741,0.29993090219795704,0.29969640262424946,0.30423691496253014,0.30373226664960384,0.3004154674708843,0.30116002447903156,0.30228410847485065,0.29957046918570995,0.3069835286587477,0.3032877314835787,0.2996684033423662,0.2995905540883541,0.30225096829235554,0.294999185949564,0.29972738213837147,0.29958267509937286,0.3049902990460396,0.2955713775008917,0.30084182880818844,0.2982493545860052,0.2969453949481249,0.2972153816372156,0.30568105541169643,0.2992601804435253,0.29720970802009106,0.29804857820272446,0.303138792514801,0.30397985130548477,0.29525168612599373,0.3055960051715374,0.29721011221408844,0.301342761144042,0.30124836787581444,0.3000413402915001,0.2949875183403492,0.2988425474613905,0.3015668634325266,0.3029207345098257,0.2998410575091839,0.3014058880507946,0.30050588957965374,0.30044667050242424,0.30140802823007107,0.30024454556405544,0.2979307919740677,0.3024818152189255,0.2989162188023329,0.3005445197224617,0.0028191515643274058,0.3004310689866543,0.2953172228578478,0.2977812712136656,0.3033806393332779,0.30547183541581036
477,Tom McDonald,Melbourne,0.29260108806192875,0.29122101701796055,0.29013554006814957,0.2891018819063902,0.2895480077713728,0.2924631480127573,0.29042990505695343,0.2896449137479067,0.2931471783667803,0.29199440591037273,0.28983208909630775,0.29067770950496197,0.2908051200211048,0.2915353327989578,0.28978681191802025,0.29216596856713295,0.29038507863879204,0.2921308632940054,0.2937530856579542,0.2891086991876364,0.2894611284136772,0.29188594594597816,0.29203144647181034,0.2907778564840555,0.288990443572402,0.29211685061454773,0.2869215998798609,0.2909122407436371,0.28948996402323246,0.29116401821374893,0.28986307978630066,0.28812448494136333,0.28926013968884945,0.29242121055722237,0.2906964626163244,0.28996817395091057,0.29083997569978237,0.2888103909790516,0.2889320384711027,0.2889272924512625,0.2919703722000122,0.29027081094682217,0.28897498175501823,0.29155723936855793,0.2893455531448126,0.29057864658534527,0.2865065857768059,0.28901471570134163,0.2906870525330305,0.2886372562497854,0.290392116047442,0.0015266518690339717,0.29040749184787273,0.2882296030595899,0.2889872120525688,0.29204929593764245,0.2925728103518486
538,Max Heath,Melbourne,0.2154307197779417,0.2185137066990137,0.21255706623196602,0.21673646941781044,0.2152432631701231,0.22125224024057388,0.2134155035018921,0.21913521736860275,0.21566933952271938,0.21078677661716938,0.2190109696239233,0.2170670721679926,0.219014098867774,0.2181390728801489,0.21700651198625565,0.21719535067677498,0.21422968991100788,0.21730386279523373,0.21253656968474388,0.21520628593862057,0.21997494623064995,0.2130897380411625,0.2166520468890667,0.21409429796040058,0.21691176854074,0.2191706821322441,0.21518904529511929,0.2150038480758667,0.21644139662384987,0.2164683397859335,0.21879161894321442,0.22218700870871544,0.2129086721688509,0.22116882726550102,0.21344594098627567,0.21288849227130413,0.21821103245019913,0.21667684242129326,0.21637415327131748,0.21606112271547318,0.2145617287606001,0.21995697543025017,0.21619354002177715,0.21532455831766129,0.21146078407764435,0.2149355784058571,0.21657217293977737,0.2181873954832554,0.21319134905934334,0.21408076398074627,0.21623248908668757,0.002610868349832434,0.21640777494758368,0.2125407714769244,0.2133686552233994,0.2190116236358881,0.22092408165335656
390,Jai Culley,Melbourne,0.2137688249349594,0.20888110250234604,0.21230058930814266,0.21053174138069153,0.20618993416428566,0.2109065130352974,0.207699753344059,0.207392156124115,0.20678236335515976,0.20689623802900314,0.2090177834033966,0.21208962239325047,0.2091436553746462,0.20576919429004192,0.20893452875316143,0.2098157498985529,0.20616471208631992,0.2112978082150221,0.20820264890789986,0.2094801776111126,0.2050190418958664,0.20982207916676998,0.2119860090315342,0.20999963395297527,0.20675523951649666,0.2080770619213581,0.2077713906764984,0.20976916700601578,0.20865274965763092,0.21293948031961918,0.20883619599044323,0.20641673356294632,0.20661798492074013,0.20774301700294018,0.20810032077133656,0.20873803831636906,0.2078340481966734,0.21498087793588638,0.20682089775800705,0.20688489079475403,0.20841512456536293,0.20920099318027496,0.20694751851260662,0.2102427426725626,0.20650535076856613,0.209712041541934,0.20834348909556866,0.20796699821949005,0.20983369462192059,0.2084996271878481,0.20881395071744918,0.0021229794338146943,0.2085761884227395,0.2061698826123029,0.20677669447287916,0.21061006865650414,0.2128085076622665
499,Jake Melksham,Melbourne,0.20377884805202484,0.1993715651333332,0.20487823151051998,0.19952995516359806,0.200700044631958,0.1958400309085846,0.2011119518429041,0.1989987026900053,0.20364023372530937,0.202080599963665,0.20325850509107113,0.19982926733791828,0.2003000918775797,0.19636809825897217,0.2024588119238615,0.19779304414987564,0.20100286789238453,0.20012569800019264,0.19725041277706623,0.2012950461357832,0.19892463646829128,0.19715593196451664,0.20668752864003181,0.20285111106932163,0.1979481615126133,0.2064231690019369,0.19815605133771896,0.20463639497756958,0.2018983382731676,0.19740834459662437,0.19947435148060322,0.19693374074995518,0.19669720344245434,0.20073846727609634,0.20052703842520714,0.20222553238272667,0.20102989859879017,0.20123561471700668,0.20167179219424725,0.2047079000622034,0.2047558780759573,0.20248553343117237,0.19943679124116898,0.19644779153168201,0.1964806728065014,0.20201073586940765,0.19932436011731625,0.19837111234664917,0.2014121375977993,0.19971156679093838,0.20054759588092566,0.002734716764521046,0.20061354152858257,0.19645453219301998,0.19737533684633674,0.20333828637562693,0.20485314905643462
399,Xavier Lindsay,Melbourne,0.167898902669549,0.16654694452881813,0.16560660675168037,0.1655234955251217,0.1664699036628008,0.16850417479872704,0.16684896871447563,0.16722319088876247,0.1683489978313446,0.16730091534554958,0.16725642792880535,0.16789047978818417,0.16780284233391285,0.16688591055572033,0.16773220337927341,0.1668732352554798,0.16634067706763744,0.1677765939384699,0.16717826202511787,0.16678431071341038,0.16573144495487213,0.1683534812182188,0.16807889379560947,0.16729125380516052,0.1669115051627159,0.16778572276234627,0.16582471877336502,0.16772566363215446,0.1678964328020811,0.16671210527420044,0.16850297711789608,0.166852792724967,0.16684073396027088,0.16744236834347248,0.16765606217086315,0.16719726473093033,0.16856333054602146,0.16694929264485836,0.16664856486022472,0.16765647940337658,0.1710207536816597,0.1690594032406807,0.16600248403847218,0.1682598851621151,0.16657586954534054,0.16917401365935802,0.16508793085813522,0.16511082462966442,0.16687140055000782,0.16595112904906273,0.16725055653601884,0.0011068106079456816,0.1672102278098464,0.1655405333265662,0.1662699947245419,0.16827850970998406,0.16895770833827556
611,Luker Kentfield,Melbourne,0.08261450938880444,0.08137265406548977,0.08140531927347183,0.08161235973238945,0.081659235060215,0.08215841837227345,0.08212033472955227,0.08051920123398304,0.08286621607840061,0.08177120797336102,0.08239676803350449,0.08295590803027153,0.0823754109442234,0.08304985240101814,0.08232020400464535,0.08103495091199875,0.0826868787407875,0.08225331455469131,0.08129299432039261,0.08218123018741608,0.08157536759972572,0.08136177808046341,0.0827659796923399,0.08151593245565891,0.08112788945436478,0.0827905684709549,0.08340091072022915,0.08140437491238117,0.08140179142355919,0.08204044587910175,0.08244613930583,0.08136822283267975,0.08111737668514252,0.08222196437418461,0.081169743090868,0.08180424384772778,0.08174735307693481,0.08034685626626015,0.08216284029185772,0.08217365108430386,0.08236944675445557,0.08049259707331657,0.0818755030632019,0.08206192962825298,0.08142357505857944,0.08140995539724827,0.08094788528978825,0.08220304921269417,0.08109674602746964,0.08166445977985859,0.08184271089732648,0.0006891252556861243,0.0817877259105444,0.08060708146542311,0.08116099568083883,0.08248132865317166,0.08293752118013799
616,Lukas Cooke,Melbourne,0.0618054773658514,0.06115748733282089,0.060480138286948204,0.06075211986899376,0.06199682876467705,0.06181503087282181,0.060989055782556534,0.06141108460724354,0.060763584449887276,0.06108285114169121,0.061518652364611626,0.06123366393148899,0.06095019169151783,0.06263841316103935,0.06192764639854431,0.06178697571158409,0.0606234036386013,0.06225312501192093,0.060575636103749275,0.06005682051181793,0.061659326776862144,0.06099613942205906,0.061332132667303085,0.0610500443726778,0.06113012880086899,0.06258242204785347,0.06142360158264637,0.061285411939024925,0.0609549880027771,0.06201119348406792,0.061566224321722984,0.06045897677540779,0.06088094599545002,0.06338091939687729,0.061516739428043365,0.06157487444579601,0.061111168935894966,0.061111822724342346,0.06188374385237694,0.06215152144432068,0.062071582302451134,0.06039678491652012,0.06131606176495552,0.06184268184006214,0.05992131866514683,0.06126957945525646,0.060605015605688095,0.060823993757367134,0.0603342168033123,0.06109737977385521,0.06131118256598711,0.0006836766318452438,0.061251621693372726,0.060347043266519906,0.06061956053972244,0.06194210551306605,0.0625149161554873
572,Andy Moniz-Wakefield,Melbourne,0.05921546928584576,0.06016954779624939,0.059843260794878006,0.060418736189603806,0.059553395956754684,0.061131928116083145,0.05876797437667847,0.059869974851608276,0.05908545106649399,0.06008571945130825,0.05974278226494789,0.05853991210460663,0.060391493141651154,0.05986268073320389,0.058866119012236595,0.05931429751217365,0.05806327052414417,0.060007648542523384,0.058257121592760086,0.06032843701541424,0.05976237915456295,0.06024342216551304,0.05919250100851059,0.060859888792037964,0.05914653278887272,0.06115761026740074,0.0594602357596159,0.059971487149596214,0.05904526449739933,0.05954229459166527,0.05929850786924362,0.060550376772880554,0.060186419636011124,0.06033315137028694,0.05926586873829365,0.05894174426794052,0.058707816526293755,0.05775834247469902,0.05986829847097397,0.06102915294468403,0.05865917727351189,0.05923270434141159,0.059082988649606705,0.059296028688549995,0.05868535116314888,0.05960780568420887,0.059663260355591774,0.059431036934256554,0.06025923788547516,0.05801841430366039,0.059555450417101384,0.0007984745064791802,0.059547845274209976,0.058103009993210435,0.058755401385948064,0.06032942231558263,0.060994453793391586
540,Xavier Taylor,Melbourne,0.05588608980178833,0.056975893676280975,0.057760089635849,0.05646833777427673,0.05459867976605892,0.05714662931859493,0.05653532035648823,0.0558551661670208,0.05600474774837494,0.05626090057194233,0.058196911588311195,0.055896127596497536,0.05663672275841236,0.05606866627931595,0.05567598342895508,0.05670062452554703,0.05589683912694454,0.05747322551906109,0.05846520513296127,0.056236956268548965,0.057356229051947594,0.05641096457839012,0.056839799508452415,0.05477399565279484,0.05634596571326256,0.057965558022260666,0.05563047342002392,0.057454995810985565,0.0566393006592989,0.058958275243639946,0.05585077032446861,0.057821109890937805,0.056522026658058167,0.05487596616148949,0.05799093469977379,0.057524098083376884,0.05725790560245514,0.056505050510168076,0.056564632803201675,0.05711817182600498,0.05639454536139965,0.05605295114219189,0.05754014477133751,0.057871874421834946,0.05627678334712982,0.0554986335337162,0.05674208514392376,0.053907476365566254,0.057119738310575485,0.05796694755554199,0.056650330424308774,0.0010256261762805713,0.05654997657984495,0.054794899607077244,0.055854247435927394,0.05777284286916256,0.058154686326161026
643,Aidan Johnson,Melbourne,0.02593163773417473,0.026247214525938034,0.026223326101899147,0.02742564119398594,0.026747532188892365,0.027096806094050407,0.025974180549383163,0.027001837268471718,0.02607889100909233,0.026978585869073868,0.02630058489739895,0.02617616020143032,0.026421774178743362,0.02617952786386013,0.025957077741622925,0.026091795414686203,0.025833426043391228,0.025569401681423187,0.025224000215530396,0.026446262374520302,0.0263417549431324,0.025409266352653503,0.02581244520843029,0.025648145005106926,0.02594131976366043,0.026200169697403908,0.026407092809677124,0.025858964771032333,0.02626979351043701,0.025797013193368912,0.026355987414717674,0.025651535019278526,0.025631574913859367,0.025340626016259193,0.02552836947143078,0.02561861090362072,0.026380009949207306,0.026291441172361374,0.025642123073339462,0.025857869535684586,0.025422699749469757,0.025356164202094078,0.02679743617773056,0.025756489485502243,0.025479979813098907,0.026501432061195374,0.026345504447817802,0.026209982112050056,0.026012267917394638,0.02617957815527916,0.026079026199877262,0.0004868657066869364,0.026085343211889267,0.02536705014295876,0.025608326176181435,0.02642689221166074,0.026997070731595157
337,Harry Sheezel,North Melbourne,19.147133704274893,18.965286599472165,18.826691379770637,18.96204531751573,18.809803882613778,18.971018239855766,19.317824713885784,19.090944034978747,19.12973346374929,18.774125019088387,18.857099279761314,18.883818132802844,19.323737563565373,18.865883899852633,18.67111160978675,19.099295077845454,19.342249557375908,18.791643895208836,19.317139737308025,18.92099622450769,19.152338426560163,19.20241405442357,19.18099780753255,19.034758884459734,18.944326361641288,19.130674963817,18.839120529592037,19.185767102986574,19.026200965046883,19.233593847602606,19.33760112337768,19.36315239407122,18.830017302185297,19.015471190214157,19.124944938346744,18.975489389151335,19.355808394029737,19.0591854006052,18.96415439993143,19.057911798357964,19.085176212713122,19.28749520331621,18.909747509285808,19.004854990169406,19.219690799713135,19.250987084582448,18.88279495574534,18.8199505507946,19.02431822195649,18.930609872564673,19.049942720159887,0.18107807475078436,19.03047992475331,18.79536669262685,18.853341720975937,19.258617281397804,19.341296628406273
342,Luke Davies-Uniacke,North Melbourne,10.300197089090943,10.357408547773957,10.452394591644406,10.378155851736665,10.361609868705273,10.546485545113683,10.41300524584949,10.326058870181441,10.090331595391035,10.328939635306597,10.453385435044765,10.555971007794142,10.49564236216247,10.404462601989508,10.512463746592402,10.52987433411181,10.31709000095725,10.390386946499348,10.369359103962779,10.51840990036726,10.390518918633461,10.266686765477061,10.320222921669483,10.259968038648367,10.297314751893282,10.306160250678658,10.578627614304423,10.294441724196076,10.419387202709913,10.406378105282784,10.560782449319959,10.318807510659099,10.372373571619391,10.495168298482895,10.318252202123404,10.369241362437606,10.26356633193791,10.240754934027791,10.395491067320108,10.439127799123526,10.26916504651308,10.190009381622076,10.42097832262516,10.397304890677333,10.179985255002975,10.236643513664603,10.370728878304362,10.485038662329316,10.279088277369738,10.470316011458635,10.374283246807755,0.1074474336736745,10.371551224961877,10.199569378690795,10.268647085776552,10.495267377791926,10.554026487944647
350,Caleb Daniel,North Melbourne,6.830843571573496,6.850077174603939,7.009623160585761,6.967810057103634,6.888237405568361,6.918939836323261,6.809143651276827,6.851928597316146,6.888146946206689,6.856329312548041,6.843248125165701,6.892337886616588,7.025212932378054,6.853617189452052,6.9374581798911095,6.966231767088175,6.893269306048751,6.851013075560331,6.872590897604823,6.964991480112076,6.8982485216110945,6.787331201136112,6.877030178904533,6.941760769113898,6.972578970715404,6.97632434591651,6.892730982974172,6.865152491256595,6.807429561391473,6.734517866745591,6.980636382475495,6.85740764439106,6.8917239885777235,6.884569672867656,6.982877260074019,6.929020078852773,7.031207464635372,6.895469585433602,6.9812072813510895,6.8575432021170855,6.92672972753644,6.9259267244488,6.970255773514509,6.964283000677824,6.908181322738528,6.905157832428813,6.79583427682519,7.071712324395776,6.9457297045737505,6.848799914121628,6.905568572096526,0.06860352351272316,6.894369445741177,6.798211310161277,6.849810227163136,6.973361754132434,7.022017029160634
340,Tristan Xerri,North Melbourne,6.368255611509085,6.096049031242728,6.265372786670923,6.255829168483615,6.240226726979017,6.294924437999725,6.001879705116153,6.196770716458559,6.038631608709693,6.204443546012044,6.404562015086412,6.261408621445298,5.995327390730381,6.208485132083297,6.128901368007064,6.221333155408502,6.138214146718383,6.231901280581951,6.100223939865828,6.2024671249091625,6.175138356164098,6.2317921575158834,6.123133698478341,6.205437332391739,6.212903579697013,6.161725478246808,6.40291216596961,6.311607198789716,6.334718031808734,6.109712801873684,6.168016752228141,6.137533355504274,6.219275398179889,6.153165489435196,6.108573790639639,6.132454223930836,6.383725857362151,6.190075747668743,6.358284378424287,6.242667423561215,6.022697443142533,6.160232741385698,6.225986685603857,6.194826686754823,6.259018633514643,6.207777639850974,6.385764764621854,6.178746473044157,6.089377176016569,6.269134869799018,6.204232476912439,0.0998933812183395,6.204940439201891,6.025963947083801,6.109474748525768,6.298411135004833,6.385346788633615
352,Paul Curtis,North Melbourne,3.0684605054557323,2.989745121449232,2.962009048089385,3.0276836045086384,2.9650152884423733,3.005468387156725,2.9634907338768244,3.0384645145386457,2.969247067347169,3.1028708554804325,3.0198192466050386,3.103490313515067,2.947509912773967,3.0823303386569023,3.140416856855154,2.991602934896946,3.0977864246815443,3.0810339730232954,2.9357545115053654,3.072333797812462,3.0391647536307573,2.992701755836606,3.0593096390366554,3.00816791318357,3.0474181286990643,3.090533209964633,2.9176451824605465,3.007213620468974,3.090838685631752,3.0283380430191755,3.005197659134865,2.9271777477115393,3.048729872331023,3.029541064053774,3.0223247297108173,2.9964001327753067,3.0140318758785725,2.9672632478177547,2.9888785295188427,2.8929583579301834,2.97068240493536,2.997296590358019,3.026858067139983,3.0213568322360516,3.0806852895766497,2.9569636955857277,3.1066192593425512,3.0773279927670956,2.9880819022655487,3.0841544196009636,3.020967880785465,0.05623345411151721,3.020588039420545,2.9289359842892737,2.9646966565381736,3.0827115715742113,3.103363324617967
344,Cooper Trembath,North Melbourne,2.2865975219756365,2.2717537842690945,2.3042714316397905,2.206713641062379,2.2476796470582485,2.228708891198039,2.34693056717515,2.244457798078656,2.2626159079372883,2.3622485268861055,2.2683806866407394,2.2879610285162926,2.1944801341742277,2.2289644833654165,2.3147555757313967,2.240699404850602,2.2376574128866196,2.407096527516842,2.270242789760232,2.2752216551452875,2.2517579160630703,2.3143998719751835,2.346376918256283,2.2596238255500793,2.2007838785648346,2.2598902862519026,2.2611734066158533,2.243574693799019,2.305674569681287,2.3538716044276953,2.183400683104992,2.165101820603013,2.4044180810451508,2.265807084739208,2.2213587686419487,2.221986262127757,2.225106179714203,2.2465881630778313,2.2378701269626617,2.3796122949570417,2.2802463807165623,2.274698780849576,2.1780660431832075,2.3018055129796267,2.319219881668687,2.3686387725174427,2.2863173130899668,2.212370701134205,2.322117868810892,2.3718491215258837,2.275022884570062,0.05881307633876788,2.267093885689974,2.185671970574185,2.2218551159892233,2.3464926308803262,2.3780208444036544
338,Dylan Stephens,North Melbourne,2.2912030275911093,2.2549266032874584,2.3547691255807877,2.256183350458741,2.339940458536148,2.095304325222969,2.123515075072646,2.321841211989522,2.239834850654006,2.2417696081101894,2.2382876202464104,2.2508605998009443,2.3038384802639484,2.1773684583604336,2.2768207732588053,2.2510193064808846,2.3530946895480156,2.1925077456980944,2.18346780911088,2.2605976816266775,2.152071127668023,2.353131227195263,2.168080659583211,2.364019876345992,2.303170720115304,2.2319828681647778,2.2678130380809307,2.1687098275870085,2.186465211212635,2.307261211797595,2.263705473393202,2.3331204671412706,2.360218783840537,2.350222632288933,2.238309307023883,2.322383888065815,2.19307947345078,2.2515403628349304,2.081634283065796,2.125613121315837,2.2215491086244583,2.2995941508561373,2.243716249242425,2.2161424066871405,2.303316378965974,2.2544634509831667,2.3509399704635143,2.1945628486573696,2.314307628199458,2.258841184899211,2.253742354772985,0.07238538921352491,2.2546950271353126,2.1239451745525004,2.1821930448040368,2.3345458453428,2.354433356411755
341,Luke Parker,North Melbourne,1.9041878394782543,1.973700288683176,2.0036309584975243,1.9383811671286821,2.0093651674687862,1.9195102080702782,2.0536105055361986,2.048075567930937,1.959743570536375,1.8910757768899202,1.944244371727109,1.9817463867366314,1.9808769673109055,1.938234630972147,1.9970272295176983,1.9655233286321163,2.029933525249362,1.9369927160441875,2.0242972299456596,1.9508284721523523,2.0106188151985407,2.0049884989857674,2.03254977427423,1.9140958823263645,2.030410012230277,2.0538479946553707,1.935524484142661,1.9925419241189957,2.0059039015322924,1.9001455381512642,1.94954121299088,2.038572147488594,2.0234422609210014,1.9724287912249565,1.998497799038887,1.9909890685230494,1.9681296925991774,1.9806754682213068,1.8746126536279917,1.9603232573717833,1.961016358807683,2.013318059965968,1.9636978805065155,1.8970820140093565,1.9638757165521383,1.9892513174563646,1.9572336226701736,2.107362650334835,1.9745931439101696,1.9646904096007347,1.9776189251989127,0.04771822837124251,1.9741467162966728,1.8977100364584476,1.9366858555767685,2.0254752156641334,2.05247584332712
347,Jack Darling,North Melbourne,1.8869046811014414,2.0208910796791315,1.9198474418371916,1.9479763638228178,1.9455318320542574,1.972371693700552,1.9468966200947762,1.9315760843455791,1.9062193520367146,1.97849808819592,1.9865229353308678,1.94945271871984,2.0063172727823257,2.0427579525858164,1.953925121575594,1.9184039738029242,1.9323104675859213,1.9425348173826933,1.9399976059794426,1.9312374386936426,1.8938307482749224,1.9634805880486965,1.9080954417586327,1.928721435368061,1.9767777472734451,1.884682260453701,1.9937908556312323,1.8975480012595654,1.8877177312970161,1.9061125554144382,2.018158672377467,1.9335357751697302,1.9369522482156754,1.9631505869328976,1.9805511459708214,1.9550282303243876,1.8889723513275385,2.0115424003452063,2.0185062140226364,2.009410446509719,1.9850116148591042,1.9485835637897253,1.9953597970306873,1.9267263244837523,1.9194935113191605,1.8638908118009567,1.9556416925042868,1.9534864034503698,1.973423631861806,1.9829855002462864,1.9504268365725874,0.04171395360466865,1.9482799638062716,1.8870713563915342,1.9061970315426588,1.9941187643837184,2.018434967985377
351,Jy Simpkin,North Melbourne,1.9716972522437572,1.9581329803913832,1.9163153991103172,2.0058238580822945,1.9814805071800947,1.805959204211831,1.9889854695647955,1.912226801738143,1.9341898374259472,1.9228174593299627,1.969756482169032,1.9538500308990479,1.9236965030431747,1.966241180896759,1.9672715831547976,1.9317884258925915,1.906676722690463,1.9708788339048624,1.9689654782414436,1.9631617851555347,2.0154876355081797,1.9249138962477446,1.9131751246750355,1.983824998140335,1.8725248165428638,1.9397861026227474,1.8708130307495594,1.9014615658670664,1.9625806473195553,1.9231267850846052,1.9751442521810532,1.8832141011953354,1.9620112292468548,1.942781612277031,1.9074182976037264,1.9550469629466534,1.8813722915947437,1.8877309579402208,2.0010511185973883,2.017949130386114,2.0315144062042236,1.971716484054923,1.9247134551405907,1.9023595284670591,1.8684822507202625,1.9386087507009506,1.959372278302908,1.9467382691800594,1.9653385039418936,1.9203660320490599,1.9414108062162996,0.04416851711203355,1.9447599407285452,1.8711639468371868,1.9021718542836608,1.9764685294758528,2.0135065611358733
357,Colby McKercher,North Melbourne,1.801733922213316,1.7604147400707006,1.8308321591466665,1.7912444192916155,1.8446281235665083,1.7041814513504505,1.8513356391340494,1.770881025120616,1.8639540076255798,1.865496437996626,1.7578106205910444,1.8038937263190746,1.804382998496294,1.881656812503934,1.823162104934454,1.8284283429384232,1.7956685777753592,1.928564339876175,1.7860573418438435,1.8846750427037477,1.7146281525492668,1.8952998779714108,1.828146854415536,1.7849972564727068,1.8653669022023678,1.7588768657296896,1.832758517935872,1.8597725592553616,1.7688434850424528,1.8001237958669662,1.8090504817664623,1.8812988623976707,1.8077156599611044,1.838196100667119,1.7619355078786612,1.7787973396480083,1.779250180348754,1.7395585030317307,1.8583310265094042,1.9155337139964104,1.8000114616006613,1.8011621348559856,1.6982002221047878,1.8015845213085413,1.8879162557423115,1.8164147306233644,1.850702878087759,1.8325920458883047,1.840456498786807,1.797562338411808,1.8156817312911153,0.05163223320539771,1.8083830708637834,1.7197388743981719,1.7673997178152203,1.8653939751833677,1.8937862354144455
343,Nick Larkey,North Melbourne,1.7747629191726446,1.8375211581587791,1.7546707279980183,1.7400351241230965,1.7191241439431906,1.6948940586298704,1.7620528265833855,1.8461621589958668,1.8369961809366941,1.7774339690804482,1.7340310420840979,1.7715408615767956,1.6534422039985657,1.7838558442890644,1.7937292698770761,1.7037083823233843,1.7188879568129778,1.7420910876244307,1.8346620332449675,1.7945557162165642,1.822734484449029,1.751494763419032,1.773438472300768,1.8049367535859346,1.8101003784686327,1.7511395290493965,1.8426870238035917,1.8962140157818794,1.938596487045288,1.8831613026559353,1.7890421077609062,1.850220002233982,1.7696336563676596,1.700625503435731,1.87777678668499,1.8762011993676424,1.7294666804373264,1.7024201694875956,1.7887049317359924,1.83422970212996,1.7987866383045912,1.7735111396759748,1.7937896735966206,1.7663866057991982,1.7837080676108599,1.702573599293828,1.7753149159252644,1.8430186361074448,1.7509957179427147,1.7377200480550528,1.7838557331636549,0.058872160215438694,1.7763744425028563,1.7009934099763633,1.727305090310052,1.842756330775097,1.8820574768818914
339,Charlie Comben,North Melbourne,1.7760156448930502,1.748923372477293,1.732266990467906,1.848149947822094,1.750356376171112,1.793032467365265,1.7639297489076853,1.7226390056312084,1.7047494873404503,1.7632286734879017,1.7377283051609993,1.766674928367138,1.7003865763545036,1.7681167256087065,1.7795245926827192,1.688041677698493,1.6695605460554361,1.7839805521070957,1.7523216865956783,1.6565495803952217,1.725960448384285,1.6675600819289684,1.785371895879507,1.8142941854894161,1.7971359137445688,1.7857927177101374,1.8472788613289595,1.6905280239880085,1.839359387755394,1.6627361960709095,1.7073372062295675,1.6667675338685513,1.5652626752853394,1.7121867332607508,1.8068561311811209,1.6936611123383045,1.787898512557149,1.7966893706470728,1.9702537804841995,1.7488767765462399,1.7327313553541899,1.6394800785928965,1.8400739654898643,1.7232641205191612,1.7227239925414324,1.7860549502074718,1.7778134867548943,1.7725740503519773,1.7030754666775465,1.709510950371623,1.7477057369425892,0.06637636348060086,1.7496398743242025,1.6578178366087377,1.6900083776134998,1.7967826981544495,1.8458018576819448
346,Finn O'Sullivan,North Melbourne,1.491220971569419,1.5277912877500057,1.3865107204765081,1.5750459283590317,1.4055117554962635,1.5388619508594275,1.4121271297335625,1.4779789932072163,1.4959512129426003,1.5015475656837225,1.4830694291740656,1.504092451184988,1.4692870546132326,1.4720212910324335,1.4982110634446144,1.4911299254745245,1.4531773291528225,1.4750772342085838,1.512029755860567,1.4327097311615944,1.5080160293728113,1.430709483101964,1.3799966350197792,1.4642337784171104,1.4753684923052788,1.450488431379199,1.4972638860344887,1.4638957381248474,1.4660802260041237,1.5050629004836082,1.4243953600525856,1.3684400580823421,1.4223455153405666,1.5328651554882526,1.5265255644917488,1.5686823409050703,1.5176941603422165,1.5700147114694118,1.4858181085437536,1.441591076552868,1.5362778306007385,1.486489724367857,1.5092159323394299,1.5394814517349005,1.4316837824881077,1.5146364700049162,1.4538657311350107,1.4984751492738724,1.5429834555834532,1.431993257254362,1.4809588643535971,0.048779984394573456,1.4861539164558053,1.390405932655558,1.4314801539164037,1.5288517261072994,1.5634140694141387
356,Cameron Zurhaar,North Melbourne,1.0746627151966095,1.0654768329113722,1.0694519765675068,1.0760218258947134,1.1295419484376907,1.1071694120764732,1.07472550496459,1.1221377309411764,1.0993338096886873,1.0976366940885782,1.109785394743085,1.0934489369392395,1.0631044544279575,1.0931109599769115,1.1043407656252384,1.1051122602075338,1.0794901736080647,1.083714248612523,1.0643933434039354,1.1128796357661486,1.0613630153238773,1.0714630354195833,1.088314799591899,1.0976429861038923,1.1060572434216738,1.0702830143272877,1.12072136066854,1.064250249415636,1.0518195368349552,1.1155229676514864,1.1409939024597406,1.0985641218721867,1.1240771040320396,1.0884479060769081,1.1584878638386726,1.0848997421562672,1.1239974536001682,1.1321969404816628,1.0638109631836414,1.1383188143372536,1.123593308031559,1.0757813435047865,1.111221268773079,1.1049802526831627,1.087924636900425,1.121325196698308,1.1163815334439278,1.0897758956998587,1.0847174357622862,1.0907394979149103,1.0966642402857543,0.024418616811046928,1.0955428155139089,1.0632492887228728,1.0701093274354934,1.1224419465530664,1.1370638301968574
466,George Wardlaw,North Melbourne,0.6523009482771158,0.6434847321361303,0.6334716603159904,0.6399477869272232,0.6349733732640743,0.6487198434770107,0.6514530461281538,0.6500148363411427,0.646829754114151,0.6315674874931574,0.6440414302051067,0.6434185076504946,0.6346050966531038,0.6417027544230223,0.6343110054731369,0.6282608043402433,0.638364028185606,0.634705314412713,0.6437461599707603,0.6405174937099218,0.6419642139226198,0.6429408732801676,0.6491173859685659,0.6315118093043566,0.6399962268769741,0.645661449059844,0.6497757397592068,0.6524276807904243,0.6434682048857212,0.6486960407346487,0.6356228366494179,0.6340525671839714,0.631817763671279,0.6464775260537863,0.6350238136947155,0.6387504935264587,0.6425106432288885,0.6432005167007446,0.6382654551416636,0.6370081398636103,0.6405707076191902,0.6552240829914808,0.6525898650288582,0.6470775566995144,0.6243263334035873,0.649526147171855,0.6407636981457472,0.6336439121514559,0.6385823767632246,0.6375871635973454,0.6412923457473516,0.007041988977695214,0.6412332262843847,0.6315232233330608,0.6342569918707013,0.6492028170600533,0.6524017006251961
349,Tom Blamires,North Melbourne,0.6216145195066929,0.6186195649206638,0.6200702451169491,0.6128862369805574,0.6082737501710653,0.6216644644737244,0.6178150326013565,0.6223885715007782,0.6245548371225595,0.6175013910979033,0.6191581077873707,0.612047765403986,0.6114798691123724,0.6157042682170868,0.6185431741178036,0.619964312762022,0.6222491655498743,0.6225244347006083,0.6243748869746923,0.6183319073170424,0.618206636980176,0.6247138697654009,0.6243148948997259,0.6281562522053719,0.6178028471767902,0.6169563829898834,0.6159395817667246,0.6237971391528845,0.6189436316490173,0.6172544006258249,0.6180602833628654,0.6218628752976656,0.6234110537916422,0.6200381815433502,0.621559664607048,0.6210330594331026,0.6140642277896404,0.616648331284523,0.6071972697973251,0.6212516482919455,0.6230954993516207,0.6270322687923908,0.6145275831222534,0.6183143444359303,0.6205848976969719,0.6172226332128048,0.6151796896010637,0.6105306521058083,0.6235513594001532,0.6215329151600599,0.6190510116145015,0.004527910595035281,0.619050869718194,0.6107252415921539,0.6150433993469924,0.623440377663821,0.6246812680736185
513,Charlie Spargo,North Melbourne,0.6126361899077892,0.6159680150449276,0.6190462410449982,0.6115026120096445,0.6123359333723783,0.618740988895297,0.613666757941246,0.6180848963558674,0.615827826783061,0.6124968193471432,0.6127832364290953,0.6113834325224161,0.6160371843725443,0.6167377140372992,0.6169147789478302,0.6127401124686003,0.6163259167224169,0.6144463308155537,0.6192328631877899,0.6143894288688898,0.6152379848062992,0.6142404414713383,0.6177423596382141,0.6196991801261902,0.6159917656332254,0.6169226299971342,0.6153158284723759,0.6141098439693451,0.6135858558118343,0.6163452453911304,0.6174297239631414,0.6120951231569052,0.6167945433408022,0.6181397195905447,0.6156563926488161,0.6148452665656805,0.6146136596798897,0.6193254068493843,0.6103957928717136,0.6172578874975443,0.6149733569473028,0.6117086913436651,0.616501422598958,0.617012370377779,0.6148301754146814,0.6153274327516556,0.6131880972534418,0.6115965768694878,0.616870628669858,0.6205524001270533,0.6153920616582036,0.0024624264278129437,0.6154919127002358,0.6115218748059124,0.6126070614606142,0.6178139498122036,0.6193064353987574
355,Luke McDonald,North Melbourne,0.609043538570404,0.6020340453833342,0.6141464710235596,0.6013857014477253,0.6023956891149282,0.6142666339874268,0.606282414868474,0.6106420066207647,0.6084799077361822,0.6086936835199594,0.6130290403962135,0.603685999289155,0.60828653909266,0.6101028453558683,0.6109305545687675,0.6080454438924789,0.609112560749054,0.6112097073346376,0.6133594233542681,0.6093710474669933,0.6057832390069962,0.6135944705456495,0.611167786642909,0.6134434845298529,0.6099005397409201,0.6059830375015736,0.609054934233427,0.6146006509661674,0.6047666613012552,0.6090866979211569,0.6054095849394798,0.6071550417691469,0.6112589910626411,0.6096230261027813,0.611920427531004,0.6081225089728832,0.6100483480840921,0.6103994939476252,0.5999326128512621,0.6124949362128973,0.607892595231533,0.610038673505187,0.6069615613669157,0.6078532375395298,0.6113603711128235,0.6072531137615442,0.6075847689062357,0.6043026112020016,0.6091775316745043,0.6123044993728399,0.6088595738261938,0.003451656341162037,0.6090996293351054,0.602108182348311,0.6057051453068852,0.612344300672412,0.614033310925588
364,Zane Duursma,North Melbourne,0.5532266926020384,0.5639536511152983,0.5697683040052652,0.5467107426375151,0.5559612158685923,0.5627483334392309,0.5674218945205212,0.5665961597114801,0.568870022892952,0.5673190969973803,0.5724357385188341,0.5582828260958195,0.5528513602912426,0.5721135400235653,0.5485859662294388,0.5645016357302666,0.5609329864382744,0.5577381458133459,0.5606822520494461,0.5660200603306293,0.563572222366929,0.5671400837600231,0.5628015827387571,0.5547022446990013,0.5560100581496954,0.5544764082878828,0.5627458449453115,0.5689825564622879,0.5604906529188156,0.5734403394162655,0.5600537024438381,0.5646328236907721,0.5578834116458893,0.5631388779729605,0.566372450441122,0.5541620347648859,0.5591484569013119,0.5682848934084177,0.5579177532345057,0.5609444417059422,0.5568770952522755,0.5693185850977898,0.5684956964105368,0.5606556348502636,0.5656058546155691,0.5668300837278366,0.5517425052821636,0.5474515650421381,0.5666815619915724,0.5621579438447952,0.5617887598276138,0.006545644303067721,0.5627470891922712,0.5492330567352474,0.5546550448890776,0.5683289512358606,0.5716327666398138
469,Aidan Corr,North Melbourne,0.5430075507611036,0.5428526997566223,0.5453521255403757,0.5409998558461666,0.5422815512865782,0.5465728957206011,0.5405595786869526,0.5461846459656954,0.5457892343401909,0.5403750110417604,0.5433100908994675,0.5385634750127792,0.5432241782546043,0.5428344514220953,0.5400134399533272,0.5423269420862198,0.5429928060621023,0.5425063446164131,0.5466623082756996,0.5468829907476902,0.5424912683665752,0.544048672541976,0.545214468613267,0.548982759937644,0.5452912263572216,0.5448208637535572,0.5426257736980915,0.5445182900875807,0.5428276546299458,0.540850605815649,0.5444214027374983,0.5409250929951668,0.5447736084461212,0.5431425105780363,0.5434994678944349,0.5423745829612017,0.5388911012560129,0.5459470152854919,0.5386945437639952,0.5404903534799814,0.5430335383862257,0.5429190117865801,0.5415745060890913,0.543178690597415,0.5414141770452261,0.5406413767486811,0.5399842690676451,0.5403756182640791,0.5417056735605001,0.5460200998932123,0.542979408018291,0.002333105360574416,0.5428858557716012,0.5391152006573975,0.5405451106186956,0.5454434812795371,0.5466439787019044
360,Griffin Logue,North Melbourne,0.5152874905616045,0.5102338194847107,0.5142708979547024,0.5084030795842409,0.5120436009019613,0.5163422096520662,0.5135916005820036,0.5163935162127018,0.5131700113415718,0.5103102158755064,0.5154141392558813,0.5124742388725281,0.5140084102749825,0.511758416891098,0.5143156480044127,0.5108165815472603,0.5136081762611866,0.5139502324163914,0.5208336636424065,0.5162828229367733,0.5081477146595716,0.5211835205554962,0.5154926162213087,0.5147123411297798,0.5112130530178547,0.510261282324791,0.5154346097260714,0.517454145476222,0.5127081051468849,0.5142911076545715,0.5143336988985538,0.5140357837080956,0.5132357012480497,0.511458856984973,0.5121206324547529,0.5137303210794926,0.5102940797805786,0.5162824522703886,0.5107899345457554,0.5178775433450937,0.5156512670218945,0.5158289074897766,0.5109732542186975,0.5135953109711409,0.5148398540914059,0.5140628479421139,0.5128981787711382,0.509213175624609,0.5182374939322472,0.5115673448890448,0.5137086781486869,0.00281898755166819,0.513840276747942,0.5094224076159298,0.5108110123239458,0.516282529739663,0.5181637040618807
361,Jacob Konstanty,North Melbourne,0.36481074802577496,0.36538225784897804,0.36642277985811234,0.3604279104620218,0.3625867981463671,0.3727028463035822,0.36617226526141167,0.3716156668961048,0.36763695254921913,0.3639147523790598,0.36771151423454285,0.3630105461925268,0.36886075139045715,0.3678269721567631,0.3697418328374624,0.3671917747706175,0.36690161377191544,0.36993091367185116,0.3674269672483206,0.3679227214306593,0.36346374452114105,0.3703176137059927,0.3678927402943373,0.36815889552235603,0.3653557989746332,0.3618133198469877,0.36637816950678825,0.36686224676668644,0.3631824925541878,0.3702701348811388,0.3665308393537998,0.364433066919446,0.36951291374862194,0.36677858233451843,0.3683436568826437,0.3648184258490801,0.3664577230811119,0.36684401147067547,0.36339945904910564,0.3700437415391207,0.3650766648352146,0.3662837967276573,0.3661885987967253,0.36734496615827084,0.3721817694604397,0.3669188544154167,0.3650667481124401,0.35948500223457813,0.3701760210096836,0.3627367075532675,0.3666103058308363,0.002887508952074511,0.36681129690259695,0.36197188289836046,0.36345030885748564,0.36978135073184965,0.3713495659921318
566,Wil Dawson,North Melbourne,0.3210976328700781,0.3226035200059414,0.32421618327498436,0.3201011009514332,0.322565421462059,0.3238538056612015,0.3207274731248617,0.3251887373626232,0.31938838213682175,0.31988552026450634,0.32153161987662315,0.3197067640721798,0.32025888189673424,0.319540623575449,0.322742598131299,0.3189350366592407,0.32358985766768456,0.3217415399849415,0.3232639264315367,0.32098151184618473,0.3215728607028723,0.3217483423650265,0.3249388914555311,0.3233762476593256,0.3232102692127228,0.32081151381134987,0.3247260134667158,0.3229162711650133,0.32157592847943306,0.3228181526064873,0.32252722047269344,0.32187982089817524,0.32178435660898685,0.3218293599784374,0.32109182327985764,0.32107709906995296,0.3198160622268915,0.3212200105190277,0.31958603486418724,0.32557604275643826,0.3221367485821247,0.3189493604004383,0.31915339082479477,0.3242270238697529,0.3220081776380539,0.32040630280971527,0.3218447957187891,0.32016652449965477,0.32167727313935757,0.3229538928717375,0.3217905189841986,0.0017035948745484396,0.321744941174984,0.3192015640437603,0.3198710035346448,0.3234208921510726,0.324895251467824
345,Tom Powell,North Melbourne,0.32693137042224407,0.31428036093711853,0.3274673745036125,0.3140823673456907,0.31711434200406075,0.31947860680520535,0.3172703757882118,0.3245399370789528,0.32628750056028366,0.32411988638341427,0.33181782998144627,0.3122862186282873,0.3186948914080858,0.31954722851514816,0.30841726809740067,0.32058342546224594,0.32148402743041515,0.3215077742934227,0.3197608310729265,0.3204271402209997,0.31968181394040585,0.32505555637180805,0.32347562722861767,0.3220465052872896,0.3212011195719242,0.3149081263691187,0.3244538586586714,0.3212680649012327,0.31696324422955513,0.3220597058534622,0.3138207495212555,0.3208623584359884,0.32642802596092224,0.3214365988969803,0.31897339038550854,0.31530928052961826,0.32965441793203354,0.32865990325808525,0.31838470697402954,0.3217748049646616,0.3167825359851122,0.32806454226374626,0.3254616316407919,0.32544415444135666,0.3177029937505722,0.31987682171165943,0.32142796367406845,0.3180505260825157,0.3262512218207121,0.316922789439559,0.3209700359404087,0.004814971871053298,0.3210317390039563,0.3138743811752647,0.3168934764675796,0.3262588040772825,0.32853785425424575
617,Cooper Harvey,North Melbourne,0.26854773610830307,0.27612773701548576,0.277679730206728,0.2727651447057724,0.2740479111671448,0.27528558298945427,0.2766428217291832,0.27762072160840034,0.2754919268190861,0.2748093940317631,0.27065135911107063,0.2710320223122835,0.273773904889822,0.274039875715971,0.2768746353685856,0.2768986150622368,0.27614355087280273,0.2759290896356106,0.27862489223480225,0.27587179839611053,0.2765317130833864,0.27502206340432167,0.27800728008151054,0.2813446745276451,0.2802765741944313,0.27750789001584053,0.2708157151937485,0.2748483754694462,0.27698660641908646,0.2770187631249428,0.279153186827898,0.27440076507627964,0.27565439231693745,0.2750404216349125,0.276297677308321,0.2750665582716465,0.2745385952293873,0.27477285265922546,0.2682637069374323,0.2709161527454853,0.2737010791897774,0.27263346686959267,0.27414563298225403,0.27413562312722206,0.2759231999516487,0.27758416160941124,0.2729911617934704,0.27582671493291855,0.2751310244202614,0.2760335560888052,0.27518856070935727,0.0026336940607342933,0.27538875490427017,0.2706850521080196,0.27294392422214153,0.2775238307788968,0.27904488643631337
487,Zac Banch,North Melbourne,0.2585343439131975,0.257678410038352,0.25691937282681465,0.25580347515642643,0.2566058337688446,0.257414523512125,0.25746302865445614,0.2577473372220993,0.2558347415179014,0.25693401880562305,0.25560057535767555,0.2569353673607111,0.25543701462447643,0.2568088974803686,0.25522794760763645,0.2570003792643547,0.2574366796761751,0.2568647302687168,0.25901384465396404,0.2578704971820116,0.2566994782537222,0.2586460541933775,0.25638204254209995,0.2593251969665289,0.2562105767428875,0.25751305371522903,0.25643787533044815,0.2559274937957525,0.255869971588254,0.25504415296018124,0.25771833397448063,0.25567826628685,0.2560382839292288,0.255462821573019,0.258677214384079,0.2560666538774967,0.2548612952232361,0.25792234763503075,0.2558515667915344,0.2583611495792866,0.2547872606664896,0.2583243828266859,0.25630761682987213,0.2570095378905535,0.2564131934195757,0.2577939089387655,0.25606654211878777,0.25530631840229034,0.25364980287849903,0.2569856755435467,0.2567293817549944,0.0012172278057891795,0.2567541878670454,0.25489878105930985,0.25557178481668236,0.2578813339266926,0.2586708265449852
630,Josh Goater,North Melbourne,0.22064110450446606,0.22352870926260948,0.22394328750669956,0.22114575654268265,0.22084347531199455,0.22283250838518143,0.2204421181231737,0.22376246936619282,0.22391010075807571,0.22062238492071629,0.2221867125481367,0.2192400898784399,0.22125300578773022,0.22171466797590256,0.22247354686260223,0.2232460230588913,0.22306902334094048,0.22283723577857018,0.22278432734310627,0.21996402367949486,0.2238364927470684,0.22268036752939224,0.2236045729368925,0.22514278814196587,0.2238533217459917,0.22203161753714085,0.22097263112664223,0.22164592146873474,0.22366371005773544,0.22248881869018078,0.22337865643203259,0.22269376181066036,0.2248750478029251,0.22243469208478928,0.22242766246199608,0.22079691849648952,0.22100230306386948,0.22105797566473484,0.21943633258342743,0.22182787023484707,0.22225216403603554,0.2206200510263443,0.22111348994076252,0.22193878144025803,0.22149664722383022,0.22037270851433277,0.22199023701250553,0.22143304161727428,0.2214437760412693,0.22321119345724583,0.22212328247725963,0.001357759468831362,0.22210916504263878,0.22004780407063662,0.2207643533721566,0.22361693259514867,0.22393648422323167
366,Lachy Dovaston,North Melbourne,0.22092723101377487,0.21722719073295593,0.22004262171685696,0.21387205459177494,0.2178243137896061,0.22047607228159904,0.2211134172976017,0.22066429816186428,0.22232339903712273,0.21938162855803967,0.2226689327508211,0.21757445111870766,0.2192462533712387,0.2195446528494358,0.21882264502346516,0.22009173780679703,0.2186862025409937,0.2219764143228531,0.2232643999159336,0.2233259305357933,0.21800308302044868,0.22525623068213463,0.21982277743518353,0.22212328761816025,0.21954587660729885,0.21729720011353493,0.22156126983463764,0.22307641059160233,0.21741382963955402,0.2215183712542057,0.2206517457962036,0.21995292231440544,0.22225899994373322,0.21935074962675571,0.21812649816274643,0.22080140933394432,0.2201889306306839,0.22313115000724792,0.2174872439354658,0.22131448797881603,0.2219560220837593,0.2252070140093565,0.22139371559023857,0.21866694651544094,0.21966171450912952,0.2207470629364252,0.22013241052627563,0.2170570269227028,0.22161774151027203,0.21960680186748505,0.22027965556830167,0.0021967941628448615,0.22016067057847977,0.21724154265597462,0.2179657202512026,0.22227245935425163,0.22331331675872207
589,Riley Hardeman,North Melbourne,0.20351899601519108,0.2030274234712124,0.20422516204416752,0.20314645767211914,0.20460904575884342,0.2030714824795723,0.2050759382545948,0.2054818645119667,0.2028266079723835,0.20369325950741768,0.20353165082633495,0.20285430178046227,0.20484119467437267,0.2019171118736267,0.20338860154151917,0.2022528052330017,0.20404446497559547,0.20142878592014313,0.20543863251805305,0.20521919056773186,0.20328251458704472,0.20468556880950928,0.20492332056164742,0.20508908107876778,0.20308502204716206,0.2031017430126667,0.2042392771691084,0.20277490839362144,0.20411652512848377,0.2021765448153019,0.2053011879324913,0.20140360295772552,0.20125209912657738,0.2032869402319193,0.2034722864627838,0.2036902140825987,0.20225674286484718,0.20529130846261978,0.2030665259808302,0.2062447927892208,0.20224769227206707,0.20209802314639091,0.20295613072812557,0.20336878672242165,0.2050852533429861,0.20381370931863785,0.20507345907390118,0.2031427826732397,0.20301224291324615,0.2031724639236927,0.2036060745641589,0.0011987619008589961,0.2033786941319704,0.20152889274060726,0.20225591989979147,0.2050778851080686,0.2054104563780129
353,Toby Pink,North Melbourne,0.199529143050313,0.19366725720465183,0.1971334032714367,0.19264907203614712,0.1962031126022339,0.19683925434947014,0.19743228890001774,0.1996878068894148,0.19986224919557571,0.19639466516673565,0.20278813503682613,0.19589019939303398,0.19891512393951416,0.19826951250433922,0.196946382522583,0.19946338422596455,0.19567284546792507,0.19868002273142338,0.20213185623288155,0.19978388212621212,0.19890853390097618,0.2011315170675516,0.19612905755639076,0.2012156918644905,0.19572514668107033,0.19680130854249,0.20174873434007168,0.20023680292069912,0.19623479433357716,0.1992849688977003,0.19914300926029682,0.19935256987810135,0.1979967448860407,0.1988961435854435,0.1932666264474392,0.19836205057799816,0.20039318688213825,0.1999647617340088,0.197824003174901,0.19961967132985592,0.19953603483736515,0.2012154459953308,0.19769173301756382,0.19787506014108658,0.19825469888746738,0.2007215954363346,0.19919228740036488,0.19311445020139217,0.19964939914643764,0.1964474618434906,0.1982774617522955,0.0023142687742620234,0.19878808315843344,0.19334875575266777,0.19618763509765266,0.2002694871686399,0.20163946063257754
467,Callum Coleman-Jones,North Melbourne,0.18214636109769344,0.17719688452780247,0.17984683439135551,0.1775432527065277,0.183519396930933,0.1868749763816595,0.18100485764443874,0.18224291317164898,0.1809033565223217,0.17910569719970226,0.18376259692013264,0.17785032652318478,0.17860763147473335,0.17866489477455616,0.1762788835912943,0.18073208071291447,0.18018105812370777,0.18106677383184433,0.17860104888677597,0.18468724749982357,0.18373897671699524,0.1808360181748867,0.18021575175225735,0.17749124206602573,0.18400921486318111,0.17770780995488167,0.18115384131669998,0.1808590032160282,0.1796412244439125,0.17594359628856182,0.1756684146821499,0.1807374581694603,0.17795122228562832,0.18051672168076038,0.17785734310746193,0.1811083760112524,0.18091826140880585,0.17959912680089474,0.18188615888357162,0.1799036990851164,0.18024007603526115,0.18131808377802372,0.178722919896245,0.17913704551756382,0.18302071280777454,0.1806380283087492,0.18150944635272026,0.17883908562362194,0.17697511799633503,0.18133147060871124,0.18020585041493178,0.002343487067155586,0.18037839885801077,0.17642161164432765,0.17782054056040944,0.18216654048115016,0.18395865818485618
640,Matt Whitlock,North Melbourne,0.09841116517782211,0.09943916648626328,0.09960309788584709,0.09925802238285542,0.09884422644972801,0.09877010434865952,0.0994645319879055,0.09956110641360283,0.09957264736294746,0.09980753622949123,0.09871637634932995,0.0987043809145689,0.09995879791676998,0.0992918498814106,0.09893467091023922,0.09966663271188736,0.09933735989034176,0.09840412251651287,0.09996559284627438,0.09957312792539597,0.09849888458848,0.09997831098735332,0.09978325292468071,0.10002876631915569,0.09991218335926533,0.1000133641064167,0.09768202528357506,0.09897864237427711,0.09966416843235493,0.09804883413016796,0.09973888099193573,0.09756616689264774,0.09976542741060257,0.09915832988917828,0.10013411939144135,0.09910607151687145,0.09909746423363686,0.10049250908195972,0.09864749386906624,0.09914510510861874,0.09726696833968163,0.09832685627043247,0.09936784580349922,0.0989336259663105,0.10058686509728432,0.09896591119468212,0.09997652098536491,0.09908326528966427,0.09848800860345364,0.10020292364060879,0.09923846617341042,0.0007363081884928678,0.09931460488587618,0.0977572210971266,0.09849661150760948,0.0999678768273443,0.10018881876952947
649,Bailey Scott,North Melbourne,0.09711546264588833,0.09608790278434753,0.09636963158845901,0.09572650864720345,0.0951927937567234,0.09570889919996262,0.09620480984449387,0.09672613255679607,0.09593553468585014,0.09602170623838902,0.09629232995212078,0.09561119973659515,0.09714609012007713,0.09652485884726048,0.09623373299837112,0.09648693166673183,0.09610193222761154,0.09548427723348141,0.09690684452652931,0.09592761099338531,0.096305001527071,0.0972882080823183,0.09661027602851391,0.09665555134415627,0.09712379798293114,0.09615070931613445,0.09601566568017006,0.09593252465128899,0.09562108106911182,0.09460460394620895,0.0968308225274086,0.09610879607498646,0.09649007394909859,0.09594985842704773,0.09613695181906223,0.09553130902349949,0.0966564267873764,0.09647820517420769,0.09616110287606716,0.09537178091704845,0.09598500095307827,0.09676123037934303,0.09612239524722099,0.09630926139652729,0.09624379128217697,0.09593544341623783,0.09619106352329254,0.09612989239394665,0.09556095115840435,0.09636607021093369,0.09618866074830294,0.0005258338680874397,0.09615590609610081,0.09539484266191721,0.0956905452106148,0.09667099529318511,0.09712208923883736
618,Taylor Goad,North Melbourne,0.06357366777956486,0.06315861642360687,0.06392571330070496,0.06366276741027832,0.06338639184832573,0.06318541243672371,0.06258315406739712,0.06347762420773506,0.06369378045201302,0.06227394752204418,0.06299973651766777,0.06247249245643616,0.06377935782074928,0.06324677728116512,0.0639917217195034,0.06403286382555962,0.06379025429487228,0.06293680518865585,0.06324439123272896,0.0628883708268404,0.06257795728743076,0.06357468664646149,0.06355842761695385,0.06310826167464256,0.0630393698811531,0.06250572577118874,0.062319425866007805,0.062191205099225044,0.06270851381123066,0.0619327574968338,0.06347926892340183,0.06344440020620823,0.06296954862773418,0.06353883445262909,0.06313696503639221,0.06382743641734123,0.0638703927397728,0.06260582059621811,0.0624528992921114,0.06265775114297867,0.06345342099666595,0.06311718188226223,0.0627080388367176,0.06315869837999344,0.06254803761839867,0.06349250674247742,0.06215323880314827,0.06249435245990753,0.06394615769386292,0.06294437684118748,0.0631163901090622,0.0005548064740776763,0.06314779072999954,0.06220816729590297,0.06250334874913097,0.06371166612207889,0.06394196659326554
603,Zac Fisher,North Melbourne,0.02354169264435768,0.02317861281335354,0.023072196170687675,0.022774778306484222,0.023489080369472504,0.02341524511575699,0.022921428084373474,0.023264622315764427,0.022834928706288338,0.023427408188581467,0.02330639772117138,0.023510301485657692,0.023041797801852226,0.023467088118195534,0.023893915116786957,0.022773172706365585,0.023388398811221123,0.023410340771079063,0.023527901619672775,0.02333257347345352,0.02331935241818428,0.023619161918759346,0.02381213940680027,0.0229499451816082,0.0230079535394907,0.023441847413778305,0.023389481008052826,0.023349175229668617,0.02330300770699978,0.02322355844080448,0.023254746571183205,0.023055532947182655,0.02287818118929863,0.023299425840377808,0.02291121706366539,0.023373885080218315,0.023913880810141563,0.02332710288465023,0.022990169003605843,0.023692293092608452,0.023388756439089775,0.02356652356684208,0.023577656596899033,0.023516491055488586,0.024225812405347824,0.02381344698369503,0.02282683365046978,0.023046692833304405,0.023904021829366684,0.023205537348985672,0.023335114195942877,0.00032656317678283055,0.02334087435156107,0.022828493136912584,0.022981762224808334,0.023586331209167838,0.02390194995328784
348,Zak Butters,Port Adelaide,17.43743108212948,17.21925811097026,17.32152270153165,17.289646737277508,17.521019127219915,17.13505904749036,17.399511326104403,17.022748857736588,17.430811513215303,17.10254269465804,17.11782107502222,17.288228638470173,17.129058610647917,17.20807819068432,17.181688405573368,17.39995926618576,17.161414325237274,17.157183200120926,17.280777264386415,17.142438497394323,17.1783910356462,17.257023822516203,17.42416175827384,17.277278784662485,17.45514553785324,17.224470280110836,17.24064040929079,17.306269772350788,16.929018430411816,17.15955588966608,17.434378124773502,17.46021442487836,17.262879095971584,17.206568129360676,17.365269232541323,17.083048906177282,17.150264985859394,17.220930088311434,17.287506196647882,17.220938473939896,17.294316716492176,17.22108570858836,16.93015194311738,17.2060626745224,17.2954967841506,17.25027670711279,17.505967881530523,17.268554225564003,17.403939738869667,17.26126980036497,17.254545484632253,0.13362768684140483,17.253650264814496,17.03511036766693,17.140896192364394,17.40816614092514,17.459175303038208
381,Jason Horne-Francis,Port Adelaide,11.863316113129258,11.89524720609188,12.011578742414713,11.953984525054693,11.887502174824476,11.852212704718113,11.850118704140186,11.911946587264538,11.882405795156956,12.012497156858444,12.026786997914314,11.835979469120502,11.720075335353613,11.881259109824896,12.001908924430609,11.736522449180484,11.880959633737803,11.785187613219023,11.83823910355568,11.95594684034586,11.908763200044632,11.695176249369979,11.678400637581944,11.913781270384789,11.747691605240107,11.69887314364314,11.93336084485054,11.817884292453527,11.932483907788992,11.832116436213255,11.784116268157959,11.714578714221716,11.628166859969497,11.992869634181261,11.633593749254942,12.04587223008275,11.888557024300098,11.89653667807579,11.972624752670527,11.931720461696386,11.999245297163725,11.933465592563152,12.090494707226753,12.025464206933975,12.039400735870004,11.86062427610159,11.971960175782442,12.089006200432777,11.728652331978083,11.93564647808671,11.882096062973142,0.117997714151254,11.89190211519599,11.681839637998491,11.734877594685182,12.003929916389286,12.044545573769136
382,Jase Burgoyne,Port Adelaide,3.369072061032057,3.3754842709749937,3.4157441575080156,3.3935657925903797,3.433256573975086,3.4103400632739067,3.325801396742463,3.4216276947408915,3.368760459125042,3.3596004117280245,3.3732198402285576,3.3477101493626833,3.4091742653399706,3.373382469639182,3.3574315272271633,3.467485647648573,3.377382542937994,3.409618206322193,3.4506186302751303,3.4026218242943287,3.40546284802258,3.4050644151866436,3.3325462322682142,3.3679134007543325,3.419230666011572,3.334011122584343,3.36517727188766,3.4431589785963297,3.3285646345466375,3.347205601632595,3.452084170654416,3.40186276845634,3.37652319483459,3.336754696443677,3.410311657935381,3.365832297131419,3.412306111305952,3.4854612816125154,3.4068725667893887,3.372933715581894,3.4270906671881676,3.450823972001672,3.388898489996791,3.361561819911003,3.3744821026921272,3.266171058639884,3.3712656777352095,3.4038569256663322,3.3335286397486925,3.3745193276554346,3.387267485968769,0.04160236077982092,3.376952868886292,3.3293808620795606,3.347604698887095,3.422769455982372,3.4518258299306037
359,Mitch Georgiades,Port Adelaide,3.0962684582918882,3.1119234412908554,3.1524810045957565,3.0286862701177597,3.0859976802021265,3.1194406766444445,3.026193343102932,3.0524265114217997,3.0755659490823746,3.1897171773016453,3.1595380380749702,3.127473719418049,3.0587275233119726,3.0803877767175436,3.0839316342025995,3.0831891112029552,3.0896014496684074,3.0438221395015717,3.0420420933514833,3.044758664444089,3.0905200727283955,3.0515936072915792,3.0855643320828676,2.9817380029708147,3.038248473778367,3.10533675737679,3.1119648050516844,3.1057521626353264,3.1665002163499594,3.141354762017727,3.0385304521769285,2.989281103014946,3.111065875738859,3.108335919678211,3.0349960811436176,3.065038511529565,3.109266299754381,2.9966012481600046,3.0618261490017176,3.004122396931052,3.001980599015951,3.0718997810035944,3.115389844402671,3.1323053054511547,2.994747878983617,3.183190517127514,3.053516136482358,3.03333243355155,3.0223984755575657,3.084540354087949,3.076862224340439,0.05094751631989043,3.0817884439602494,2.995127819664776,3.0281652483716606,3.121119582584128,3.1650729698035867
367,Joe Richards,Port Adelaide,2.902307776734233,2.9246625509113073,2.846968773752451,2.7956549245864153,2.8697430044412613,2.8669237587600946,2.8905147705227137,2.9686975218355656,2.9334356393665075,2.8834448233246803,2.8295735381543636,2.8609157111495733,2.894574174657464,2.921066517010331,2.9480830784887075,2.872353732585907,2.798529341816902,2.9534659273922443,2.8984210919588804,2.8771549090743065,2.904584588482976,2.8299394752830267,2.870449962094426,2.962890414521098,2.8156553339213133,2.9305912237614393,2.8534143287688494,2.932394227012992,2.820811804383993,2.868768949061632,2.928622905164957,2.8806452937424183,2.866803491488099,2.840422660112381,2.7271328661590815,2.774704022333026,2.8228547386825085,2.9160696119070053,2.943607060238719,2.9232745077461004,2.854624852538109,2.8610228411853313,2.923431508243084,2.9278728924691677,2.8210033159703016,2.8934173434972763,2.891974028199911,2.8514960408210754,2.8400795590132475,2.8586329631507397,2.877473687529564,0.051136008607005075,2.8747543208301067,2.796244180118665,2.8281693090647457,2.929034283751622,2.9523624433670195
374,Aliir Aliir,Port Adelaide,2.461360827088356,2.4828797355294228,2.3449651524424553,2.5245571602135897,2.491461046040058,2.4614893067628145,2.3105044420808554,2.45988380163908,2.211390610784292,2.414259947836399,2.3016355633735657,2.3679009936749935,2.3859135676175356,2.2617968283593655,2.405009388923645,2.3190543986856937,2.482574673369527,2.363542588427663,2.2938493378460407,2.397165296599269,2.3972290568053722,2.416785506531596,2.4268352538347244,2.315911490470171,2.362509334459901,2.4504021033644676,2.351930133998394,2.3665605410933495,2.3962262254208326,2.300685929134488,2.3791626431047916,2.402737418189645,2.347585028037429,2.446641782298684,2.3939640298485756,2.3103711120784283,2.3865805864334106,2.4000700879842043,2.484083889052272,2.4275193996727467,2.3971194103360176,2.209113070741296,2.363938346505165,2.3342725578695536,2.3027102015912533,2.3921765983104706,2.2580659333616495,2.40809909068048,2.2599622271955013,2.33618601039052,2.3753325933218004,0.07235664932202408,2.386247077025473,2.2584546735975892,2.3024856022037565,2.4523837783038616,2.483837037580088
445,Jordon Sweet,Port Adelaide,1.4927722346037626,1.4874381255358458,1.4806724898517132,1.4951859209686518,1.4950955417007208,1.508194960653782,1.499167563393712,1.4938593469560146,1.533891897648573,1.5187170319259167,1.6062853801995516,1.5387055855244398,1.5327439550310373,1.4759976472705603,1.5671687554568052,1.5222379844635725,1.554883373901248,1.5601244494318962,1.5058088935911655,1.5445525124669075,1.5206069499254227,1.4938506688922644,1.5416506361216307,1.6099209804087877,1.530708720907569,1.538514219224453,1.5419427398592234,1.5240086372941732,1.583350595086813,1.5210641287267208,1.5644201524555683,1.548836886882782,1.5578811578452587,1.5315721053630114,1.5625233743339777,1.5369228422641754,1.5348310377448797,1.5289506874978542,1.5054192747920752,1.5278959404677153,1.5272617097944021,1.5375996455550194,1.5547938328236341,1.4961829632520676,1.4918697495013475,1.5157148484140635,1.4820006433874369,1.521284880116582,1.549854727461934,1.5616392120718956,1.5291315519809723,0.030603800959922607,1.5298297042027116,1.4831153272278608,1.4948371769990771,1.558350005786866,1.5800333179626613
493,Ollie Wines,Port Adelaide,1.450072294101119,1.4395458288490772,1.4376970324665308,1.4549190308898687,1.4344746991991997,1.3713069390505552,1.5132801197469234,1.4838066678494215,1.4868233893066645,1.440011389553547,1.406171714887023,1.4282360970973969,1.4326983019709587,1.4334533531218767,1.3618906755000353,1.437396876513958,1.451198497787118,1.4753628559410572,1.4445101022720337,1.417270489037037,1.405107021331787,1.4319020360708237,1.4517380557954311,1.4438820127397776,1.4359383340924978,1.4893744122236967,1.4179021026939154,1.3801161907613277,1.363001774996519,1.4947593584656715,1.4481565970927477,1.4771682284772396,1.4334130585193634,1.4400312434881926,1.4679288361221552,1.4414931628853083,1.4219343923032284,1.4498431738466024,1.4524932578206062,1.4086283054202795,1.511771785095334,1.4887244068086147,1.3948811888694763,1.3869272898882627,1.456251472234726,1.4303161296993494,1.4254495538771152,1.386192275211215,1.457067484036088,1.4325742553919554,1.438501875028014,0.03521532013302894,1.438621430657804,1.3731128356512636,1.4059491939339788,1.4757401788011193,1.4936554444860666
376,Darcy Byrne-Jones,Port Adelaide,1.2833690252155066,1.309971958398819,1.261950934305787,1.2794547397643328,1.2961735762655735,1.351279690861702,1.3060026243329048,1.2681484688073397,1.294177733361721,1.3539359513670206,1.3253178335726261,1.2569786086678505,1.3777943942695856,1.315051682293415,1.3192991521209478,1.2969163320958614,1.284107567742467,1.2790320441126823,1.2576244827359915,1.3666873555630445,1.2695070654153824,1.3020165357738733,1.2836799025535583,1.2720733936876059,1.346937034279108,1.2967114988714457,1.3326544761657715,1.324417732656002,1.316003505140543,1.3272253014147282,1.313440328463912,1.280636589974165,1.3665801044553518,1.3303622230887413,1.327006733044982,1.3557390812784433,1.3335836585611105,1.3238096926361322,1.2638967130333185,1.2216771095991135,1.3030684608966112,1.2390231471508741,1.37141047231853,1.3339679427444935,1.3305375333875418,1.3019000552594662,1.3440870810300112,1.3031787294894457,1.3267473336309195,1.2655551601201296,1.3078141750395298,0.03569251645145655,1.307987291365862,1.2571110128518195,1.2692231187243015,1.3446827212590724,1.3666653690859676
371,Esava Ratugolea,Port Adelaide,1.2141352910548449,1.176552340388298,1.1954717878252268,1.2467290945351124,1.1902339421212673,1.2401271164417267,1.1460612062364817,1.1527319625020027,1.133796889334917,1.2525612134486437,1.1250923164188862,1.289828298613429,1.1734318155795336,1.2329874504357576,1.200892811641097,1.0827978011220694,1.2270429972559214,1.1579586565494537,1.1016734279692173,1.2052692230790854,1.2269040681421757,1.152833128347993,1.2779352329671383,1.169700514525175,1.1354000493884087,1.1869342289865017,1.253281021490693,1.1355922259390354,1.2346119061112404,1.1291269678622484,1.2067695800215006,1.1489757373929024,1.1839304529130459,1.135912112891674,1.1106587871909142,1.1110492032021284,1.2517888750880957,1.3073186688125134,1.1808329187333584,1.084474928677082,1.1782209165394306,1.107558811083436,1.1738370936363935,1.1986887697130442,1.1314691416919231,1.1238261610269547,1.1517726965248585,1.2315039988607168,1.2492441050708294,1.102330157533288,1.1803571620583535,0.05585411638776103,1.1773866284638643,1.101808057529852,1.1248276899419725,1.2415069298632442,1.272881119614467
377,Jack Whitlock,Port Adelaide,0.9221618864685297,0.9337992370128632,0.9399747233837843,0.9045169558376074,0.9143035039305687,0.9302196707576513,0.9471918493509293,0.969650637358427,0.9460305273532867,0.9291717447340488,0.9302661549299955,0.9630813878029585,0.9831087347120047,0.9355048537254333,0.9327111765742302,0.9298100285232067,0.9200300425291061,0.9394844938069582,0.9722078759223223,0.9291462507098913,0.9440728910267353,0.9474440384656191,0.9092718753963709,0.9425693098455667,0.918552303686738,0.9215288702398539,0.9469341598451138,0.9465510323643684,0.9294874649494886,0.9762069415301085,0.9059372823685408,0.9410101845860481,0.9307108148932457,0.9476938061416149,0.9225198067724705,0.9501459579914808,0.9208873733878136,0.9379740543663502,0.9319228529930115,0.9289290998131037,0.9250607956200838,0.9989522099494934,0.9396603498607874,0.9116936307400465,0.9543508160859346,0.9203326124697924,0.9298976305872202,0.9281601272523403,0.9454637710005045,0.9515077713876963,0.9375560314208269,0.019420626212468883,0.9332552067935467,0.9097683352418244,0.9207714283559472,0.9504305769912899,0.9753871330805123
354,Willem Drew,Port Adelaide,0.9042218644171953,0.9035485815256834,0.8919595591723919,0.8885198552161455,0.8996615633368492,0.9150843806564808,0.9022634830325842,0.8968191687017679,0.8861677125096321,0.8930740598589182,0.907006774097681,0.8939048871397972,0.9040085934102535,0.8997728042304516,0.9008598066866398,0.9075348991900682,0.880532518029213,0.9007133692502975,0.900309044867754,0.8886440712958574,0.8950908090919256,0.9047192186117172,0.8923583719879389,0.9039735104888678,0.8893926292657852,0.8992095850408077,0.8908076118677855,0.91150719858706,0.8884452898055315,0.904235303401947,0.9079700708389282,0.8960895650088787,0.9028915539383888,0.9083845876157284,0.8824796620756388,0.8909539207816124,0.9013760611414909,0.8981497585773468,0.8907655291259289,0.9012038167566061,0.8799210991710424,0.906398631632328,0.9051783662289381,0.9030432887375355,0.883418494835496,0.8835262581706047,0.8945709653198719,0.8904048055410385,0.8954538442194462,0.8797260243445635,0.8969250565767288,0.008718783137364024,0.8986796718090773,0.8809316825587302,0.8885042710453271,0.9048151804637163,0.9082996116764843
380,Kane Farrell,Port Adelaide,0.843878848478198,0.8247569967061281,0.8024965543299913,0.8216453995555639,0.8450495172291994,0.824312973767519,0.7689836975187063,0.824467996135354,0.7909184116870165,0.7929931059479713,0.8173304609954357,0.8452709186822176,0.814646078273654,0.814685819670558,0.8286977037787437,0.8634299468249083,0.8243872411549091,0.8041457533836365,0.8450062517076731,0.8436626624315977,0.8256919682025909,0.8041469063609838,0.848550034686923,0.8192977998405695,0.8153801374137402,0.8338991925120354,0.8350587673485279,0.800833810120821,0.8252348806709051,0.8281962145119905,0.811421662569046,0.8114218562841415,0.8523329645395279,0.8216490764170885,0.802518667653203,0.8312322907149792,0.7931202799081802,0.8033845108002424,0.8579893577843904,0.8419320713728666,0.866561995819211,0.8293123543262482,0.8327729720622301,0.8697715345770121,0.8381386920809746,0.8352832030504942,0.8086839579045773,0.8202356416732073,0.8661239594221115,0.812991438433528,0.8256786907464266,0.021461113863507564,0.8246124964207411,0.7930191766098141,0.8039866536837071,0.8450957901328802,0.8655716868396849
368,Joe Berry,Port Adelaide,0.7731660734862089,0.7726331576704979,0.7822882607579231,0.7693561185151339,0.7775697913020849,0.7752820812165737,0.7694825325161219,0.7789422925561666,0.7739195171743631,0.7689549010246992,0.7710319329053164,0.770766519010067,0.7760352920740843,0.7743938770145178,0.78242352232337,0.7767832241952419,0.7735821753740311,0.7899309750646353,0.7773323804140091,0.7766203451901674,0.7827130779623985,0.782337449491024,0.7788018546998501,0.7772727366536856,0.7846919670701027,0.7749373111873865,0.7677555847913027,0.7738165874034166,0.7840066347271204,0.7686313707381487,0.7776195257902145,0.7780730873346329,0.787992537021637,0.7819644808769226,0.7762281633913517,0.7723324056714773,0.7849234156310558,0.7654370162636042,0.7654275074601173,0.7699881158769131,0.7858228534460068,0.78447818569839,0.7739305719733238,0.777893416583538,0.7729871235787868,0.774684751406312,0.7718119509518147,0.766435107216239,0.7746377680450678,0.7753578126430511,0.7760697068274021,0.005906221791609633,0.7753199469298124,0.766705805119127,0.7698824489545077,0.7824840394519269,0.7856384686939418
378,Corey Durdin,Port Adelaide,0.7265142276883125,0.7225225064903498,0.729417534545064,0.719227222725749,0.7250476256012917,0.7345368824899197,0.722520187497139,0.7252629678696394,0.7264161296188831,0.7191979140043259,0.7246065977960825,0.7220238149166107,0.7270813081413507,0.7223461084067822,0.7275033127516508,0.7303314115852118,0.7204018607735634,0.7319854516535997,0.7249800059944391,0.7265168279409409,0.7283088881522417,0.7255705073475838,0.7280981279909611,0.7261191476136446,0.7290442287921906,0.7248391043394804,0.723186083137989,0.728075398132205,0.7282178960740566,0.7291014119982719,0.7218179777264595,0.7213010285049677,0.7297764159739017,0.728137381374836,0.7268000058829784,0.7284904457628727,0.7280617393553257,0.7234071884304285,0.7234172765165567,0.726934777572751,0.72552733682096,0.7261425405740738,0.7209811024367809,0.7223550863564014,0.7237106971442699,0.7266521081328392,0.7239139974117279,0.7196765430271626,0.7270298451185226,0.7304107863456011,0.725670899450779,0.003378937137860906,0.7261308440938592,0.7198252331651748,0.7222787490673364,0.7286061864160002,0.7303945145197213
372,Logan Evans,Port Adelaide,0.6408643685281277,0.6482605952769518,0.6497545260936022,0.6415312942117453,0.6462387833744287,0.6557567249983549,0.6490940526127815,0.6480011772364378,0.6541725806891918,0.6421935744583607,0.6507452204823494,0.6467610858380795,0.6521204486489296,0.6420270390808582,0.6544725298881531,0.6528580132871866,0.6487584318965673,0.6579416133463383,0.6504134126007557,0.6476596631109715,0.6553946305066347,0.6504796072840691,0.6474935375154018,0.6492889933288097,0.6494491137564182,0.6523541267961264,0.6489574108272791,0.6543017830699682,0.6548767071217299,0.6520723048597574,0.645707743242383,0.6471757497638464,0.6511107683181763,0.6483121253550053,0.6557810492813587,0.64710558578372,0.649072777479887,0.6468893084675074,0.6438057776540518,0.6421106830239296,0.655451538041234,0.6537909097969532,0.6471545323729515,0.6535399351269007,0.6423652749508619,0.6468132454901934,0.6514769401401281,0.646146496757865,0.6546916291117668,0.6572549305856228,0.6496010070294141,0.004417494847449275,0.6491915229707956,0.6420441860891879,0.6460547972731292,0.6545183216258883,0.6557760628033429
373,Lachie Jones,Port Adelaide,0.6275606956332922,0.6271160673350096,0.6271787397563457,0.6218934990465641,0.6275149323046207,0.6295297127217054,0.6264902986586094,0.6296732109040022,0.6305770464241505,0.6233143880963326,0.6281086001545191,0.6281037032604218,0.6258350815623999,0.626671563833952,0.6295419745147228,0.6317174229770899,0.6265170723199844,0.633104620501399,0.6287544947117567,0.625429829582572,0.6316027101129293,0.6264197211712599,0.6299895811825991,0.6304694395512342,0.6289972588419914,0.62740084156394,0.6277045980095863,0.6298863925039768,0.6307018771767616,0.6280886456370354,0.6270837876945734,0.6226603202521801,0.6339312009513378,0.6277894768863916,0.6272079162299633,0.6297095902264118,0.628788135945797,0.6276025902479887,0.6254974324256182,0.625738974660635,0.6304105427116156,0.628311526030302,0.6262780055403709,0.6279068011790514,0.6261045206338167,0.6285073924809694,0.6244624275714159,0.6255311835557222,0.6282837055623531,0.6310920380055904,0.6279758317768573,0.0024426658345708383,0.6278481390327215,0.6235497361887247,0.625814995219931,0.6304228521510958,0.631693906839937
476,Josh Lai,Port Adelaide,0.5906022321432829,0.5930805075913668,0.5948562379926443,0.58960822224617,0.591044083237648,0.5951107777655125,0.590794837102294,0.5930613521486521,0.5924818478524685,0.585836773738265,0.5908544603735209,0.5908911395817995,0.5941864717751741,0.5863813553005457,0.5921974275261164,0.5973890461027622,0.5885947421193123,0.5957400947809219,0.5919156111776829,0.5882185902446508,0.5957258362323046,0.5861830934882164,0.5951310247182846,0.591332795098424,0.5922874081879854,0.5902976300567389,0.5894524864852428,0.5905231684446335,0.5912232268601656,0.5916957426816225,0.590916583314538,0.5886960010975599,0.5930619724094868,0.5911161191761494,0.5929159112274647,0.5898818299174309,0.5906890816986561,0.588108928874135,0.5842371098697186,0.5882413350045681,0.5941161811351776,0.5949752498418093,0.5908884480595589,0.5910283103585243,0.5897894334048033,0.5887469109147787,0.5879291240125895,0.5885354038327932,0.5904281064867973,0.5947565380483866,0.5911151360347867,0.0028125542455742086,0.5909038614481688,0.5862237371597439,0.5884739434476942,0.5943056156262755,0.5956038998719305
375,Miles Bergman,Port Adelaide,0.5664414670318365,0.5681068114936352,0.5749402269721031,0.5652145612984896,0.5813137907534838,0.5634289160370827,0.5625678896903992,0.5808952655643225,0.5758121013641357,0.5627949275076389,0.5764672458171844,0.5629252046346664,0.570875734090805,0.5765936803072691,0.5816143471747637,0.5752926282584667,0.5627403557300568,0.5813798010349274,0.5756782032549381,0.5788914300501347,0.5837240610271692,0.5676312614232302,0.5726662408560514,0.5779169667512178,0.563789302483201,0.5788266975432634,0.5649629328399897,0.5687645580619574,0.5711923856288195,0.5774467065930367,0.5690144915133715,0.5867432188242674,0.5786301735788584,0.5693335086107254,0.5666080601513386,0.5795513093471527,0.5736724771559238,0.5645490754395723,0.5649444554001093,0.57874546200037,0.5756338406354189,0.5783539656549692,0.5621251165866852,0.5731135327368975,0.5806595217436552,0.5683822818100452,0.5777693185955286,0.5766578372567892,0.5648589301854372,0.5769671220332384,0.5727441880106926,0.006772875946618157,0.5743063520640135,0.5627515429444611,0.5647941705435514,0.5790293448232114,0.5815662652160972
365,Jacob Wehr,Port Adelaide,0.5274829100817442,0.5237533673644066,0.5259374752640724,0.5235058031976223,0.5262441113591194,0.5269880723208189,0.5263480208814144,0.5233292263001204,0.5268129594624043,0.5219918433576822,0.5256948433816433,0.5257977824658155,0.5247026290744543,0.5243094880133867,0.5237220898270607,0.5288786515593529,0.5237942393869162,0.5289888791739941,0.5253314152359962,0.5252850372344255,0.52685840241611,0.523797869682312,0.5270077437162399,0.524874608963728,0.5264293942600489,0.5214214399456978,0.5223633255809546,0.5254893638193607,0.5288885701447725,0.526292085647583,0.5233270321041346,0.5263373777270317,0.5285623520612717,0.5235746093094349,0.5260252337902784,0.5274717342108488,0.5297175589948893,0.5264283288270235,0.5251368340104818,0.5248770639300346,0.5275501422584057,0.5302854143083096,0.5212810952216387,0.5251914467662573,0.5260936785489321,0.5242749806493521,0.5235056094825268,0.5240438375622034,0.5276807583868504,0.528479803353548,0.5256433308124542,0.0021167246739773582,0.5257463129237294,0.5220679972134531,0.5235602288320661,0.5275774410292506,0.5289683158230036
369,Dante Visentini,Port Adelaide,0.47576154582202435,0.47658707201480865,0.47527232579886913,0.4705115295946598,0.47470869682729244,0.48030436411499977,0.4721043463796377,0.4755666069686413,0.47437838837504387,0.47156460769474506,0.47406348772346973,0.47284998930990696,0.4742122609168291,0.4725189097225666,0.4763404782861471,0.47759572602808475,0.4744290430098772,0.4780676383525133,0.47455810010433197,0.4740157052874565,0.47665274515748024,0.47452663257718086,0.47718975879251957,0.47652573324739933,0.47438750602304935,0.4735106658190489,0.4724810067564249,0.4756380245089531,0.4772556647658348,0.47444912791252136,0.4743361286818981,0.47176723927259445,0.47684281319379807,0.4755194913595915,0.47369166277348995,0.4779403228312731,0.47417629696428776,0.47342819161713123,0.46937071159482,0.47276427038013935,0.47524758242070675,0.47614053450524807,0.4745911918580532,0.47460170090198517,0.4729695897549391,0.473140025511384,0.47398167103528976,0.4740496017038822,0.47359348088502884,0.4763924926519394,0.474651453755796,0.00203422609035879,0.4744390854611993,0.4716061471682042,0.4728320740535855,0.476600797701627,0.4778696804866195
444,Jack Lukosius,Port Adelaide,0.44227340444922447,0.4384429603815079,0.4504312239587307,0.45460159704089165,0.4476625621318817,0.43633473850786686,0.45610457845032215,0.4551612790673971,0.4636471550911665,0.4510071463882923,0.43529700115323067,0.4306598473340273,0.4531966019421816,0.4604620262980461,0.452052665874362,0.4501735456287861,0.4777878373861313,0.4742331840097904,0.4621745217591524,0.4612032547593117,0.45916956290602684,0.4621255677193403,0.44816037453711033,0.4743494112044573,0.45621952414512634,0.4250773638486862,0.47127046436071396,0.47104250080883503,0.4536638390272856,0.4832575097680092,0.43670481629669666,0.46149210073053837,0.4736559074372053,0.4404242020100355,0.4441639669239521,0.47318216413259506,0.43414148688316345,0.45468047447502613,0.45377908274531364,0.4657089598476887,0.49442754313349724,0.4808304440230131,0.45007898658514023,0.4400544483214617,0.4781061578541994,0.48344708420336246,0.4682921711355448,0.4801643919199705,0.46509120985865593,0.4494834952056408,0.45770304687321184,0.01565625851610716,0.45563292875885963,0.43437836730852725,0.4403469234891236,0.4742574754934758,0.482759961290285
358,Todd Marshall,Port Adelaide,0.43591651506721973,0.42888137698173523,0.43076523020863533,0.4286490324884653,0.43321833945810795,0.43601759523153305,0.43261100910604,0.435433741658926,0.43283839896321297,0.43021800741553307,0.4360068701207638,0.43290617503225803,0.4321211762726307,0.4320638943463564,0.4311661683022976,0.43535629101097584,0.4303816370666027,0.4342011883854866,0.433568736538291,0.4330574944615364,0.4324033446609974,0.43558635748922825,0.4314805716276169,0.43188689835369587,0.4344771280884743,0.4305867999792099,0.43241722509264946,0.4356173612177372,0.43264647386968136,0.43554661981761456,0.4318824503570795,0.43053389340639114,0.43384456634521484,0.42978469654917717,0.4312085434794426,0.43295590579509735,0.4335822146385908,0.43312154710292816,0.4297824539244175,0.4333467073738575,0.43454830162227154,0.4326157607138157,0.4312030505388975,0.43191768415272236,0.4342891424894333,0.42932375706732273,0.43078232929110527,0.4296810422092676,0.43332587741315365,0.4375245813280344,0.43266564328223467,0.0021116271185670533,0.4326311172917485,0.42939700052142143,0.43050207183137534,0.4353724781963974,0.43598834733478725
363,Ewan Mackinlay,Port Adelaide,0.4259028844535351,0.4239289667457342,0.42377408035099506,0.42220703326165676,0.4251683596521616,0.43076074309647083,0.42475321888923645,0.42497830651700497,0.4272295832633972,0.42368771508336067,0.427573649212718,0.4259852506220341,0.42413221672177315,0.42497244849801064,0.42303314059972763,0.42776790633797646,0.4228898901492357,0.4261888712644577,0.427109956741333,0.4242029581218958,0.4275162611156702,0.42599283531308174,0.42532929033041,0.42647543363273144,0.4292703364044428,0.42401532642543316,0.4274469967931509,0.42770085856318474,0.4255525339394808,0.42645153403282166,0.42685043811798096,0.4222263749688864,0.42819814570248127,0.42350847087800503,0.42480616085231304,0.42901715263724327,0.42795476503670216,0.4250286351889372,0.4239575043320656,0.4252245780080557,0.4270576424896717,0.42943843081593513,0.4248307626694441,0.4275017473846674,0.42339336685836315,0.425320353358984,0.4209222365170717,0.4237725045531988,0.42427272722125053,0.4295542296022177,0.42569669626653195,0.002139153036925474,0.425324821844697,0.422362395580858,0.42375478355400265,0.4277148715481162,0.4294039714615792
532,Christian Moraes,Port Adelaide,0.3844217136502266,0.38351181149482727,0.376135291531682,0.374472388997674,0.3722667098045349,0.38158276304602623,0.3743346072733402,0.3729675989598036,0.37596251629292965,0.3651378769427538,0.37923523411154747,0.3738052248954773,0.37910703010857105,0.3736390043050051,0.37986820936203003,0.3733988553285599,0.37622729130089283,0.3718155063688755,0.3737146630883217,0.3710950221866369,0.3747488409280777,0.37451483495533466,0.3715615812689066,0.3791781272739172,0.3697774298489094,0.37468089908361435,0.3713024090975523,0.38578604720532894,0.37967585027217865,0.3807753622531891,0.3732173014432192,0.37098794989287853,0.3777478449046612,0.3724345825612545,0.3711526617407799,0.379606980830431,0.3756125010550022,0.3743446674197912,0.3842266593128443,0.3756172526627779,0.37570058926939964,0.3779616989195347,0.3731848672032356,0.38317267410457134,0.3740061931312084,0.3799837026745081,0.36756417714059353,0.37286023423075676,0.3689286559820175,0.37301052547991276,0.37552044842392207,0.00451641598121259,0.3744936119765043,0.36910265462473035,0.37150741428509354,0.3798923474643379,0.3840801155101508
446,Jackson Mead,Port Adelaide,0.3530568014830351,0.3610128052532673,0.3600375968962908,0.35275338403880596,0.3557156641036272,0.35410588420927525,0.35412888415157795,0.3592642042785883,0.35951613262295723,0.3501240909099579,0.35517442040145397,0.3541541937738657,0.3548179343342781,0.35261230170726776,0.35491425357759,0.35805973038077354,0.3558897767215967,0.36223914474248886,0.35154591500759125,0.3577442988753319,0.35938880778849125,0.3536686412990093,0.35411305725574493,0.3586800377815962,0.3602761887013912,0.35500429570674896,0.3572091106325388,0.35793572664260864,0.36004989594221115,0.36080681905150414,0.3525778576731682,0.3545862212777138,0.3643404319882393,0.363214585930109,0.3562586810439825,0.35374080389738083,0.3566271737217903,0.35445402190089226,0.35011052526533604,0.35221349261701107,0.3542723320424557,0.3532846737653017,0.35501588322222233,0.3557204958051443,0.3565470948815346,0.355974106118083,0.3586854487657547,0.3490218259394169,0.3569957222789526,0.35990420170128345,0.35615091156214473,0.003429210313301619,0.35571807995438576,0.3504155648499727,0.3529933872371912,0.35993208129703996,0.36198774514719845
370,Jack Watkins,Port Adelaide,0.333854204043746,0.33318207412958145,0.3355683032423258,0.3324480354785919,0.3358531631529331,0.3378994893282652,0.33589919470250607,0.334154337644577,0.334138885140419,0.3340889513492584,0.33319301530718803,0.33882591500878334,0.33739205077290535,0.33703448064625263,0.33260172978043556,0.340271869674325,0.3337075635790825,0.33446482196450233,0.3311985209584236,0.33315848000347614,0.3364126645028591,0.3383202198892832,0.33916163444519043,0.33590078353881836,0.339679853990674,0.33696360886096954,0.3399038687348366,0.3364540096372366,0.3390312772244215,0.33387655206024647,0.3371649868786335,0.33439240604639053,0.3436769600957632,0.3368874862790108,0.33748052828013897,0.3373602721840143,0.3370355609804392,0.3324029389768839,0.33455691300332546,0.3321116343140602,0.334507355466485,0.33526077680289745,0.33465780317783356,0.3363285344094038,0.3392025772482157,0.3305908292531967,0.33073421008884907,0.3355077803134918,0.3377048894762993,0.33728193677961826,0.3357897187769413,0.0027087298697223076,0.3358761789277196,0.3313857091963291,0.33317714295722545,0.3384259101692587,0.3398579457122832
621,Xavier Bamert,Port Adelaide,0.305161003023386,0.3085483703762293,0.30705826729536057,0.3044964298605919,0.3075746316462755,0.30742989107966423,0.30464199744164944,0.30832092463970184,0.3079044632613659,0.3033582679927349,0.3046653978526592,0.30511912144720554,0.30461212433874607,0.30508718825876713,0.3084044046700001,0.3076047021895647,0.308121582493186,0.31037631817162037,0.30597714334726334,0.30488145910203457,0.3075951337814331,0.3046901561319828,0.3077690787613392,0.31060320883989334,0.3068098407238722,0.30843033641576767,0.30400777980685234,0.30776043981313705,0.30690446496009827,0.3083476796746254,0.30534906685352325,0.3059212267398834,0.3100882712751627,0.30817111767828465,0.307696595788002,0.3075677119195461,0.30724917352199554,0.3054614830762148,0.30359519459307194,0.30428759939968586,0.3089869637042284,0.30395253375172615,0.30601891502738,0.30627104081213474,0.3076973371207714,0.3065708577632904,0.3071720842272043,0.3049918208271265,0.3056896459311247,0.3073050510138273,0.30664610996842384,0.0017930003902532742,0.3069813661277294,0.30396385919302704,0.3046605071667582,0.3083265164420009,0.30986250322312114
492,Mitch Zadow,Port Adelaide,0.28636400401592255,0.28563084825873375,0.28815499506890774,0.2846752479672432,0.28471361845731735,0.28705209493637085,0.2831294424831867,0.28663256391882896,0.28924309834837914,0.2815648876130581,0.284026300534606,0.28413565270602703,0.28482925705611706,0.28693096339702606,0.2873408943414688,0.2861488610506058,0.2839666083455086,0.28806463070213795,0.28739808686077595,0.28650006279349327,0.2862213123589754,0.2860336098819971,0.2861543130129576,0.28742689080536366,0.2874553855508566,0.28609123453497887,0.28363676741719246,0.28733378648757935,0.2869076617062092,0.28609667532145977,0.2868892140686512,0.2838866300880909,0.2891378253698349,0.2859559804201126,0.28856202960014343,0.28491735458374023,0.2861662972718477,0.2856918293982744,0.28346837125718594,0.28376922383904457,0.2866031043231487,0.28563072346150875,0.28490809723734856,0.28683268278837204,0.28831713646650314,0.28316996805369854,0.2878113426268101,0.2822877112776041,0.2865596152842045,0.2864003796130419,0.28593650545924904,0.0017506204047906028,0.28616030514240265,0.28313775022514165,0.2839498928897083,0.2874328462071717,0.28851182650774715
648,Balyn O'Brien,Port Adelaide,0.1569424495100975,0.15446759574115276,0.15582167357206345,0.15585801750421524,0.15713763609528542,0.15581458434462547,0.15561576560139656,0.15616090781986713,0.15656607039272785,0.15476630814373493,0.15627109073102474,0.15536410361528397,0.1560210846364498,0.15653897263109684,0.15644226409494877,0.1560591459274292,0.15549111552536488,0.1567375659942627,0.1562299095094204,0.15598406828939915,0.1553694773465395,0.1563894022256136,0.15573024563491344,0.15557273104786873,0.15579386800527573,0.15500263310968876,0.15506265684962273,0.15687044709920883,0.15631103515625,0.1563179288059473,0.15720247849822044,0.1551932692527771,0.1558300480246544,0.1548670306801796,0.156934954226017,0.15623699501156807,0.15657825954258442,0.15666608698666096,0.15596208348870277,0.1552558448165655,0.15642566792666912,0.1556722428649664,0.15650353208184242,0.1554428320378065,0.15657933615148067,0.15499386377632618,0.15649748779833317,0.1554723959416151,0.1552791390568018,0.15523595549166203,0.15595080517232418,0.0006626238865539304,0.15597307588905096,0.15489303146488964,0.15525168794766067,0.15657848455384374,0.156940912976861
622,Harrison Ramm,Port Adelaide,0.15461699292063713,0.153176574036479,0.15366722829639912,0.15384463407099247,0.15655497647821903,0.15522653982043266,0.1539000254124403,0.15578139200806618,0.15568139031529427,0.1533058937638998,0.15443725511431694,0.15465596318244934,0.15514738857746124,0.15514188632369041,0.15551623702049255,0.15590856224298477,0.15534763038158417,0.15585282817482948,0.15477746166288853,0.153305659070611,0.1549904216080904,0.1557183898985386,0.15395325981080532,0.15517918206751347,0.15516434982419014,0.1560562252998352,0.15426978282630444,0.15595834329724312,0.15390687622129917,0.1544695906341076,0.15477666817605495,0.154586436226964,0.15441164374351501,0.15450343675911427,0.15580671653151512,0.1548624485731125,0.15510240569710732,0.1548800729215145,0.15360275097191334,0.15482361055910587,0.15566683188080788,0.15426376834511757,0.15523283183574677,0.15407283790409565,0.15438113547861576,0.15461045131087303,0.1546312365680933,0.15421203151345253,0.1543994527310133,0.15607198886573315,0.15480823393911122,0.0008032275451747904,0.15477706491947174,0.15336674949154258,0.15394356564059852,0.15573155733942987,0.15603615948930383
629,Brandon Zerk-Thatcher,Port Adelaide,0.14217964000999928,0.1453074123710394,0.14605219848453999,0.14304468221962452,0.1430784072726965,0.14440633542835712,0.14209941402077675,0.14628452621400356,0.14478172734379768,0.14266236498951912,0.14333203248679638,0.14291781932115555,0.14329827949404716,0.14398439787328243,0.14561609365046024,0.14496973156929016,0.14422331005334854,0.14656978845596313,0.14419379644095898,0.14399507269263268,0.14412061497569084,0.1439751721918583,0.1452635172754526,0.1453126259148121,0.14415452256798744,0.14490105397999287,0.14294584095478058,0.14407453685998917,0.1438625268638134,0.14577949978411198,0.14377131313085556,0.14315475896000862,0.14861554466187954,0.14334972761571407,0.14561007544398308,0.1438730712980032,0.14312702231109142,0.1438227817416191,0.1420231033116579,0.14151698537170887,0.14467443339526653,0.1436163205653429,0.14235111512243748,0.14365307986736298,0.14382819645106792,0.14235677011311054,0.14387895911931992,0.14222646318376064,0.1439203955233097,0.14598561078310013,0.14405485339462756,0.0013725978759477233,0.1438996773213148,0.14211586034856738,0.14286442936584354,0.14537479286640884,0.14623689902946352
578,Tom Anastasopoulos,Port Adelaide,0.13752470538020134,0.13732062466442585,0.13652649708092213,0.13568522781133652,0.1387881599366665,0.1387414801865816,0.1371970996260643,0.13750177063047886,0.13697637990117073,0.13568474911153316,0.13662473484873772,0.13692576065659523,0.13839884288609028,0.13718019984662533,0.13866424188017845,0.1375124603509903,0.13719955645501614,0.1373805534094572,0.13821841403841972,0.13636888936161995,0.1390439961105585,0.13758304715156555,0.13621673919260502,0.13783428817987442,0.1386246718466282,0.13804876059293747,0.1380660217255354,0.13870692625641823,0.1375831998884678,0.13685929216444492,0.13818540051579475,0.13535123318433762,0.13498272746801376,0.13757523149251938,0.1384496707469225,0.13932891376316547,0.13766025938093662,0.13815049454569817,0.1377413161098957,0.13761616870760918,0.13789042085409164,0.13888590224087238,0.13805766217410564,0.13706471771001816,0.13639765232801437,0.13760950230062008,0.13558049872517586,0.13758471608161926,0.13666671700775623,0.1360288355499506,0.1374359066411853,0.0010166923013768263,0.13757913932204247,0.1356018700543791,0.13639164086803793,0.13848624597676099,0.13886586506851017
579,Will Lorenz,Port Adelaide,0.1091523077338934,0.11729715205729008,0.11110414005815983,0.1092302892357111,0.11092079617083073,0.11370151862502098,0.10616868920624256,0.11384850926697254,0.10871761851012707,0.10568083636462688,0.10876534879207611,0.11011857353150845,0.1141944918781519,0.10783972218632698,0.11214692890644073,0.10434025712311268,0.10517390631139278,0.11088846810162067,0.10762790404260159,0.11532842181622982,0.10967685095965862,0.11455760151147842,0.10845233872532845,0.11028728261590004,0.11231362074613571,0.11161139234900475,0.10740680247545242,0.10597941651940346,0.1075045745819807,0.11076300777494907,0.10947851464152336,0.10522152483463287,0.11308660730719566,0.11000227369368076,0.11202451400458813,0.10752309486269951,0.11076287180185318,0.10618085227906704,0.11311163567006588,0.10648715868592262,0.1137423925101757,0.11752896383404732,0.10794327594339848,0.10816155932843685,0.10759185999631882,0.10784873552620411,0.11299089342355728,0.11080275475978851,0.10877762362360954,0.10770371370017529,0.10995539177209139,0.003145136959866448,0.10957768280059099,0.10531568369828165,0.1072145969234407,0.1132349212076515,0.11517040365375578
606,Tom Cochrane,Port Adelaide,0.09431489370763302,0.09391314163804054,0.09497066587209702,0.09288152307271957,0.09591745026409626,0.09449027851223946,0.09489832073450089,0.0966947004199028,0.09520233795046806,0.09468581900000572,0.09530827961862087,0.09663008898496628,0.09673801064491272,0.09277134016156197,0.09432708099484444,0.09578300453722477,0.09476671367883682,0.09694815799593925,0.09414243884384632,0.09458606131374836,0.0964664425700903,0.0932940561324358,0.09355585649609566,0.09384472854435444,0.09527510963380337,0.0969044640660286,0.09593633562326431,0.09450908564031124,0.09568169340491295,0.0959167368710041,0.09475096873939037,0.09387923032045364,0.09703655540943146,0.09454052336513996,0.09391376376152039,0.09477630816400051,0.09436692297458649,0.09268047101795673,0.09425930865108967,0.09486982226371765,0.09573360346257687,0.09327702410519123,0.09420926310122013,0.09459717944264412,0.09337107837200165,0.09616568312048912,0.09417396411299706,0.09421131201088428,0.09451999329030514,0.09691981598734856,0.09487215217202902,0.0011727754888547826,0.09464149922132492,0.09296260078437626,0.09387201944924892,0.09622854184545576,0.09691666884347797
659,Alex Van Wyk,Port Adelaide,0.08319343999028206,0.08103253692388535,0.08208679221570492,0.08209235779941082,0.08276895992457867,0.08195355534553528,0.08294452726840973,0.08197228983044624,0.08177291043102741,0.08159095607697964,0.08284641243517399,0.08218018524348736,0.08319478668272495,0.08197507075965405,0.08196534030139446,0.08319724164903164,0.08191017247736454,0.08409440331161022,0.08301929943263531,0.08206773921847343,0.08294027671217918,0.08262251317501068,0.08203662000596523,0.08223430812358856,0.08264048956334591,0.08211282640695572,0.08148212358355522,0.08330314233899117,0.08247119002044201,0.08154433220624924,0.08322208002209663,0.08172466605901718,0.08135945536196232,0.08312075212597847,0.08402981236577034,0.08232838101685047,0.08208518475294113,0.08306631073355675,0.08284170180559158,0.08276909030973911,0.08342164568603039,0.08229095302522182,0.0822500791400671,0.08152361586689949,0.0829194225370884,0.08214869350194931,0.08210798352956772,0.08204856514930725,0.08242875337600708,0.08151617459952831,0.08240900240838528,0.0006778800423638986,0.08224219363182783,0.0814891040418297,0.08176282735727727,0.08313594388961792,0.08339735249988735
474,Will Brodie,Port Adelaide,0.08308129012584686,0.07975257933139801,0.08149715140461922,0.08384667336940765,0.07850854098796844,0.07775581255555153,0.08174637332558632,0.07993816584348679,0.07916589453816414,0.07962510362267494,0.07649573311209679,0.07842712849378586,0.07802953943610191,0.07761280983686447,0.0780271664261818,0.08427321910858154,0.0798850916326046,0.07948634028434753,0.08082103356719017,0.07945722714066505,0.07816122099757195,0.08049346506595612,0.08040594682097435,0.08152613416314125,0.07791553437709808,0.08234234526753426,0.08422549441456795,0.0805136151611805,0.07870882377028465,0.08235867321491241,0.08295447751879692,0.07997369393706322,0.07920539751648903,0.08018815144896507,0.0795646607875824,0.07986080646514893,0.07940870895981789,0.07930385321378708,0.07860717922449112,0.08297386020421982,0.08045835420489311,0.07719273120164871,0.08379892259836197,0.0784289762377739,0.0784967876970768,0.07818102464079857,0.08102547749876976,0.08335579559206963,0.07910552993416786,0.0799657516181469,0.08012268535792827,0.001973918386244754,0.07980669289827347,0.07764212539419532,0.0781768856793642,0.08248319631442427,0.08383688446134328
362,Connor Rozee,Port Adelaide,0.07264846563339233,0.07179105840623379,0.07072042673826218,0.0697729904204607,0.07317587733268738,0.0737570971250534,0.07458226382732391,0.0720558762550354,0.07098138332366943,0.074598029255867,0.07622695714235306,0.07116840593516827,0.07267825305461884,0.07344406098127365,0.07349023222923279,0.07436620444059372,0.07168474420905113,0.07572963088750839,0.0707080140709877,0.07291928306221962,0.0706107597798109,0.07604619488120079,0.0742754302918911,0.07412534579634666,0.0729214958846569,0.07260790094733238,0.07336419820785522,0.07345417514443398,0.07221643626689911,0.07553893327713013,0.0722343735396862,0.07176998630166054,0.07190142199397087,0.07049764506518841,0.07087656483054161,0.07348420470952988,0.07325109094381332,0.07204249873757362,0.07250012457370758,0.07422125712037086,0.07483789324760437,0.07397215068340302,0.07175937481224537,0.07155366614460945,0.07367550954222679,0.07045579701662064,0.07093692943453789,0.07097977586090565,0.07404336705803871,0.07220041006803513,0.0727770833298564,0.0015867771155936173,0.07266335934400558,0.07052083358168602,0.07097082095779479,0.07429440208896995,0.07569053787738085
379,Ollie Lord,Port Adelaide,0.039422132074832916,0.03801416978240013,0.03751508891582489,0.03716308996081352,0.03874165564775467,0.04000689834356308,0.038608573377132416,0.037564631551504135,0.03852662071585655,0.03961937129497528,0.03982657194137573,0.03786645084619522,0.038394492119550705,0.039318718016147614,0.03749333322048187,0.039850473403930664,0.037961505353450775,0.03952587768435478,0.03814775496721268,0.03942862153053284,0.038240913301706314,0.04096590727567673,0.039246927946805954,0.03855393826961517,0.038134533911943436,0.03700529411435127,0.03889104723930359,0.038708653301000595,0.038656074553728104,0.039214152842760086,0.03862811625003815,0.037256039679050446,0.03914763033390045,0.03723536431789398,0.0372956357896328,0.038033172488212585,0.03817809373140335,0.0383475162088871,0.03766557574272156,0.03938614949584007,0.0384196862578392,0.038750018924474716,0.038139477372169495,0.038836587220430374,0.03874625638127327,0.038327109068632126,0.03858551010489464,0.038366153836250305,0.03970715031027794,0.039087362587451935,0.03857504159212113,0.0008443940929904124,0.038569724187254906,0.03723960276693106,0.037644478406757116,0.0394234883710742,0.039845573604106906
231,Tim Taranto,Richmond,4.946545355021954,5.019638517871499,5.09004002250731,4.936031861230731,4.96671099588275,4.879740361124277,4.878302920609713,4.845706552267075,4.760513121262193,4.941129963845015,4.996868446469307,4.915899850428104,4.9303035363554955,5.061739772558212,4.807741753757,4.747193083167076,4.827936850488186,4.922728409990668,4.887537786737084,4.944172585383058,4.857836214825511,4.8804070092737675,4.768410470336676,5.127388313412666,4.865448633208871,4.963303968310356,4.919396728277206,4.997303852811456,5.0088429767638445,4.9256219286471605,4.8788755014538765,4.8312552981078625,4.9165542889386415,4.909135535359383,5.019035225734115,5.048917669802904,5.022173214703798,4.9533848240971565,4.9170397613197565,4.822450280189514,4.982434136793017,5.070963621139526,4.908094745129347,4.986252322793007,4.829645700752735,4.933724507689476,4.913314610719681,4.923009544610977,4.854706287384033,4.927701771259308,4.925382213816047,0.08394963261710013,4.922868977300823,4.776473383437843,4.842686240147799,5.010973156798631,5.069072732180357
241,Noah Balta,Richmond,2.8442067317664623,2.8192287255078554,2.841548243537545,2.8857400361448526,2.89521611854434,2.893518812954426,2.8847539983689785,2.915098275989294,2.822158854454756,2.870223158970475,2.886078240349889,2.916735127568245,2.8614489305764437,2.8688974753022194,2.868582312017679,2.8851095102727413,2.8736672587692738,2.8507732655853033,2.8468322567641735,2.885293250903487,2.8808641023933887,2.852651007473469,2.8725484535098076,2.875611115247011,2.864669656381011,2.886255633085966,2.878058508038521,2.877491505816579,2.8648967277258635,2.895734552294016,2.8972340133041143,2.861944707110524,2.8755824547261,2.8881369438022375,2.8297677077353,2.913054659962654,2.9066790621727705,2.9224869310855865,2.831123623996973,2.875545835122466,2.8984727431088686,2.8735070805996656,2.897742833942175,2.881740441545844,2.8411671556532383,2.9050986357033253,2.8757927007973194,2.847133034840226,2.911971803754568,2.9221295453608036,2.876404075212777,0.025773667726304888,2.876642103306949,2.830045670568943,2.847070172222331,2.89985755466111,2.91639957299456
235,Jack Ross,Richmond,1.792581146582961,1.834218643605709,1.8303398415446281,1.79647003300488,1.8113772496581078,1.7649911735206842,1.7888895329087973,1.799318416044116,1.7408220898360014,1.809488594532013,1.8358365017920732,1.7812386937439442,1.7924887761473656,1.7844597417861223,1.8033153284341097,1.8539649937301874,1.7824598122388124,1.8508344758301973,1.8046192824840546,1.8169535249471664,1.797242322936654,1.7491947039961815,1.790665803477168,1.8096374589949846,1.85936289280653,1.7846730910241604,1.794655054807663,1.7790048737078905,1.8097466509789228,1.7173797246068716,1.8215574640780687,1.8403243590146303,1.7627496886998415,1.8285129889845848,1.8264884483069181,1.7577128801494837,1.76087137311697,1.7908569555729628,1.795195508748293,1.780852410942316,1.8224239498376846,1.8192111812531948,1.8056109976023436,1.8899177815765142,1.8514772467315197,1.7944848462939262,1.7890536598861217,1.8072353173047304,1.753580117598176,1.7198772951960564,1.7996844980120659,0.03452361685465841,1.796856177970767,1.7425384757388382,1.764522703193128,1.831150511175394,1.8534550055954606
230,Jayden Short,Richmond,1.4436704646795988,1.4975125193595886,1.5252447631210089,1.443127878010273,1.431181374937296,1.4236710872501135,1.4906514082103968,1.516520669683814,1.4623634796589613,1.481741663068533,1.5379502568393946,1.5063883941620588,1.5182360876351595,1.4913386143743992,1.4872619472444057,1.4499061647802591,1.509330751374364,1.478154731914401,1.460351500660181,1.4269379768520594,1.4889547526836395,1.4290076829493046,1.4610306806862354,1.4809102825820446,1.4618169013410807,1.457767153158784,1.446629948914051,1.5401462521404028,1.4232566580176353,1.5191546604037285,1.4897394478321075,1.495531601831317,1.5473169572651386,1.417430566623807,1.4294004868716002,1.5301914736628532,1.4525266885757446,1.4061724748462439,1.3754421398043633,1.3837581034749746,1.4727954901754856,1.5162119381129742,1.456451529636979,1.4551468137651682,1.4321482088416815,1.4528566356748343,1.5140668358653784,1.4690671749413013,1.5291485544294119,1.458470268175006,1.4714818019419909,0.041088490647734455,1.4657153273001313,1.4084803836606443,1.4293183908518403,1.5168791920356453,1.5363597062882035
248,Seth Campbell,Richmond,0.9199942387640476,0.9521499574184418,0.927967743948102,0.9196332469582558,0.9492282886058092,0.9242890328168869,0.9806588776409626,0.9722976088523865,0.9709223192185163,0.9534271191805601,0.9325651619583368,0.9623511433601379,0.9493218567222357,0.9266228787600994,0.9573955405503511,0.9626802243292332,0.9638008195906878,0.9525957722216845,0.9892352186143398,0.9547416884452105,0.9348820019513369,0.9551071505993605,0.9621385540813208,0.9550780653953552,0.9232926908880472,0.9392868671566248,0.952883230522275,0.9604908172041178,0.9389950558543205,1.0055810641497374,0.9168617501854897,0.9430103376507759,0.9553880654275417,0.9298377651721239,0.9572200793772936,0.9427265878766775,0.9490939080715179,0.9576177261769772,0.9201474506407976,0.9476644732058048,0.9256947468966246,0.9974702969193459,0.9376780446618795,0.9321280680596828,0.9199154656380415,0.9513084832578897,0.9232081118971109,0.9226769916713238,0.9374085031449795,0.9337699618190527,0.9470088210701942,0.020567274952996022,0.9491610983386636,0.9199316141288727,0.9240807973537594,0.9624199212826788,0.9874770687147975
440,Nick Vlastuin,Richmond,0.6360967364162207,0.6372455526143312,0.6407964956015348,0.6399309281259775,0.6419675070792437,0.6393137276172638,0.6385845746845007,0.6425321996212006,0.6413170341402292,0.641553770750761,0.6389717739075422,0.6432873103767633,0.6393625400960445,0.6406179051846266,0.6414326336234808,0.6395888552069664,0.6436935719102621,0.6391651853919029,0.63755227252841,0.6409200392663479,0.6423000916838646,0.63807138428092,0.6379476319998503,0.6376930773258209,0.640172092244029,0.6411116495728493,0.6422575674951077,0.6415990237146616,0.6444198936223984,0.6350984480232,0.6411534510552883,0.6441328786313534,0.640335327014327,0.6379809994250536,0.6418459974229336,0.6394782122224569,0.6411913223564625,0.6472352351993322,0.6329701412469149,0.6371357440948486,0.6375222653150558,0.6430104151368141,0.6401761882007122,0.6405899673700333,0.638741496950388,0.6402632482349873,0.6434786338359118,0.6355349533259869,0.6406252700835466,0.6400207746773958,0.6401604799181223,0.002608807634436147,0.6402992876246572,0.6356501188594847,0.637663649123162,0.6423486022427678,0.6440428207535297
437,Mykelti Lefau,Richmond,0.6250547040253878,0.6285769250243902,0.63248385861516,0.630254752933979,0.6230852138251066,0.6278877034783363,0.6343911066651344,0.6296388059854507,0.6324027795344591,0.6263500861823559,0.6264248695224524,0.6316057294607162,0.6317006405442953,0.6354715377092361,0.6352616976946592,0.6334945149719715,0.635859526693821,0.625646872445941,0.6326859351247549,0.6304597649723291,0.6323323994874954,0.6301325019448996,0.6304733715951443,0.6299418155103922,0.632809916511178,0.6272172126919031,0.6272241584956646,0.6328806933015585,0.6305366270244122,0.6289388909935951,0.6342880856245756,0.6323107462376356,0.6288838312029839,0.6278499290347099,0.6331976875662804,0.6341083310544491,0.6258380841463804,0.6321788765490055,0.6270046662539244,0.6238227877765894,0.6261302661150694,0.6342528760433197,0.6306854598224163,0.6292466688901186,0.6257120277732611,0.6284792833030224,0.6283376291394234,0.6275103911757469,0.6327818166464567,0.6269600000232458,0.6300160811468959,0.0032503168422768755,0.6301936274394393,0.6251760985516012,0.6264092398043722,0.6332597244940699,0.6350832265336066
535,Patrick Retschko,Richmond,0.6279918402433395,0.6157467793673277,0.6301130447536707,0.6238890942186117,0.6482061985880136,0.6323547791689634,0.6369220726191998,0.6159400623291731,0.6419924236834049,0.6377420201897621,0.6268238294869661,0.6451894324272871,0.6161172837018967,0.6369312852621078,0.634074192494154,0.6404741127043962,0.6136526539921761,0.6197560653090477,0.6350692715495825,0.6381321921944618,0.6278746370226145,0.6288503520190716,0.6464394107460976,0.6188679579645395,0.6214902214705944,0.6340385619550943,0.6119466386735439,0.620474323630333,0.6145749893039465,0.6365677565336227,0.6244764439761639,0.647903710603714,0.6521986983716488,0.6179603654891253,0.6092404071241617,0.6235189642757177,0.6351396311074495,0.633765421807766,0.6237388513982296,0.6125452779233456,0.6264576483517885,0.6247928831726313,0.6369471102952957,0.6364503744989634,0.6381329894065857,0.6301130801439285,0.6540056876838207,0.639248289167881,0.614563362672925,0.637153884395957,0.629931931309402,0.011322916604031799,0.6301130624487996,0.6127722900174558,0.6160802444349974,0.6395044862870127,0.6481441885512322
242,Ben Miller,Richmond,0.6191032957285643,0.6207045614719391,0.6276436895132065,0.6230092663317919,0.6209184192121029,0.6298419013619423,0.6223950553685427,0.6315101683139801,0.6239083744585514,0.6257787030190229,0.6236760783940554,0.6250969171524048,0.6258894074708223,0.6249345112591982,0.628572216257453,0.6245257370173931,0.6228217892348766,0.622412983328104,0.625448489561677,0.6246715541929007,0.6290433835238218,0.6220553983002901,0.6247465666383505,0.6227735616266727,0.6255860812962055,0.6223199125379324,0.6240142658352852,0.6218407861888409,0.6267561838030815,0.6185981221497059,0.6275844294577837,0.6200241111218929,0.6245797798037529,0.622991681098938,0.6267360486090183,0.6180378701537848,0.6258789319545031,0.6300041638314724,0.6154069937765598,0.624203510582447,0.6223084088414907,0.6207490880042315,0.6238290369510651,0.6224292125552893,0.6270438637584448,0.6228061616420746,0.6252730712294579,0.6231762953102589,0.6284979600459337,0.6292054429650307,0.6242272688448429,0.0032778798423654795,0.6241088882088661,0.6187016827333719,0.6216480114907026,0.627596814809367,0.6297114273905754
246,Nathan Broad,Richmond,0.5966011136770248,0.5958159528672695,0.5978971254080534,0.6003891602158546,0.5967135168612003,0.6000415794551373,0.5963641945272684,0.6036182306706905,0.602110993117094,0.5977275259792805,0.5994600802659988,0.599414698779583,0.5986631941050291,0.6011097822338343,0.6009308751672506,0.5985427256673574,0.5982708688825369,0.5961202159523964,0.6035747434943914,0.5987143162637949,0.6016112007200718,0.598494129255414,0.5997398924082518,0.5962575972080231,0.5984154995530844,0.5999443605542183,0.5985771287232637,0.5971581470221281,0.5985331814736128,0.5986250210553408,0.6014414671808481,0.5991307515650988,0.5984653476625681,0.5981373079121113,0.5990885235369205,0.5973971206694841,0.6004287451505661,0.600668815895915,0.5940842013806105,0.5954877324402332,0.5974534004926682,0.6045669782906771,0.5971135962754488,0.597704641520977,0.597248025238514,0.5997592471539974,0.5982301514595747,0.5991373136639595,0.6024008449167013,0.5986554734408855,0.5989207347482443,0.0021623427738690403,0.5986010748893023,0.5958783267997205,0.5970299796778709,0.6009682667441666,0.603334094285965
240,Sam Grlj,Richmond,0.5869029890745878,0.5896688345819712,0.5908146873116493,0.5905363094061613,0.5854585561901331,0.5934695452451706,0.5907296538352966,0.5936470329761505,0.5939714051783085,0.5896940808743238,0.5896757654845715,0.5906543470919132,0.5901252441108227,0.5912939701229334,0.5942105688154697,0.5913101565092802,0.5923449657857418,0.588247025385499,0.5936179514974356,0.591438053175807,0.592956954613328,0.5900353994220495,0.5930833946913481,0.5872568637132645,0.593419011682272,0.5897253639996052,0.5906233601272106,0.5892754960805178,0.5900905039161444,0.5885428711771965,0.5921840835362673,0.5934334956109524,0.5889905635267496,0.5883758272975683,0.5891782063990831,0.5882262103259563,0.5902727842330933,0.592867711558938,0.588005555793643,0.5875272210687399,0.5896537117660046,0.5968225318938494,0.5890295635908842,0.5898670461028814,0.5890609323978424,0.5930478274822235,0.5909792929887772,0.5882314890623093,0.5929344110190868,0.590433994308114,0.5906388564407825,0.002266452007724412,0.5903533892706037,0.5873122869711369,0.5883489076979458,0.5931535386424511,0.5939049088768661
243,Kane McAuliffe,Richmond,0.5734218135476112,0.6090479753911495,0.5853358078747988,0.5432967338711023,0.5349892135709524,0.5878226086497307,0.5366686526685953,0.6221021339297295,0.6053575146943331,0.5692749284207821,0.5495256297290325,0.586854912340641,0.6050660032778978,0.5638728477060795,0.5793770588934422,0.5913860164582729,0.5461681187152863,0.5875144936144352,0.6025465689599514,0.605720853433013,0.6178347952663898,0.5934701915830374,0.5778649337589741,0.5862040165811777,0.623005012050271,0.5552631504833698,0.5641147810965776,0.5773831028491259,0.5777537077665329,0.6030896622687578,0.6028557829558849,0.5724817700684071,0.6070748344063759,0.5919360294938087,0.5769499819725752,0.601304080337286,0.576105235144496,0.5970754958689213,0.5809743069112301,0.5953641310334206,0.5877022799104452,0.5719610955566168,0.6095888093113899,0.5783338528126478,0.5470063537359238,0.5844114907085896,0.6218964513391256,0.5982428230345249,0.5795279145240784,0.5611662939190865,0.5840658450499177,0.022235239644289147,0.5857699122279882,0.5438853677641601,0.563307177964598,0.6054334524907171,0.6210638118442148
236,Steely Green,Richmond,0.5818311516195536,0.5810583997517824,0.5797973368316889,0.579315859824419,0.5745464917272329,0.5791871640831232,0.5804124195128679,0.5780300088226795,0.5851613748818636,0.5759308692067862,0.579711053520441,0.5805042237043381,0.5789763443171978,0.5780358090996742,0.5835710112005472,0.582354573532939,0.5815541818737984,0.5806967858225107,0.5837877411395311,0.5830792617052794,0.581338245421648,0.5830014571547508,0.5819185096770525,0.5769498441368341,0.5816327780485153,0.5810396894812584,0.5823906473815441,0.5810846537351608,0.5832521840929985,0.5781872272491455,0.5822036303579807,0.5862367283552885,0.5753746293485165,0.5797704178839922,0.5807635691016912,0.5791142620146275,0.5817457046359777,0.5807953383773565,0.5776682030409575,0.5771049801260233,0.5786143727600574,0.58568125218153,0.5803258661180735,0.579169150441885,0.5780657958239317,0.5825337879359722,0.5780640561133623,0.5760657582432032,0.5859341863542795,0.580318134278059,0.5804777424409986,0.002686083548340432,0.5806005047634244,0.5759585214592516,0.5780345968417824,0.5830177183058113,0.5855746773350984
439,Tom Brown,Richmond,0.5508046559989452,0.5456254556775093,0.5547383055090904,0.5522756054997444,0.551721228286624,0.5680410843342543,0.5555661544203758,0.560571813955903,0.5580944642424583,0.557457696646452,0.5553494207561016,0.555089546367526,0.550996957346797,0.558356262743473,0.5512696672230959,0.5550670772790909,0.5543532930314541,0.5508117098361254,0.564802872017026,0.5577478781342506,0.5598087310791016,0.5533488932996988,0.5535203609615564,0.5494827516376972,0.551804780960083,0.557145768776536,0.5505003072321415,0.5560909118503332,0.5572976805269718,0.5579577218741179,0.5613780692219734,0.5580753646790981,0.5547475777566433,0.5509571619331837,0.5566925089806318,0.5531424451619387,0.5596423763781786,0.5573460161685944,0.5480084046721458,0.5510416273027658,0.551121212542057,0.5555212739855051,0.5583014618605375,0.5547828860580921,0.5540545135736465,0.5555892381817102,0.5541690345853567,0.5485759731382132,0.559252867475152,0.5502475239336491,0.5549669319018722,0.00425471800904797,0.5549249816685915,0.5487618627306073,0.5509267624448985,0.5583129152450711,0.561212786892429
438,Dion Prestia,Richmond,0.5296453330665827,0.5294865928590298,0.5319601614028215,0.5307382699102163,0.5252441149204969,0.5287219360470772,0.5246965996921062,0.5257703773677349,0.5290307234972715,0.5271848365664482,0.5298891942948103,0.53010343760252,0.530353395268321,0.5313127003610134,0.5406575966626406,0.5311708841472864,0.5263518132269382,0.5201967973262072,0.5340614095330238,0.5335080586373806,0.5223953146487474,0.5289342608302832,0.5392447393387556,0.522473243996501,0.5270565245300531,0.5230056755244732,0.5275059323757887,0.530956320464611,0.5289563927799463,0.519993593916297,0.5291802063584328,0.532258490100503,0.5224042795598507,0.5239897817373276,0.5232167355716228,0.5272195283323526,0.5308278929442167,0.5257273074239492,0.5264960806816816,0.5257275868207216,0.5233398713171482,0.5256027244031429,0.5266654063016176,0.521629212424159,0.5244113244116306,0.5228668171912432,0.5280909575521946,0.5265068095177412,0.5358722992241383,0.5276998355984688,0.5278067875653505,0.004405209130594148,0.5273627303540707,0.5217862633801996,0.5231726240217686,0.5312005237359554,0.5355010668374598
237,Toby Nankervis,Richmond,0.5196879804134369,0.5172683019191027,0.5292201098054647,0.5287174470722675,0.5198156926780939,0.5437162648886442,0.5083032604306936,0.5232885461300611,0.5446911100298166,0.5247560422867537,0.5300200581550598,0.5305623859167099,0.5266389530152082,0.5219064801931381,0.5182933993637562,0.5387996844947338,0.5164028592407703,0.5296402387320995,0.524464825168252,0.5184199884533882,0.5451991278678179,0.5276467613875866,0.5223454758524895,0.5247438102960587,0.5122978296130896,0.516787214204669,0.5317204687744379,0.5342496149241924,0.5108709298074245,0.5170695539563894,0.5394968036562204,0.5446542147547007,0.5320462789386511,0.5359831862151623,0.5478186924010515,0.5290601905435324,0.5364448111504316,0.5331844091415405,0.5235070418566465,0.5531817711889744,0.5249305050820112,0.5258835852146149,0.5135576240718365,0.5372507460415363,0.5257367733865976,0.5566527433693409,0.531520327553153,0.5143005158752203,0.5215804018080235,0.5152797214686871,0.5279922951757908,0.011112898440370304,0.5262612691149116,0.5125560874771327,0.5170105449482798,0.5389453823994845,0.5472816816717386
238,Sam Banks,Richmond,0.508225578814745,0.5092548001557589,0.5070877503603697,0.5063086282461882,0.5036112777888775,0.5100562516599894,0.5088216457515955,0.5095716193318367,0.511202247813344,0.5067431721836329,0.5055867359042168,0.5090002082288265,0.5081152729690075,0.507997190579772,0.5113601889461279,0.5086831841617823,0.5110488403588533,0.5053926818072796,0.5122466254979372,0.5091667342931032,0.5098812617361546,0.5060681719332933,0.511054988950491,0.505376148968935,0.5108030457049608,0.5087154041975737,0.5110191609710455,0.5064103063195944,0.50541783683002,0.5069530308246613,0.5084849186241627,0.5085943732410669,0.5063363388180733,0.5045044030994177,0.5090328771620989,0.5066535100340843,0.5103639177978039,0.5075122602283955,0.503281332552433,0.506434878334403,0.5097245909273624,0.5107927862554789,0.5085975732654333,0.5047351028770208,0.5073805656284094,0.5090269949287176,0.5065437257289886,0.5082195177674294,0.5084382779896259,0.5103661119937897,0.5081240809708834,0.0021596924615523124,0.5084615983068943,0.5045516965538264,0.5059675518032163,0.5104552869144827,0.5111720597464591
233,Tom Lynch,Richmond,0.48807547986507416,0.49573666602373123,0.48920838721096516,0.4877934269607067,0.485864095389843,0.49044602550566196,0.48951256088912487,0.49140777066349983,0.48862338438630104,0.4892026111483574,0.4925768207758665,0.49188399501144886,0.49726288206875324,0.48068087361752987,0.495344752445817,0.4872305281460285,0.49831046909093857,0.489066693931818,0.5022948980331421,0.4802893716841936,0.4941907078027725,0.4964499715715647,0.4919448997825384,0.49360828287899494,0.4881724417209625,0.4846676029264927,0.5005015414208174,0.499101210385561,0.496292544528842,0.49728477373719215,0.49755216017365456,0.492545660585165,0.49566685408353806,0.49023836106061935,0.49521248415112495,0.4937590919435024,0.4897185657173395,0.48963467217981815,0.4866135101765394,0.4960312768816948,0.49796305038034916,0.5042518526315689,0.49374066665768623,0.4874670971184969,0.4876949917525053,0.49923338182270527,0.4892503507435322,0.4802349582314491,0.4943539444357157,0.5006562955677509,0.4922968979179859,0.005507490942238772,0.4922452801838517,0.48149815312586725,0.48764736177399753,0.4976380362268537,0.5006245709676296
436,Tyler Sonsie,Richmond,0.44899134524166584,0.44481874257326126,0.4489290826022625,0.4456435963511467,0.44784932769834995,0.4456751234829426,0.4457135144621134,0.45124244689941406,0.45144638046622276,0.4470163993537426,0.44586622156202793,0.4485438074916601,0.45049563236534595,0.44793144427239895,0.4477308541536331,0.4482817202806473,0.4500830564647913,0.44525035470724106,0.4506690390408039,0.455638250336051,0.4452608525753021,0.4459127187728882,0.4454783573746681,0.4441982191056013,0.45036277174949646,0.4454678129404783,0.44611590914428234,0.44821696914732456,0.4479021616280079,0.4484392460435629,0.45127980783581734,0.45031752437353134,0.4478966314345598,0.4470785688608885,0.4459075406193733,0.4467918463051319,0.4447613414376974,0.453233378008008,0.44650200940668583,0.444886876270175,0.44775180146098137,0.4517391361296177,0.4471227526664734,0.44913826510310173,0.44540807604789734,0.4442933276295662,0.44691383466124535,0.4447633605450392,0.45207893662154675,0.4488559328019619,0.44783784613013267,0.0025774297450768726,0.44774132780730724,0.44476175535470247,0.4453773063421249,0.45053187436051667,0.4520092775207013
547,Sam Cumming,Richmond,0.4521228149533272,0.444183100014925,0.44428085535764694,0.4466110970824957,0.4403270836919546,0.44683887809515,0.44119119085371494,0.448358865454793,0.44544558227062225,0.4416128471493721,0.4554156232625246,0.4376769121736288,0.44574972428381443,0.4433039929717779,0.4471826385706663,0.441008223220706,0.4461996089667082,0.44375405460596085,0.44303557835519314,0.45314162224531174,0.44855079241096973,0.4476509112864733,0.4515276551246643,0.43775943480432034,0.4438206758350134,0.45134446769952774,0.4457878824323416,0.4431189689785242,0.44249941408634186,0.43906660191714764,0.44574604369699955,0.4429348576813936,0.43926550075411797,0.4459344111382961,0.4492343310266733,0.4451159220188856,0.44271584786474705,0.44446106627583504,0.44273330084979534,0.44955822825431824,0.4476930294185877,0.44712826795876026,0.4421480931341648,0.43886860832571983,0.44768640771508217,0.44541288167238235,0.4407805819064379,0.44824235513806343,0.445081003010273,0.44975636526942253,0.4451812840253115,0.0039914570691801585,0.445264401845634,0.4389091970119625,0.4411529506184161,0.4486936519816518,0.4520008071884513
232,Sam Lalor,Richmond,0.4372844249010086,0.4326928909868002,0.4349742941558361,0.43296487629413605,0.4285121001303196,0.43779241666197777,0.43615962751209736,0.4308495055884123,0.4508409947156906,0.431876452639699,0.43405986204743385,0.43361610546708107,0.4345152899622917,0.4281871151179075,0.4398880582302809,0.4485262334346771,0.440617673099041,0.43927524238824844,0.44110870361328125,0.43581363558769226,0.4366275053471327,0.4363579172641039,0.44164310209453106,0.43408677354454994,0.44099388644099236,0.43125057220458984,0.44165661185979843,0.4409427847713232,0.4372113309800625,0.44362474605441093,0.4297580849379301,0.4456823468208313,0.426486162468791,0.43549676053225994,0.4316269587725401,0.43179183080792427,0.43451552279293537,0.44461765699088573,0.4340559970587492,0.42839605547487736,0.44274112582206726,0.4435808341950178,0.41973617672920227,0.4345738962292671,0.43867615051567554,0.43206162564456463,0.41947284899652004,0.43150076270103455,0.4417892713099718,0.42906913347542286,0.4357915987074375,0.006407385488263887,0.435235527344048,0.4268348577618599,0.4306213986724615,0.4416843376848847,0.44546408540569243
249,James Trezise,Richmond,0.3964313566684723,0.3978058882057667,0.3977267760783434,0.40000892616808414,0.39714401215314865,0.3975726794451475,0.3964547626674175,0.4021438416093588,0.4011330995708704,0.3977471590042114,0.3982985056936741,0.39789562299847603,0.4003233201801777,0.39983113296329975,0.39895144663751125,0.3981565721333027,0.398950532078743,0.39732631854712963,0.397127503529191,0.3984110914170742,0.3993267398327589,0.39847445487976074,0.401715774089098,0.3977721091359854,0.4012138098478317,0.39705043844878674,0.39671595208346844,0.3991850074380636,0.4005568139255047,0.39630050398409367,0.400027371942997,0.3981017880141735,0.3978327810764313,0.39857211150228977,0.3984873481094837,0.39806200563907623,0.3971736188977957,0.40280141681432724,0.39344784803688526,0.39724864810705185,0.39889530651271343,0.40051604621112347,0.40048807859420776,0.4012618213891983,0.3968827463686466,0.4007754735648632,0.3968590423464775,0.3972218632698059,0.4033891875296831,0.4015924036502838,0.39874778117984533,0.0019542519083026112,0.39835479855537415,0.39643615489825607,0.3971113969273865,0.4008502174001187,0.4020560877677053
250,Hugo Ralphsmith,Richmond,0.39054187573492527,0.39320240542292595,0.38417561538517475,0.38593498058617115,0.38369497284293175,0.3846907112747431,0.3885090406984091,0.3866498898714781,0.38732539862394333,0.384694404900074,0.3837668988853693,0.3907313048839569,0.3915528431534767,0.39130326732993126,0.39104640670120716,0.38990175165235996,0.38368532434105873,0.3825127836316824,0.39094185270369053,0.3811483383178711,0.38060770370066166,0.3820814862847328,0.38344936817884445,0.3826276361942291,0.38894790410995483,0.388888468965888,0.3870685528963804,0.3873886466026306,0.4009711239486933,0.39015544950962067,0.3860094267874956,0.38616530783474445,0.38255101069808006,0.382184237241745,0.3800389189273119,0.3817715682089329,0.3886857405304909,0.38545842841267586,0.3859277442097664,0.38440272957086563,0.38402465358376503,0.3895396664738655,0.38049097172915936,0.3844246417284012,0.3846060764044523,0.38875605911016464,0.3968243729323149,0.3916238211095333,0.38621661625802517,0.3917337190359831,0.3867926423624158,0.004305719625179291,0.38608736731112003,0.3807185337971896,0.38254302124120293,0.3909637044891715,0.3929013247136027
245,Jacob Hopper,Richmond,0.3782100323587656,0.380446370691061,0.37859823927283287,0.3826355095952749,0.37368153408169746,0.3787232358008623,0.37646584399044514,0.3831386361271143,0.3776559345424175,0.37536974623799324,0.37664213217794895,0.38543085381388664,0.37106334045529366,0.3803232293576002,0.38224805518984795,0.3767285533249378,0.37741910852491856,0.38403994403779507,0.3827314954251051,0.38749680668115616,0.37279385328292847,0.37421202659606934,0.38027103058993816,0.3791635315865278,0.38373990170657635,0.37633942998945713,0.3851925600320101,0.3793509565293789,0.37883443012833595,0.3764186669141054,0.37888092920184135,0.37887528724968433,0.38009716756641865,0.3785268049687147,0.38145354203879833,0.3787156417965889,0.38450638949871063,0.37927481532096863,0.37528898753225803,0.3727495167404413,0.3794691376388073,0.38160891458392143,0.3756675682961941,0.3817344196140766,0.3766016121953726,0.38259609043598175,0.3793091531842947,0.3789556547999382,0.3817650396376848,0.38541678339242935,0.37933716889470814,0.003615414681487115,0.379059593193233,0.3729758278466761,0.3761990108955652,0.38281658783182504,0.3853708176035434
247,Jonty Faull,Richmond,0.3115825355052948,0.3135900981724262,0.31508154794573784,0.31062429398298264,0.3138150982558727,0.31204989552497864,0.3106314167380333,0.31432391330599785,0.3146080691367388,0.3116720411926508,0.3146812003105879,0.31025864742696285,0.31265953555703163,0.31515228748321533,0.31793431751430035,0.31286032870411873,0.3105047959834337,0.3145774621516466,0.31045070104300976,0.31053983606398106,0.310431607067585,0.3202117085456848,0.3156502712517977,0.3176186680793762,0.31133728846907616,0.30721074901521206,0.3082545790821314,0.3130798153579235,0.312266793102026,0.3151954710483551,0.3104408700019121,0.3206919599324465,0.31182708591222763,0.3143932931125164,0.31440849229693413,0.3080933205783367,0.3069664742797613,0.3166169226169586,0.30805080756545067,0.3110743314027786,0.3113318867981434,0.3130276147276163,0.3053370416164398,0.3122085463255644,0.31526656448841095,0.31181349605321884,0.3100772462785244,0.30294843949377537,0.315493481233716,0.3106509782373905,0.31239147651940585,0.003445532715646616,0.3121292209252715,0.30701655060052874,0.3102207345869392,0.31521032957732675,0.3178696093801409
624,Kye Annand,Richmond,0.31032478250563145,0.3085567243397236,0.30998491682112217,0.3099088501185179,0.3077233098447323,0.310520151630044,0.31018138118088245,0.31181941740214825,0.3107168450951576,0.30864936485886574,0.3087053671479225,0.3087307531386614,0.31102151796221733,0.30947051383554935,0.3099828530102968,0.31133670546114445,0.3112180382013321,0.3079941663891077,0.31106397695839405,0.30926034413278103,0.3105762843042612,0.30853122659027576,0.31193212419748306,0.30792136676609516,0.3103576470166445,0.30813165567815304,0.30907360650599003,0.30995164439082146,0.30816187895834446,0.30931050702929497,0.3119922485202551,0.31159691885113716,0.3098681438714266,0.30840375646948814,0.30952070839703083,0.3094035629183054,0.30961940065026283,0.30990768410265446,0.3067575432360172,0.30934620648622513,0.3093514833599329,0.3108358718454838,0.30917888879776,0.309060363098979,0.30837289802730083,0.31067272275686264,0.3084673285484314,0.3098192997276783,0.31060297787189484,0.3095041811466217,0.30966800220310686,0.00119363635943069,0.30957005452364683,0.30793629068881273,0.3084540419839323,0.31087467188388107,0.31177380519919096
463,Luke Trainor,Richmond,0.3055601865053177,0.305998170748353,0.30653709173202515,0.30634352192282677,0.3037104271352291,0.3053745701909065,0.3058174569159746,0.3063134551048279,0.30830865539610386,0.30724111944437027,0.30606236681342125,0.30924359522759914,0.304628174751997,0.30789947882294655,0.3079125080257654,0.30448464304208755,0.306763568893075,0.30733250081539154,0.3060022611171007,0.3062902893871069,0.3074762523174286,0.3058591913431883,0.3057421538978815,0.3051279243081808,0.30818075500428677,0.30586857721209526,0.308490376919508,0.3061875235289335,0.3068316485732794,0.30547923035919666,0.30708511359989643,0.3092529308050871,0.30719216726720333,0.30648666247725487,0.3080292418599129,0.30601850897073746,0.30655119381845,0.30837180465459824,0.3044293746352196,0.3062531314790249,0.305366113781929,0.30945700220763683,0.3044017683714628,0.30709960497915745,0.30717308074235916,0.30518537759780884,0.30660912580788136,0.30555147118866444,0.30660050734877586,0.30790408328175545,0.3065617188066244,0.0013215566670800845,0.3064150922000408,0.3044407046586275,0.3053728028014302,0.3079369053971022,0.3090891854744405
628,Taj Hotton,Richmond,0.2978370524942875,0.30281295627355576,0.30097148194909096,0.3019482586532831,0.2973315045237541,0.30381009355187416,0.3028093632310629,0.3033558540046215,0.30259183049201965,0.30048534646630287,0.2973656300455332,0.3026082459837198,0.30130247958004475,0.3014728147536516,0.3006706181913614,0.30472056940197945,0.3026124220341444,0.30090845935046673,0.30263711884617805,0.29939291812479496,0.3023130130022764,0.29762755520641804,0.3029848039150238,0.301456930115819,0.30156216584146023,0.2990812100470066,0.3007255271077156,0.3055716045200825,0.2990073412656784,0.2990018595010042,0.3052162677049637,0.3013221137225628,0.2981404531747103,0.3007499370723963,0.3003757856786251,0.29850150272250175,0.30031793378293514,0.30359466932713985,0.29738991521298885,0.302297605201602,0.30219270288944244,0.30595292150974274,0.29925742372870445,0.30048059299588203,0.30269579589366913,0.3058594297617674,0.2973542455583811,0.3038320764899254,0.3005916867405176,0.3031902667135,0.3013258070871234,0.002332850111875337,0.3013895219191909,0.2973706085048616,0.2988972849342972,0.3034057664070278,0.30549876047298313
253,Maurice Rioli,Richmond,0.28057549335062504,0.2834153864532709,0.2850347813218832,0.2821939904242754,0.2811586521565914,0.28373393788933754,0.2829484511166811,0.28479281440377235,0.2856704778969288,0.2812435142695904,0.28056451864540577,0.28396481461822987,0.28230912424623966,0.2831778395920992,0.28356461226940155,0.28378102742135525,0.2828220594674349,0.28105594404041767,0.28573889285326004,0.28191134333610535,0.28310475312173367,0.2826179452240467,0.28330930322408676,0.28208425268530846,0.283893508836627,0.2811772134155035,0.2832492347806692,0.28152924962341785,0.28303004801273346,0.28066241182386875,0.2835436910390854,0.284530621021986,0.2824869994074106,0.2822866290807724,0.2827963624149561,0.28348109871149063,0.28377927653491497,0.2828739080578089,0.2811625972390175,0.28222280368208885,0.28279020451009274,0.28583012893795967,0.28184315748512745,0.28163702972233295,0.28316902182996273,0.28375881537795067,0.2818803992122412,0.282575998455286,0.284488957375288,0.28278795070946217,0.28288482494652273,0.0013176709495263815,0.2828479837626219,0.2807430859282613,0.2814695309344679,0.283908411744982,0.2855401600990444
255,Campbell Gray,Richmond,0.259846618399024,0.26159315928816795,0.2623533997684717,0.26247305423021317,0.2597943861037493,0.26252320408821106,0.2608649209141731,0.2631954178214073,0.261426892131567,0.26166272163391113,0.26126749999821186,0.2636016048491001,0.261061018332839,0.2627913821488619,0.261910630390048,0.26117565110325813,0.25972116366028786,0.2611321974545717,0.26191133074462414,0.2616040948778391,0.2633831910789013,0.26129857636988163,0.2604964040219784,0.26127591729164124,0.26148817501962185,0.2615003380924463,0.2635714150965214,0.26139925979077816,0.2621908001601696,0.26121681928634644,0.2611645758152008,0.26152687706053257,0.26228261925280094,0.2610766775906086,0.26187466084957123,0.2610986325889826,0.2638542726635933,0.2622479032725096,0.26049303263425827,0.2601362019777298,0.2612208742648363,0.26135362312197685,0.2605988681316376,0.2623727135360241,0.2617195826023817,0.26220526173710823,0.26213210448622704,0.26099987514317036,0.26208456605672836,0.2619876507669687,0.2616432363539934,0.0009462578989812037,0.26151360757648945,0.2599059830326587,0.26097166970930996,0.26239368474110963,0.26353282917290927
465,Jasper Alger,Richmond,0.24298067949712276,0.24227066710591316,0.2468476966023445,0.24569127336144447,0.24623911827802658,0.24380759336054325,0.24613169766962528,0.24574348330497742,0.24887815490365028,0.24226235412061214,0.24558255821466446,0.24683004431426525,0.244801701977849,0.24267039634287357,0.24307245202362537,0.24533164501190186,0.2442131470888853,0.2435757089406252,0.24532719515264034,0.2439977340400219,0.2473223563283682,0.2471621260046959,0.24441188760101795,0.2401989009231329,0.24440015107393265,0.24574214033782482,0.24358045123517513,0.24315202422440052,0.24229090102016926,0.24436903558671474,0.24408574029803276,0.24485446885228157,0.24403531104326248,0.24039197899401188,0.24581349082291126,0.24675611220300198,0.2430172711610794,0.2458979282528162,0.24001461453735828,0.24425376765429974,0.2426514085382223,0.2495890874415636,0.24465180188417435,0.24197636358439922,0.24630275927484035,0.24546835012733936,0.24467996694147587,0.2422375027090311,0.2454183828085661,0.24550682678818703,0.24452976819127797,0.002014274221751966,0.24453184474259615,0.24071677783504128,0.24257606246694924,0.24625241924636065,0.24728950911201536
491,Liam Fawcett,Richmond,0.20139874331653118,0.2045611646026373,0.2077333852648735,0.20447045005857944,0.20238356478512287,0.20138861425220966,0.20350812003016472,0.20491169951856136,0.20442563854157925,0.20459206961095333,0.20445452444255352,0.2095471639186144,0.20432444661855698,0.20530018769204617,0.20640277676284313,0.2067902386188507,0.2027269434183836,0.2025679498910904,0.20696944184601307,0.2048678658902645,0.20604134537279606,0.20397678390145302,0.20704183727502823,0.2048429250717163,0.20596291683614254,0.20776467211544514,0.20572352223098278,0.2058011181652546,0.20725533179938793,0.2044060155749321,0.20710713975131512,0.2055557668209076,0.20314379408955574,0.20551432482898235,0.2051041405647993,0.20534179732203484,0.2048774268478155,0.20325746200978756,0.20421603880822659,0.2036658301949501,0.20404060557484627,0.20817007310688496,0.20552623458206654,0.20533683709800243,0.20636526867747307,0.20628822408616543,0.204545171931386,0.20335287041962147,0.2053939700126648,0.2065806221216917,0.2051105011254549,0.0016938185784232634,0.20500792004168034,0.20242136373184622,0.20347567286156118,0.20682769209332763,0.20775825831107794
527,Oliver Hayes-Brown,Richmond,0.20408141240477562,0.20514183305203915,0.2031542155891657,0.20356825925409794,0.2034358400851488,0.20280880853533745,0.2032201960682869,0.20733899995684624,0.20445390790700912,0.20531921088695526,0.20229568146169186,0.20662363432347775,0.20481360517442226,0.20405529625713825,0.20522810332477093,0.20295644737780094,0.20579749904572964,0.20489805564284325,0.20386897400021553,0.20272043533623219,0.20429819449782372,0.20655680634081364,0.20373783819377422,0.2032538652420044,0.20749233849346638,0.20463566482067108,0.20442062802612782,0.206325463950634,0.20609391666948795,0.203091349452734,0.20502210408449173,0.20498543605208397,0.20379161462187767,0.20446657575666904,0.2028795499354601,0.20343234203755856,0.20420467853546143,0.20652484707534313,0.2034109476953745,0.2033369354903698,0.20493305288255215,0.20565803907811642,0.20362785086035728,0.20498832874000072,0.20479535683989525,0.20453053899109364,0.2042230423539877,0.2042935024946928,0.20480135641992092,0.20582588016986847,0.20450836922973395,0.0012366757112605808,0.20443726796656847,0.20282331052236258,0.20324682838469743,0.20580343070067467,0.2066099345870316
234,Rhyan Mansell,Richmond,0.19444416277110577,0.18959583155810833,0.19274519197642803,0.18796147219836712,0.18977410905063152,0.19406909868121147,0.1935991458594799,0.19389563612639904,0.1904029194265604,0.18598717637360096,0.18623987771570683,0.18797019124031067,0.19196130335330963,0.1878171470016241,0.1898956149816513,0.18868091516196728,0.19732245616614819,0.18913072906434536,0.1943552102893591,0.19054734520614147,0.1847683135420084,0.19167612493038177,0.18850095942616463,0.19225549511611462,0.18652771599590778,0.19302705116569996,0.19339085184037685,0.18794668465852737,0.1879737339913845,0.19131432287395,0.1888564396649599,0.1849783193320036,0.1919752899557352,0.19518527574837208,0.19010259956121445,0.19279604218900204,0.19348249770700932,0.19096398167312145,0.189096013084054,0.18622668646275997,0.19134633615612984,0.19377659633755684,0.18838004767894745,0.1861885692924261,0.19325250573456287,0.19080119021236897,0.1859957706183195,0.18777508847415447,0.19159980863332748,0.18749596923589706,0.1902810363098979,0.0029922319301751384,0.19025275949388742,0.18598893819376827,0.18729360430873931,0.19350687717087567,0.1944259275123477
494,Samson Ryan,Richmond,0.1761543806642294,0.17681257985532284,0.17676718719303608,0.17782222665846348,0.17474002577364445,0.1768101491034031,0.17625007219612598,0.17629129998385906,0.17730318382382393,0.17558494955301285,0.17551895417273045,0.17678624764084816,0.175401808694005,0.1766884382814169,0.1759384498000145,0.177203131839633,0.17704038321971893,0.1767381802201271,0.1774472426623106,0.17702994868159294,0.17725027911365032,0.17568082362413406,0.17716732434928417,0.17629252560436726,0.1753161158412695,0.1768148299306631,0.17721282504498959,0.1763614732772112,0.17589753679931164,0.1763371005654335,0.17671124450862408,0.17743018455803394,0.17625191994011402,0.17582586966454983,0.1770905889570713,0.1758050825446844,0.1768405381590128,0.1753892321139574,0.17492306232452393,0.17576375789940357,0.17633814923465252,0.17835386842489243,0.1768251657485962,0.17716100439429283,0.17446993477642536,0.17594527266919613,0.17811227217316628,0.1765327900648117,0.17640142515301704,0.1755122821778059,0.1764468663930893,0.0008341764463637231,0.17646710760891438,0.17500363829545676,0.17557115651853383,0.17720515771955253,0.17774535493925214
548,Tom Burton,Richmond,0.14588841423392296,0.14490745775401592,0.14576203748583794,0.14792254380881786,0.1462589018046856,0.14550522342324257,0.14482736960053444,0.14680146612226963,0.14645917899906635,0.14764507859945297,0.14750271663069725,0.14704717136919498,0.1475495733320713,0.14612772315740585,0.14751341752707958,0.14561712555587292,0.14624476619064808,0.1464883778244257,0.14563250169157982,0.14629646763205528,0.1482524238526821,0.14742456935346127,0.14739116840064526,0.14584385976195335,0.1476312316954136,0.14801041968166828,0.1465154718607664,0.14733103848993778,0.14592261612415314,0.1471795104444027,0.14714621379971504,0.14680408500134945,0.14728590101003647,0.14669934660196304,0.14789536222815514,0.14644763432443142,0.14781443029642105,0.14889959432184696,0.1446173693984747,0.14519132860004902,0.1470918096601963,0.14671468175947666,0.14668517000973225,0.14662140607833862,0.14693975076079369,0.14645474590361118,0.14824001491069794,0.14491192065179348,0.14811805821955204,0.1475040763616562,0.14675165444612503,0.0009963816898637303,0.14675807394087315,0.14490837264806034,0.145734964504838,0.1476804731041193,0.14821501378901303
254,Harry Armstrong,Richmond,0.10205870307981968,0.1024259477853775,0.102178655564785,0.10190535336732864,0.1015012301504612,0.10372261330485344,0.10154094360768795,0.10373792611062527,0.10325994901359081,0.10183106921613216,0.101905332878232,0.10258104465901852,0.10198132880032063,0.10195660591125488,0.10206722468137741,0.10164573416113853,0.10228403471410275,0.10192381031811237,0.10392258130013943,0.10191929340362549,0.10230730473995209,0.10269990563392639,0.1024581678211689,0.10251488909125328,0.10260580107569695,0.10183247737586498,0.10411005653440952,0.1022031418979168,0.10238485224545002,0.10157384537160397,0.10224470123648643,0.10214666835963726,0.10197210311889648,0.10238595865666866,0.10219965875148773,0.10217710770666599,0.10292520560324192,0.10300962254405022,0.10159344226121902,0.10314694233238697,0.10278206877410412,0.10343686491250992,0.10175675712525845,0.10174986347556114,0.10248821787536144,0.1029509287327528,0.10169165581464767,0.10183519311249256,0.10258158668875694,0.10197018645703793,0.102361691147089,0.0006445105119578371,0.10220140032470226,0.10157786273397505,0.10181553798913956,0.10296319573931396,0.10373478698544204
583,Noah Roberts-Thomson,Richmond,0.08744338154792786,0.08718538843095303,0.08706896379590034,0.08783439919352531,0.08649971336126328,0.08603360690176487,0.08667672239243984,0.08679323643445969,0.08774334564805031,0.08776945620775223,0.08801303058862686,0.0867636390030384,0.08645008131861687,0.08690888620913029,0.08827308379113674,0.08597156591713428,0.08771106600761414,0.08702941983938217,0.08646839670836926,0.08739436976611614,0.08791923709213734,0.08817685768008232,0.08734072558581829,0.08629718609154224,0.08875330351293087,0.08727206476032734,0.08770894259214401,0.08686560019850731,0.08683938719332218,0.08753236010670662,0.08687719143927097,0.08774801529943943,0.08741679042577744,0.08777531795203686,0.0873083770275116,0.08582407049834728,0.08674190007150173,0.08855760842561722,0.08636314980685711,0.08660306967794895,0.08714590221643448,0.08819076977670193,0.08620127849280834,0.08794343657791615,0.08789540454745293,0.0866338424384594,0.08824124932289124,0.08616502024233341,0.08666430041193962,0.08793170191347599,0.08721931628882885,0.0007262123159591119,0.08722872659564018,0.08606054663658141,0.086464568791911,0.08793415445834399,0.08826655772514641
661,Judson Clarke,Richmond,0.0872062686830759,0.08540007658302784,0.08590450696647167,0.08630154468119144,0.08567856438457966,0.08773172274231911,0.08626457303762436,0.0869536753743887,0.08563878200948238,0.08600461483001709,0.08590972982347012,0.08739328198134899,0.08631001226603985,0.0862167701125145,0.08673218823969364,0.08713974058628082,0.08701960742473602,0.08619096875190735,0.08714130148291588,0.08629644848406315,0.08711941353976727,0.08605657517910004,0.08645186759531498,0.08599246852099895,0.08660141564905643,0.0857491809874773,0.08809272386133671,0.08719833940267563,0.08682700619101524,0.08657957054674625,0.08755461499094963,0.08775437995791435,0.08623752929270267,0.08620934374630451,0.08683421276509762,0.08604201674461365,0.08698598854243755,0.08682466298341751,0.08585667610168457,0.08730105310678482,0.08674348145723343,0.087006950750947,0.08625555410981178,0.0865189004689455,0.08632166869938374,0.08669916726648808,0.08647599443793297,0.08631246723234653,0.08672167919576168,0.08578158356249332,0.08657081730663777,0.0006060012699848228,0.08649744745343924,0.08569304078817368,0.08597517613321543,0.08715322240814567,0.08769541565328837
644,Zane Peucker,Richmond,0.050194041803479195,0.05063696205615997,0.05037109740078449,0.051460372284054756,0.05130801163613796,0.05118640325963497,0.050805648788809776,0.050926221534609795,0.050621142610907555,0.05143287964165211,0.05144157260656357,0.050266923382878304,0.05115600861608982,0.050831859931349754,0.05112066678702831,0.05072330869734287,0.0508075226098299,0.05051570013165474,0.05037269368767738,0.05072832852602005,0.05098016932606697,0.05018928460776806,0.05108078755438328,0.050387097522616386,0.05016467720270157,0.050597768276929855,0.05068611539900303,0.050560684874653816,0.05062863230705261,0.050679564476013184,0.05103623494505882,0.050055550411343575,0.05069700442254543,0.05044450983405113,0.050633642822504044,0.05048740655183792,0.05090859904885292,0.05068871192634106,0.050579024478793144,0.0503946952521801,0.050458790734410286,0.04994896985590458,0.05119575187563896,0.050295356661081314,0.050483228638768196,0.05076266638934612,0.05102915316820145,0.050517698749899864,0.05074831657111645,0.050778912380337715,0.05070012744516134,0.00036094883184191695,0.050682839937508106,0.0501697217207402,0.050372360063716766,0.05108912231400609,0.05140728170052171
252,Josh Gibcus,Richmond,0.023957137018442154,0.02477010153234005,0.024551913142204285,0.024292530491948128,0.02357870154082775,0.024829501286149025,0.023427095264196396,0.024828890338540077,0.024579675868153572,0.02389080822467804,0.024274924769997597,0.024087820202112198,0.02409498207271099,0.02449490688741207,0.02419857680797577,0.024176817387342453,0.023715803399682045,0.023901939392089844,0.024442454800009727,0.023927781730890274,0.024199871346354485,0.024909572675824165,0.024315934628248215,0.024913836270570755,0.024648981168866158,0.02408025600016117,0.025035979226231575,0.02436709590256214,0.02412797324359417,0.023873167112469673,0.02413538657128811,0.02363218367099762,0.02447432652115822,0.024107366800308228,0.023886408656835556,0.023930374532938004,0.0246568713337183,0.024212216958403587,0.024244867265224457,0.02405167743563652,0.024284357205033302,0.023912338539958,0.02379506267607212,0.024631615728139877,0.02442483976483345,0.024385111406445503,0.024194590747356415,0.02394898235797882,0.02383367158472538,0.02451830916106701,0.02423511177301407,0.00037147433633395917,0.024199224077165127,0.023649325715377926,0.02388988871499896,0.02463524510525167,0.02489315804094076
209,Nasiah Wanganeen-Milera,St Kilda,16.04046530649066,16.188790621235967,16.283219991251826,16.013015611097217,16.176570504903793,16.36323275603354,16.339933328330517,16.101226922124624,16.29607928544283,16.20337237790227,16.323225961998105,16.170919109135866,16.19780976511538,16.221280807629228,16.30213174968958,16.104166278615594,16.40213057026267,16.37048878520727,16.192147800698876,16.2103751283139,16.2083487380296,16.448915680870414,16.104474876075983,16.16091394610703,16.085689848288894,16.19275559298694,16.119661830365658,16.12976387888193,15.983675001189113,16.161789806559682,16.27397044748068,16.065301140770316,16.260948644950986,16.135687343776226,16.233335986733437,16.204637037590146,16.22921720519662,16.183156371116638,16.09031543880701,16.303934847936034,16.270596316084266,16.34212271310389,16.248624922707677,16.05617224611342,16.164756380021572,16.15677258372307,16.16160129569471,16.292292162775993,16.210341902449727,16.29110816679895,16.205429300293325,0.10199236186639955,16.200591071508825,16.043685229113326,16.10355195310898,16.30250859722309,16.369001299226657
217,Max Hall,St Kilda,8.95633353292942,8.930358337238431,8.866978263482451,8.963277641683817,8.99925896897912,9.011072564870119,8.889640677720308,9.007798861712217,9.004156799986959,8.938530215993524,8.978034755215049,8.991655852645636,8.916370537132025,8.865274811163545,8.871770042926073,8.915990268811584,8.840150605887175,8.78432136029005,8.953353334218264,8.93997760862112,8.986403904855251,8.885455446317792,8.889448270201683,9.01470609381795,8.984284112229943,8.856684971600771,8.900726983323693,8.991457752883434,8.97966088168323,9.128489147871733,8.999517347663641,8.937191531062126,8.961886679753661,8.821507059037685,8.983035407960415,8.866148948669434,8.88731350377202,8.928083607926965,8.877451352775097,8.967052388936281,8.905182829126716,9.17679368890822,8.90537591278553,9.005776131525636,9.041640533134341,9.007884850725532,8.850254381075501,8.865349305793643,8.894099064171314,8.93025085888803,8.941068359799683,0.07365629337084349,8.937860873527825,8.842221879800782,8.866804936686531,9.004495240278542,9.036118973074482
205,Rowan Marshall,St Kilda,7.240143408998847,7.245157180353999,7.240265537053347,7.146291332319379,7.297493498772383,7.34076545201242,7.175299145281315,7.372850017622113,7.271456770598888,7.251263663172722,7.163325112313032,7.371989209204912,7.17242369428277,7.261411732062697,7.266915775835514,7.10902413725853,7.228133387863636,7.2711680587381124,7.177194511517882,7.132132839411497,7.093891566619277,7.183999974280596,7.216852193698287,7.177500132471323,7.173389080911875,7.249385954812169,7.274675643071532,7.265894051641226,7.1848278641700745,7.25953103043139,7.322675239294767,7.301530847325921,7.183819752186537,7.34978524595499,7.2126018442213535,7.145047115162015,7.139973407611251,7.341015852987766,7.202129539102316,7.217083223164082,7.221067810431123,7.306590095162392,7.4051041174679995,7.2437599413096905,7.28445440903306,7.232880199328065,7.318655556067824,7.227852685377002,7.183607345446944,7.252705553546548,7.238139834739268,0.0711747274038342,7.240204473026097,7.133740155892447,7.173187315106392,7.309111776491627,7.367437396738678
206,Hugo Garcia,St Kilda,5.9486720729619265,5.908780157566071,6.135830767452717,5.9031068831682205,5.961092669516802,6.025545774027705,5.782200615853071,6.086961016058922,5.934244472533464,6.021369570866227,5.87012517079711,5.968695126473904,5.990566911175847,5.953162735328078,5.961109381169081,6.011056946590543,5.855871863663197,5.943397091701627,5.931539593264461,6.057635400444269,5.891544856131077,5.992993712425232,5.920284438878298,6.026763686910272,6.000638108700514,6.050430662930012,5.960572617128491,5.967213185504079,6.1273257583379745,5.9971257746219635,5.855175379663706,5.857067033648491,5.988415788859129,5.939481014385819,5.979003479704261,6.191763240844011,5.903747085481882,6.015030954033136,6.0169343277812,5.905420683324337,5.987083679065108,5.806131826713681,6.056566160172224,5.967042967677116,5.854524625465274,5.9755560383200645,5.914203517138958,5.890866970643401,6.01049861125648,6.075851272791624,5.967524433583021,0.08232621637499056,5.967128076590598,5.854658030075952,5.891403178064152,6.031710084898397,6.119050986170769
203,Bradley Hill,St Kilda,4.331823479384184,4.204146657139063,4.197005329653621,4.375494947656989,4.2447171323001385,4.235705440863967,4.39720294252038,4.197242399677634,4.343230990692973,4.259737869724631,4.284187549725175,4.211184600368142,4.255262544378638,4.195562647655606,4.290245363488793,4.3467042576521635,4.440448304638267,4.371686153113842,4.22890973649919,4.258004982024431,4.217826209962368,4.460770858451724,4.263435563072562,4.282477129250765,4.350827613845468,4.293786263093352,4.273663725703955,4.339660545811057,4.286239398643374,4.343417959287763,4.218719528988004,4.320840556174517,4.317901963368058,4.244562653824687,4.293440056964755,4.3501456417143345,4.288015607744455,4.311198495328426,4.321721728891134,4.200944812968373,4.316049171611667,4.318830693140626,4.201408788561821,4.274738321080804,4.2808456011116505,4.2578771989792585,4.288962168619037,4.230551339685917,4.357134159654379,4.253246579319239,4.288554873280227,0.06290745707356415,4.285213474184275,4.198001394402236,4.218532825311646,4.3474235069211575,4.3927528035733845
200,Callum Wilkie,St Kilda,4.234029445797205,4.276038357988,4.0673596654087305,4.219637906178832,4.273811606690288,4.195316208526492,4.2090485244989395,4.171362787485123,4.224438397213817,4.1136853117495775,4.173604665324092,4.108904052525759,4.196740983054042,4.0117274057120085,4.305857200175524,4.328160967677832,3.965340470895171,4.016729187220335,4.28511063195765,4.201410187408328,4.253363141790032,4.159603327512741,4.239865958690643,4.10540272668004,4.267623586580157,4.180632738396525,4.210371181368828,4.380593257024884,4.073497924953699,4.113973261788487,4.106931317597628,4.2234982289373875,4.0953922662884,4.176287371665239,4.322129648178816,3.960560606792569,4.194503931328654,4.1548952460289,4.320696851238608,4.3687452375888824,4.279910273849964,3.9796690847724676,4.167168648913503,4.117466988041997,4.100936686620116,4.267349861562252,4.074719114229083,4.094045512378216,4.182661511003971,4.04225766658783,4.175861342437566,0.10317670272475181,4.181647124700248,3.9862410405650737,4.074463885670528,4.27684758840315,4.326924547180534
186,Jack Sinclair,St Kilda,3.205882178619504,3.333576999604702,3.3117378689348698,3.2613406162708998,3.3256197720766068,3.268016494810581,3.287793768569827,3.3673354126513004,3.242086561396718,3.334481732919812,3.2308388091623783,3.25505593046546,3.379851743578911,3.290766341611743,3.167662601917982,3.2529661506414413,3.3205861020833254,3.261753400787711,3.297730028629303,3.3582566902041435,3.3175368811935186,3.264114985242486,3.341387515887618,3.093561939895153,3.2372207175940275,3.38690859824419,3.0362866912037134,3.384837057441473,3.289078041911125,3.2627159599214792,3.2489689234644175,3.245957752689719,3.2509725894778967,3.228954626247287,3.1566019002348185,3.2245709616690874,3.3324560467153788,3.2410346418619156,3.3534370809793472,3.225229285657406,3.386960132047534,3.364038236439228,3.263330440968275,3.2079069204628468,3.222267108038068,3.206423258408904,3.362733654677868,3.3351211473345757,3.264571065083146,3.2984510585665703,3.275739488489926,0.07311722401957747,3.264343025162816,3.158869344079867,3.2240894562602045,3.3544443793073295,3.383815068099648
226,Liam Ryan,St Kilda,3.0587197095155716,3.0117816291749477,3.078038277104497,2.9749097358435392,2.934355741366744,2.893771765753627,2.912462279200554,3.0058726724237204,2.950800010934472,3.08412722684443,2.9800963886082172,3.0298277363181114,2.9616709016263485,2.9692595209926367,2.9354090616106987,3.0420378856360912,3.0071749947965145,3.000330137088895,3.007953766733408,3.0276230592280626,2.990582788363099,2.993561824783683,2.943944212049246,3.0537043288350105,2.9512546490877867,3.043970078229904,3.0569725185632706,3.0685345008969307,3.089589672163129,3.0281627252697945,3.014072969555855,3.002215389162302,3.0467974971979856,3.0152585338801146,2.949494479224086,2.900953721255064,2.982486817985773,3.005613576620817,3.0265659596771,2.9929949529469013,2.9814772251993418,3.037345202639699,2.978966396301985,3.004152661189437,3.0395049937069416,2.97309079952538,3.0065477713942528,3.0184557754546404,2.947212904691696,3.024505017325282,3.0006842488795518,0.04632397341012588,3.0057431245222688,2.916950438944623,2.9505271548070016,3.044561008794233,3.076090002981946
221,Jack Higgins,St Kilda,1.4494522120803595,1.4351624827831984,1.423251224681735,1.4736744351685047,1.465798743069172,1.4329169690608978,1.435899019241333,1.4719784557819366,1.4975150432437658,1.4991354048252106,1.4905817359685898,1.398036114871502,1.4180950820446014,1.4399491474032402,1.4900203365832567,1.4382168482989073,1.4653749223798513,1.4561379253864288,1.4455488324165344,1.3890298958867788,1.4239731319248676,1.4689897540956736,1.4768318068236113,1.458775231614709,1.4675824381411076,1.4789617341011763,1.4532011467963457,1.4500838182866573,1.4667651951313019,1.4694584105163813,1.4527106676250696,1.4770514722913504,1.44034393876791,1.4510686118155718,1.3830117601901293,1.469882320612669,1.4767381306737661,1.3989244978874922,1.503386501222849,1.4506986495107412,1.4024706985801458,1.4604116212576628,1.4199534375220537,1.5164081323891878,1.5247799213975668,1.5072364900261164,1.5202412363141775,1.4470489919185638,1.4244944415986538,1.4025355949997902,1.4551958923041821,0.03416562482941099,1.4546695360913873,1.39821823338978,1.4225619871653616,1.4901376690547914,1.514527945704758
190,Marcus Windhager,St Kilda,1.405054284259677,1.4096466209739447,1.437677726149559,1.384740725159645,1.439648188650608,1.3507181629538536,1.4077437389642,1.414926428347826,1.4155695959925652,1.3446532934904099,1.3717954494059086,1.345402279868722,1.4339826107025146,1.3909939620643854,1.3845392558723688,1.4182969089597464,1.4022413603961468,1.3512344490736723,1.4214919563382864,1.413384696468711,1.356035277247429,1.3851448632776737,1.418534180149436,1.3685534559190273,1.3779533803462982,1.3432753793895245,1.43625857681036,1.35693721473217,1.389536326751113,1.338088434189558,1.4086385630071163,1.4029864333570004,1.3649774808436632,1.367408525198698,1.322091156616807,1.4469237755984068,1.3987710569053888,1.3494428936392069,1.426835646852851,1.3630549870431423,1.330531720072031,1.3732155431061983,1.3241029363125563,1.4545980747789145,1.367474265396595,1.4080229885876179,1.342370705679059,1.4267734363675117,1.4297120943665504,1.3329668678343296,1.3870991586893797,0.03615664436293103,1.3873405950143933,1.3310309253633021,1.3452457417156547,1.4267864383589477,1.439244243837893
201,Mitch Owens,St Kilda,1.3250699490308762,1.3556517977267504,1.3450957648456097,1.287309056147933,1.3340003564953804,1.3328636791557074,1.3354896269738674,1.3396188896149397,1.2938613928854465,1.3204747959971428,1.3468921165913343,1.3362900875508785,1.3539975080639124,1.4251239243894815,1.3352333772927523,1.3035193290561438,1.3195830713957548,1.3276343680918217,1.3302089739590883,1.33868688903749,1.374167412519455,1.3317829333245754,1.3402004390954971,1.316316431388259,1.30024659819901,1.3402690291404724,1.2869376260787249,1.2795674204826355,1.3518965486437082,1.3565673176199198,1.3414343670010567,1.2718841340392828,1.328397961333394,1.3437934182584286,1.294269798323512,1.3882712479680777,1.2813251223415136,1.304117737337947,1.2793695647269487,1.3467195983976126,1.3320082779973745,1.33709461055696,1.3260309472680092,1.375406388193369,1.327632075175643,1.347605051472783,1.3512327540665865,1.308457762002945,1.274385767057538,1.301043039187789,1.3285007266700268,0.030438837890981625,1.332435978576541,1.2794101251568646,1.2941844415869563,1.351371487133205,1.3751523981802165
202,Jack Macrae,St Kilda,1.3749056365340948,1.3348749987781048,1.3565939515829086,1.2624517027288675,1.2604241911321878,1.2355311643332243,1.3703358490020037,1.2404176257550716,1.3835776150226593,1.2678139302879572,1.2635207045823336,1.2871766164898872,1.3103020023554564,1.286185735836625,1.2495541796088219,1.2894982174038887,1.3540531191974878,1.325006790459156,1.3380273450165987,1.2515558172017336,1.2621328588575125,1.3133593387901783,1.3656658548861742,1.3437861781567335,1.3055526539683342,1.2706471476703882,1.2687150035053492,1.2623496074229479,1.2432347405701876,1.2894787788391113,1.3353080563247204,1.385943615809083,1.272317435592413,1.3360286951065063,1.330854369327426,1.2741844709962606,1.2891654148697853,1.294923221692443,1.3510904721915722,1.2916951160877943,1.3038845993578434,1.273619232699275,1.3208976350724697,1.3169314563274384,1.2604564260691404,1.300281584262848,1.3262477982789278,1.358550200238824,1.273062165826559,1.2884524147957563,1.3030124747380614,0.04105494478160124,1.2933091688901186,1.2445302255731077,1.262304306972772,1.3517096654158085,1.3739688300900161
210,Cooper Sharman,St Kilda,1.2737759221345186,1.2235540859401226,1.1631540972739458,1.2618738878518343,1.2397047374397516,1.264093765988946,1.2666111681610346,1.2898020688444376,1.1603688914328814,1.2160797826945782,1.237135561183095,1.2668339721858501,1.2455685045570135,1.205820044502616,1.2138948328793049,1.193319572135806,1.2076233252882957,1.2162489704787731,1.267710940912366,1.2255978640168905,1.2256340272724628,1.2167306877672672,1.2222443353384733,1.2764426916837692,1.197940643876791,1.2148545030504465,1.2460155691951513,1.218779919669032,1.2085017506033182,1.2605421971529722,1.2427585013210773,1.2724550422281027,1.2130873333662748,1.2968822922557592,1.2250176817178726,1.2267973888665438,1.2037722934037447,1.266292305663228,1.2396739274263382,1.2169436439871788,1.2115465588867664,1.156194882467389,1.163864029571414,1.2043073810636997,1.2164301481097937,1.231007058173418,1.1993031818419695,1.2126399371773005,1.242121446877718,1.1864016558974981,1.2270791002362966,0.03288066040891759,1.222899210639298,1.1632996333949268,1.2028382490873337,1.2663589479252697,1.2758960039261729
222,Darcy Wilson,St Kilda,1.2596558351069689,1.2213002014905214,1.2435896284878254,1.2768124341964722,1.2156614232808352,1.2470806390047073,1.2536476347595453,1.210030920803547,1.1709411852061749,1.2307277228683233,1.2565026115626097,1.287906613200903,1.2215308118611574,1.20945661701262,1.1783381160348654,1.1816459763795137,1.209343122318387,1.2045758534222841,1.215272393077612,1.2240671291947365,1.247341811656952,1.205064844340086,1.2603249568492174,1.1775030810385942,1.2224074490368366,1.2096306215971708,1.2087544742971659,1.235879560932517,1.2010702192783356,1.2039389703422785,1.2308062706142664,1.2554513327777386,1.2946339454501867,1.1893023829907179,1.217988634482026,1.2264799550175667,1.2023107539862394,1.2276886478066444,1.1818856932222843,1.1954275593161583,1.2156581226736307,1.1990060061216354,1.2333782091736794,1.221636837348342,1.1810311060398817,1.1973593328148127,1.2201287169009447,1.2087277360260487,1.185263205319643,1.2460123430937529,1.2204035929962993,0.028594513499464864,1.2168250288814306,1.1788901789858937,1.1941473974641412,1.248659728685394,1.273432501340285
216,Sam Flanders,St Kilda,0.8885047677904367,0.9019900634884834,0.9126314483582973,0.9363866131752729,0.8835164718329906,0.9295541532337666,0.9069512709975243,0.8874156344681978,0.9072109460830688,0.8669992238283157,0.8643702901899815,0.8846690841019154,0.896216006949544,0.9369017574936152,0.8752084597945213,0.9392969310283661,0.9141199737787247,0.8629686739295721,0.9226478915661573,0.9311159588396549,0.9420194774866104,0.8750474117696285,0.9183036610484123,0.9103639218956232,0.9208035320043564,0.9317587669938803,0.9007532708346844,0.9396772626787424,0.9317470975220203,0.9075084868818521,0.9127515684813261,0.9415562208741903,0.8929331619292498,0.9557191040366888,0.9076770301908255,0.875986360013485,0.8534514121711254,0.8679011333733797,0.9170789327472448,0.8723656721413136,0.8590420242398977,0.9148234911262989,0.9178423546254635,0.9026779606938362,0.8972650896757841,0.9218870047479868,0.9324714560061693,0.8744991105049849,0.8714931402355433,0.9436570834368467,0.9051947564259172,0.026661318397345538,0.9075927585363388,0.863256005262956,0.8740532218869775,0.9332897238545119,0.9419245098810642
198,Mattaes Phillipou,St Kilda,0.861650450155139,0.8726557847112417,0.8470189869403839,0.8574379906058311,0.8600360192358494,0.8529868610203266,0.8785648513585329,0.8708435799926519,0.8716135267168283,0.8636031299829483,0.8611797392368317,0.863279465585947,0.8752703815698624,0.8698214385658503,0.8411554042249918,0.863720228895545,0.859145101159811,0.8596329316496849,0.8632229380309582,0.857867568731308,0.8530753720551729,0.8502609804272652,0.8671700190752745,0.859416238963604,0.8653057962656021,0.8636731393635273,0.8581882584840059,0.8679827451705933,0.861200287938118,0.8736147992312908,0.8471810892224312,0.8637989666312933,0.865818876773119,0.8611576352268457,0.8621367942541838,0.8649055175483227,0.8503530081361532,0.8549483753740788,0.8308813460171223,0.8568290770053864,0.8686903342604637,0.8631559517234564,0.8681495506316423,0.8405034188181162,0.8577105738222599,0.8578468151390553,0.8468916807323694,0.8527415320277214,0.8643403314054012,0.8494665343314409,0.8599620284885168,0.009399349833203171,0.8611900135874748,0.8423313409090042,0.8503337743449956,0.868262574410066,0.8734182012546807
195,Tom De Koning,St Kilda,0.8387564159929752,0.8257653899490833,0.8110823482275009,0.8222671654075384,0.8168666288256645,0.8260587770491838,0.8068435620516539,0.8409010283648968,0.8413246609270573,0.8302447125315666,0.827198488637805,0.8326601684093475,0.8186159860342741,0.8238103576004505,0.8306395281106234,0.8309871163219213,0.8217794578522444,0.8237945977598429,0.823076518252492,0.8031870238482952,0.8375317342579365,0.8251112569123507,0.8010145183652639,0.8220918755978346,0.8481876440346241,0.836315955966711,0.8105355855077505,0.8301592990756035,0.8294082842767239,0.8275665957480669,0.820513965561986,0.828248355537653,0.8216940760612488,0.8157048299908638,0.8091966118663549,0.8086781036108732,0.8238173611462116,0.808756560087204,0.8128508422523737,0.8118921723216772,0.8230472169816494,0.8453306816518307,0.8045553155243397,0.8242477774620056,0.8216102104634047,0.8296690564602613,0.8024931605905294,0.8329619579017162,0.824602734297514,0.8162753637880087,0.8229985807090998,0.01125908332363932,0.8238024776801467,0.8034675236418843,0.8102557400166989,0.8327232424132526,0.8412378162518144
223,Mason Wood,St Kilda,0.7429104819893837,0.7483300715684891,0.7512306105345488,0.7405219562351704,0.7430170439183712,0.7519171889871359,0.7525496762245893,0.7464487459510565,0.7443887591362,0.7443286310881376,0.7387133408337831,0.7457331195473671,0.7458025068044662,0.758619362488389,0.7344110980629921,0.7397711109369993,0.7383152134716511,0.7480894029140472,0.744143420830369,0.748257702216506,0.7489439249038696,0.7608983218669891,0.7450170144438744,0.7533696927130222,0.7373252660036087,0.7391170859336853,0.7635461296886206,0.7557421457022429,0.7419548481702805,0.7535415235906839,0.739092631265521,0.7425027992576361,0.7461177613586187,0.7441977299749851,0.750969035550952,0.7551101688295603,0.7460500374436378,0.7532000690698624,0.7400611396878958,0.7446414548903704,0.7496523261070251,0.7460528071969748,0.7476253528147936,0.7432059235870838,0.7460039258003235,0.7471227087080479,0.7441940456628799,0.7363463267683983,0.7624028734862804,0.742894921451807,0.7466879887133837,0.006613521276635711,0.7459032163023949,0.7375282052345574,0.7400005236789584,0.7532355204112827,0.7604311351943761
219,Jack Silvagni,St Kilda,0.7319584619253874,0.7336680758744478,0.736351678147912,0.7368895076215267,0.7302948497235775,0.7329997066408396,0.7316570784896612,0.7451742067933083,0.7347085196524858,0.7396481111645699,0.7449057716876268,0.7388031501322985,0.7433904707431793,0.7394536435604095,0.7321356888860464,0.736217426136136,0.730181897059083,0.7321591675281525,0.7344828583300114,0.7392397969961166,0.7466879598796368,0.729903943836689,0.7375797256827354,0.7398882396519184,0.7427053358405828,0.7295810282230377,0.7318075764924288,0.7419953849166632,0.7417020965367556,0.7412652038037777,0.7347733657807112,0.7365444898605347,0.7402293290942907,0.7401134427636862,0.7311765812337399,0.7394687253981829,0.7388566397130489,0.7474643476307392,0.7359454296529293,0.7414342053234577,0.7426247019320726,0.7436185292899609,0.7347261756658554,0.7393983509391546,0.7319137472659349,0.7462949231266975,0.7388439010828733,0.7339573632925749,0.7377645969390869,0.7339220494031906,0.7375301491469145,0.004871213558396013,0.7376721613109112,0.7302050523553043,0.7319491165615618,0.7426415544189513,0.7460651762783528
229,Anthony Caminiti,St Kilda,0.5399015229195356,0.5423157643526793,0.5372022390365601,0.537182217463851,0.5388429965823889,0.5388895459473133,0.5368886850774288,0.5411665849387646,0.5381783153861761,0.5383700337260962,0.5360566470772028,0.5380602944642305,0.5376716647297144,0.5400082003325224,0.535267548635602,0.53821175172925,0.5358309298753738,0.5395009703934193,0.536714119836688,0.5378280095756054,0.5420043971389532,0.5379820019006729,0.5394756812602282,0.5357505958527327,0.5360609330236912,0.5396766271442175,0.5326225683093071,0.5415601003915071,0.5375861637294292,0.5418579988181591,0.5386484935879707,0.5366231258958578,0.5422170553356409,0.5427212361246347,0.5375202875584364,0.5384728983044624,0.5353397615253925,0.5378631502389908,0.5386758781969547,0.5372446719557047,0.5417793784290552,0.5397799741476774,0.5366814099252224,0.5357984602451324,0.5358466748148203,0.5412869453430176,0.5363815352320671,0.5412284079939127,0.5356517396867275,0.5371155012398958,0.5383108339086174,0.0022677685122011243,0.5380211481824517,0.5354037170484662,0.5360127628743648,0.5412406422998756,0.5421734604053199
441,Liam Stocker,St Kilda,0.5343386493623257,0.5345072690397501,0.5345182605087757,0.5312988944351673,0.533878406509757,0.5334203969687223,0.5320450253784657,0.5398021433502436,0.5355581175535917,0.5378712099045515,0.5327332094311714,0.5336183812469244,0.5321397054940462,0.5365343317389488,0.5320963338017464,0.5347246378660202,0.5330249331891537,0.5322142150253057,0.5337626617401838,0.5363472029566765,0.5375318378210068,0.5363551285117865,0.5371793396770954,0.5328764766454697,0.5336303394287825,0.532078554853797,0.5349696390330791,0.5372365918010473,0.5334772039204836,0.5344939604401588,0.5343617219477892,0.5361658725887537,0.5398679804056883,0.533629709854722,0.5292621925473213,0.5321031492203474,0.5313627067953348,0.5360266659408808,0.533176327124238,0.5329058971256018,0.5315665155649185,0.5338734220713377,0.5323894117027521,0.5332550127059221,0.5325766559690237,0.5393128022551537,0.5347506273537874,0.5345424227416515,0.5340523049235344,0.53494693338871,0.534287827797234,0.002254962211511664,0.5338759142905474,0.5314044875930994,0.5321320652328432,0.5363925819862634,0.5390172758232802
569,Ryan Byrnes,St Kilda,0.4586103353649378,0.457937378436327,0.4558888152241707,0.4530370105057955,0.4541057161986828,0.4520753473043442,0.4525773450732231,0.457645570859313,0.4590357579290867,0.4578621704131365,0.4541944172233343,0.45460551232099533,0.4564639739692211,0.4525643978267908,0.4501462746411562,0.4557048864662647,0.4570965748280287,0.4553371500223875,0.4543108958750963,0.45296401157975197,0.454811567440629,0.4491775408387184,0.4571773149073124,0.4524893630295992,0.45423766784369946,0.45445964112877846,0.4527136832475662,0.4593163747340441,0.4543307274580002,0.4563452433794737,0.45264661870896816,0.45798172801733017,0.4558920320123434,0.45749333314597607,0.45631017722189426,0.4567417446523905,0.45443474501371384,0.4556267000734806,0.45355907641351223,0.4566470291465521,0.45131334848701954,0.45447828620672226,0.4566563256084919,0.45542321167886257,0.45505082979798317,0.45844004303216934,0.45665060728788376,0.45531532168388367,0.45679897628724575,0.4556280616670847,0.45520621724426746,0.0022663715543332,0.45538018085062504,0.4514695582445711,0.45269966675899925,0.4575251508280635,0.45857542543672025
220,Jack Carroll,St Kilda,0.43303466588258743,0.4479405004531145,0.4374705087393522,0.4373220484703779,0.43133299984037876,0.43552510254085064,0.4416633602231741,0.4428221993148327,0.4308341555297375,0.43208771757781506,0.43655333295464516,0.43177700228989124,0.43811104632914066,0.4329203013330698,0.43399987928569317,0.43741132505238056,0.44193303026258945,0.4266854338347912,0.4531076829880476,0.42456158995628357,0.43071973510086536,0.4442380852997303,0.42761427350342274,0.4316750317811966,0.43999639339745045,0.42816042341291904,0.43150297179818153,0.44237421452999115,0.44406819716095924,0.44118749909102917,0.4421337451785803,0.4301987122744322,0.43693526089191437,0.4430832676589489,0.43563810735940933,0.43167130649089813,0.44138332828879356,0.43756147660315037,0.4299072381108999,0.4351824689656496,0.44022029638290405,0.4400080405175686,0.4220610670745373,0.4436284713447094,0.4375125505030155,0.4361078068614006,0.4201926551759243,0.4378730598837137,0.4421603176742792,0.43257641792297363,0.43609332606196405,0.00654370150319952,0.43674429692327976,0.42499697795137764,0.4306108413301408,0.442205022117123,0.44420325823128226
560,Liam O'Connell,St Kilda,0.3855195064097643,0.3861041944473982,0.38106419146060944,0.3817154075950384,0.3837306369096041,0.382813123986125,0.381769560277462,0.3854045756161213,0.3853314723819494,0.3855143189430237,0.38316997699439526,0.38394721411168575,0.38133478350937366,0.38196736946702003,0.38069218397140503,0.3850423488765955,0.38365504518151283,0.38269782438874245,0.38307496905326843,0.3807072564959526,0.3871060945093632,0.38223137706518173,0.3836613576859236,0.3829122260212898,0.38274956308305264,0.3823549635708332,0.3834067564457655,0.38641076534986496,0.38417455740273,0.3844412602484226,0.383462518453598,0.38765609823167324,0.38482182659208775,0.3847348801791668,0.3827486950904131,0.38430552184581757,0.3828373122960329,0.3817458190023899,0.38535602390766144,0.3855568468570709,0.3827962279319763,0.38488003611564636,0.3860032893717289,0.3828412462025881,0.3824609722942114,0.3850247338414192,0.3841083850711584,0.3825458101928234,0.38181792199611664,0.3804019261151552,0.3836162194609642,0.0017259336752707282,0.38343463744968176,0.3807804281637073,0.3818078143969178,0.38542751197144387,0.38634791831485926
213,Hugh Boxshall,St Kilda,0.3504658807069063,0.35631174221634865,0.35784390196204185,0.3521926589310169,0.3506765514612198,0.3487465921789408,0.3532601557672024,0.35700950399041176,0.3520609475672245,0.3557755518704653,0.35246683843433857,0.355784110724926,0.35656001046299934,0.3531419076025486,0.3491573929786682,0.3570254687219858,0.35110447369515896,0.3539466932415962,0.35667409002780914,0.3540384601801634,0.3576209396123886,0.35749451257288456,0.35464837215840816,0.3543525021523237,0.3549113627523184,0.3516730945557356,0.35414652340114117,0.35508497059345245,0.3506820909678936,0.3522482179105282,0.3523976746946573,0.354676129296422,0.35371654108166695,0.35938929580152035,0.35386789217591286,0.3506488725543022,0.35276179760694504,0.3570621144026518,0.3534914404153824,0.35260727629065514,0.3545920103788376,0.353609174489975,0.3545869402587414,0.3488575052469969,0.3519692923873663,0.354681259021163,0.35162447579205036,0.35615683160722256,0.3570928145200014,0.3529431615024805,0.35387676037848,0.0025071171235766473,0.35390729270875454,0.34942563296295703,0.35151579535380006,0.3567441915459931,0.3575950220692903
461,Dan Butler,St Kilda,0.30159843154251575,0.2995291296392679,0.29690548591315746,0.3015290927141905,0.30120107531547546,0.3020325340330601,0.2998193670064211,0.2994362823665142,0.3014030195772648,0.3007059246301651,0.30120662599802017,0.3025599233806133,0.29942502453923225,0.3007974233478308,0.3050300367176533,0.3031350988894701,0.3042060621082783,0.299793379381299,0.30064530298113823,0.30092664435505867,0.303835216909647,0.29945386573672295,0.3014527130872011,0.30134129524230957,0.2995010521262884,0.30066822469234467,0.305510800331831,0.30399283953011036,0.3026163838803768,0.30067047849297523,0.29995813965797424,0.3018418624997139,0.3057029452174902,0.3018141947686672,0.30024484544992447,0.3012653663754463,0.3035273030400276,0.30197741463780403,0.300255985930562,0.30571362376213074,0.30038156174123287,0.3028667103499174,0.3014382775872946,0.30216944590210915,0.3019477538764477,0.3032121602445841,0.30418676882982254,0.30233747512102127,0.3020228482782841,0.30030079931020737,0.3016818843409419,0.0018313443079187332,0.30144549533724785,0.299439886957407,0.2999291361737996,0.30359165703877805,0.3054122437909245
609,Campbell Lake,St Kilda,0.29665728844702244,0.2935340739786625,0.29195524379611015,0.29150896333158016,0.29592814296483994,0.29233950562775135,0.2937284931540489,0.29645806550979614,0.2949201501905918,0.29555673711001873,0.29117513075470924,0.29448604583740234,0.2921464182436466,0.29268308728933334,0.2916255593299866,0.29415746219456196,0.2917632404714823,0.2925539091229439,0.29370746202766895,0.29344112426042557,0.29412781447172165,0.292863592505455,0.2965278085321188,0.2958706673234701,0.2934764977544546,0.2927282452583313,0.29358341358602047,0.2957428488880396,0.2957612480968237,0.29429961927235126,0.2931638788431883,0.2950814440846443,0.29268875159323215,0.2957426365464926,0.2936569135636091,0.2916858643293381,0.29439037293195724,0.2917959615588188,0.29447147250175476,0.2936012987047434,0.29351250268518925,0.29645439237356186,0.29501457139849663,0.2944595944136381,0.29182735830545425,0.29534704238176346,0.2934309132397175,0.29407284781336784,0.29469018429517746,0.2903800196945667,0.29381551761180164,0.001586242943311116,0.29368218779563904,0.29153286551125346,0.29192851572856304,0.2957426809258759,0.29645731251686813
559,Liam Henry,St Kilda,0.26853456534445286,0.2688019219785929,0.2665603831410408,0.25775725953280926,0.27070044353604317,0.26500640995800495,0.25783488899469376,0.2695328500121832,0.26705036498606205,0.2580585703253746,0.2629172094166279,0.26439511589705944,0.26239284314215183,0.27271450124680996,0.2651718929409981,0.26685277186334133,0.2614070065319538,0.2637625224888325,0.26347547210752964,0.26052868738770485,0.27199223078787327,0.2690290231257677,0.2660531122237444,0.25968849286437035,0.27029007486999035,0.26800455525517464,0.2609035447239876,0.27771006897091866,0.2667398229241371,0.2688527572900057,0.26796578243374825,0.2675499003380537,0.2683427296578884,0.26486500911414623,0.2675542589277029,0.26731320284307003,0.2793981824070215,0.26599125377833843,0.26570814847946167,0.26197588071227074,0.2609940506517887,0.26834644190967083,0.2658242676407099,0.2575156148523092,0.26955097168684006,0.281202033162117,0.2597376871854067,0.26015435717999935,0.26493677124381065,0.26125330850481987,0.26597798433154823,0.005187013248277746,0.2660221830010414,0.2578807436674833,0.2608251995407045,0.2695366374421865,0.2766859775874764
228,Alix Tauru,St Kilda,0.2656177207827568,0.26348563097417355,0.2663636449724436,0.2633349895477295,0.26270716078579426,0.265716515481472,0.2622930556535721,0.2685708664357662,0.26527181826531887,0.2658836282789707,0.26669345796108246,0.2680800277739763,0.26552129723131657,0.2645213454961777,0.2614374738186598,0.26578632183372974,0.26268973015248775,0.2672308310866356,0.26552557945251465,0.26670574210584164,0.27082761377096176,0.26509704999625683,0.26494201086461544,0.26532198674976826,0.2622101530432701,0.26623814180493355,0.2608138397336006,0.2660170029848814,0.2627000864595175,0.26431418396532536,0.266383683308959,0.2614919785410166,0.2689107358455658,0.26715279184281826,0.26178182661533356,0.26395829394459724,0.2636215575039387,0.26524921506643295,0.2633643578737974,0.26518249325454235,0.26430348865687847,0.2649174705147743,0.2631163392215967,0.2643194478005171,0.2656912747770548,0.2684989459812641,0.26165525801479816,0.2664888259023428,0.26627860590815544,0.2654417511075735,0.26499454498291014,0.0021385922872914865,0.2652605166658759,0.2615254508331418,0.2626979219913483,0.2666960253473371,0.2685561227425933
639,Tobie Travaglia,St Kilda,0.22844728827476501,0.2255919650197029,0.22365380078554153,0.22424166277050972,0.225821103900671,0.2240976933389902,0.22555706463754177,0.22645842656493187,0.22825842164456844,0.2265007644891739,0.2241771500557661,0.22704355791211128,0.22414621151983738,0.22268969751894474,0.2243696041405201,0.22614500485360622,0.22493934258818626,0.22404655441641808,0.22750609181821346,0.2244611568748951,0.22689682245254517,0.22355508245527744,0.22721918486058712,0.22614181973040104,0.22772357799112797,0.2253799308091402,0.22662497870624065,0.22861275635659695,0.2258526124060154,0.22448313236236572,0.22606197744607925,0.22918204218149185,0.22526437602937222,0.22713530249893665,0.22428901493549347,0.22491133585572243,0.22425776347517967,0.22521786577999592,0.22638442181050777,0.22526264935731888,0.2257105726748705,0.2273856122046709,0.22785833477973938,0.2265345063060522,0.22464838437736034,0.22645868174731731,0.22592822276055813,0.22666930221021175,0.2254894319921732,0.22331642732024193,0.22577217373996972,0.0014977361145372284,0.22576583828777075,0.22357531971298159,0.2242281796131283,0.22725396817550064,0.2284085706155747
528,Hunter Clark,St Kilda,0.22056184709072113,0.21922073140740395,0.21653536148369312,0.21945338882505894,0.21926677227020264,0.21738064102828503,0.22049108520150185,0.21920721232891083,0.21809673681855202,0.2186914887279272,0.21999064832925797,0.21980718709528446,0.21599780395627022,0.21966551430523396,0.21865355782210827,0.21835870295763016,0.21800567209720612,0.21983877755701542,0.2192059177905321,0.2186168823391199,0.21789175271987915,0.21790047734975815,0.21855531819164753,0.21854004077613354,0.21829554811120033,0.21671747229993343,0.21918108873069286,0.21600149013102055,0.2188490405678749,0.2194422036409378,0.21907812170684338,0.21957640536129475,0.2176888007670641,0.21760022640228271,0.21818900667130947,0.21949504502117634,0.2160581573843956,0.21772567741572857,0.2181850429624319,0.21964522823691368,0.22154265455901623,0.21898451074957848,0.2182708028703928,0.22002097964286804,0.21639358438551426,0.21744054555892944,0.21792707964777946,0.21729842945933342,0.21633397787809372,0.21650850400328636,0.21844766285270453,0.0012903622508319177,0.21854767948389053,0.21611470058560373,0.21717700941301882,0.2196494680251926,0.22039471356198193
608,Angus Hastie,St Kilda,0.1983469109982252,0.19638534262776375,0.19755009561777115,0.19577227719128132,0.19728517159819603,0.19691354408860207,0.19681083224713802,0.19776874966919422,0.19772890582680702,0.1978797111660242,0.1948781032115221,0.1967217270284891,0.19602671451866627,0.19445591792464256,0.1951593030244112,0.197392538189888,0.19521751999855042,0.19619249179959297,0.19763246178627014,0.1972251459956169,0.19894318655133247,0.19484230317175388,0.19821579195559025,0.19857248663902283,0.19598336517810822,0.1970629971474409,0.19564958475530148,0.19698778726160526,0.1987647321075201,0.19695444963872433,0.19615359418094158,0.19896136969327927,0.1958202663809061,0.19959234818816185,0.1970105692744255,0.19741144590079784,0.19807535037398338,0.19739507138729095,0.19667172990739346,0.19720817357301712,0.19666771031916142,0.19858057238161564,0.1977035365998745,0.19547061622142792,0.19744045473635197,0.19879071600735188,0.19700944982469082,0.19792117178440094,0.19720294512808323,0.19504931941628456,0.19702913120388985,0.0012122566186905197,0.19713297113776207,0.19491320253349842,0.19574663447216153,0.19824319583550096,0.19891193008981645
460,Dougal Howard,St Kilda,0.19542884826660156,0.19869833812117577,0.19538583979010582,0.19555961899459362,0.19577639736235142,0.197067528963089,0.1928906086832285,0.19517620466649532,0.19599906541407108,0.1970774233341217,0.19467060081660748,0.1964984443038702,0.195218151435256,0.19453489780426025,0.19108780473470688,0.1955181397497654,0.19578484259545803,0.195155194029212,0.19741882756352425,0.19202417507767677,0.19719218276441097,0.19701229594647884,0.1976427547633648,0.19451742246747017,0.19671344757080078,0.1948833167552948,0.19540124014019966,0.1974667850881815,0.19605467468500137,0.1951874326914549,0.1935398280620575,0.19536095671355724,0.19434790685772896,0.19505145587027073,0.19448771327733994,0.1980009526014328,0.19412036426365376,0.19674872420728207,0.19489920511841774,0.19547829777002335,0.1963776033371687,0.19722341187298298,0.1967373639345169,0.19665725715458393,0.19804521836340427,0.19726860709488392,0.19660311192274094,0.1952179167419672,0.19341116212308407,0.19499446637928486,0.1956722805649042,0.001528955779285493,0.19549821875989437,0.19299732213839887,0.19451121324673296,0.19719870964810252,0.19792752204462885
584,Charlie Banfield,St Kilda,0.08300463110208511,0.08451589569449425,0.08290893025696278,0.08382159471511841,0.08289764449000359,0.08295699581503868,0.08241988904774189,0.0836514588445425,0.08252547308802605,0.0838369894772768,0.08423458784818649,0.08257478103041649,0.08333583921194077,0.0832013413310051,0.08245602995157242,0.08215055428445339,0.08304508589208126,0.08318156562745571,0.08291157521307468,0.08224477805197239,0.0841570608317852,0.08345177955925465,0.08386362716555595,0.08195407502353191,0.0829353779554367,0.08380932733416557,0.08311036415398121,0.0844567883759737,0.08197281323373318,0.08415727317333221,0.08260049670934677,0.08389973640441895,0.08296381309628487,0.08267174661159515,0.08204180747270584,0.08335356041789055,0.08271543681621552,0.08264666050672531,0.08391029573976994,0.08372538909316063,0.08267972618341446,0.08273992873728275,0.0836359616369009,0.08283574506640434,0.08308429457247257,0.08335959166288376,0.08302105963230133,0.08238737285137177,0.08193583600223064,0.08388765715062618,0.08311680488288403,0.0006817434517579071,0.08301284536719322,0.08198695705272258,0.08244847650267184,0.08386864943243563,0.08421873833984136
405,Isaac Keeler,St Kilda,0.05837128311395645,0.05816596373915672,0.05691482312977314,0.05661237984895706,0.05685083195567131,0.05767818167805672,0.05713525414466858,0.057452717795968056,0.056542957201600075,0.058209868147969246,0.05771803855895996,0.057376885786652565,0.0572007168084383,0.05736687406897545,0.05655799061059952,0.05755299888551235,0.058401595801115036,0.0577860064804554,0.05782613344490528,0.057088712230324745,0.058076197281479836,0.05723420903086662,0.05796429142355919,0.05768187530338764,0.05696209520101547,0.05757395178079605,0.05605270154774189,0.05841750279068947,0.05733472853899002,0.05745743773877621,0.05749123729765415,0.057079020887613297,0.05750109627842903,0.056935472413897514,0.05740753747522831,0.0581884179264307,0.05765814892947674,0.056555526331067085,0.05763985402882099,0.05771598592400551,0.0577387735247612,0.05785362422466278,0.05795913003385067,0.057078275829553604,0.057512786239385605,0.05701002478599548,0.05716409347951412,0.056784242391586304,0.05783189460635185,0.057138824835419655,0.05743618343025446,0.0005329567658685743,0.05747433751821518,0.056556031508371234,0.05693115671351552,0.05796020876429975,0.058338193045929077
652,Max King,St Kilda,0.038264792412519455,0.038086678832769394,0.03809134289622307,0.03803103417158127,0.03806949406862259,0.0380847305059433,0.03817904368042946,0.038109876215457916,0.038168180733919144,0.03807961195707321,0.03806498274207115,0.03793533891439438,0.03818996995687485,0.03823578357696533,0.03828414902091026,0.03815988823771477,0.038285914808511734,0.03794185072183609,0.038191113620996475,0.037985362112522125,0.03791666775941849,0.038273610174655914,0.038540057837963104,0.03809076547622681,0.038323547691106796,0.037911493331193924,0.03825243562459946,0.03828570246696472,0.03822728991508484,0.03795110806822777,0.03817252814769745,0.03822983428835869,0.03820236772298813,0.03801613673567772,0.038157958537340164,0.038008756935596466,0.03803306818008423,0.03830485790967941,0.03815566375851631,0.03812548518180847,0.03804465010762215,0.03803583234548569,0.03824692592024803,0.03843299299478531,0.03832858055830002,0.038005977869033813,0.038168951869010925,0.03826221451163292,0.03839707747101784,0.03824398294091225,0.03815571323037147,0.0001388231885586256,0.038164034485816956,0.03793667383491993,0.03801459435746074,0.03828447369113565,0.03838303560391068
2,Isaac Heeney,Sydney,18.36904765665531,18.322834730148315,18.433904070407152,18.403165951371193,18.30340361967683,18.29948304593563,18.32180592417717,18.486784856766462,18.275622092187405,18.516190014779568,18.368709482252598,18.01758186519146,18.355964045971632,18.346996285021305,18.25808124989271,18.47290282137692,18.077511738985777,18.430886827409267,18.207068484276533,18.414550807327032,18.27123855240643,18.56507191993296,18.420599844306707,18.40676512569189,18.125985085964203,18.476775143295527,18.38022943586111,18.153776217252016,18.308629881590605,18.363703733310103,18.237117562443018,18.34391532279551,18.380048383027315,18.40444838628173,18.453792668879032,18.417409278452396,18.355745151638985,18.351859591901302,18.412608679383993,18.43573771044612,18.164585158228874,18.127158511430025,18.366871666163206,18.423707496374846,18.256118273362517,18.320675875991583,18.28623998723924,18.349134780466557,18.36356082186103,18.133079413324594,18.334781704582273,0.11595631212636277,18.35585459880531,18.126225638184696,18.230837305106224,18.431517431195825,18.48473286550492
1,Errol Gulden,Sydney,14.909256875514984,14.755068888887763,15.016775220632553,14.91468284651637,14.880518959835172,14.840141339227557,14.946036653593183,14.894209763035178,14.850349314510822,14.971544312313199,14.94695957005024,14.838376892730594,14.926682265475392,14.891615308821201,14.869078107178211,14.864805903285742,14.999820353463292,15.001572519540787,15.060252478346229,14.88363048993051,14.754947995766997,15.051194939762354,14.98313483223319,14.983665710315108,15.028632817789912,14.951795071363449,14.878018805757165,14.927588360384107,14.953803461045027,14.921161655336618,14.99456681869924,15.071100171655416,14.881854984909296,14.852855054661632,14.95743165165186,15.016972014680505,14.847385743632913,14.92740784958005,15.0197081733495,14.868999691680074,14.885527087375522,14.979198601096869,14.819366091862321,14.876319106668234,14.749728372320533,14.861853789538145,14.98687045276165,15.000445516780019,15.04681102745235,15.005417726933956,14.92690283279866,0.08001728953965831,14.927045057527721,14.768249815497548,14.852331354970113,15.007791443116963,15.050296237738802
3,Brodie Grundy,Sydney,10.896992735564709,11.009211666882038,10.826797464862466,10.915339175611734,10.908255646005273,11.02206870727241,10.818789491429925,10.79596540890634,10.757217846810818,10.807392364367843,10.983685137704015,11.077369395643473,11.079343454912305,11.045522781088948,10.9653037507087,10.899525351822376,10.961479106917977,10.713520377874374,10.935326028615236,11.087438149377704,10.957336086779833,10.922087529674172,11.075571227818727,10.838774481788278,11.204825419932604,10.811728700995445,10.951030058786273,11.169055996462703,10.972548181191087,10.704843452200294,11.079360984265804,10.99720980413258,11.139723092317581,10.984625676646829,10.929843915626407,10.773349041119218,11.179624969139695,10.995297010987997,10.943928584456444,10.935827508568764,10.949643345549703,10.82494468986988,10.964225485920906,11.246242078021169,11.122725177556276,11.01194966584444,10.905019091442227,11.149499703198671,11.063391236588359,11.024027513340116,10.966696075052022,0.12754633640010238,10.962852296419442,10.76052474164404,10.82365825339593,11.081049111774192,11.177458329740912
6,Chad Warner,Sydney,8.610738845542073,8.765024926513433,8.533220633864403,8.837095685303211,8.798418896272779,8.588475728407502,8.720870103687048,8.612667134031653,8.879345048218966,8.54914976656437,8.507509162649512,8.928658494725823,8.589940121397376,8.683991422876716,8.624540755525231,8.749948376789689,8.634185118600726,8.835894510149956,8.531187074258924,8.437547082081437,8.687961021438241,8.460958616808057,8.611349506303668,8.635332632809877,8.462063316255808,8.726937733590603,8.710704309865832,8.40159511193633,8.591672383248806,8.57275977358222,8.522343806922436,8.385466042906046,8.566307267174125,8.635174559429288,8.716258535161614,8.550165001302958,8.771621037274599,8.752971183508635,8.402116680517793,8.618401760235429,8.739922530949116,8.639679197221994,8.971125774085522,8.40027591213584,8.73066239990294,8.68609780818224,8.576256746426225,8.545944068580866,8.444559900090098,8.52911552414298,8.62928418058902,0.13920480997374532,8.615534447133541,8.40170203349553,8.498010980753229,8.755490415796638,8.870683928821236
8,Charlie Curnow,Sydney,7.678159276023507,7.641846360638738,7.56171596236527,7.5714743211865425,7.611504726111889,7.5485536232590675,7.619885535910726,7.6839597299695015,7.633514814078808,7.64167345687747,7.540773021057248,7.56334069930017,7.429322116076946,7.484698481857777,7.708053309470415,7.583302108570933,7.576570035889745,7.740547982975841,7.750935528427362,7.590835135430098,7.702022032812238,7.64241062104702,7.430354477837682,7.620203884318471,7.572115585207939,7.590705551207066,7.527784368023276,7.68763337098062,7.608657406643033,7.6546437088400126,7.588402975350618,7.516671990975738,7.452836364507675,7.645395969972014,7.409177599474788,7.712970087304711,7.540443113073707,7.589077951386571,7.715355413034558,7.533870989456773,7.542799798771739,7.621759619563818,7.539891220629215,7.596299575641751,7.701789325103164,7.590603994205594,7.547898622229695,7.415262382477522,7.596569152548909,7.692842582240701,7.594942319206893,0.08417321205972851,7.590770343318582,7.429533750237897,7.532598885577172,7.6887220961339775,7.71486642125994
13,Nick Blakey,Sydney,5.725116023793817,5.672761248424649,5.701307367533445,5.788540232926607,5.7349916361272335,5.67594994045794,5.707225004211068,5.759519157931209,5.644182950258255,5.6906536016613245,5.720173886045814,5.6887868251651525,5.725368946790695,5.6823401004076,5.881521945819259,5.72968827560544,5.664290003478527,5.692093787714839,5.577716872096062,5.691225070506334,5.799762602895498,5.678958036005497,5.722742058336735,5.784826919436455,5.763590954244137,5.820227837190032,5.760541712865233,5.682486684992909,5.587292654439807,5.67979059740901,5.664539756253362,5.771472914144397,5.792249485850334,5.636201571673155,5.63704782538116,5.7566933780908585,5.673116402700543,5.729488989338279,5.671879591420293,5.8001500852406025,5.843042518943548,5.652689700946212,5.797295771539211,5.673672538250685,5.738674256950617,5.77781737037003,5.69850380718708,5.639130789786577,5.6389080714434385,5.79928681999445,5.716510691605508,0.06480832055013733,5.704266185872257,5.636375053683296,5.6618655402492735,5.7893154667876665,5.816111898040399
0,Justin McInerney,Sydney,4.557438109070063,4.679278094321489,4.553652226924896,4.599188756197691,4.596248095855117,4.526723112910986,4.535006955265999,4.580923359841108,4.607048463076353,4.695171691477299,4.594064015895128,4.645879944786429,4.562577459961176,4.5088680405169725,4.607302233576775,4.539395961910486,4.580629242584109,4.5005688313394785,4.670293267816305,4.573562912642956,4.618850668892264,4.529152972623706,4.439586978405714,4.640935780480504,4.534042585641146,4.731795739382505,4.539217388257384,4.612341318279505,4.501038646325469,4.484635869041085,4.511785274371505,4.474524900317192,4.505972163751721,4.552334384992719,4.690665006637573,4.513178816065192,4.644397718831897,4.570996692404151,4.516314240172505,4.541336100548506,4.635140320286155,4.575919633731246,4.538272647187114,4.640566680580378,4.521578680723906,4.54707302339375,4.5855120327323675,4.602778946980834,4.49545475281775,4.542261820286512,4.571029651202261,0.06302627348643966,4.560007784515619,4.4868537402153015,4.511175572495907,4.640643822459504,4.688330689612776
11,Joel Amartey,Sydney,2.3871669713407755,2.3668051417917013,2.392622485756874,2.380059752613306,2.4541772846132517,2.399577345699072,2.3951495811343193,2.376649647951126,2.4147607684135437,2.40936585329473,2.396365862339735,2.3800930827856064,2.4116446021944284,2.4387839809060097,2.3505975268781185,2.40773718431592,2.415100632235408,2.4497380182147026,2.4237806648015976,2.3891151696443558,2.396519212052226,2.3650273829698563,2.366966664791107,2.393886661157012,2.4128121696412563,2.404691409319639,2.417038269340992,2.4544819183647633,2.46370904520154,2.412451323121786,2.412875710055232,2.385472195222974,2.344062289223075,2.421513717621565,2.411308331415057,2.398784028366208,2.3660739809274673,2.3882493544369936,2.469780893996358,2.355107532814145,2.343347268179059,2.3730301428586245,2.4234881419688463,2.386323070153594,2.3900402951985598,2.3915234692394733,2.369571343064308,2.427385726943612,2.4511119294911623,2.347794523462653,2.3996743911504748,0.03117211815926751,2.3964425371959805,2.3483691391628234,2.3669329064842315,2.4245341227892787,2.4544194684457032
22,Malcolm Rosas,Sydney,2.3075062315911055,2.316940948367119,2.262811653316021,2.279538296163082,2.361958594992757,2.3234844468533993,2.2917785979807377,2.3166128490120173,2.305907966569066,2.3462996501475573,2.293023969978094,2.3081754967570305,2.281310135498643,2.2907902412116528,2.3190578874200583,2.316103173419833,2.289849277585745,2.280964022502303,2.295788550749421,2.2881168592721224,2.2920740470290184,2.2952782213687897,2.2701330967247486,2.3307384103536606,2.313457414507866,2.319875618442893,2.2671177107840776,2.3284592051059008,2.289674708619714,2.2991802357137203,2.3009049743413925,2.2700066454708576,2.2746520806103945,2.3287907410413027,2.273097511380911,2.309976201504469,2.2857649829238653,2.3437192421406507,2.322561217471957,2.342797288671136,2.3273077718913555,2.360187541693449,2.309879820793867,2.3177436999976635,2.3147798385471106,2.3084426037967205,2.2832090612500906,2.2734735999256372,2.3245836794376373,2.3368965089321136,2.3058156505972147,0.024466129778839826,2.307840864174068,2.270032567977905,2.280666045697406,2.3285284961164,2.3457706665061413
31,Tom Papley,Sydney,1.9356338623911142,1.9641549456864595,1.904163982719183,1.9685925748199224,1.9349106345325708,2.0755294784903526,1.9476996287703514,1.9082640521228313,2.040295509621501,2.0327312126755714,1.9803510811179876,2.0311277098953724,1.9256074205040932,2.042882103472948,2.0126225482672453,2.0016654543578625,2.0009545776993036,1.922080846503377,2.0207906141877174,2.017906878143549,1.961200064048171,2.0038087759166956,1.8674883414059877,2.0136544834822416,1.9210505541414022,2.0306562781333923,1.958476223051548,1.8810926117002964,2.008430413901806,1.9706860817968845,1.9581013042479753,1.8843921516090631,2.0177992563694715,1.8885690495371819,1.980282248929143,2.0789955276995897,1.9616196807473898,1.990241676568985,1.9724293574690819,1.9198517687618732,1.9422717913985252,1.9790346808731556,1.9427276086062193,1.9282076563686132,1.9731143452227116,2.025018200278282,1.9944814275950193,1.9210185781121254,1.8805695474147797,1.894534844905138,1.9683553929254414,0.052820507784045345,1.9696393283084035,1.8817690173815935,1.9174299359843134,2.0216741796806454,2.0423518517334016
12,Callum Mills,Sydney,1.595128782093525,1.6724543888121843,1.6198977790772915,1.6157534886151552,1.6004414800554514,1.7363969068974257,1.678394041955471,1.649454515427351,1.6615375112742186,1.5780605245381594,1.6514645088464022,1.5974230095744133,1.6446106377989054,1.6382401827722788,1.6391822583973408,1.6117664389312267,1.6586576104164124,1.6821421664208174,1.6700948923826218,1.623908406123519,1.6790395732969046,1.6359310820698738,1.5681150145828724,1.6513985879719257,1.6833473797887564,1.5820664837956429,1.6913070417940617,1.5964702647179365,1.6549834683537483,1.6359908450394869,1.687385205179453,1.6664801184087992,1.639689801260829,1.6241913475096226,1.6779438946396112,1.6295984983444214,1.6349097788333893,1.6232703402638435,1.6522562857717276,1.6208786945790052,1.648422747850418,1.7103507090359926,1.5908062923699617,1.6125682406127453,1.6597955226898193,1.626482741907239,1.6132006980478764,1.6419701669365168,1.6208766140043736,1.6306631993502378,1.6403080033883453,0.03475267008774713,1.6387112205848098,1.5838581445533781,1.6093995225261897,1.6780379754286259,1.6905030652880668
5,James Rowbottom,Sydney,1.2649418320506811,1.2496482077986002,1.2240326926112175,1.2175654340535402,1.3193487599492073,1.2436325214803219,1.260530885308981,1.239263292402029,1.2299122214317322,1.2075909413397312,1.2450922168791294,1.2345987353473902,1.203160049393773,1.2754796911031008,1.286604454740882,1.2609575223177671,1.2467676177620888,1.266908548772335,1.2075587753206491,1.2282572388648987,1.3154713734984398,1.2472210638225079,1.238993126899004,1.192235715687275,1.2226524464786053,1.2391124404966831,1.249529603868723,1.267936833202839,1.272917490452528,1.302954176440835,1.2900379039347172,1.2486337590962648,1.2985324561595917,1.2860139217227697,1.213027624413371,1.3339377138763666,1.2527466919273138,1.2782011851668358,1.2146315518766642,1.3096624240279198,1.2957233395427465,1.2817530743777752,1.2280560545623302,1.3129102606326342,1.3144841697067022,1.2701381910592318,1.2756649311631918,1.272862184792757,1.208007838577032,1.222100893035531,1.2573600415885449,0.0352923438282976,1.251197449862957,1.207565369354561,1.221152982108295,1.2963104449156673,1.3152689967211335
18,Tom McCartin,Sydney,1.1876087319105864,1.2057350240647793,1.1441299337893724,1.1335129849612713,1.1259444616734982,1.146438967436552,1.1228472460061312,1.1867944486439228,1.1850188728421926,1.1095338519662619,1.1853460688143969,1.1707750521600246,1.168183485046029,1.0997393745929003,1.1242022961378098,1.1739484872668982,1.1311126686632633,1.1289631221443415,1.171346141025424,1.1311655100435019,1.1311921011656523,1.1783449184149504,1.1897008121013641,1.1453069243580103,1.2158180680125952,1.1194191742688417,1.1435813903808594,1.1012012958526611,1.1680993642657995,1.2012938763946295,1.1612121611833572,1.1432423517107964,1.1931473724544048,1.133016962558031,1.141559587791562,1.1650389805436134,1.1701909583061934,1.1628002598881721,1.210110006853938,1.1552058029919863,1.1717727836221457,1.19393852353096,1.1164754815399647,1.1640153303742409,1.1431833673268557,1.095547454431653,1.166952358558774,1.1306851971894503,1.1615714766085148,1.1670448388904333,1.1554603182151915,0.030076403478505015,1.161391818895936,1.1029094698559492,1.1255803490765393,1.1869646338466555,1.2048245887923985
9,Angus Sheldrick,Sydney,1.1134076844900846,1.1173108331859112,1.1508166585117579,1.1282641980797052,1.1537637580186129,1.1450296808034182,1.1476119961589575,1.1202721931040287,1.1622486468404531,1.17638698220253,1.1167404502630234,1.096040328964591,1.1575985439121723,1.155068788677454,1.1593804582953453,1.1155616622418165,1.2033014073967934,1.1910955011844635,1.1803673692047596,1.1696242671459913,1.130144789814949,1.1478829514235258,1.1741895861923695,1.1382902767509222,1.1249181851744652,1.0791664067655802,1.1125595644116402,1.1191480364650488,1.1238383278250694,1.1540577448904514,1.1102144680917263,1.1484941989183426,1.154022105038166,1.1233971938490868,1.1518478766083717,1.158536745235324,1.1178983189165592,1.1067859251052141,1.1714437827467918,1.149118710309267,1.1747993379831314,1.1211538407951593,1.166555855423212,1.1079551707953215,1.1594596318900585,1.177012724801898,1.1408944744616747,1.1331200525164604,1.2093432638794184,1.1633243709802628,1.1441893065348268,0.02789213686308816,1.1481885751709342,1.1070256204716862,1.116494083566591,1.1720176556669175,1.1888962341286242
14,Riley Bice,Sydney,1.1067115869373083,1.0751890540122986,1.1231580972671509,1.101885987445712,1.0612548496574163,1.095684990286827,1.1380702313035727,1.090299440547824,1.1219723485410213,1.0566166117787361,1.091581443324685,1.1208729036152363,1.157217750325799,1.1190493553876877,1.1116748452186584,1.1118655912578106,1.15333092212677,1.0843129865825176,1.1249811314046383,1.102134682238102,1.1294627767056227,1.0622316431254148,1.159231150522828,1.0658859182149172,1.084353495389223,1.1042220573872328,1.0663003772497177,1.0832313615828753,1.117515793070197,1.0932261254638433,1.079999141395092,1.1409198455512524,1.1060217469930649,1.1401270162314177,1.1400826815515757,1.14095851033926,1.0871851481497288,1.101079136133194,1.1035933140665293,1.1084650289267302,1.1290396377444267,1.1217874810099602,1.0702495127916336,1.0408753454685211,1.118315201252699,1.1046562045812607,1.0954538397490978,1.1025906167924404,1.0770058371126652,1.1285961158573627,1.1050105373933912,0.02755191306863743,1.1044391309842467,1.061455092318356,1.0766261294446886,1.131261734716594,1.1507945777103303
21,Jai Serong,Sydney,1.0050847344100475,0.9960730075836182,0.9802557360380888,1.0057109873741865,0.9957389235496521,1.018715862184763,1.0195739269256592,1.0265889447182417,0.9993213396519423,0.9789721462875605,0.9995812103152275,0.9963031262159348,1.028605166822672,0.9751538019627333,0.9789887219667435,1.0101284757256508,0.9991613794118166,0.9622484669089317,0.9990288931876421,0.9769321978092194,1.0294328946620226,1.0203829742968082,0.9897274859249592,1.012485383078456,0.9961320850998163,0.9740260988473892,0.9881639033555984,1.0105358753353357,0.9744644928723574,1.0008130073547363,0.9979372210800648,1.0414520632475615,1.0151152405887842,0.9977700337767601,1.0077636446803808,0.9706619996577501,0.9946697782725096,0.9915977120399475,1.008013755083084,1.0125481355935335,0.9942749217152596,1.005982493981719,0.9749139826744795,0.9836909137666225,0.9861554969102144,0.9929412603378296,0.9830008391290903,0.9942659437656403,1.0292735304683447,1.0003626123070717,0.9986144565790892,0.01746126138702175,0.9978536274284124,0.9741159696225077,0.9789852576497943,1.0158677705023438,1.0291365159209818
17,Jake Lloyd,Sydney,0.875914815813303,0.8743414673954248,0.8676190245896578,0.8497186861932278,0.8656774219125509,0.8381836172193289,0.870635723695159,0.8723692931234837,0.8666809294372797,0.8479704055935144,0.8695802055299282,0.8574205990880728,0.855811633169651,0.8551045060157776,0.8760083205997944,0.8764952905476093,0.8572128806263208,0.8735585138201714,0.8627251945436001,0.841400807723403,0.863363865762949,0.8597079049795866,0.8541317712515593,0.857526395469904,0.8710361700505018,0.8507761135697365,0.8620935250073671,0.8837506640702486,0.866581242531538,0.8588819559663534,0.8411114886403084,0.8505704086273909,0.8479236606508493,0.8628482688218355,0.8825074564665556,0.8627432994544506,0.8727340325713158,0.8723936639726162,0.8657625056803226,0.8499405700713396,0.8552033249288797,0.8480626810342073,0.8551773224025965,0.8497424218803644,0.8492456078529358,0.8787321839481592,0.8758894745260477,0.8643781784921885,0.8802183587104082,0.8423894066363573,0.8617970652133227,0.011801965642718218,0.8627342469990253,0.8416034705005586,0.8496198128201068,0.874665000885725,0.8799136928841471
24,Logan McDonald,Sydney,0.8574848845601082,0.8339192159473896,0.8691663034260273,0.8246500678360462,0.8662721533328295,0.8513841107487679,0.8717838209122419,0.8667505513876677,0.8626653645187616,0.8298946768045425,0.8546858038753271,0.8257014732807875,0.8685793671756983,0.847883490845561,0.8419795706868172,0.8514033872634172,0.8710153475403786,0.8635815922170877,0.8560005594044924,0.8559399954974651,0.8457742463797331,0.8626719675958157,0.8451265878975391,0.849889112636447,0.8600098714232445,0.8302731886506081,0.8497491348534822,0.8658853359520435,0.8497558906674385,0.8538195043802261,0.8723996710032225,0.8671028092503548,0.8545080740004778,0.8614907339215279,0.8658688813447952,0.8642444461584091,0.8557538874447346,0.8650012519210577,0.8359579723328352,0.8465795405209064,0.8591356687247753,0.8776605743914843,0.8159679416567087,0.8400340471416712,0.8677005209028721,0.8470686860382557,0.8408343344926834,0.8478568494319916,0.8644241727888584,0.8326813075691462,0.8533193589746952,0.014240920650857162,0.8552198456600308,0.8265610800031573,0.8391821475066245,0.8668241732809693,0.8716262838710099
10,Matt Roberts,Sydney,0.6975889373570681,0.700716407969594,0.6901445351541042,0.6775241587311029,0.6901375353336334,0.7019097972661257,0.7000218573957682,0.7134406119585037,0.7027916759252548,0.690103355795145,0.6670299060642719,0.6905583385378122,0.7000384517014027,0.6926999874413013,0.7012195847928524,0.7006910052150488,0.6896781697869301,0.6954945512115955,0.7005361635237932,0.6837435010820627,0.6983908265829086,0.6967002172023058,0.680725559592247,0.6924346946179867,0.6929222662001848,0.6892441473901272,0.685119278728962,0.7044928837567568,0.7016047053039074,0.7093715947121382,0.6971217058598995,0.71076182089746,0.681067481637001,0.7031278740614653,0.7076103780418634,0.699810205027461,0.6903735809028149,0.6948694810271263,0.6820340398699045,0.698225986212492,0.7046384140849113,0.7030631583184004,0.6968555152416229,0.6976873595267534,0.6949834991246462,0.6880223844200373,0.6875317301601171,0.6957221776247025,0.6900687571614981,0.695444542914629,0.695121895968914,0.008889426759415378,0.6962111974135041,0.6807956536114216,0.687919837679714,0.7028484157454222,0.7090105452947318
26,James Jordon,Sydney,0.654577799141407,0.6529310196638107,0.6535846069455147,0.6544750314205885,0.6635516006499529,0.6588760074228048,0.6685184016823769,0.6724041532725096,0.6646935287863016,0.6546327956020832,0.6608657967299223,0.6595217734575272,0.6633532475680113,0.6654886808246374,0.6615134719759226,0.6596185099333525,0.6613770555704832,0.6620526071637869,0.6617561057209969,0.6593695934861898,0.6582315471023321,0.6665990371257067,0.6631438545882702,0.6578696314245462,0.6676789838820696,0.6566448621451855,0.658541839569807,0.6649986207485199,0.6633660793304443,0.6543656308203936,0.6587504893541336,0.6627689432352781,0.6608876567333937,0.6648853104561567,0.6591346431523561,0.6554111987352371,0.6563210897147655,0.6576017756015062,0.6625390611588955,0.6647264491766691,0.6642153076827526,0.6673280093818903,0.6567164063453674,0.6677304785698652,0.6532409321516752,0.6664088852703571,0.6567073632031679,0.6591607183218002,0.6649024114012718,0.6610931716859341,0.6609026435017585,0.0045773267143266495,0.6609904142096639,0.6537447168398649,0.6561309225000441,0.6651010433044284,0.6677199221588671
35,Sam Wicks,Sydney,0.5468309558928013,0.5495409797877073,0.5528545696288347,0.5449584573507309,0.5408107079565525,0.5413457620888948,0.5475760716944933,0.5503004342317581,0.5444054175168276,0.5465517733246088,0.5504793804138899,0.549857972189784,0.5530744306743145,0.5606439579278231,0.5437531713396311,0.5480558183044195,0.5479696933180094,0.5475531313568354,0.5438261106610298,0.5405740104615688,0.5431382358074188,0.5487669985741377,0.5511252116411924,0.5458207223564386,0.5494930613785982,0.5435881000012159,0.5506191682070494,0.551732050254941,0.5485832560807467,0.5612241178750992,0.546768656000495,0.5490672886371613,0.5472382642328739,0.5529788676649332,0.5452839527279139,0.5468662902712822,0.5455954298377037,0.547150868922472,0.5468705892562866,0.5435111466795206,0.5445939656347036,0.5463283844292164,0.539911974221468,0.5469760466367006,0.5516613144427538,0.5420621521770954,0.5491783525794744,0.5472876131534576,0.5539991836994886,0.5463953744620085,0.5476955888792873,0.0043458780981018045,0.547194566577673,0.5409203940536826,0.5437186714299023,0.5512372571267188,0.553809609329328
15,Dane Rampe,Sydney,0.43624952249228954,0.43618028052151203,0.4349579904228449,0.43100205436348915,0.4340000543743372,0.4364795349538326,0.4382167272269726,0.4383563809096813,0.4341987185180187,0.4335108082741499,0.437468396499753,0.43428186513483524,0.43631260842084885,0.4393125791102648,0.4350047744810581,0.4330689050257206,0.4360125605016947,0.43299117870628834,0.43895938619971275,0.43597170524299145,0.4307183250784874,0.43707598000764847,0.43428098037838936,0.43673450499773026,0.4365267977118492,0.4318442363291979,0.43881076388061047,0.4395984709262848,0.4384157136082649,0.4384384825825691,0.43568259105086327,0.4413420967757702,0.43327246978878975,0.4390241950750351,0.4362101759761572,0.4376460909843445,0.43592200987040997,0.43531463481485844,0.4368819333612919,0.4372674189507961,0.4377093017101288,0.43884378857910633,0.4351733233779669,0.4340229779481888,0.43294941261410713,0.43626157753169537,0.43220178224146366,0.43807545490562916,0.4378244634717703,0.43401665426790714,0.43601245280355216,0.0023836120958231153,0.43622984923422337,0.43191753324121235,0.4334609955307096,0.43842047232389453,0.4392534603830427
647,Braeden Campbell,Sydney,0.3916478808969259,0.4112162049859762,0.38843205384910107,0.39315455220639706,0.4037835095077753,0.4068474993109703,0.4059143252670765,0.40361313149333,0.38174382224678993,0.41286664083600044,0.40839315205812454,0.40611352026462555,0.4049936328083277,0.4211479965597391,0.42008544504642487,0.3884951453655958,0.3766590431332588,0.37474518828094006,0.3692991379648447,0.445569122210145,0.39002626203000546,0.3792352471500635,0.3855093661695719,0.385007880628109,0.4207414388656616,0.3908614367246628,0.3811160922050476,0.41100447066128254,0.38098024763166904,0.39335837960243225,0.40191721729934216,0.39298830181360245,0.40114413388073444,0.4280208647251129,0.3924666754901409,0.3791166804730892,0.4074844066053629,0.39740242436528206,0.40034292079508305,0.40756440721452236,0.3784702979028225,0.4012093357741833,0.44432305358350277,0.3933506477624178,0.3766085263341665,0.408413240686059,0.39808691293001175,0.4025717154145241,0.4015312697738409,0.40276262536644936,0.3989667496830225,0.016397672236664065,0.40074352733790874,0.37661888227798046,0.3810877006892115,0.4110487231351435,0.42661192675121123
545,Billy Cootee,Sydney,0.388163547962904,0.39440181851387024,0.39676824770867825,0.37277107685804367,0.38445073552429676,0.4031620901077986,0.395171195268631,0.42353683710098267,0.4418254978954792,0.3916291110217571,0.3828341066837311,0.3820371199399233,0.3938294146209955,0.38167961314320564,0.3960062451660633,0.3955722115933895,0.39783123694360256,0.3976811673492193,0.40522174164652824,0.3934286143630743,0.38369725458323956,0.41238973289728165,0.394108010455966,0.39651567302644253,0.42394751869142056,0.3895179498940706,0.40535045601427555,0.4034178052097559,0.40636782720685005,0.4282527528703213,0.38688645884394646,0.4068537559360266,0.3954699356108904,0.3886347506195307,0.3957554567605257,0.4014810845255852,0.39234635420143604,0.3830366637557745,0.38407442532479763,0.394246818497777,0.4102223012596369,0.4478739909827709,0.38563826866447926,0.38395742140710354,0.3722953610122204,0.4048428498208523,0.36087830923497677,0.38140579126775265,0.41264800541102886,0.3910374268889427,0.39682304080575703,0.016283432606703317,0.3947865068912506,0.374541193312034,0.38355919110029935,0.4075577819086611,0.4273701798636466
565,Hayden McLean,Sydney,0.3969010282307863,0.3917419333010912,0.40415315702557564,0.38173417188227177,0.37938546389341354,0.40499745309352875,0.41782364062964916,0.4207947328686714,0.39037314988672733,0.3869368601590395,0.3838301170617342,0.39186607860028744,0.385611230507493,0.3934760745614767,0.39296096190810204,0.3761113490909338,0.38543506152927876,0.4072367809712887,0.3893765676766634,0.3838551193475723,0.39634867385029793,0.393389331176877,0.3955435249954462,0.39074492268264294,0.3811751212924719,0.3825442809611559,0.4023467320948839,0.39276966266334057,0.3873741663992405,0.4111181255429983,0.3821013383567333,0.4130571726709604,0.3877217099070549,0.3962079081684351,0.4055014979094267,0.3929708283394575,0.3661212343722582,0.38337355479598045,0.39642064832150936,0.3951346781104803,0.39482278749346733,0.3908840361982584,0.39312480203807354,0.40132549963891506,0.38357062824070454,0.4016371760517359,0.38599778339266777,0.3866266645491123,0.4103776775300503,0.3951242994517088,0.3932011479884386,0.010797765386822276,0.3928653122857213,0.3797523436602205,0.3835294398907572,0.40432961490377783,0.4126596680097282
543,William Edwards,Sydney,0.3792180269956589,0.37897528894245625,0.37790063209831715,0.37489267252385616,0.37790714763104916,0.37886643782258034,0.3781743496656418,0.38645999133586884,0.3822980672121048,0.3792113307863474,0.37629455514252186,0.3722353186458349,0.3784471917897463,0.3783757258206606,0.3809508755803108,0.37823522463440895,0.37754618749022484,0.37895990163087845,0.379642803221941,0.37735192105174065,0.377345971763134,0.3794397599995136,0.3788868635892868,0.37903258576989174,0.3823063541203737,0.37832349725067616,0.3796754851937294,0.3798631280660629,0.3769612219184637,0.3808066360652447,0.37484255246818066,0.3799750078469515,0.37907056137919426,0.37703569047152996,0.3776316288858652,0.3796506579965353,0.37754358910024166,0.37591941840946674,0.3783247359097004,0.3794910479336977,0.37894887290894985,0.3784741349518299,0.38020872324705124,0.3794326838105917,0.3786463178694248,0.3785329516977072,0.3760261721909046,0.3782070819288492,0.3807504400610924,0.375946469604969,0.37858487784862516,0.0021436994023018357,0.378589634783566,0.37510315543040634,0.3770201265439391,0.37988651094026865,0.38202189292758704
495,Harry Cunningham,Sydney,0.36486175283789635,0.36526972241699696,0.36597529239952564,0.3618929423391819,0.36586287431418896,0.3630117755383253,0.36578497290611267,0.3677108660340309,0.36536205373704433,0.36351101100444794,0.3625959884375334,0.36408047191798687,0.3630580995231867,0.36424372158944607,0.36666098050773144,0.3661975674331188,0.3640436604619026,0.3625203147530556,0.36406816355884075,0.359069524332881,0.3625180758535862,0.36481116712093353,0.36693035811185837,0.36323018185794353,0.3667922019958496,0.36397422291338444,0.3679131492972374,0.3676332011818886,0.3664051741361618,0.36742154508829117,0.3643340803682804,0.36712825298309326,0.3619043864309788,0.3647488560527563,0.36276552453637123,0.3638396766036749,0.3630825839936733,0.3633698672056198,0.36061827279627323,0.3658768404275179,0.362322598695755,0.36662612669169903,0.3632827829569578,0.36472582817077637,0.36335501074790955,0.36470710672438145,0.3630318380892277,0.36475707963109016,0.36415659077465534,0.36435277946293354,0.3644479423388839,0.0019019908322589923,0.36428890097886324,0.3618952883780003,0.36273009149171415,0.3666334111392498,0.3675898116827011
432,Caiden Cleary,Sydney,0.27435293793678284,0.27918948605656624,0.267383461818099,0.26926373690366745,0.27112034521996975,0.27569818310439587,0.2843579314649105,0.2775975223630667,0.27535197511315346,0.2773558795452118,0.27209649607539177,0.2699847090989351,0.27269498631358147,0.2762884143739939,0.27517538517713547,0.2715514339506626,0.2725876811891794,0.27274034544825554,0.2766842432320118,0.26976717077195644,0.2679594289511442,0.2762285564094782,0.27280179783701897,0.2724917195737362,0.2722498569637537,0.2794200088828802,0.27455575577914715,0.27351407893002033,0.2729336004704237,0.27952444180846214,0.27407465502619743,0.274373522028327,0.27408857829868793,0.27517174556851387,0.27746516838669777,0.2741179522126913,0.272824514657259,0.26863045804202557,0.28186528757214546,0.272657522931695,0.27917148172855377,0.27265877835452557,0.28043821454048157,0.2780178729444742,0.2764814030379057,0.27432217448949814,0.2715368028730154,0.2682506162673235,0.27262226305902004,0.2781490944325924,0.27439679354429247,0.0036715165849278224,0.2741032652556896,0.26832848383113744,0.2714497632235289,0.2780452982354909,0.28025089113041757
517,Joel Hamling,Sydney,0.27195490151643753,0.2687726430594921,0.2723899483680725,0.2641151137650013,0.27193428203463554,0.27169750072062016,0.26869975589215755,0.2668507546186447,0.26829654537141323,0.2691441494971514,0.2663908079266548,0.26816264167428017,0.27190505899488926,0.2685300763696432,0.26918206363916397,0.2712861429899931,0.26903462782502174,0.269058920443058,0.27061946503818035,0.26681738160550594,0.2659254614263773,0.2730590086430311,0.2735574282705784,0.272319907322526,0.27043014764785767,0.2672775164246559,0.2703167423605919,0.27476287819445133,0.2727217972278595,0.2719236146658659,0.2709836419671774,0.270734092220664,0.2668145578354597,0.271795604377985,0.26787721551954746,0.2678305599838495,0.26644658111035824,0.2698255479335785,0.27307028509676456,0.27008761279284954,0.26938680186867714,0.27005938068032265,0.2676782216876745,0.2681335508823395,0.268487049266696,0.2703722082078457,0.2664287071675062,0.2699267268180847,0.2685885261744261,0.26953987032175064,0.2696240805089474,0.002284068189316183,0.2694633360952139,0.26639857727102934,0.2671883232071996,0.27193859150633215,0.2730679734237492
32,Lewis Melican,Sydney,0.26986405439674854,0.26923114247620106,0.26848323829472065,0.26718588918447495,0.26741287484765053,0.26842368207871914,0.2692235391587019,0.27159600146114826,0.2713658958673477,0.26739560812711716,0.26876312494277954,0.2680355552583933,0.2692242097109556,0.2703888639807701,0.2697741463780403,0.2699682731181383,0.26886350475251675,0.2668374180793762,0.2691427320241928,0.26834526658058167,0.26735627092421055,0.2692684940993786,0.2676806226372719,0.2677510641515255,0.2704537846148014,0.26746787317097187,0.27000290900468826,0.2705092579126358,0.26978386379778385,0.2726479768753052,0.2680136077105999,0.2687421962618828,0.26911473646759987,0.2695701066404581,0.2698025405406952,0.2689224611967802,0.26886737532913685,0.2682481184601784,0.2680302355438471,0.26904455572366714,0.26927285082638264,0.26934395357966423,0.2679023277014494,0.2698631975799799,0.2676215525716543,0.2689096201211214,0.2699123080819845,0.26805454678833485,0.2692340239882469,0.2678683381527662,0.2689757158234716,0.0011968851642542183,0.2689835084602237,0.2673643350508064,0.26773634187504647,0.26992400477454065,0.2711902850866318
598,Harry Kyle,Sydney,0.2700841762125492,0.26714902371168137,0.2691524215042591,0.26626081950962543,0.2681406792253256,0.269153218716383,0.2687308359891176,0.2723021078854799,0.2687469683587551,0.27008162811398506,0.2669088486582041,0.26588593795895576,0.268074719235301,0.26826146617531776,0.2700002286583185,0.26876936852931976,0.2689947709441185,0.2698976509273052,0.26950296200811863,0.26651529408991337,0.2674438636749983,0.270088791847229,0.2680510804057121,0.268198661506176,0.26817883737385273,0.26835430413484573,0.26777915097773075,0.2694444768130779,0.2688617631793022,0.2695694137364626,0.2691531106829643,0.2686939351260662,0.2663776036351919,0.26793782599270344,0.2692156210541725,0.2700740937143564,0.2671924978494644,0.2659910637885332,0.26967447623610497,0.2673514783382416,0.2675220165401697,0.2666120771318674,0.26737559027969837,0.267201317474246,0.26585921831429005,0.2659164648503065,0.2661670334637165,0.2685463335365057,0.2675031069666147,0.26784160919487476,0.2682157988846302,0.0014007646601219763,0.26818874944001436,0.265931757632643,0.26659184947609904,0.26959137179888787,0.27008365385234356
597,Peter Ladhams,Sydney,0.1986430287361145,0.20002256706357002,0.19455645233392715,0.19804416596889496,0.19409913942217827,0.21065442077815533,0.20536894164979458,0.19177336432039738,0.18839660100638866,0.1797585543245077,0.22159559279680252,0.1864715088158846,0.195964640006423,0.2155368272215128,0.18806676380336285,0.2000043671578169,0.2237328328192234,0.18989790976047516,0.21163824200630188,0.19643795117735863,0.21126705221831799,0.21052194572985172,0.2201934978365898,0.22430854849517345,0.2085687853395939,0.21634761430323124,0.17507434077560902,0.22536008805036545,0.20909859240055084,0.19365900196135044,0.21800909377634525,0.20485752075910568,0.17326050251722336,0.2088589183986187,0.21217563562095165,0.19039034843444824,0.1999552920460701,0.2166525088250637,0.20646657794713974,0.1979939490556717,0.19122284650802612,0.22380013391375542,0.20614199712872505,0.18368384055793285,0.1943415030837059,0.21404562704265118,0.2417370267212391,0.180344695225358,0.19462331011891365,0.18588307313621044,0.2025901547819376,0.014676619379096294,0.20001346711069345,0.17987871320918203,0.18832766503095627,0.21693603507988155,0.22420432350598277
657,Jesse Dattoli,Sydney,0.1596157420426607,0.150254987180233,0.14564592391252518,0.15286534652113914,0.15567482262849808,0.15803362429141998,0.15757918544113636,0.14899058267474174,0.15845483168959618,0.14916968159377575,0.15520871989428997,0.15368316695094109,0.14739501290023327,0.15155340731143951,0.14950919710099697,0.15502506494522095,0.15181537345051765,0.15528946369886398,0.15693415328860283,0.1608653124421835,0.14921441301703453,0.1478284914046526,0.14459860511124134,0.14754650555551052,0.15058604255318642,0.14305111207067966,0.15390591323375702,0.1517132930457592,0.15214513801038265,0.14695066213607788,0.15788542851805687,0.1488707810640335,0.14732939936220646,0.14853336103260517,0.1484431941062212,0.15159073658287525,0.16507389210164547,0.15360215492546558,0.14623521082103252,0.15656990557909012,0.15326245687901974,0.147777346894145,0.15323247946798801,0.1490763258188963,0.14986236579716206,0.14848952740430832,0.15848950296640396,0.15303836204111576,0.14625320583581924,0.15073847398161888,0.15190915774554015,0.004649292923184584,0.15157207194715738,0.1457667277287692,0.14751484359055758,0.15706896500848233,0.15938486303202806
431,Corey Warner,Sydney,0.13805299811065197,0.13674362935125828,0.13703866116702557,0.13589104637503624,0.1387865375727415,0.13676847144961357,0.13930974155664444,0.1383776143193245,0.13774491474032402,0.13620229251682758,0.13637797720730305,0.1352601107209921,0.13708114810287952,0.1361429337412119,0.13697496429085732,0.13760275393724442,0.1364414505660534,0.13661344721913338,0.13700210861861706,0.13594275526702404,0.13565697334706783,0.13848052360117435,0.13817848078906536,0.13668138347566128,0.1366986185312271,0.13605059310793877,0.13708879984915257,0.13822673819959164,0.13882089406251907,0.13964560069143772,0.13776534982025623,0.1376372966915369,0.13588544726371765,0.13704217411577702,0.1371720004826784,0.13792945817112923,0.13695429638028145,0.13632224686443806,0.1374531164765358,0.1384783871471882,0.13638196885585785,0.1375608667731285,0.13743100874125957,0.13574244268238544,0.1365315057337284,0.13719092682003975,0.13660217076539993,0.13658576272428036,0.1385046262294054,0.13681395910680294,0.13715738348662854,0.0009956094480922466,0.1370203848928213,0.13577175862155855,0.1361898865327239,0.13825827130861582,0.13881385098211468
590,Tom Hanily,Sydney,0.13543694466352463,0.13456962630152702,0.13563093729317188,0.13463326916098595,0.1360571477562189,0.1357262097299099,0.13680938072502613,0.1381155252456665,0.13596465066075325,0.13634690828621387,0.13375042378902435,0.13375011831521988,0.13545342534780502,0.13569600135087967,0.1362187098711729,0.13780459016561508,0.1354273185133934,0.13487663492560387,0.13612391985952854,0.13431058824062347,0.13526549004018307,0.13643377646803856,0.13583100587129593,0.13469149731099606,0.13627833127975464,0.13514064066112041,0.13665981031954288,0.1361406408250332,0.13590881414711475,0.1353797409683466,0.13587259128689766,0.13632898963987827,0.1342254150658846,0.1358452420681715,0.13537460379302502,0.13703169859945774,0.13472112640738487,0.13378093391656876,0.13627206534147263,0.13656604662537575,0.13623442128300667,0.13498442992568016,0.13673029094934464,0.13598180934786797,0.134317884221673,0.13423402979969978,0.1358022317290306,0.13572018779814243,0.13369896821677685,0.1338828168809414,0.1355607572197914,0.0010264949331783848,0.13572319876402617,0.13375667836517097,0.13431635936163366,0.13636506373621524,0.13698612343519925
658,William Green,Sydney,0.10747786052525043,0.10474167950451374,0.10802208259701729,0.10734964720904827,0.10888773575425148,0.10866437666118145,0.1059192344546318,0.10882909782230854,0.107443293556571,0.10731176286935806,0.10901018045842648,0.10457562282681465,0.10813338495790958,0.1075389813631773,0.10636978782713413,0.1102979276329279,0.10518046095967293,0.10630385391414165,0.10520101152360439,0.10710932686924934,0.10826816037297249,0.10794379934668541,0.1062631607055664,0.105300173163414,0.10642628744244576,0.10564425587654114,0.10820247046649456,0.10726520977914333,0.10734404623508453,0.1071390975266695,0.10914831794798374,0.10878537781536579,0.10649008676409721,0.10846921242773533,0.10682743787765503,0.10657473281025887,0.10638217814266682,0.10541122779250145,0.1052872110158205,0.10773622617125511,0.10673427768051624,0.10731495171785355,0.10610876232385635,0.1088749747723341,0.10446598567068577,0.10663948394358158,0.10881602205336094,0.10702182725071907,0.1049005277454853,0.10797891020774841,0.10708263404667377,0.001380379987705976,0.10720215365290642,0.1047742433939129,0.10538801737502217,0.10868966590240597,0.1089850792940706
414,Harley Reid,West Coast,8.248430948704481,8.34224039874971,8.188268443569541,8.3054063860327,8.566946860402822,8.296679211780429,8.32074350118637,8.083823837339878,8.33135693706572,8.426933363080025,8.073434142395854,8.248664762824774,8.343692921102047,8.323992431163788,8.259935090318322,8.304807517677546,8.165171217173338,8.228836795315146,7.99380093999207,8.215969689190388,8.391117811203003,8.082065165042877,8.163369588553905,8.200042873620987,8.073906360194087,8.333994928747416,8.246463952586055,8.035756247118115,8.193625345826149,8.083047101274133,8.01384592242539,8.077000763267279,8.125657726079226,8.134274872019887,8.086386637762189,8.2632249109447,8.030900983139873,8.134793633595109,8.316888388246298,8.30853203497827,8.326255345717072,8.111347246915102,8.303285697475076,8.18555067665875,8.25738413259387,8.194233203306794,8.046386932954192,8.391170961782336,8.272270346060395,8.44362617842853,8.22191082727164,0.12701284337734464,8.2376503739506,8.031896312255412,8.081006705071777,8.331908277327194,8.419602070813998
411,Jake Waterman,West Coast,3.5643512289971113,3.6616536118090153,3.516537120565772,3.4834395591169596,3.6360854543745518,3.557293789461255,3.616388436406851,3.621798414736986,3.6146529149264097,3.5334790479391813,3.6223585326224566,3.4590358771383762,3.5206317491829395,3.5413705054670572,3.585379770025611,3.6969047877937555,3.587390571832657,3.5613144729286432,3.5602819696068764,3.571208741515875,3.5024778340011835,3.7547499984502792,3.5886217802762985,3.5782929211854935,3.485123436897993,3.5191803630441427,3.59443942271173,3.604845631867647,3.6640991773456335,3.7360830176621675,3.6171204708516598,3.471214532852173,3.5978115871548653,3.6253555193543434,3.5611154697835445,3.608351204544306,3.6676633898168802,3.657989276573062,3.466059822589159,3.6283249855041504,3.438598871231079,3.6626660004258156,3.531875992193818,3.522947132587433,3.581217473372817,3.6575896702706814,3.4633679650723934,3.5820754263550043,3.661005323752761,3.663966376334429,3.5841157326102255,0.07264400653106895,3.586385170929134,3.4639197958633305,3.513598729673773,3.661140815956518,3.690910301208496
520,Bailey Williams,West Coast,2.604170398786664,2.6000512409955263,2.5503564458340406,2.574290430173278,2.665298093110323,2.6221098080277443,2.570268051698804,2.6065836120396852,2.5897259823977947,2.6136581357568502,2.57922126352787,2.645436739549041,2.62231551297009,2.602145664393902,2.62035814486444,2.559339938685298,2.644425107166171,2.6833836622536182,2.5827818885445595,2.7095811683684587,2.7073202803730965,2.5857913084328175,2.6104922648519278,2.6143978405743837,2.6424304097890854,2.51538797467947,2.626777896657586,2.6048642210662365,2.5919875521212816,2.581427127122879,2.5739959441125393,2.5702494103461504,2.53894817084074,2.690014585852623,2.6624414026737213,2.5782872810959816,2.5834990236908197,2.6283441428095102,2.6495142206549644,2.664755078032613,2.600699795410037,2.610078487545252,2.6064098719507456,2.6318946722894907,2.661585295572877,2.5934470519423485,2.649391496554017,2.5311935525387526,2.657151309773326,2.5975003838539124,2.6121155868470667,0.0431286725303006,2.6064967419952154,2.541286867214367,2.5742288825865836,2.658078012805432,2.688655246514827
448,Tim Kelly,West Coast,2.0457355082035065,2.0067086219787598,2.054654000326991,1.9548275135457516,1.9299721661955118,1.977020375430584,2.1210608016699553,2.0062660817056894,2.085305105894804,1.959811557084322,1.9659199491143227,1.9509667083621025,1.948910003527999,1.9588861539959908,2.0140512883663177,2.0048770550638437,2.0532944072037935,2.0557732228189707,2.0894706286489964,1.9620871301740408,1.9779525250196457,1.952367214486003,2.0753664169460535,1.9308984894305468,2.0336913466453552,2.062018319964409,2.02061702683568,2.0737416837364435,2.091856339946389,2.1070154812186956,1.9977924451231956,2.078556429594755,1.9993171077221632,1.9435853566974401,2.0726476702839136,2.0217679627239704,2.0259618870913982,1.9075071159750223,2.0252583790570498,1.9835146870464087,1.9659348707646132,2.030494498088956,1.9697723910212517,2.032109998166561,1.9462088961154222,1.973755756393075,2.0787687450647354,1.9901943039149046,2.0135635938495398,2.0479677468538284,2.0115160593017936,0.05319000298619132,2.0101361079141498,1.9334992972202598,1.9543133110422641,2.074081252977252,2.0913672691304237
413,Tom McCarthy,West Coast,1.6026270873844624,1.6844038665294647,1.6739841438829899,1.6692967489361763,1.6701598018407822,1.7216126918792725,1.7001036945730448,1.6739594414830208,1.6869875080883503,1.6491730157285929,1.6518166474997997,1.6148561853915453,1.67364632897079,1.6660252064466476,1.6635328438133001,1.6489050351083279,1.6301197558641434,1.6605261582881212,1.8109241984784603,1.6805226877331734,1.6078985575586557,1.6459357719868422,1.6613563522696495,1.6460526306182146,1.6713193636387587,1.7034841738641262,1.608395017683506,1.6430970802903175,1.6670434474945068,1.725863479077816,1.634603189304471,1.7147331647574902,1.7303588204085827,1.6483563855290413,1.7687518019229174,1.6199366096407175,1.6107785888016224,1.6152633391320705,1.647186603397131,1.6688397657126188,1.5619534626603127,1.6472901795059443,1.615335250273347,1.6138937771320343,1.5888569541275501,1.7597987353801727,1.7025122344493866,1.6871794052422047,1.6268945671617985,1.683345165103674,1.663189938440919,0.04719837338690111,1.6624445980414748,1.603707738770172,1.6151782440003009,1.7027153697870672,1.7537635528109967
419,Willem Duursma,West Coast,1.6325497552752495,1.5192587785422802,1.6539974175393581,1.6190246604382992,1.5751640796661377,1.654671460390091,1.564113425090909,1.6387736052274704,1.6728725265711546,1.6258008498698473,1.6374299358576536,1.7170702777802944,1.6176887974143028,1.6811303682625294,1.622550591826439,1.7263408787548542,1.655926939100027,1.5851364843547344,1.669980889186263,1.6831441409885883,1.6348081529140472,1.6959257889539003,1.6610634364187717,1.6463952027261257,1.7369826007634401,1.64930853061378,1.627969827502966,1.5252878591418266,1.5909553822129965,1.7538856454193592,1.6956796757876873,1.6649143733084202,1.6929134894162416,1.5910554993897676,1.6340809240937233,1.6260053515434265,1.6011241357773542,1.7309051770716906,1.5624561067670584,1.6182141155004501,1.6602374278008938,1.6078910324722528,1.6666227262467146,1.6334449537098408,1.6781373638659716,1.702714553102851,1.7519014719873667,1.728233877569437,1.5895526893436909,1.6077945604920387,1.6463817558810114,0.05445529610636897,1.642584403976798,1.5627958570234477,1.5910345748998225,1.697344640661031,1.7357367289066314
426,Reuben Ginbey,West Coast,1.2768897116184235,1.3591842148452997,1.3161126170307398,1.5761394146829844,1.3751053549349308,1.32160266302526,1.377200284972787,1.2532612662762403,1.2619995884597301,1.4577979557216167,1.3935772813856602,1.4378240518271923,1.3266104888170958,1.2744747158139944,1.404994823038578,1.2357572354376316,1.3660529423505068,1.4575046375393867,1.3939198348671198,1.3480467405170202,1.2298192791640759,1.3775267265737057,1.388954009860754,1.3669540081173182,1.373525770381093,1.4814215283840895,1.3345659375190735,1.4064689800143242,1.2711765710264444,1.2267747782170773,1.391267018392682,1.2941394951194525,1.2941118907183409,1.4111793041229248,1.3733665253967047,1.3036361280828714,1.4121861457824707,1.2661243807524443,1.3797234520316124,1.3195035494863987,1.3994126971811056,1.295881800353527,1.399397237226367,1.3465201817452908,1.3953631576150656,1.3458551280200481,1.389739466831088,1.3696828298270702,1.3029545322060585,1.326788054779172,1.353761527761817,0.06924793310956387,1.3665034752339125,1.2393455617595464,1.2763849774952978,1.405302921846509,1.4577378254942597
407,Milan Murdock,West Coast,1.0910983886569738,1.0536615327000618,1.1222150605171919,1.04618975892663,1.0613835882395506,1.0717731658369303,1.1028424259275198,1.089193895459175,1.0883132629096508,1.0752563253045082,1.0783415716141462,1.0415287725627422,1.118337519466877,1.1272403951734304,1.0495611112564802,1.0611381568014622,1.1032150629907846,1.1102343760430813,1.045925522223115,1.0362513419240713,1.0823912266641855,1.0652471706271172,1.0792654789984226,1.0699397940188646,1.0987601652741432,1.0318918954581022,1.0316952336579561,1.0787446070462465,1.0742389038205147,1.0618488602340221,1.1036428641527891,1.075902247801423,1.138387931510806,1.082967707887292,1.0760432835668325,1.095453429967165,1.0888302475214005,1.1121380757540464,1.0269545409828424,1.0626741219311953,1.0517937652766705,1.1099267546087503,1.0865575559437275,1.092871330678463,1.1122304517775774,1.0808634664863348,1.0387941244989634,1.0274564567953348,1.145082851871848,1.0893830452114344,1.078913576491177,0.02916312603628757,1.0790050430223346,1.031735549326986,1.0461345334555954,1.1099910474885255,1.1262102015689015
415,Elliot Yeo,West Coast,0.9108240567147732,0.8740749284625053,0.9019144307821989,0.8705622535198927,0.8757028598338366,0.8980445861816406,0.8798271045088768,0.8851833455264568,0.8953446671366692,0.8979855235666037,0.8954704999923706,0.8989838231354952,0.8915615025907755,0.909960437566042,0.8901025149971247,0.8981971014291048,0.8817508965730667,0.8937315475195646,0.8940616436302662,0.9012297410517931,0.8970937225967646,0.8934990521520376,0.8815175238996744,0.9065472837537527,0.8919106423854828,0.8988623470067978,0.8813356962054968,0.9040780439972878,0.8950387090444565,0.8995595145970583,0.8888315781950951,0.8954896926879883,0.8980405032634735,0.902837585657835,0.8875788617879152,0.8906630091369152,0.8848615270107985,0.8765197340399027,0.8979738336056471,0.8832762017846107,0.8951253034174442,0.894458195194602,0.8977926820516586,0.8765522371977568,0.89988749101758,0.8813513740897179,0.9074346460402012,0.8817774038761854,0.8967863880097866,0.8923698179423809,0.8924712813273072,0.009627058722111151,0.8947484521195292,0.8758703190460801,0.8814827985893935,0.9001680212747306,0.9072527367714792
427,Tylar Young,West Coast,0.8592130597680807,0.8336684685200453,0.8300936352461576,0.8397639505565166,0.8362158425152302,0.8521559350192547,0.8572213426232338,0.8451224397867918,0.8398800510913134,0.835818825289607,0.8559771981090307,0.8401984516531229,0.8182443827390671,0.831877714022994,0.8372415155172348,0.8353796452283859,0.8139812909066677,0.8468911312520504,0.8404141254723072,0.8306559566408396,0.8561244774609804,0.8266796544194221,0.8405164498835802,0.8570767566561699,0.8197323568165302,0.8169138338416815,0.8224336337298155,0.8407843634486198,0.8325997944921255,0.810053113847971,0.8178449030965567,0.8312554862350225,0.8341302592307329,0.8659398518502712,0.8337694220244884,0.8088106382638216,0.8489090781658888,0.8549175970256329,0.8549687638878822,0.8268391825258732,0.865141861140728,0.8404462393373251,0.8260874710977077,0.8296580258756876,0.8255417738109827,0.8402431271970272,0.8366711512207985,0.8188219796866179,0.8155163004994392,0.8234970308840275,0.8360387907922268,0.014465522788076876,0.8355992352589965,0.8142959678731859,0.8195420879963785,0.854928290899843,0.858804757753387
425,Jobe Shanahan,West Coast,0.7559231836348772,0.7509234752506018,0.7557688448578119,0.7469216641038656,0.7474674191325903,0.7552742343395948,0.749309629201889,0.7542477063834667,0.7565304934978485,0.7525700908154249,0.7507613487541676,0.7549767326563597,0.7487197183072567,0.7434476353228092,0.7559185940772295,0.7487327419221401,0.7518312633037567,0.7606788147240877,0.7535417824983597,0.7492943666875362,0.750952085480094,0.7451346348971128,0.7577972281724215,0.7468804344534874,0.7496507000178099,0.7463176287710667,0.7520319055765867,0.765538489446044,0.7563584372401237,0.7587826531380415,0.7491198591887951,0.7476144544780254,0.7505862265825272,0.7475188560783863,0.7497119549661875,0.7467163633555174,0.7532511744648218,0.7554242424666882,0.7531778998672962,0.75662612169981,0.7600486595183611,0.7627438120543957,0.7479015309363604,0.7387625779956579,0.7488723583519459,0.7562466654926538,0.7537177763879299,0.7399731408804655,0.7537114769220352,0.7467466630041599,0.7518151150271296,0.005375268389570191,0.7513916743919253,0.7437934702355414,0.7469130471069366,0.7563943969979883,0.7605496329069138
412,Liam Duggan,West Coast,0.7424389440566301,0.7373042237013578,0.7475393712520599,0.7434452753514051,0.7337571084499359,0.7353690396994352,0.7384333312511444,0.7432800345122814,0.7351560350507498,0.7402037344872952,0.7400412689894438,0.7396887987852097,0.7408463768661022,0.737476596608758,0.7381311226636171,0.746719716116786,0.7388860508799553,0.7380701284855604,0.7399159260094166,0.739785173907876,0.7375254984945059,0.73557423427701,0.7345493175089359,0.7358448766171932,0.7430207785218954,0.7397883702069521,0.7335165478289127,0.7386966161429882,0.7355964537709951,0.7471227552741766,0.7406974546611309,0.7358914352953434,0.7437254004180431,0.7409832403063774,0.73717475309968,0.7489987816661596,0.7353866025805473,0.7438857518136501,0.7386081907898188,0.746096758171916,0.7416617218405008,0.7488653287291527,0.7441157847642899,0.7305534221231937,0.7327217720448971,0.7462534345686436,0.7400723863393068,0.7350445408374071,0.7427802942693233,0.7367607746273279,0.7397600306943058,0.004407337812248072,0.7397369863465428,0.7335658627562225,0.7353829319383949,0.7439338287003339,0.7474539649765939
449,Liam Baker,West Coast,0.7032693177461624,0.6863846108317375,0.7093640249222517,0.7002660967409611,0.6939107459038496,0.7051659245043993,0.6995416637510061,0.7057740278542042,0.7171006817370653,0.702755581587553,0.6955642383545637,0.7031913697719574,0.699166489765048,0.7008130066096783,0.6975098438560963,0.6953659635037184,0.7087373044341803,0.7094630114734173,0.7077003438025713,0.710568405687809,0.7104463577270508,0.6968721523880959,0.7123441211879253,0.6992002092301846,0.7128379791975021,0.695514377206564,0.6919856444001198,0.7073019426316023,0.7055566664785147,0.7236479911953211,0.7133477386087179,0.7043549604713917,0.7086411230266094,0.708020843565464,0.7066854871809483,0.7065215017646551,0.7011320609599352,0.6999063491821289,0.7019411325454712,0.7060790546238422,0.7112650759518147,0.7204396668821573,0.7013662625104189,0.6954359207302332,0.695512929931283,0.7124926522374153,0.6981600392609835,0.706982959061861,0.6997043043375015,0.7007819823920727,0.7041218427941203,0.007359239261089603,0.703812139108777,0.6942090655118227,0.6965987983550876,0.7107140097729862,0.7163313283957541
423,Brady Hough,West Coast,0.6822842285037041,0.6809179428964853,0.6826671361923218,0.6756474580615759,0.6786241065710783,0.6799685899168253,0.6796612124890089,0.6838913038372993,0.6827004663646221,0.6800730992108583,0.6819429099559784,0.6831718068569899,0.6797901298850775,0.6792249958962202,0.6801245901733637,0.6851923558861017,0.6821997351944447,0.6852139420807362,0.6811566613614559,0.6815219316631556,0.6767026539891958,0.6793728601187468,0.6847659200429916,0.6794828157871962,0.6791288293898106,0.6786347161978483,0.6792985703796148,0.6846913415938616,0.6821877416223288,0.684057492762804,0.6756654568016529,0.6815828438848257,0.6812777947634459,0.6829606927931309,0.6793498620390892,0.6807175725698471,0.6810832470655441,0.6815835312008858,0.6812871098518372,0.6832919623702765,0.682453216984868,0.6856884807348251,0.6803302820771933,0.6761920750141144,0.6735699735581875,0.6831536497920752,0.6773812919855118,0.6770468726754189,0.6811384186148643,0.6789144761860371,0.6807793271169067,0.0026919723914737054,0.6811108328402042,0.6757734135352075,0.6786324987858534,0.6831969193592667,0.6851049365382641
417,Hamish Davis,West Coast,0.6369481645524502,0.6347639933228493,0.6341696754097939,0.631488498300314,0.634363479912281,0.6326760817319155,0.6366646662354469,0.6396972201764584,0.6391276698559523,0.6347468048334122,0.63415770791471,0.6366396751254797,0.6360735129565,0.633081391453743,0.6358557716012001,0.6366060506552458,0.6350784804672003,0.6387739703059196,0.6376015469431877,0.6380695141851902,0.6340958829969168,0.6351858247071505,0.6374649032950401,0.6387343872338533,0.633789237588644,0.6321538109332323,0.6339169628918171,0.6410735100507736,0.6383184064179659,0.6404699683189392,0.6314088385552168,0.6391700897365808,0.6374444104731083,0.6378766670823097,0.6342011392116547,0.6378967240452766,0.6382154244929552,0.6395906284451485,0.637468421831727,0.6385818216949701,0.6396422442048788,0.6398247480392456,0.6346832420676947,0.631847657263279,0.6347269751131535,0.640139989554882,0.6342408433556557,0.6303066089749336,0.6372162494808435,0.6327801737934351,0.6361809933558107,0.0027255272158033437,0.6366228628903627,0.6315621258877218,0.6336412977464497,0.6391365356110036,0.6400753650441766
421,Bo Allan,West Coast,0.5899676941335201,0.5911028441041708,0.6003726981580257,0.5877917036414146,0.593989884480834,0.5894169639796019,0.5957297291606665,0.5990594327449799,0.6024030204862356,0.5963029582053423,0.5943644251674414,0.5952997803688049,0.5974143762141466,0.5953136328607798,0.5905349086970091,0.5970017351210117,0.597578251734376,0.602096913382411,0.5978973042219877,0.5917898304760456,0.5958862379193306,0.594418253749609,0.5946107376366854,0.5911135673522949,0.5892542116343975,0.5862017143517733,0.5932948999106884,0.5959176607429981,0.5987576954066753,0.595960633829236,0.5950010959059,0.5926657784730196,0.5953397508710623,0.5981411095708609,0.6001510843634605,0.5958257038146257,0.600794879719615,0.5941773168742657,0.5938584432005882,0.5971281416714191,0.6002664417028427,0.6020040437579155,0.5867499392479658,0.5911924187093973,0.5882591251283884,0.5934675205498934,0.5926279257982969,0.584397166967392,0.594810925424099,0.5965269319713116,0.5946845888718962,0.004247527946569762,0.5951504381373525,0.5869635009486228,0.5904163608532399,0.598820758510381,0.6017561651300639
429,Tom Cole,West Coast,0.5036072488874197,0.5031292270869017,0.5008952468633652,0.497758861631155,0.4993307385593653,0.500682083889842,0.5002053789794445,0.5025330036878586,0.5003325548022985,0.498641537502408,0.5023394003510475,0.4993957541882992,0.49997744895517826,0.49893627502024174,0.49765219539403915,0.501983217895031,0.5007827170193195,0.5064224600791931,0.49939817003905773,0.5000972505658865,0.500283382833004,0.49888819828629494,0.5032409764826298,0.500130869448185,0.5006791148334742,0.503829276189208,0.5001774895936251,0.5047351066023111,0.5024141725152731,0.5048166643828154,0.4993510004132986,0.5000153202563524,0.5013121981173754,0.4993976913392544,0.4956163205206394,0.5008990578353405,0.5010778587311506,0.5002337116748095,0.5021368693560362,0.5026352368295193,0.5008687824010849,0.5059815384447575,0.5009126923978329,0.4992828294634819,0.4957455229014158,0.5027560293674469,0.49662898667156696,0.49645841121673584,0.5001709405332804,0.500962883234024,0.5007147980853915,0.0023612439122076435,0.5005058348178864,0.4964933791849762,0.49892622698284683,0.502834027690813,0.504799945037812
619,Marcus Herbert,West Coast,0.4897698536515236,0.4824825841933489,0.4483080990612507,0.4846577066928148,0.484995374456048,0.46961591951549053,0.48013156466186047,0.4601264223456383,0.4775503147393465,0.479328703135252,0.47722763009369373,0.4717387296259403,0.46915676444768906,0.4901564735919237,0.4755390975624323,0.49229869060218334,0.4641736652702093,0.4915027040988207,0.4891343303024769,0.45990923047065735,0.4620024859905243,0.47481353394687176,0.48849030025303364,0.484653664752841,0.47217769362032413,0.48332997597754,0.4751990158110857,0.45617813989520073,0.48906377516686916,0.48302249796688557,0.48547513224184513,0.4816919229924679,0.5104294568300247,0.5148498192429543,0.4947699923068285,0.48470302671194077,0.48495798371732235,0.48092634230852127,0.4828878790140152,0.4675396643579006,0.4610863570123911,0.46785226091742516,0.46447051502764225,0.46619305945932865,0.4948597811162472,0.472321517765522,0.489736745133996,0.46051969192922115,0.47982375510036945,0.4734106194227934,0.4785048092901707,0.013111496618358571,0.47997765988111496,0.4599537548050284,0.46440847342833874,0.48974366481415926,0.49484137441031634
420,Cooper Duff-Tytler,West Coast,0.4699667226523161,0.4702044539153576,0.46915625408291817,0.4644679017364979,0.4674084782600403,0.4703554976731539,0.470245398581028,0.47599816136062145,0.46939220279455185,0.47229887545108795,0.4698792174458504,0.46912590973079205,0.46960475109517574,0.4670854229480028,0.46769764088094234,0.4693962149322033,0.46898030675947666,0.47187247686088085,0.471503134816885,0.4723001476377249,0.46700804121792316,0.47215815633535385,0.46834270283579826,0.46932374499738216,0.46855301782488823,0.46597267128527164,0.47019590996205807,0.4726501703262329,0.46859064884483814,0.47514187544584274,0.4709532596170902,0.4728313572704792,0.46845705807209015,0.4738199431449175,0.4688786845654249,0.47010952048003674,0.472022520378232,0.4722736347466707,0.46982559002935886,0.47211024537682533,0.47213687747716904,0.4746397081762552,0.46932984702289104,0.4664599597454071,0.4667132645845413,0.4714735150337219,0.4676153399050236,0.4664503391832113,0.4698424357920885,0.4659726917743683,0.469935838021338,0.0024948189455104406,0.4698340129107237,0.46607060949318113,0.4673409596998245,0.47227891005389394,0.47447165634483096
418,Josh Lindsay,West Coast,0.42943161353468895,0.432031175121665,0.428165627643466,0.42531799897551537,0.42714784666895866,0.43125504441559315,0.42826454900205135,0.42709745839238167,0.42824394069612026,0.4290060568600893,0.430018687620759,0.4273767601698637,0.424534160643816,0.42929732427001,0.42910271137952805,0.4302911479026079,0.42700413428246975,0.42757225036621094,0.42524465173482895,0.42295559123158455,0.4299369063228369,0.42574954964220524,0.43083749152719975,0.42756435833871365,0.42509791627526283,0.4256699811667204,0.4251627139747143,0.4285070113837719,0.42435524240136147,0.4266533926129341,0.42573991790413857,0.4281928203999996,0.4249865412712097,0.4320173393934965,0.428311413154006,0.42650830931961536,0.4256649259477854,0.4280114993453026,0.42637160792946815,0.4294519554823637,0.428454477339983,0.42723781801760197,0.4287922643125057,0.4205935578793287,0.42474585212767124,0.4238687790930271,0.4252150245010853,0.4267558790743351,0.42900185100734234,0.4222876373678446,0.4272220553085208,0.00243885899296644,0.42730728909373283,0.4231427947431803,0.4250746388994157,0.42943586500175296,0.4311694460734725
410,Jack Graham,West Coast,0.4216902684420347,0.42481667175889015,0.42606164142489433,0.42339775897562504,0.4248502217233181,0.4217536561191082,0.425899013876915,0.428692864254117,0.4254153296351433,0.42471395805478096,0.43314011581242085,0.43191714584827423,0.4293629787862301,0.4231423959136009,0.42659445479512215,0.427629292011261,0.4279015213251114,0.4320853054523468,0.4269211608916521,0.42734013870358467,0.424165366217494,0.4251620154827833,0.4258096441626549,0.42559356801211834,0.4252980649471283,0.42552775144577026,0.42417147383093834,0.4302109070122242,0.4197258688509464,0.42858134023845196,0.42018240317702293,0.4244590774178505,0.4319122638553381,0.43294704519212246,0.42327671870589256,0.42991163954138756,0.4343260023742914,0.43436041474342346,0.4291051160544157,0.4266589656472206,0.42525539919734,0.4293333441019058,0.4218468703329563,0.42378564551472664,0.4297868423163891,0.4324759729206562,0.428022813051939,0.42305178195238113,0.4239280913025141,0.421646011993289,0.4266768862679601,0.003708472428468213,0.4258543290197849,0.4216550845652819,0.4232486452423036,0.430566490592435,0.4331005363352597
585,Rhett Bazzo,West Coast,0.4201618190854788,0.41702873073518276,0.4204423800110817,0.4145842455327511,0.4178118575364351,0.4167130719870329,0.4166973177343607,0.4187019355595112,0.41935233771800995,0.4160695392638445,0.41969478875398636,0.4166614320129156,0.41653999127447605,0.41598531417548656,0.41499373875558376,0.4197735134512186,0.4193123411387205,0.4221647381782532,0.419075321406126,0.41803937032818794,0.4167136065661907,0.4148880150169134,0.4200126528739929,0.41602959483861923,0.41574158892035484,0.418080722913146,0.41824561916291714,0.4199973791837692,0.4186459518969059,0.41975003480911255,0.4145721085369587,0.417984439060092,0.41925727017223835,0.4162544123828411,0.41466218046844006,0.41714281775057316,0.4166571870446205,0.41965754702687263,0.41892274655401707,0.4188719727098942,0.41776769794523716,0.42197423055768013,0.41593873128294945,0.41858452558517456,0.41466719284653664,0.4199800491333008,0.415285712108016,0.4166749119758606,0.4176615085452795,0.41699626855552197,0.41774844922125337,0.0019421395493658949,0.41778977774083614,0.41466320800594986,0.41589752852916717,0.4197549418453127,0.4203848650213331
416,Ryan Maric,West Coast,0.35454556718468666,0.35459902323782444,0.35358579084277153,0.35207602195441723,0.35405657440423965,0.35235647670924664,0.35404939763247967,0.3560036290436983,0.3543794509023428,0.3512836154550314,0.3512754887342453,0.35349080711603165,0.35244108363986015,0.35275464318692684,0.3505138922482729,0.35577137395739555,0.35306150279939175,0.3570873588323593,0.3520088233053684,0.35255556739866734,0.3512596096843481,0.3512954581528902,0.3523569870740175,0.35398561507463455,0.35313275270164013,0.3541830237954855,0.35400686226785183,0.3537964504212141,0.35563858039677143,0.3543358650058508,0.34968952648341656,0.3516481574624777,0.3546379432082176,0.3530058991163969,0.35120139829814434,0.3512619882822037,0.35260834358632565,0.3527799714356661,0.35459619387984276,0.3530870024114847,0.3520940635353327,0.3598062600940466,0.3533044997602701,0.35296173207461834,0.3508650120347738,0.35224610567092896,0.35229209437966347,0.35195744782686234,0.35402317717671394,0.35138667561113834,0.35314681570976975,0.0017963916582974001,0.3529838155955076,0.3509339712187648,0.3512929830290377,0.3545561481639743,0.35595601675100624
552,Jack Williams,West Coast,0.34970051422715187,0.3512092735618353,0.35102554596960545,0.34995939023792744,0.3506034165620804,0.34884848073124886,0.3487471826374531,0.3493158742785454,0.3498594295233488,0.3484532330185175,0.3484913855791092,0.35104774311184883,0.34873339906334877,0.34988921508193016,0.3487694952636957,0.3534349873661995,0.35239764861762524,0.3519922737032175,0.35021928884088993,0.35028898529708385,0.34945513866841793,0.3469740618020296,0.3524432647973299,0.34960371255874634,0.34790229611098766,0.3503783941268921,0.35025213845074177,0.3497368060052395,0.34970259852707386,0.3510786946862936,0.34937688149511814,0.3506708648055792,0.3498394303023815,0.35005955025553703,0.3483763299882412,0.3504976090043783,0.3488098420202732,0.35366662219166756,0.3499886840581894,0.3521032016724348,0.348518380895257,0.354542026296258,0.3497430942952633,0.3481299392879009,0.348224388435483,0.3507992960512638,0.3479432836174965,0.35064699314534664,0.34817426837980747,0.34977597184479237,0.3500080105289817,0.0015626459186437308,0.34984942991286516,0.3479815480299294,0.34848341169394553,0.3511059856712818,0.35323168423958123
607,Brandon Starcevich,West Coast,0.3318319711834192,0.3319538068026304,0.3334956057369709,0.32817344181239605,0.33232003450393677,0.3316183667629957,0.32982319220900536,0.33230471797287464,0.3322018887847662,0.330119950696826,0.33285256288945675,0.3325189184397459,0.32914542593061924,0.32734065502882004,0.32875305600464344,0.33345779217779636,0.3327963091433048,0.3342888690531254,0.3329797200858593,0.33350888825953007,0.3300269693136215,0.3289563190191984,0.3335082773119211,0.3310065343976021,0.3307404834777117,0.33131236024200916,0.33155545592308044,0.3336683716624975,0.3335485924035311,0.3333876933902502,0.33039423637092113,0.33124425262212753,0.3324148338288069,0.3310686834156513,0.3278317879885435,0.3318140748888254,0.33048045076429844,0.33363314159214497,0.3327097687870264,0.3312225714325905,0.33248970843851566,0.3342926912009716,0.331564849242568,0.3305409923195839,0.329204473644495,0.333985585719347,0.3287133891135454,0.3318004235625267,0.3312583789229393,0.3319289907813072,0.33155579030513765,0.0017656784698578964,0.33180724922567606,0.3282841310091317,0.32969388002902267,0.3334982540961355,0.33392055683769284
574,Harvey Johnston,West Coast,0.2532820366322994,0.25229096971452236,0.25239224545657635,0.2486795261502266,0.2506513502448797,0.2509238887578249,0.2529096733778715,0.2525747660547495,0.2521651145070791,0.24905705451965332,0.2523709014058113,0.24946713261306286,0.25115774758160114,0.2512932252138853,0.24952860362827778,0.2525778915733099,0.2510328833013773,0.25435056164860725,0.2499550525099039,0.2510847710072994,0.2502433806657791,0.24979116395115852,0.2520078644156456,0.2506466843187809,0.2509994562715292,0.25312700122594833,0.24966951832175255,0.25220281071960926,0.2517172247171402,0.25222088024020195,0.24915887787938118,0.2509320080280304,0.2526240535080433,0.24997498467564583,0.2506563290953636,0.24898367933928967,0.2514366935938597,0.248317901045084,0.2530989609658718,0.25287383422255516,0.25054773315787315,0.25513026118278503,0.25077015720307827,0.25085533037781715,0.2491394728422165,0.2502497062087059,0.24915838055312634,0.2500385232269764,0.25267968140542507,0.24922824651002884,0.25112452391535045,0.0015469247983900243,0.2509657321497798,0.2489987212512642,0.24941720541752874,0.2526356797385961,0.25325025437399745
497,Malakai Champion,West Coast,0.2323464285582304,0.23120491579174995,0.2317486945539713,0.22868063114583492,0.23168682865798473,0.23085035011172295,0.23057282529771328,0.2318681664764881,0.22874807380139828,0.22941454499959946,0.23060540668666363,0.22951010428369045,0.2314052153378725,0.23182706721127033,0.22738194093108177,0.23156621679663658,0.22829562798142433,0.23292201943695545,0.2280361782759428,0.2291385866701603,0.23182216472923756,0.22793248295783997,0.23077665455639362,0.22899818047881126,0.23038502037525177,0.23018338531255722,0.23025350831449032,0.23121237568557262,0.23219177685678005,0.23113703355193138,0.2282773945480585,0.2292479295283556,0.2321136649698019,0.22992142289876938,0.22860229574143887,0.23007484897971153,0.23047451116144657,0.22971554659307003,0.23002725094556808,0.23245440982282162,0.23069643788039684,0.23218233697116375,0.23060793802142143,0.22913504391908646,0.22806312330067158,0.2283629234880209,0.22980476543307304,0.2293975055217743,0.23084460571408272,0.23052948340773582,0.23026471689343453,0.001402043142064116,0.23042976576834917,0.2280417020060122,0.22866425904631615,0.2318231893479824,0.2323147249594331
424,Archer Reid,West Coast,0.18046089448034763,0.17952590622007847,0.185034254565835,0.17948131449520588,0.17960014939308167,0.18145809322595596,0.18315796367824078,0.18420284427702427,0.1830547209829092,0.18487354926764965,0.18445074371993542,0.18262924812734127,0.18498662300407887,0.18187141604721546,0.18309990875422955,0.1833673920482397,0.1848380360752344,0.18569195084273815,0.1855827271938324,0.18237930722534657,0.18217984586954117,0.18552060052752495,0.18062101863324642,0.18282644264400005,0.18386754393577576,0.17855376936495304,0.18337715975940228,0.18581562861800194,0.18005414493381977,0.18462196364998817,0.18324578739702702,0.18380909599363804,0.1829854715615511,0.1848407592624426,0.18377221748232841,0.18325465731322765,0.1817944012582302,0.18387638963758945,0.18225018493831158,0.181378822773695,0.18385175429284573,0.1851978562772274,0.18094164691865444,0.18197468109428883,0.18379472196102142,0.1846045907586813,0.18114922381937504,0.18094994127750397,0.1815829612314701,0.176888482645154,0.18278657618910074,0.0020243316708398046,0.18312893621623516,0.17949045579880477,0.18087463560700417,0.18484761237353087,0.18556999122723938
408,Deven Robertson,West Coast,0.1780515592545271,0.17638970352709293,0.17890632338821888,0.17658164352178574,0.1700823549181223,0.17757138051092625,0.17518817260861397,0.17952665500342846,0.1863744780421257,0.16928076930344105,0.1747533418238163,0.17633222043514252,0.18208078667521477,0.18142204359173775,0.17600218951702118,0.16906525194644928,0.1758746039122343,0.18137395940721035,0.1827351339161396,0.18024249747395515,0.17402438819408417,0.17463547177612782,0.17605305276811123,0.17278769612312317,0.1764726098626852,0.17551261000335217,0.17719264514744282,0.17968618869781494,0.17642134800553322,0.1782965324819088,0.1741776131093502,0.18126355856657028,0.17434442602097988,0.1810835711658001,0.18048626743257046,0.18939005210995674,0.17494402825832367,0.17235376127064228,0.17384034022688866,0.18031193688511848,0.1738536935299635,0.17850491404533386,0.1761753223836422,0.17386142909526825,0.17816277593374252,0.177634010091424,0.17457851953804493,0.17123857513070107,0.17496045492589474,0.16681524366140366,0.17673796210438014,0.0041999413035685084,0.17636096198111773,0.1694450943544507,0.17385090268962086,0.18061110391281546,0.18260099273175
573,Jack Hutchinson,West Coast,0.1674447450786829,0.1670838575810194,0.16692307591438293,0.16650663875043392,0.16729941591620445,0.16590897180140018,0.16470765508711338,0.1676914356648922,0.16473093442618847,0.16501698270440102,0.1674933172762394,0.16517967358231544,0.16725481115281582,0.16535057872533798,0.1646863929927349,0.16542845964431763,0.16512187384068966,0.16701706126332283,0.16483533382415771,0.16725028865039349,0.1643023770302534,0.166873287409544,0.16578993573784828,0.1665061004459858,0.1640833094716072,0.16690043173730373,0.16648483835160732,0.16727822087705135,0.16690069809556007,0.16687426157295704,0.16416901722550392,0.16650034300982952,0.16780435480177402,0.1656451765447855,0.16593881137669086,0.16650610230863094,0.1659839954227209,0.16581831127405167,0.16637765057384968,0.1673310436308384,0.16678114980459213,0.16550506465137005,0.16619211621582508,0.16560988686978817,0.1640109121799469,0.1670931875705719,0.1658333372324705,0.1648707389831543,0.16534410044550896,0.16608671471476555,0.16608653958886863,0.001044713666599867,0.16613941546529531,0.16419635598547758,0.164863339304924,0.16725123385339977,0.16748335997574032
498,Sandy Brock,West Coast,0.16467398963868618,0.1663850825279951,0.16538183949887753,0.16371587105095387,0.16513260081410408,0.1652781069278717,0.16685201041400433,0.16443313471972942,0.16530783474445343,0.1660803183913231,0.16364016756415367,0.16561982780694962,0.16429193504154682,0.1650584526360035,0.16487890295684338,0.16603098809719086,0.16585189290344715,0.1658892948180437,0.1668261643499136,0.1646769866347313,0.1641529742628336,0.16524512879550457,0.16759948804974556,0.1659151017665863,0.16573748737573624,0.16548560373485088,0.16491076163947582,0.16647643223404884,0.16577884554862976,0.1661503203213215,0.16483214683830738,0.16535328701138496,0.165004787966609,0.16592797078192234,0.16623960435390472,0.16508748196065426,0.16454865597188473,0.1648473609238863,0.16525543853640556,0.1649951208382845,0.1646175291389227,0.16845878399908543,0.16622873954474926,0.1654096581041813,0.16417950950562954,0.16516338847577572,0.16549117490649223,0.1644795909523964,0.16419698297977448,0.16490257158875465,0.16537354659289122,0.0009312702178855269,0.16526677273213863,0.16415841398760678,0.16453422138281165,0.1661667099390179,0.16684671197086573
522,Elijah Hewett,West Coast,0.15822375565767288,0.1581510417163372,0.15732812136411667,0.15763007663190365,0.1588493026793003,0.15879992954432964,0.15792430005967617,0.15783976204693317,0.1573816668242216,0.15892477333545685,0.15695642866194248,0.15761144645512104,0.15633269399404526,0.1580541804432869,0.15718570910394192,0.15810916759073734,0.1579512171447277,0.1573096662759781,0.15787301398813725,0.1563399937003851,0.15602413937449455,0.15748894773423672,0.1582230869680643,0.15862412378191948,0.15624911151826382,0.15622607618570328,0.1577979065477848,0.15783981420099735,0.15766684524714947,0.1571455281227827,0.1568392962217331,0.15697726793587208,0.15596049837768078,0.15903483517467976,0.1576391328126192,0.157903665676713,0.15762065537273884,0.157235998660326,0.15730610862374306,0.15658150613307953,0.15845992974936962,0.15719332918524742,0.1585764680057764,0.15817363373935223,0.15673163533210754,0.15824861638247967,0.1582102905958891,0.15692364051938057,0.15725821629166603,0.1577403787523508,0.15757353860884904,0.0007768456328427877,0.15763460472226143,0.1562307984288782,0.15681679509580135,0.1582289515491575,0.15883918118663132
422,Jamie Cripps,West Coast,0.15095803514122963,0.1500035598874092,0.15268001705408096,0.15002451092004776,0.14866558089852333,0.1504119634628296,0.153261948376894,0.15321136265993118,0.15382104367017746,0.1526868138462305,0.15294791758060455,0.15475627966225147,0.15306965447962284,0.1514362171292305,0.1533401980996132,0.1514583546668291,0.15321031212806702,0.15370543859899044,0.15344194881618023,0.15382604487240314,0.15121138468384743,0.153583861887455,0.15104451589286327,0.1519390568137169,0.15304785780608654,0.149630444124341,0.15243377909064293,0.15459434688091278,0.15130908228456974,0.15341234020888805,0.15222861804068089,0.15501253306865692,0.15328662283718586,0.15392018854618073,0.1547013781964779,0.15322213806211948,0.15270588360726833,0.15361507795751095,0.15227137878537178,0.15170428343117237,0.1541518233716488,0.1547052226960659,0.1512331459671259,0.14972377009689808,0.15332453325390816,0.15382822789251804,0.15092223323881626,0.15067691169679165,0.1537277065217495,0.14816205576062202,0.15244495209306477,0.0016411858750030436,0.15299788769334555,0.1496495759487152,0.1508709610365331,0.15382650112360716,0.15470443457365035
430,Matt Flynn,West Coast,0.1493369359523058,0.14851412549614906,0.14638174138963223,0.1426236480474472,0.14227218553423882,0.1459660567343235,0.1480646599084139,0.14702180214226246,0.1487992238253355,0.14595604501664639,0.1449158824980259,0.14800234697759151,0.15068098530173302,0.14555776305496693,0.14708288200199604,0.14792306907474995,0.1467285417020321,0.14579981192946434,0.14572863839566708,0.14677155949175358,0.14567800424993038,0.14694887958467007,0.1460183784365654,0.1464996226131916,0.1470273993909359,0.14307893440127373,0.14529587887227535,0.14543598517775536,0.14551022462546825,0.14841936714947224,0.14662598818540573,0.15361150354146957,0.1469930149614811,0.14703123830258846,0.1481348443776369,0.1455755978822708,0.14426297321915627,0.14373653195798397,0.14933381229639053,0.14868654124438763,0.14892597682774067,0.14816855639219284,0.14727594144642353,0.14538683369755745,0.14451121911406517,0.14915502443909645,0.14698344841599464,0.14417733624577522,0.14931266754865646,0.14180941693484783,0.1466747809201479,0.0021959057939240204,0.14675005059689283,0.14271698174998165,0.1448313078507781,0.14871009190380574,0.14933629560284317
631,Oliver Francou,West Coast,0.12743468210101128,0.12615324184298515,0.12708379328250885,0.1264553926885128,0.12887084297835827,0.12761849351227283,0.1272626668214798,0.1292122956365347,0.12808293662965298,0.12866085395216942,0.12908568046987057,0.12804654240608215,0.1272787507623434,0.1276686117053032,0.12703371793031693,0.12769422121345997,0.12828658893704414,0.12955875135958195,0.12984395027160645,0.1287593562155962,0.1262363586574793,0.1289717759937048,0.1306855659931898,0.12974022515118122,0.1262414027005434,0.12835017405450344,0.12846257910132408,0.12780138850212097,0.13088571652770042,0.12988395243883133,0.1282060444355011,0.12713402695953846,0.12855306826531887,0.12800362333655357,0.12835648842155933,0.1292728576809168,0.13048123195767403,0.13018111139535904,0.12794075906276703,0.12847107648849487,0.12721917405724525,0.1290902942419052,0.1268979124724865,0.1291424259543419,0.12815110199153423,0.1291431002318859,0.1278777178376913,0.12722201831638813,0.1270557977259159,0.12738952040672302,0.1282627972215414,0.0011723631119165325,0.12817857321351767,0.12628527064807712,0.12712352812103928,0.1293326094597578,0.13041970724239946
475,Harry Schoenberg,West Coast,0.12644641660153866,0.12718448229134083,0.12674795649945736,0.12651712074875832,0.1268829181790352,0.12744822725653648,0.12764083594083786,0.127512376755476,0.12629520893096924,0.12817097455263138,0.1269315667450428,0.12681984156370163,0.12614141777157784,0.12670482136309147,0.1263484563678503,0.1275915540754795,0.12605181336402893,0.125926086679101,0.12589874304831028,0.12567378021776676,0.12761635519564152,0.12690288946032524,0.1272689737379551,0.12636328302323818,0.12622547149658203,0.12585891596972942,0.12651822715997696,0.12794428318738937,0.12704189121723175,0.12787975743412971,0.12666776217520237,0.12697132676839828,0.12690413556993008,0.1278565563261509,0.12775340676307678,0.12627198547124863,0.1264394335448742,0.12662838585674763,0.1264989860355854,0.12596021592617035,0.1267453245818615,0.12580322846770287,0.12786881439387798,0.12553769536316395,0.12545106559991837,0.12727567553520203,0.12721179239451885,0.12601371109485626,0.12660267762839794,0.12675430066883564,0.12675542254000902,0.0006935263916678105,0.12672507297247648,0.12570031710900367,0.1260025306046009,0.12759673750959336,0.1278775141108781
620,Tom Gross,West Coast,0.11586708016693592,0.11465379595756531,0.11447254195809364,0.11452514678239822,0.11460022814571857,0.11578736826777458,0.11434819176793098,0.11554617248475552,0.11635418236255646,0.1153549924492836,0.11477429047226906,0.11476650089025497,0.11292088218033314,0.11347289010882378,0.11612515524029732,0.11582653224468231,0.11708045564591885,0.11555876582860947,0.1155655812472105,0.11465534754097462,0.1162681095302105,0.11550705693662167,0.1149461418390274,0.1156386025249958,0.11453632265329361,0.11537493579089642,0.11530491150915623,0.11513125710189342,0.11391847394406796,0.11611491069197655,0.11567718535661697,0.11520646698772907,0.11328095570206642,0.11641342751681805,0.11393305845558643,0.11523286253213882,0.11491613276302814,0.11531216837465763,0.11600478924810886,0.11536608077585697,0.1166839525103569,0.11612950079143047,0.1141345277428627,0.11455998942255974,0.11477534286677837,0.1164403110742569,0.11410066857933998,0.11509371362626553,0.1155980583280325,0.114476278424263,0.1151666459068656,0.000891181284201773,0.11526888702064753,0.11356423479504883,0.11444655276834964,0.11611705180257559,0.11643479994498193
428,Jacob Newton,West Coast,0.10198626108467579,0.10189714841544628,0.10416643135249615,0.10158303193747997,0.10071212239563465,0.10253606550395489,0.10351240076124668,0.10584063269197941,0.10510983131825924,0.10327415727078915,0.10403401218354702,0.10474648326635361,0.1048333290964365,0.10294775292277336,0.10392110422253609,0.10292302258312702,0.10323772579431534,0.10529115609824657,0.10562295280396938,0.10418837517499924,0.10178698599338531,0.1048752460628748,0.10282477177679539,0.10358036123216152,0.10332089103758335,0.10152032040059566,0.10313402861356735,0.10480105876922607,0.10287534445524216,0.1064190473407507,0.10282918810844421,0.10523128509521484,0.10473419539630413,0.10537032969295979,0.10540824756026268,0.10361927561461926,0.1049993596971035,0.10402878187596798,0.10427846759557724,0.10404587909579277,0.10493378899991512,0.10645084641873837,0.1030574943870306,0.10168943554162979,0.1042435634881258,0.10445401631295681,0.10348604619503021,0.10094166919589043,0.10506612434983253,0.10030155070126057,0.1037334319576621,0.001472389988762652,0.10397494304925203,0.101060292692855,0.10196763653680682,0.10513521515764296,0.10579600831493735
450,Harry Edwards,West Coast,0.07812877185642719,0.07737352326512337,0.0789514109492302,0.07719104550778866,0.07622489519417286,0.07817233726382256,0.07944559305906296,0.08111397922039032,0.07937592826783657,0.078286562114954,0.07938196323812008,0.07822619006037712,0.0800507552921772,0.07856542244553566,0.07919397205114365,0.0779518410563469,0.0782580841332674,0.08044959791004658,0.08052034117281437,0.08074742369353771,0.0762570183724165,0.08082512393593788,0.07759926281869411,0.08025127463042736,0.07902309857308865,0.07842733524739742,0.07844105921685696,0.08106869645416737,0.07692953757941723,0.08023958280682564,0.0781695619225502,0.0812179446220398,0.08030593767762184,0.08065984956920147,0.08007021434605122,0.07903909496963024,0.07884923554956913,0.07839567586779594,0.07893576100468636,0.08059104904532433,0.07951264269649982,0.08212538808584213,0.07776809297502041,0.0767615120857954,0.07904412597417831,0.07912165485322475,0.07844795659184456,0.07658097892999649,0.08082355558872223,0.07584111765027046,0.07897865954786538,0.0014767153365577994,0.07898725476115942,0.0763234302867204,0.07755208325199783,0.08060542835481464,0.08110469625331461
496,Matthew Owies,West Coast,0.07182104326784611,0.07194637507200241,0.07183979451656342,0.07182365469634533,0.07205305621027946,0.07257785089313984,0.07200515829026699,0.07237680070102215,0.07092173956334591,0.07278232276439667,0.07186928391456604,0.07230853475630283,0.07207252085208893,0.07216259278357029,0.07145121693611145,0.07183299586176872,0.07098752819001675,0.07090882025659084,0.07191315107047558,0.07115600071847439,0.07230530492961407,0.0718647912144661,0.07204743288457394,0.07134961523115635,0.07151897996664047,0.07132129557430744,0.0717440526932478,0.072858527302742,0.07216903381049633,0.07204288803040981,0.0718234907835722,0.07144789956510067,0.07167544588446617,0.07220516726374626,0.07173330523073673,0.07214163802564144,0.07201557978987694,0.07216595113277435,0.07127818092703819,0.07142833434045315,0.07162428088486195,0.07087893970310688,0.07265139743685722,0.07200077548623085,0.07064823247492313,0.07213169150054455,0.07184750400483608,0.07129642181098461,0.07169590331614017,0.07212401181459427,0.07181693028658628,0.0004924528379064221,0.07185614760965109,0.07091146871447564,0.07131609695777297,0.07217658570222557,0.07263632039539517
144,Marcus Bontempelli,Western Bulldogs,23.350555289536715,23.22057649306953,23.23800435476005,23.362031385302544,23.382240053266287,23.37413975968957,23.104847935959697,23.138594361022115,23.14366354048252,23.298160552978516,23.28347509354353,23.50429443642497,23.297837667167187,23.33416422829032,23.281483178958297,23.33244572393596,23.346800338476896,23.259502900764346,23.22738647274673,23.29879431799054,23.32020523585379,23.11705899424851,23.335980381816626,23.072295563295484,23.178749026730657,23.463311549276114,23.466602358967066,23.406941009685397,23.432143561542034,23.060362664982677,23.130730472505093,23.358369398862123,23.2329229041934,23.20790821313858,23.377076035365462,23.441277753561735,23.282047994434834,23.251866925507784,23.23873475380242,23.29187103174627,23.372781485319138,23.179407911375165,23.19359994120896,23.429552322253585,23.281375819817185,23.290590282529593,23.23385756276548,23.445271821692586,23.053815480321646,23.435138946399093,23.287216909751297,0.11388371356500095,23.29123065713793,23.078968799691648,23.171416160104798,23.411666774012147,23.45961340512149
138,Ed Richards,Western Bulldogs,14.064412442967296,13.976126780733466,14.125283749774098,14.203465381637216,13.924865834414959,14.185383288189769,14.084807708859444,13.945460852235556,14.044935435056686,14.095692185685039,13.981177212670445,14.042261980473995,14.145225381478667,14.128965023905039,13.908770821988583,14.007585752755404,13.907508155331016,13.98429892025888,14.114933617413044,13.918717809021473,13.906930917873979,13.980519395321608,13.992065878584981,14.052084356546402,13.85983550734818,13.8635768070817,14.090228339657187,14.139480555430055,14.063632529228926,14.01591843366623,14.027099719271064,14.08415380679071,14.095454862341285,14.1199796423316,14.15008150972426,14.041573284193873,14.143625769764185,14.014582369476557,14.130234288051724,14.227865148335695,14.156907342374325,14.034955436363816,13.874079000204802,14.015924444422126,14.067055499181151,13.984349614009261,13.935940014198422,13.937758030369878,14.14287207275629,14.049612659960985,14.039765111394226,0.09321727620045882,14.04359870776534,13.880813643326983,13.933625510623678,14.140189382551238,14.179545719297602
142,Matthew Kennedy,Western Bulldogs,3.873250501230359,3.945264585316181,3.931874515488744,3.9069475643336773,3.930366264656186,3.9033035915344954,4.024786403402686,3.967636374756694,3.92562766186893,3.9848329089581966,3.987037608399987,3.840971866622567,3.9634372796863317,3.8649697676301003,3.9608075469732285,3.842426259070635,3.9570591617375612,3.988918898627162,3.978797597810626,3.9634130150079727,3.863674510270357,4.108942566439509,3.8935775980353355,4.008353037759662,3.9919255524873734,3.970600325614214,3.87055560387671,3.9265315402299166,3.921797599643469,3.9829569198191166,3.9101290479302406,3.8924958370625973,3.871671311557293,3.9550692588090897,3.9980644900351763,3.922760570421815,3.9634742103517056,4.004587298259139,3.9579507261514664,3.9433085042983294,3.959231983870268,4.100913740694523,3.9572575483471155,3.8358834199607372,3.8709059059619904,3.9362516421824694,3.9173177499324083,3.922503035515547,3.9225802458822727,4.035274717956781,3.943165517449379,0.0590408964656852,3.9442865448072553,3.846782150566578,3.8729204505886883,3.989547289283946,4.033124613473192
154,Bailey Dale,Western Bulldogs,3.476172911003232,3.6353225372731686,3.6198139302432537,3.6144862975925207,3.5780419278889894,3.536807958036661,3.5094201862812042,3.4636588003486395,3.659247223287821,3.5102274902164936,3.5057792253792286,3.5088410302996635,3.570694552734494,3.4804149493575096,3.5701217968016863,3.550001982599497,3.7025266103446484,3.429857473820448,3.595074424520135,3.6068196184933186,3.4974177833646536,3.6319178733974695,3.6764530576765537,3.633929079398513,3.6537671703845263,3.56048065982759,3.4452000185847282,3.477549158036709,3.534824848175049,3.5892581157386303,3.5090012326836586,3.568638948723674,3.5735500808805227,3.4976774659007788,3.5985349155962467,3.4763401206582785,3.5127222258597612,3.5207435581833124,3.5266289338469505,3.568907054141164,3.70251621119678,3.47378346696496,3.494253434240818,3.5079479217529297,3.721044199541211,3.5313458889722824,3.5897906366735697,3.4702623784542084,3.552925469353795,3.5918718855828047,3.5562522944062946,0.0709363431522916,3.551463725976646,3.465012533860281,3.4798159989714623,3.6323382154516874,3.6971732647251336
146,Tom Liberatore,Western Bulldogs,2.853680446743965,2.7157219294458628,2.6770288944244385,2.714259834960103,2.7196170203387737,2.759183118119836,2.7663658391684294,2.722134606912732,2.7043725606054068,2.74588855355978,2.7560380585491657,2.725378639996052,2.7092762161046267,2.729028567671776,2.8081904724240303,2.704602126032114,2.78589254245162,2.8160557840019464,2.7360672410577536,2.724599312990904,2.660510139539838,2.7050331197679043,2.76210661418736,2.7897945288568735,2.7602453362196684,2.740884058177471,2.6894131060689688,2.764549482613802,2.7427862342447042,2.748339818790555,2.750221785157919,2.713875476270914,2.6803663447499275,2.7466607335954905,2.769243773072958,2.7817245293408632,2.776991493999958,2.7350526191294193,2.751360261812806,2.731679242104292,2.776184920221567,2.678718436509371,2.714111603796482,2.690135421231389,2.7935122903436422,2.7357813715934753,2.8018468637019396,2.7569265253841877,2.764198560267687,2.6751966029405594,2.7412166611850264,0.04027540024514404,2.7418351462110877,2.6773752505518496,2.7045541468579324,2.7779806983862074,2.8068900326360016
158,Aaron Naughton,Western Bulldogs,2.6923249661922455,2.7475668247789145,2.6452909130603075,2.6484226267784834,2.6463217101991177,2.5978445038199425,2.6835384629666805,2.672052428126335,2.682345712557435,2.671914679929614,2.6693596728146076,2.6263761408627033,2.688011199235916,2.6823833119124174,2.599985770881176,2.602988101541996,2.6933463271707296,2.647215586155653,2.6436399184167385,2.6415182072669268,2.6895591784268618,2.682086931541562,2.630112065002322,2.6407916620373726,2.676776083186269,2.6622850466519594,2.6702549885958433,2.670349134132266,2.588762888684869,2.6149968560785055,2.664103277027607,2.6670445408672094,2.6550246216356754,2.734824873507023,2.6711314488202333,2.5911360438913107,2.666320102289319,2.6456968151032925,2.6683494560420513,2.6967841405421495,2.6483551785349846,2.6008408181369305,2.732525162398815,2.6548562962561846,2.6664022132754326,2.6717994920909405,2.6918867602944374,2.6383614744991064,2.6792290955781937,2.636261936277151,2.6597871129214763,0.03489311546789134,2.666361157782376,2.5982834635674954,2.629331256857142,2.688334726886824,2.7251982529181986
281,Ryley Sanders,Western Bulldogs,2.5057972986251116,2.589324051514268,2.580112935975194,2.5064666979014874,2.578250717371702,2.382682664319873,2.5202747266739607,2.544861901551485,2.5481885969638824,2.4914160817861557,2.4910214971750975,2.546378906816244,2.489890156313777,2.3895448055118322,2.5143041983246803,2.600651655346155,2.5475681014358997,2.5018811151385307,2.496176190674305,2.512034844607115,2.5721881054341793,2.5915623288601637,2.5244983825832605,2.5068139005452394,2.54724894836545,2.493032716214657,2.5197706427425146,2.4842190854251385,2.5169859379529953,2.5662340838462114,2.5166242364794016,2.564131136983633,2.4866314083337784,2.487030604854226,2.515776289626956,2.4263847954571247,2.4753806591033936,2.5013166461139917,2.565029740333557,2.4926629941910505,2.4509004298597574,2.5941011365503073,2.5422856397926807,2.4149549286812544,2.4466557633131742,2.542167579755187,2.610320955514908,2.4839090555906296,2.5662003625184298,2.5206748507916927,2.517250409796834,0.05168133469904906,2.516200263053179,2.4172980513703077,2.484154289189726,2.5674784743580967,2.5935806809738278
163,Joel Freijah,Western Bulldogs,2.486806584522128,2.520619509741664,2.528796738013625,2.5043902844190598,2.452723963186145,2.456065746024251,2.488124843686819,2.4685565941035748,2.5376735366880894,2.5453468747437,2.430616019293666,2.47684109210968,2.4920328371226788,2.478777538985014,2.482467921450734,2.5164838563650846,2.422925775870681,2.488704612478614,2.5438050739467144,2.5033436473459005,2.4736316669732332,2.50954008474946,2.466816570609808,2.50697211176157,2.4808867052197456,2.504491714760661,2.4771352764219046,2.5487877894192934,2.4633352123200893,2.461229596287012,2.5362705420702696,2.4522201139479876,2.397326337173581,2.443371243774891,2.5113660283386707,2.4992691688239574,2.428746845573187,2.501801513135433,2.5180967319756746,2.5453016944229603,2.4710844941437244,2.5483262483030558,2.50610077008605,2.488070223480463,2.4728447142988443,2.4642559587955475,2.5423917528241873,2.509760309010744,2.4902448523789644,2.4614539053291082,2.4901246645301582,0.035465439880247016,2.4884147280827165,2.4291300261858852,2.460150351582095,2.530358763061464,2.5453376127779483
149,Bailey Williams,Western Bulldogs,1.326668718829751,1.4431009385734797,1.446543699130416,1.433512955904007,1.4026883244514465,1.462502334266901,1.4702383056282997,1.4373178984969854,1.3130848053842783,1.4158858079463243,1.5061098653823137,1.4471647925674915,1.355631697922945,1.4296163469552994,1.4042917396873236,1.442526837810874,1.4255719315260649,1.2996159810572863,1.338940393179655,1.391270475462079,1.4178661666810513,1.40461840108037,1.4178104549646378,1.4122646655887365,1.376592218875885,1.4600069504231215,1.4126445706933737,1.3781357817351818,1.4156850203871727,1.4354275446385145,1.2986425049602985,1.4624085295945406,1.4843987505882978,1.4671560544520617,1.4084190633147955,1.4280242528766394,1.460200535133481,1.4247096553444862,1.407419752329588,1.3262275587767363,1.3885309379547834,1.4512233044952154,1.4819512963294983,1.5008541569113731,1.4180477652698755,1.367642529308796,1.407937154173851,1.3696773331612349,1.364975981414318,1.4498113971203566,1.41383188277483,0.04967000037400893,1.4178383108228445,1.3157790698297323,1.36708522079885,1.4606620059758424,1.483897022465244
143,Tim English,Western Bulldogs,1.118122573941946,1.1212118156254292,1.1220572888851166,1.058886792510748,1.1485952287912369,1.152468340471387,1.146990966051817,1.1204580403864384,1.107798058539629,1.1223877873271704,1.11260193772614,1.1172829493880272,1.0803984198719263,1.1393511537462473,1.0945083238184452,1.080860037356615,1.1357169691473246,1.0899229366332293,1.1163781806826591,1.1026010550558567,1.1612945143133402,1.1323975771665573,1.144501170143485,1.1522904615849257,1.150224681943655,1.1332067139446735,1.084814015775919,1.1257205698639154,1.0993758589029312,1.1423224601894617,1.1092950440943241,1.0587822422385216,1.148624088615179,1.1398911513388157,1.1273929383605719,1.1370192915201187,1.114146251231432,1.1484560649842024,1.0841849278658628,1.1257065758109093,1.1005824767053127,1.101259807124734,1.1484695989638567,1.127363819628954,1.0933508332818747,1.132175287231803,1.0850458834320307,1.0917702615261078,1.109253253787756,1.100651167333126,1.117963356897235,0.025262317355554127,1.1208349280059338,1.0804930514562876,1.0913841706234961,1.1472971717286855,1.151866976758465
151,Rory Lobb,Western Bulldogs,0.7564937323331833,0.7498795334249735,0.7808833904564381,0.7990331090986729,0.7658399138599634,0.7635044492781162,0.7599845621734858,0.7614866215735674,0.7748769521713257,0.77494509331882,0.7627521436661482,0.7480267845094204,0.7691609729081392,0.7619212009012699,0.7647093739360571,0.7659621443599463,0.7698973398655653,0.7795647606253624,0.7574735637754202,0.7496323045343161,0.77845648676157,0.7761231306940317,0.743699450045824,0.787121843546629,0.7590368594974279,0.7644380945712328,0.7534979730844498,0.7724263165146112,0.7606228478252888,0.7837360110133886,0.767736928537488,0.7619431558996439,0.7675191089510918,0.7720992267131805,0.76468943990767,0.7639706116169691,0.7632757592946291,0.781212480738759,0.761403027921915,0.7729068845510483,0.7680896818637848,0.7707030456513166,0.7782236374914646,0.7967432122677565,0.7729897741228342,0.7667066678404808,0.781288105994463,0.7701200675219297,0.7515225410461426,0.7855160981416702,0.7682769283279777,0.011697014962692032,0.7671128883957863,0.7496829864569008,0.7587101306915284,0.7798403542600572,0.7867926657386124
168,Lachlan Bramble,Western Bulldogs,0.7242765929549932,0.7462433036416769,0.7250341083854437,0.7303520981222391,0.7487670350819826,0.7460645101964474,0.722125606611371,0.7328201197087765,0.7332227490842342,0.738160440698266,0.7545919790863991,0.7414951827377081,0.7289720922708511,0.7370681595057249,0.7329703513532877,0.7283262424170971,0.7215359210968018,0.7376125417649746,0.7305369563400745,0.7452264446765184,0.7249320913106203,0.7412088215351105,0.7451725024729967,0.7338058557361364,0.729690071195364,0.7317923791706562,0.7337018102407455,0.748129615560174,0.7503328286111355,0.7455112859606743,0.7556608598679304,0.7424166183918715,0.734245328232646,0.7408990655094385,0.7274710815399885,0.718679204583168,0.7272239420562983,0.7478980161249638,0.728070305660367,0.728385467082262,0.7387567888945341,0.7438347283750772,0.7316862996667624,0.7396850865334272,0.7247842568904161,0.7328964043408632,0.7270726598799229,0.725960735231638,0.7474356293678284,0.714259434491396,0.7353400322049857,0.009694478273063035,0.7334622796624899,0.7216568066272885,0.7257670702207834,0.7461018780265003,0.7500118409376592
157,Rhylee West,Western Bulldogs,0.6835256163030863,0.6912596058100462,0.6793455500155687,0.6890494152903557,0.6852449662983418,0.6923858933150768,0.6896663252264261,0.6816579718142748,0.6914255749434233,0.6859187949448824,0.6929715145379305,0.6884019337594509,0.6838624887168407,0.6806190498173237,0.6985075920820236,0.6828829739242792,0.682110445573926,0.6810491681098938,0.6873316522687674,0.6833134330809116,0.6854032855480909,0.6796703618019819,0.6893952954560518,0.6894381493330002,0.6832604520022869,0.6885285787284374,0.6843384616076946,0.6863445434719324,0.6888577584177256,0.6989387925714254,0.6868079490959644,0.690484194085002,0.6858230940997601,0.6786991097033024,0.6979827992618084,0.6822814103215933,0.6774045880883932,0.6867002248764038,0.678872948512435,0.6882169637829065,0.6870441511273384,0.6860134210437536,0.69197759591043,0.6789131090044975,0.6735224258154631,0.6889516040682793,0.6935493052005768,0.6865430660545826,0.687585361301899,0.686843428760767,0.6863784478977323,0.005375022924602494,0.6866216454654932,0.6787347466591745,0.6809592733867467,0.691294293358922,0.6970739329792559
155,Michael Sellwood,Western Bulldogs,0.681888222694397,0.6826088223606348,0.6826145127415657,0.673015559092164,0.6803400367498398,0.6798348259180784,0.6789565682411194,0.6753852106630802,0.6737521756440401,0.6818069703876972,0.6716346517205238,0.6707395296543837,0.6791766360402107,0.6748160179704428,0.6798009946942329,0.6771879997104406,0.6760605312883854,0.6796429641544819,0.6869234088808298,0.6831562090665102,0.6765371635556221,0.6778108831495047,0.6811995413154364,0.6800992414355278,0.6761707235127687,0.6802855804562569,0.6794765498489141,0.6826944202184677,0.6868429388850927,0.6767231468111277,0.6862686946988106,0.6829755920916796,0.6783400438725948,0.6799102742224932,0.6738269906491041,0.672602467238903,0.6792879365384579,0.6749270353466272,0.6753286123275757,0.6771515570580959,0.682861814275384,0.6878643222153187,0.6777408551424742,0.6783285047858953,0.6730430610477924,0.6815468966960907,0.6737150605767965,0.6769132576882839,0.6770921684801579,0.6776713244616985,0.6786915701255203,0.004039660463351432,0.6786483060568571,0.6726871510688216,0.674609311260283,0.6826312134042383,0.6867252188269048
180,Buku Khamis,Western Bulldogs,0.6342953853309155,0.6336117889732122,0.6320514641702175,0.6298862565308809,0.6295796539634466,0.634072246029973,0.6309588309377432,0.6311842054128647,0.6292524840682745,0.6331458762288094,0.6315383315086365,0.6297731101512909,0.6298572309315205,0.628771910443902,0.6299307495355606,0.634597523137927,0.6279947217553854,0.6301916781812906,0.6344822514802217,0.6323812510818243,0.6313637550920248,0.6321763209998608,0.634821068495512,0.6330336611717939,0.6318393107503653,0.6293791681528091,0.6294361706823111,0.63450101390481,0.6345863863825798,0.6318981610238552,0.632431348785758,0.6340986452996731,0.6326427888125181,0.6335188802331686,0.6304258443415165,0.6315496396273375,0.6321787144988775,0.6349323838949203,0.628984009847045,0.6294924113899469,0.6314345970749855,0.6390957459807396,0.6310027725994587,0.6321775801479816,0.627341715618968,0.6329987235367298,0.6304397992789745,0.6302156299352646,0.6258770246058702,0.6286270972341299,0.6316011463850737,0.00239365089454002,0.631543985567987,0.628124358728528,0.6294242571536451,0.6341397639662028,0.6347752416972071
179,Cooper Hynes,Western Bulldogs,0.607201375067234,0.6090051382780075,0.6057947184890509,0.6033716201782227,0.6036018263548613,0.607289707288146,0.6087678968906403,0.6114015951752663,0.6074979808181524,0.6086442302912474,0.596974765881896,0.6050692740827799,0.6057582516223192,0.6043302696198225,0.6036255899816751,0.6075545325875282,0.6085489559918642,0.6065337881445885,0.6084997951984406,0.6046521756798029,0.6078063864260912,0.6050160452723503,0.6080561466515064,0.6032555941492319,0.6037531457841396,0.6054993271827698,0.6026712115854025,0.6088961530476809,0.6126987989991903,0.6087141782045364,0.6102630160748959,0.6121322568506002,0.6049925275146961,0.6069534011185169,0.6033910065889359,0.6138996444642544,0.6061601880937815,0.6055157445371151,0.6038109008222818,0.6064569987356663,0.6124203950166702,0.6184919998049736,0.6073819007724524,0.6037441026419401,0.6045329812914133,0.6069930680096149,0.6038552708923817,0.6029159817844629,0.6060971096158028,0.602505698800087,0.6066600933670998,0.0035459361692433793,0.6063085934147239,0.6027213894762099,0.6036206233836711,0.6089189309608192,0.6126417261827737
172,Arthur Jones,Western Bulldogs,0.579708905890584,0.5764424540102482,0.5801334884017706,0.5762278772890568,0.5847963523119688,0.5834643691778183,0.57288833335042,0.572233883664012,0.5777201242744923,0.5824941005557775,0.5760938134044409,0.5750223379582167,0.5762034021317959,0.5789500325918198,0.5803097002208233,0.5783598646521568,0.5799867529422045,0.579046506434679,0.5815420057624578,0.578682066872716,0.5793707221746445,0.576539097353816,0.5821606628596783,0.5890441183000803,0.5767851658165455,0.5814683679491282,0.5785737577825785,0.575055280700326,0.5937889516353607,0.582598278298974,0.5779429469257593,0.5809394791722298,0.5775956697762012,0.581454262137413,0.5852026101201773,0.5780849233269691,0.5782620273530483,0.5837921928614378,0.582057436928153,0.580925339832902,0.5730131044983864,0.5970318764448166,0.5830384325236082,0.5741085950285196,0.5725718233734369,0.5776554308831692,0.5855313446372747,0.5685097426176071,0.5723183453083038,0.5764464680105448,0.5794434565305709,0.005172308004319335,0.5788160497322679,0.5723703083116561,0.5750483956672251,0.5831274532843381,0.5883239996992051
173,James O'Donnell,Western Bulldogs,0.5388490073382854,0.5380885526537895,0.5376456808298826,0.5382820535451174,0.5403675939887762,0.5375864319503307,0.5363622382283211,0.5422053039073944,0.5377616230398417,0.5384425017982721,0.5376259479671717,0.5323845203965902,0.5376321729272604,0.5402974914759398,0.5347406025975943,0.5420090239495039,0.5353987235575914,0.5385069530457258,0.5417437274008989,0.5388214457780123,0.5414537694305182,0.5387680549174547,0.5421176552772522,0.5397280436009169,0.5405757091939449,0.5378080140799284,0.5439636446535587,0.5364181715995073,0.5425275769084692,0.540499709546566,0.5393713787198067,0.5431273970752954,0.5370661672204733,0.53592399507761,0.540697768330574,0.5350074227899313,0.5425382480025291,0.540015421807766,0.5408206507563591,0.5382965952157974,0.5395236350595951,0.5424993727356195,0.5410743616521358,0.5379862785339355,0.5347824618220329,0.5377096198499203,0.5373467970639467,0.5363653264939785,0.5327443610876799,0.5361595451831818,0.5387533750012516,0.0026620692410534736,0.538474727421999,0.5347491837386041,0.536319875381887,0.5417991743795574,0.5425360604282469
176,Jordan Croft,Western Bulldogs,0.490880174562335,0.49800994247198105,0.49841288290917873,0.49404862336814404,0.49579693749547005,0.49081249348819256,0.49614597856998444,0.49832805432379246,0.49979010224342346,0.49896616488695145,0.4953111261129379,0.4958800822496414,0.4897553976625204,0.4999267216771841,0.4990574084222317,0.5017901789397001,0.495360866189003,0.49189965426921844,0.5011158064007759,0.49557559192180634,0.4949178993701935,0.5012637283653021,0.5081295073032379,0.4949694536626339,0.4958008620887995,0.4977684747427702,0.49769902415573597,0.4953385405242443,0.49866786040365696,0.5027135461568832,0.5012455806136131,0.49918890558183193,0.49843697622418404,0.49921926483511925,0.4935806393623352,0.49137635342776775,0.4947524107992649,0.49589694291353226,0.49359997548162937,0.4974666927009821,0.4966436717659235,0.5010776426643133,0.4974154978990555,0.4980208985507488,0.49571082927286625,0.5042073465883732,0.49387308582663536,0.48988286033272743,0.4943430405110121,0.501354506239295,0.4970285241305828,0.0037346303465426688,0.4970295848324895,0.49082636810839175,0.4938160057645291,0.501085618885234,0.5025242558773607
169,Sam Darcy,Western Bulldogs,0.4897292871028185,0.4760651644319296,0.5180427562445402,0.49429437331855297,0.4734187722206116,0.4785777758806944,0.5082105360925198,0.48586695455014706,0.5051963813602924,0.4864934980869293,0.46384340338408947,0.4852340128272772,0.5029376540333033,0.4929154310375452,0.4802467543631792,0.5053009763360023,0.4825745951384306,0.4816685598343611,0.5385415740311146,0.4810098335146904,0.4975942485034466,0.48722502030432224,0.5184537190943956,0.5305023193359375,0.47573405131697655,0.4868658408522606,0.5509624909609556,0.4743136949837208,0.5238153077661991,0.5139287374913692,0.513804130256176,0.4684063792228699,0.5163557305932045,0.47829614020884037,0.45543590001761913,0.54070102609694,0.49034892581403255,0.5063895788043737,0.49280392564833164,0.524641327559948,0.4785921908915043,0.4816041924059391,0.48857521638274193,0.48123183473944664,0.4645947404205799,0.49833942390978336,0.4625341184437275,0.43655128963291645,0.49397705122828484,0.5045691728591919,0.4933463203907013,0.022838233454672324,0.4891522517427802,0.4628025218565017,0.4754371968433261,0.5167083189543337,0.5368935268186033
147,Connor Budarick,Western Bulldogs,0.44381824880838394,0.4483675863593817,0.4442392122000456,0.43521498516201973,0.4400246776640415,0.44346863217651844,0.4394806120544672,0.4407718200236559,0.4394857008010149,0.4474963378161192,0.4397247042506933,0.4432099312543869,0.44254154339432716,0.443011874333024,0.4362108130007982,0.44628168269991875,0.442159466445446,0.44317479990422726,0.4525959715247154,0.4376115594059229,0.439697427675128,0.4436336662620306,0.45218275487422943,0.44309169985353947,0.4429752044379711,0.4398336224257946,0.4403588231652975,0.44216372072696686,0.44956086575984955,0.4430957045406103,0.43865286745131016,0.45420087687671185,0.4473019763827324,0.4419691674411297,0.4454704485833645,0.4473218750208616,0.4503166936337948,0.44999619759619236,0.43760511837899685,0.43588502518832684,0.44367803633213043,0.4516619276255369,0.4402959458529949,0.44235359504818916,0.4376517981290817,0.4434874691069126,0.4494170658290386,0.43357344903051853,0.4360527116805315,0.44463885203003883,0.4431402949243784,0.004864888082861956,0.44305178709328175,0.4359194009192288,0.4384436439629644,0.44858692756853996,0.45207598528824744
183,Sam Davidson,Western Bulldogs,0.42235591635107994,0.4211629629135132,0.4168420284986496,0.4185066241770983,0.4218732416629791,0.4222860708832741,0.41968899220228195,0.420509809628129,0.42149554938077927,0.42247538082301617,0.42193092219531536,0.42261788807809353,0.4216401241719723,0.42406004294753075,0.42203782312572,0.422566806897521,0.4208865147083998,0.4201140534132719,0.42324891313910484,0.4214776009321213,0.4215546287596226,0.4222959876060486,0.4239210709929466,0.42268301732838154,0.4204146023839712,0.4220030978322029,0.4228501711040735,0.42492529563605785,0.42134273052215576,0.42184386029839516,0.4248582050204277,0.42270571924746037,0.42168954387307167,0.41943635046482086,0.4198951628059149,0.4223081190139055,0.4186519403010607,0.4216625299304724,0.4195286128669977,0.41973170079290867,0.42149417474865913,0.4260826837271452,0.42134549655020237,0.4220790956169367,0.4212533961981535,0.4209012780338526,0.4226547162979841,0.42096245661377907,0.41785009391605854,0.41833808459341526,0.42150082178413867,0.00179238149860987,0.4216513270512223,0.4183726352080703,0.41972277469746766,0.422687762029469,0.4246945817954838
554,Nick Coffield,Western Bulldogs,0.38080946169793606,0.37988070398569107,0.38171539455652237,0.37904395163059235,0.38173328898847103,0.37978943064808846,0.38012055307626724,0.38052148558199406,0.3789747338742018,0.3794187903404236,0.37697085179388523,0.3783891461789608,0.3792726919054985,0.38017838820815086,0.3781697116792202,0.3814228009432554,0.3806765638291836,0.3811957873404026,0.3821575604379177,0.381753196939826,0.38116311840713024,0.3802705518901348,0.3813280165195465,0.3788243979215622,0.37905161269009113,0.37765737250447273,0.3806529249995947,0.3806552328169346,0.37989374436438084,0.37964619509875774,0.37918808311223984,0.38120245933532715,0.37916720658540726,0.3824197184294462,0.37781638093292713,0.38085794635117054,0.3807110823690891,0.38229153119027615,0.37789980694651604,0.37924858927726746,0.3790071476250887,0.3828429114073515,0.3831216562539339,0.3840700201690197,0.3785309102386236,0.38077323511242867,0.3799181878566742,0.3779477719217539,0.37882304191589355,0.37934543564915657,0.3801304156705737,0.0015434456916835692,0.3800193704664707,0.37783348326571287,0.37876198639534414,0.38171913449279965,0.3827561568468809
282,Will Lewis,Western Bulldogs,0.36030636727809906,0.36116480454802513,0.3604662511497736,0.35322856716811657,0.36159610748291016,0.3567707482725382,0.35783373564481735,0.35900942236185074,0.3669655602425337,0.35830206982791424,0.35730965435504913,0.35621075332164764,0.3636015187948942,0.3520372547209263,0.35774114914238453,0.36904880218207836,0.361316978931427,0.3549932576715946,0.36484928242862225,0.35612926073372364,0.35816588811576366,0.35525759123265743,0.3594512324780226,0.359305027872324,0.35961695574223995,0.3556519541889429,0.3585998509079218,0.3632561508566141,0.3628931436687708,0.3592106159776449,0.35251485742628574,0.3619990646839142,0.3625676706433296,0.35869515873491764,0.35722058452665806,0.35959390364587307,0.3612001407891512,0.3631595764309168,0.35930727794766426,0.35857093334198,0.35585073940455914,0.366343354806304,0.3600995484739542,0.35795531794428825,0.35847536101937294,0.3574379552155733,0.3555756863206625,0.3584723901003599,0.3562381099909544,0.3606731537729502,0.35924481485038995,0.0035102214777607567,0.3588522905483842,0.35359032872132956,0.35607104977592824,0.3626356945056468,0.3660370699688792
171,Lachie Jaques,Western Bulldogs,0.3444117493927479,0.3482615705579519,0.3746344819664955,0.3522933442145586,0.35504692047834396,0.35266478545963764,0.3416200280189514,0.34571298584342003,0.34372368454933167,0.3410854786634445,0.3390117585659027,0.34155071154236794,0.35003717988729477,0.34716555289924145,0.3508264645934105,0.35963242314755917,0.3481255527585745,0.35212259367108345,0.3587472140789032,0.3376985676586628,0.3751403447240591,0.34355322644114494,0.35759472101926804,0.36189501360058784,0.33642065338790417,0.3442532494664192,0.35052553191781044,0.3610299527645111,0.353208577260375,0.3563748523592949,0.3563628979027271,0.35576043650507927,0.37080966494977474,0.35633445903658867,0.3552091922610998,0.34482211619615555,0.3590748105198145,0.35404288209974766,0.34235579520463943,0.35142133198678493,0.33518793247640133,0.3667085226625204,0.3520374037325382,0.34177408926188946,0.3430209457874298,0.35564782470464706,0.35385635681450367,0.36309624649584293,0.3583921119570732,0.3389079701155424,0.3515838432312012,0.009415902331778463,0.35207999870181084,0.3379464951623231,0.3417418904621154,0.3591913515590131,0.3699689307808876
506,Lachlan McNeil,Western Bulldogs,0.2978654932230711,0.3002473972737789,0.3016416132450104,0.2963818162679672,0.3019486591219902,0.2972098011523485,0.2977358549833298,0.30146749317646027,0.2947712764143944,0.2968864608556032,0.2940080240368843,0.29659152030944824,0.2948381304740906,0.2978337462991476,0.2966766841709614,0.29893114790320396,0.29577246494591236,0.2978996504098177,0.29865454882383347,0.29696199111640453,0.29815015383064747,0.2946133352816105,0.2991342078894377,0.29610972478985786,0.29841653630137444,0.3001442141830921,0.29711120016872883,0.29725977033376694,0.29983416199684143,0.29698371328413486,0.29955670423805714,0.29722573049366474,0.297786220908165,0.2993131447583437,0.2944439612329006,0.2971388678997755,0.3001208957284689,0.29885841347277164,0.2959054037928581,0.30009979382157326,0.2967737652361393,0.30615851283073425,0.2976744566112757,0.3019110579043627,0.2943642009049654,0.30229292064905167,0.2996839750558138,0.2967835795134306,0.2969426065683365,0.29458107985556126,0.297993921674788,0.002429701760187091,0.2977051557973027,0.29447207055054603,0.29587761957384645,0.3001257692854851,0.30194095087237655
504,Josh Dolan,Western Bulldogs,0.2951250020414591,0.2952627055346966,0.29261130280792713,0.29412942938506603,0.2959445510059595,0.2958492338657379,0.2939948234707117,0.29549464397132397,0.29423341900110245,0.29480792582035065,0.2977462690323591,0.294948473572731,0.29555169865489006,0.2956767100840807,0.29640457034111023,0.2976297941058874,0.2937848102301359,0.29423942789435387,0.29646188020706177,0.29403223283588886,0.2947403881698847,0.29718560725450516,0.2961018308997154,0.2935392875224352,0.29463624209165573,0.2946915924549103,0.2957214768975973,0.2966039814054966,0.2955037672072649,0.2952182199805975,0.297712255269289,0.2942062858492136,0.294520765542984,0.29560229182243347,0.29304350540041924,0.2956139035522938,0.2939666733145714,0.29540143720805645,0.2928117625415325,0.2932931259274483,0.2951671462506056,0.29866545647382736,0.2951475456357002,0.29607637226581573,0.2942859008908272,0.2956131175160408,0.2955876551568508,0.29418399557471275,0.29286071099340916,0.29368908517062664,0.2951064058020711,0.0013413665874465058,0.2951573459431529,0.29289818384684624,0.2939286639299244,0.2961651034429669,0.2976953507307917
602,Cody Weightman,Western Bulldogs,0.2653479836881161,0.26283599995076656,0.2576294019818306,0.2590856961905956,0.26218767650425434,0.26115232706069946,0.2629920765757561,0.26037322729825974,0.26329440250992775,0.26252896524965763,0.2597031909972429,0.25743590109050274,0.2595385704189539,0.26109049655497074,0.2626045998185873,0.262251116335392,0.2584421709179878,0.26077149622142315,0.2684876974672079,0.2589815575629473,0.2626553289592266,0.2609254103153944,0.2621482200920582,0.2615258377045393,0.26237209141254425,0.2644264157861471,0.26312547363340855,0.26032643020153046,0.2609796989709139,0.26189838349819183,0.2594483960419893,0.2605201192200184,0.2579501233994961,0.2635829672217369,0.2637427058070898,0.25931562669575214,0.26110109500586987,0.26172531954944134,0.2639403063803911,0.2597453985363245,0.2609865088015795,0.2663168665021658,0.26014135032892227,0.26163321919739246,0.25876027904450893,0.2596461810171604,0.25576118752360344,0.2597194481641054,0.2591868042945862,0.2602699566632509,0.2612122340872884,0.002340767009329209,0.2610385026782751,0.257695149872452,0.25916567270085217,0.2631607797686011,0.26515906226821245
178,Oskar Baker,Western Bulldogs,0.24634534493088722,0.2531438395380974,0.24700832553207874,0.2472245991230011,0.25055997259914875,0.2495116963982582,0.24769053980708122,0.2480437308549881,0.2525597847998142,0.2483309805393219,0.24970965087413788,0.25300849229097366,0.24711357802152634,0.24991123005747795,0.2470905464142561,0.24929501488804817,0.24865612760186195,0.24658324010670185,0.24942029640078545,0.24754301458597183,0.24861939623951912,0.25042992644011974,0.2482130378484726,0.24746780842542648,0.24994678795337677,0.24496041424572468,0.24808363802731037,0.2513967901468277,0.25185948237776756,0.24523683078587055,0.24884378910064697,0.24888005666434765,0.2499072402715683,0.2459013145416975,0.24782797321677208,0.24749084562063217,0.2480597421526909,0.24956537410616875,0.24389036931097507,0.24679183587431908,0.24351420626044273,0.2497692983597517,0.25225576013326645,0.2437154669314623,0.24629963003098965,0.24907694570720196,0.2493629027158022,0.24641875177621841,0.24341651983559132,0.24712951108813286,0.24826163303107024,0.002351939028945432,0.24814833793789148,0.2437513219192624,0.24633579051680862,0.25004776389710603,0.25249745974317195
544,Jedd Busslinger,Western Bulldogs,0.23656350746750832,0.23669579438865185,0.23389855958521366,0.23471321165561676,0.23682482726871967,0.23530959710478783,0.2345887552946806,0.23319303430616856,0.2356349155306816,0.23426692374050617,0.23388012126088142,0.23548892326653004,0.2362150400876999,0.23461157083511353,0.23746456764638424,0.23487721011042595,0.2402695193886757,0.2365913912653923,0.2334723211824894,0.2394213303923607,0.23599499836564064,0.2345072254538536,0.23619776777923107,0.23770441859960556,0.23610828071832657,0.23943964019417763,0.23581920005381107,0.23650706000626087,0.23485463298857212,0.23826893232762814,0.23406320251524448,0.23619038425385952,0.2341121882200241,0.23735307902097702,0.23339802026748657,0.23785089515149593,0.23416802287101746,0.23686829768121243,0.23452277667820454,0.23369578458368778,0.23275048285722733,0.2371024489402771,0.23536737076938152,0.23534689098596573,0.23405689001083374,0.2356435190886259,0.2332435492426157,0.23717129416763783,0.23431730642914772,0.2365393228828907,0.23566290009766816,0.0017232247438369525,0.23556191939860582,0.23327521580271424,0.23402379895187914,0.23720928720198572,0.2391850887890905
519,Louis Emmett,Western Bulldogs,0.17560512758791447,0.17511034570634365,0.17472646944224834,0.17581988126039505,0.17509563826024532,0.17575195990502834,0.17549319006502628,0.175082728266716,0.17698500864207745,0.17546774446964264,0.17568269185721874,0.17576892115175724,0.17601778730750084,0.17651918157935143,0.1762874610722065,0.17507140710949898,0.17699344642460346,0.17625377140939236,0.17587619088590145,0.17619775421917439,0.1765999011695385,0.17603442631661892,0.17696635238826275,0.17638541758060455,0.17544101551175117,0.1754310429096222,0.175184091553092,0.17704462260007858,0.17495916411280632,0.17588495090603828,0.17728621140122414,0.17654846236109734,0.17703193239867687,0.17584558203816414,0.17451512068510056,0.17703267186880112,0.17497075535356998,0.17571518942713737,0.17396992444992065,0.17445207759737968,0.1757099311798811,0.17711183801293373,0.1765267439186573,0.17573274858295918,0.17574276961386204,0.1754006166011095,0.17608465999364853,0.17639554291963577,0.1746772974729538,0.175539318472147,0.17584054172039032,0.0007845739481806731,0.1757604405283928,0.17454836692661047,0.17508036214485764,0.17667648947425185,0.1770421727001667
613,Luke Kennedy,Western Bulldogs,0.16568106971681118,0.16456622816622257,0.16641740314662457,0.1629396565258503,0.1648968793451786,0.1677731592208147,0.1650160290300846,0.16442745737731457,0.16501742787659168,0.16506162285804749,0.1630915142595768,0.16435409151017666,0.16501403599977493,0.16377851739525795,0.16401252895593643,0.1672292146831751,0.16341472044587135,0.1645918507128954,0.16566081531345844,0.16491315513849258,0.1658934336155653,0.16498328372836113,0.1664739940315485,0.16573595814406872,0.164947172626853,0.16474146768450737,0.1653384231030941,0.16471296176314354,0.16746467724442482,0.1642929632216692,0.1644274853169918,0.16506565175950527,0.163392536342144,0.1631106585264206,0.16429315134882927,0.16424371860921383,0.16655107401311398,0.16589601896703243,0.16604997776448727,0.1650907602161169,0.1656004823744297,0.16692082025110722,0.1640984732657671,0.16626695357263088,0.16441630758345127,0.16437524557113647,0.163939218968153,0.1623402889817953,0.16405976377427578,0.16430891677737236,0.16493778433650733,0.0011811131454145035,0.1649050172418356,0.16309543883427977,0.1639972071684897,0.16609532570838928,0.16716599382460118
542,Adam Treloar,Western Bulldogs,0.14538890682160854,0.14965814165771008,0.1482119206339121,0.14564249850809574,0.14695456810295582,0.14520373567938805,0.146606070920825,0.14758383855223656,0.14861132949590683,0.1468485277146101,0.1461111269891262,0.1457418706268072,0.14776639454066753,0.14835107699036598,0.14608974568545818,0.1493402998894453,0.14793840236961842,0.1483173817396164,0.14769980683922768,0.14805234223604202,0.14529901929199696,0.14711892418563366,0.1477606799453497,0.14706185646355152,0.14687435142695904,0.1472223401069641,0.14762327820062637,0.14703496918082237,0.15016920864582062,0.14782526530325413,0.14589683525264263,0.1484687514603138,0.14814257808029652,0.14702843129634857,0.14844251982867718,0.14523151889443398,0.14813112653791904,0.149169921875,0.1465146206319332,0.14583651721477509,0.14726670645177364,0.15088083036243916,0.14805202186107635,0.14745844714343548,0.147413719445467,0.14767961204051971,0.14832779951393604,0.1469646692276001,0.14640190079808235,0.14547466300427914,0.14737782139331101,0.0012869091186240873,0.14743608329445124,0.14531744623556733,0.1458842287827283,0.14837018854357303,0.1495929840952158
518,Harvey Gallagher,Western Bulldogs,0.07580144703388214,0.07672116160392761,0.07576055452227592,0.07735720090568066,0.07660144008696079,0.07645831257104874,0.07611170783638954,0.07636390440165997,0.07618206180632114,0.07762735895812511,0.07658229768276215,0.07673375308513641,0.07606219314038754,0.07624298520386219,0.07666218280792236,0.07601313479244709,0.07675871253013611,0.07635603472590446,0.07553574442863464,0.07668493129312992,0.07650689221918583,0.07555749826133251,0.07597430236637592,0.07622528448700905,0.0760293398052454,0.07711682468652725,0.07703431695699692,0.07554330304265022,0.07587851956486702,0.07478788867592812,0.07658157497644424,0.07624182477593422,0.07740197703242302,0.07666712813079357,0.07563145644962788,0.07679771073162556,0.07594838738441467,0.07639284431934357,0.07530013471841812,0.07575536705553532,0.07583699561655521,0.07616681978106499,0.07744898833334446,0.07686345092952251,0.0762803889811039,0.07661627605557442,0.07562463544309139,0.07681168243288994,0.07520608603954315,0.07693280093371868,0.07631555639207363,0.0006078253944515047,0.07631821185350418,0.07534843470901251,0.07572946973890066,0.07682250204868615,0.07739279792644084
555,Laitham Vandermeer,Western Bulldogs,0.057698242366313934,0.0572959128767252,0.05677615851163864,0.05797657556831837,0.057764939963817596,0.05769532546401024,0.05788457579910755,0.05788153596222401,0.05824151076376438,0.05765659920871258,0.057901572436094284,0.05775377154350281,0.057535333558917046,0.05782714672386646,0.05815958231687546,0.057964667677879333,0.0587909109890461,0.05861382931470871,0.05762454308569431,0.05749960243701935,0.057944443076848984,0.057503510266542435,0.058049151673913,0.05815519392490387,0.057409388944506645,0.05799262411892414,0.057481441646814346,0.0583634078502655,0.05671077221632004,0.058066947385668755,0.058249857276678085,0.05810021981596947,0.057859569787979126,0.05768370069563389,0.057127295061945915,0.05782611295580864,0.05627090483903885,0.05760338716208935,0.056868964806199074,0.05697989463806152,0.0574906375259161,0.05848176032304764,0.05756101943552494,0.05816846899688244,0.0579775795340538,0.05729666352272034,0.057169342413544655,0.05783945694565773,0.057262521237134933,0.05732809193432331,0.057707293331623076,0.0004938795488484595,0.0577593557536602,0.05679518380202353,0.05728893402405083,0.05815611109882593,0.0584574980661273
541,Lachlan Smith,Western Bulldogs,0.055621400475502014,0.05484571494162083,0.056332169100642204,0.05596734769642353,0.056256867945194244,0.05528991296887398,0.05591093562543392,0.055414941161870956,0.05495520122349262,0.05565500259399414,0.05509050749242306,0.05614421330392361,0.05632864683866501,0.055732350796461105,0.05584143102169037,0.05509697645902634,0.0563348475843668,0.05561521649360657,0.05539102666079998,0.055491767823696136,0.055646862834692,0.054957469925284386,0.05636553838849068,0.05549876019358635,0.05505465343594551,0.05592796579003334,0.05605906806886196,0.05697306804358959,0.05576430447399616,0.05579883232712746,0.05568807199597359,0.055603183805942535,0.05568266287446022,0.05623312667012215,0.05491786450147629,0.056042373180389404,0.05508137680590153,0.05520961619913578,0.055563077330589294,0.05535333789885044,0.05523954518139362,0.05605538375675678,0.055959269404411316,0.05582644231617451,0.05606876127421856,0.05544142425060272,0.05554778501391411,0.056167323142290115,0.05552918463945389,0.05577920004725456,0.05568704023957252,0.00045654572174117555,0.05566883273422718,0.054955666307359936,0.055186074493452905,0.05614904326014221,0.05633429849520326
594,Luke Cleary,Western Bulldogs,0.05163739249110222,0.05039818212389946,0.050679344683885574,0.05061051435768604,0.05109513737261295,0.05188775435090065,0.050709888339042664,0.05060037784278393,0.05061453394591808,0.05040318891406059,0.050948385149240494,0.05074746161699295,0.05055140517652035,0.049959706142544746,0.05078708380460739,0.051106156781315804,0.050908733159303665,0.05094496160745621,0.05073709972202778,0.051281142979860306,0.05098024755716324,0.05033249966800213,0.050777699798345566,0.05097719095647335,0.051236968487501144,0.05101477913558483,0.051503218710422516,0.05098669044673443,0.05152895301580429,0.0506118256598711,0.051234422251582146,0.051280200481414795,0.05020986124873161,0.05034945160150528,0.050992121919989586,0.05096470192074776,0.05082126706838608,0.051168493926525116,0.051170844584703445,0.05059576593339443,0.051304766908288,0.051121991127729416,0.050510160624980927,0.05097009800374508,0.05001339688897133,0.050293589010834694,0.05064292438328266,0.050585199147462845,0.05066842772066593,0.05069858953356743,0.05084309596568346,0.00040144000434939994,0.050804175436496735,0.05022702543996274,0.050487803537398575,0.05123495441488922,0.051523677483201025
546,Ryan Gardner,Western Bulldogs,0.0508540365844965,0.05111308768391609,0.05035916529595852,0.0499721635133028,0.05026062950491905,0.05081905052065849,0.05026855133473873,0.0502423532307148,0.05116560682654381,0.04987580142915249,0.050336090847849846,0.0499893706291914,0.05119606666266918,0.050725651904940605,0.05055854469537735,0.050522953271865845,0.05051427334547043,0.05025043897330761,0.050968315452337265,0.05029861629009247,0.051292143762111664,0.05117631144821644,0.051888566464185715,0.0505914855748415,0.0515080988407135,0.04981463588774204,0.05017847567796707,0.05188089422881603,0.05095312371850014,0.05113174766302109,0.05109057389199734,0.05063728988170624,0.050652556121349335,0.05093241482973099,0.04986536502838135,0.05117904581129551,0.05113435164093971,0.051081907004117966,0.050711506977677345,0.049884336069226265,0.051074640825390816,0.05269859917461872,0.049791064113378525,0.05090049095451832,0.050588322803378105,0.05091513320803642,0.050757089629769325,0.050442904233932495,0.051049770787358284,0.04909570887684822,0.05070378646254539,0.0006237419943067715,0.050718579441308975,0.0498250353615731,0.05013895272277295,0.05116784409247339,0.05180447117425501
663,Lachlan Carmichael,Western Bulldogs,0.045215804129838943,0.04513961263000965,0.044168757274746895,0.04454135522246361,0.044188978150486946,0.04590475186705589,0.04405743628740311,0.04431114345788956,0.045192163437604904,0.044367773458361626,0.044849738478660583,0.04453434236347675,0.04505902715027332,0.04493129439651966,0.04489396885037422,0.04505721293389797,0.04439634084701538,0.04416961222887039,0.0450284369289875,0.04428706131875515,0.045545658096671104,0.04509578086435795,0.04611856862902641,0.044556744396686554,0.04503928869962692,0.04467153176665306,0.045067545026540756,0.04530477523803711,0.04501504264771938,0.04440757445991039,0.04561539739370346,0.04484151676297188,0.04485781863331795,0.04462992586195469,0.04405781626701355,0.044697871431708336,0.04572169482707977,0.04515044018626213,0.04527309536933899,0.04425114765763283,0.0458387341350317,0.045731931924819946,0.04434588365256786,0.04572112858295441,0.0449916273355484,0.045235009863972664,0.04459202662110329,0.044399453327059746,0.044732240960001945,0.04395073093473911,0.044875056259334085,0.0005394929516810674,0.044875893741846085,0.044080559173598884,0.04430611029081047,0.04535511975549161,0.04581683968193829
